beta,m_plus,l,therm_sweeps,meas_sweeps,sum_current,j_flux,j_per_sweep,final_mag,mean_mag,final_energy,zero_crossings,phase,is_metastable,is_uphill,elapsed_sec
0.585700,0.999240,40,2000000,500000,-328551,-1.68487692e-2,-6.57102000e-1,0.002500,0.013369,-2.467500,1,stable,0,0,41.24
0.865700,0.971750,40,2000000,500000,12150,6.23076923e-4,2.43000000e-2,-0.108750,-0.068893,-145.255000,3,weakly_unstable,0,1,43.89
0.485700,0.873940,40,2000000,500000,49329,2.52969231e-3,9.86580000e-2,0.105000,0.064678,-2471.107500,3,weakly_unstable,0,1,63.50
0.445700,0.937600,40,2000000,500000,-107520,-5.51384615e-3,-2.15040000e-1,0.082500,0.098451,-720.010000,1,stable,0,0,63.93
0.445700,0.801600,40,2000000,500000,78404,4.02071795e-3,1.56808000e-1,-0.201250,-0.021688,-4590.462500,3,weakly_unstable,0,1,73.06
0.445700,0.665600,40,2000000,500000,17041,8.73897436e-4,3.40820000e-2,-0.312500,-0.166223,-9157.842500,3,weakly_unstable,0,1,73.28
0.585700,1.000000,40,2000000,500000,-338377,-1.73526667e-2,-6.76754000e-1,-0.003750,0.009501,-2.040000,1,stable,0,0,46.64
0.865700,0.972750,40,2000000,500000,10269,5.26615385e-4,2.05380000e-2,-0.012500,-0.076495,-108.825000,3,weakly_unstable,0,1,49.08
0.445700,0.938600,40,2000000,500000,-110642,-5.67394872e-3,-2.21284000e-1,0.140000,0.082234,-720.970000,1,stable,0,0,70.19
0.485700,0.874940,40,2000000,500000,50499,2.58969231e-3,1.00998000e-1,0.137500,-0.008820,-2466.345000,3,weakly_unstable,0,1,70.78
0.865700,0.973750,40,2000000,500000,11606,5.95179487e-4,2.32120000e-2,-0.008750,0.044304,-87.750000,3,weakly_unstable,0,1,49.44
0.605700,0.945140,40,2000000,500000,28644,1.46892308e-3,5.72880000e-2,0.061250,0.030216,-654.905000,3,weakly_unstable,0,1,57.70
0.445700,0.802600,40,2000000,500000,81434,4.17610256e-3,1.62868000e-1,-0.142500,0.008860,-4735.645000,3,weakly_unstable,0,1,80.88
0.445700,0.666600,40,2000000,500000,18659,9.56871795e-4,3.73180000e-2,-0.261250,0.007799,-9119.882500,3,weakly_unstable,0,1,81.41
0.865700,0.974750,40,2000000,500000,11268,5.77846154e-4,2.25360000e-2,-0.060000,-0.032848,-116.287500,3,weakly_unstable,0,1,57.23
0.445700,0.939600,40,2000000,500000,-113632,-5.82728205e-3,-2.27264000e-1,-0.173750,-0.151789,-655.752500,1,stable,0,0,78.44
0.485700,0.875940,40,2000000,500000,62423,3.20117949e-3,1.24846000e-1,-0.097500,-0.060648,-2432.325000,3,weakly_unstable,0,1,78.62
0.605700,0.946140,40,2000000,500000,34621,1.77543590e-3,6.92420000e-2,0.005000,-0.138484,-653.222500,3,weakly_unstable,0,1,68.26
0.445700,0.803600,40,2000000,500000,71345,3.65871795e-3,1.42690000e-1,0.088750,0.017247,-4569.192500,3,weakly_unstable,0,1,95.42
0.445700,0.667600,40,2000000,500000,17090,8.76410256e-4,3.41800000e-2,0.123750,-0.004890,-9484.377500,3,weakly_unstable,0,1,97.00
0.865700,0.975750,40,2000000,500000,12823,6.57589744e-4,2.56460000e-2,0.020000,0.034637,-98.682500,3,weakly_unstable,0,1,64.95
0.605700,0.947140,40,2000000,500000,23561,1.20825641e-3,4.71220000e-2,-0.153750,0.064876,-620.805000,3,weakly_unstable,0,1,72.41
0.445700,0.940600,40,2000000,500000,-148394,-7.60994872e-3,-2.96788000e-1,-0.007500,0.034279,-679.015000,1,stable,0,0,86.28
0.485700,0.876940,40,2000000,500000,54824,2.81148718e-3,1.09648000e-1,0.037500,0.015412,-2347.402500,3,weakly_unstable,0,1,88.43
0.865700,0.976750,40,2000000,500000,14489,7.43025641e-4,2.89780000e-2,0.076250,0.051761,-86.402500,3,weakly_unstable,0,1,63.97
0.445700,0.804600,40,2000000,500000,76319,3.91379487e-3,1.52638000e-1,-0.078750,0.060046,-4628.460000,3,weakly_unstable,0,1,97.24
0.445700,0.668600,40,2000000,500000,16274,8.34564103e-4,3.25480000e-2,-0.221250,-0.050848,-9293.595000,3,weakly_unstable,0,1,98.30
0.605700,0.948140,40,2000000,500000,31910,1.63641026e-3,6.38200000e-2,0.037500,0.090108,-565.455000,3,weakly_unstable,0,1,72.14
0.445700,0.941600,40,2000000,500000,-141922,-7.27805128e-3,-2.83844000e-1,0.208750,0.081552,-622.017500,1,stable,0,0,82.68
0.485700,0.877940,40,2000000,500000,57162,2.93138462e-3,1.14324000e-1,0.031250,0.030441,-2326.612500,3,weakly_unstable,0,1,84.22
0.865700,0.977750,40,2000000,500000,12867,6.59846154e-4,2.57340000e-2,-0.053750,-0.044773,-91.850000,3,weakly_unstable,0,1,58.64
0.605700,0.949140,40,2000000,500000,25653,1.31553846e-3,5.13060000e-2,0.073750,0.007356,-614.585000,3,weakly_unstable,0,1,60.13
0.445700,0.805600,40,2000000,500000,84727,4.34497436e-3,1.69454000e-1,0.167500,0.033708,-4579.257500,3,weakly_unstable,0,1,85.39
0.445700,0.669600,40,2000000,500000,20604,1.05661538e-3,4.12080000e-2,-0.048750,-0.063486,-9326.797500,3,weakly_unstable,0,1,85.94
0.865700,0.978750,40,2000000,500000,12242,6.27794872e-4,2.44840000e-2,-0.008750,-0.003061,-88.575000,3,weakly_unstable,0,1,51.58
0.445700,0.942600,40,2000000,500000,-208015,-1.06674359e-2,-4.16030000e-1,-0.138750,-0.068612,-602.192500,1,stable,0,0,70.62
0.485700,0.878940,40,2000000,500000,64828,3.32451282e-3,1.29656000e-1,0.037500,-0.101877,-2379.750000,3,weakly_unstable,0,1,73.89
0.605700,0.950140,40,2000000,500000,26832,1.37600000e-3,5.36640000e-2,-0.051250,0.038127,-585.240000,3,weakly_unstable,0,1,60.41
0.865700,0.979750,40,2000000,500000,11579,5.93794872e-4,2.31580000e-2,-0.056250,-0.063657,-62.857500,3,weakly_unstable,0,1,53.11
0.445700,0.806600,40,2000000,500000,77103,3.95400000e-3,1.54206000e-1,-0.130000,0.014401,-4368.012500,3,weakly_unstable,0,1,85.02
0.445700,0.670600,40,2000000,500000,36000,1.84615385e-3,7.20000000e-2,-0.073750,-0.031536,-8995.057500,3,weakly_unstable,0,1,86.99
0.445700,0.943600,40,2000000,500000,-179423,-9.20117949e-3,-3.58846000e-1,-0.116250,-0.000044,-579.285000,1,stable,0,0,73.63
0.485700,0.879940,40,2000000,500000,65621,3.36517949e-3,1.31242000e-1,0.021250,0.069616,-2331.497500,3,weakly_unstable,0,1,82.70
0.605700,0.951140,40,2000000,500000,36732,1.88369231e-3,7.34640000e-2,0.157500,0.028616,-521.752500,3,weakly_unstable,0,1,73.94
0.865700,0.980750,40,2000000,500000,8316,4.26461538e-4,1.66320000e-2,-0.072500,-0.093536,-69.350000,3,weakly_unstable,0,1,68.95
0.445700,0.944600,40,2000000,500000,-178712,-9.16471795e-3,-3.57424000e-1,0.247500,0.142202,-570.060000,1,stable,0,0,112.26
0.865700,0.981750,40,2000000,500000,10564,5.41743590e-4,2.11280000e-2,-0.085000,-0.022145,-84.790000,3,weakly_unstable,0,1,84.80
0.445700,0.807600,40,2000000,500000,71373,3.66015385e-3,1.42746000e-1,0.056250,0.007628,-4473.805000,3,weakly_unstable,0,1,128.82
0.605700,0.952140,40,2000000,500000,26014,1.33405128e-3,5.20280000e-2,0.011250,0.042138,-537.207500,3,weakly_unstable,0,1,97.37
0.445700,0.671600,40,2000000,500000,33667,1.72651282e-3,6.73340000e-2,-0.097500,0.035101,-9042.672500,3,weakly_unstable,0,1,134.22
0.485700,0.880940,40,2000000,500000,53801,2.75902564e-3,1.07602000e-1,-0.031250,0.062887,-2289.862500,3,weakly_unstable,0,1,117.51
0.865700,0.982750,40,2000000,500000,10596,5.43384615e-4,2.11920000e-2,-0.023750,0.041269,-48.312500,3,weakly_unstable,0,1,71.31
0.605700,0.953140,40,2000000,500000,27460,1.40820513e-3,5.49200000e-2,-0.076250,-0.003351,-540.160000,3,weakly_unstable,0,1,83.19
0.445700,0.945600,40,2000000,500000,-216040,-1.10789744e-2,-4.32080000e-1,-0.008750,-0.071442,-511.765000,1,stable,0,0,98.28
0.445700,0.808600,40,2000000,500000,70148,3.59733333e-3,1.40296000e-1,0.116250,-0.016062,-4382.027500,3,weakly_unstable,0,1,115.95
0.485700,0.881940,40,2000000,500000,55646,2.85364103e-3,1.11292000e-1,-0.258750,-0.032102,-2242.985000,3,weakly_unstable,0,1,103.64
0.445700,0.672600,40,2000000,500000,45339,2.32507692e-3,9.06780000e-2,-0.101250,-0.036352,-9014.762500,3,weakly_unstable,0,1,120.16
0.865700,0.983750,40,2000000,500000,12325,6.32051282e-4,2.46500000e-2,0.152500,0.130409,-37.807500,3,weakly_unstable,0,1,84.55
0.605700,0.954140,40,2000000,500000,23269,1.19328205e-3,4.65380000e-2,-0.036250,-0.100326,-488.650000,3,weakly_unstable,0,1,96.03
0.445700,0.946600,40,2000000,500000,-197963,-1.01519487e-2,-3.95926000e-1,-0.107500,-0.045106,-601.035000,1,stable,0,0,110.53
0.485700,0.882940,40,2000000,500000,48977,2.51164103e-3,9.79540000e-2,0.038750,0.009519,-2195.615000,3,weakly_unstable,0,1,116.90
0.865700,0.984750,40,2000000,500000,10133,5.19641026e-4,2.02660000e-2,-0.027500,0.020654,-40.285000,3,weakly_unstable,0,1,86.71
0.445700,0.809600,40,2000000,500000,71964,3.69046154e-3,1.43928000e-1,0.130000,-0.020266,-4456.730000,3,weakly_unstable,0,1,130.01
0.445700,0.673600,40,2000000,500000,34962,1.79292308e-3,6.99240000e-2,-0.143750,0.046228,-8920.832500,3,weakly_unstable,0,1,132.21
0.605700,0.955140,40,2000000,500000,31971,1.63953846e-3,6.39420000e-2,-0.060000,-0.063862,-480.515000,3,weakly_unstable,0,1,96.99
0.445700,0.947600,40,2000000,500000,-240244,-1.23202051e-2,-4.80488000e-1,0.190000,0.131830,-416.442500,1,stable,0,0,110.16
0.865700,0.985750,40,2000000,500000,12221,6.26717949e-4,2.44420000e-2,0.050000,0.015712,-55.190000,3,weakly_unstable,0,1,84.01
0.485700,0.883940,40,2000000,500000,54111,2.77492308e-3,1.08222000e-1,-0.065000,-0.042018,-2110.427500,3,weakly_unstable,0,1,115.08
0.605700,0.956140,40,2000000,500000,28622,1.46779487e-3,5.72440000e-2,0.066250,-0.011641,-453.690000,3,weakly_unstable,0,1,93.65
0.445700,0.810600,40,2000000,500000,89352,4.58215385e-3,1.78704000e-1,-0.083750,0.013998,-4461.842500,3,weakly_unstable,0,1,128.44
0.445700,0.674600,40,2000000,500000,37926,1.94492308e-3,7.58520000e-2,-0.276250,-0.073625,-8813.890000,3,weakly_unstable,0,1,132.36
0.865700,0.986750,40,2000000,500000,11692,5.99589744e-4,2.33840000e-2,0.062500,0.061532,-36.282500,3,weakly_unstable,0,1,82.69
0.445700,0.948600,40,2000000,500000,-258090,-1.32353846e-2,-5.16180000e-1,0.003750,-0.037024,-490.805000,1,stable,0,0,104.68
0.485700,0.884940,40,2000000,500000,53056,2.72082051e-3,1.06112000e-1,-0.040000,0.008476,-2114.640000,3,weakly_unstable,0,1,107.37
0.605700,0.957140,40,2000000,500000,30815,1.58025641e-3,6.16300000e-2,-0.142500,-0.145598,-477.582500,3,weakly_unstable,0,1,86.06
0.865700,0.987750,40,2000000,500000,9394,4.81743590e-4,1.87880000e-2,0.033750,0.041723,-42.957500,3,weakly_unstable,0,1,75.04
0.445700,0.811600,40,2000000,500000,101378,5.19887179e-3,2.02756000e-1,-0.113750,-0.011026,-4419.997500,3,weakly_unstable,0,1,121.32
0.445700,0.675600,40,2000000,500000,21689,1.11225641e-3,4.33780000e-2,0.106250,-0.018882,-8983.060000,3,weakly_unstable,0,1,122.70
0.445700,0.949600,40,2000000,500000,-231532,-1.18734359e-2,-4.63064000e-1,0.067500,-0.079285,-494.142500,1,stable,0,0,103.33
0.605700,0.958140,40,2000000,500000,27081,1.38876923e-3,5.41620000e-2,0.006250,-0.006274,-442.927500,3,weakly_unstable,0,1,95.59
0.865700,0.988750,40,2000000,500000,10133,5.19641026e-4,2.02660000e-2,0.005000,0.043730,-26.102500,3,weakly_unstable,0,1,84.90
0.485700,0.885940,40,2000000,500000,60284,3.09148718e-3,1.20568000e-1,0.011250,-0.002882,-2167.837500,3,weakly_unstable,0,1,116.75
0.445700,0.812600,40,2000000,500000,81599,4.18456410e-3,1.63198000e-1,-0.111250,-0.012361,-4221.532500,3,weakly_unstable,0,1,128.76
0.445700,0.950600,40,2000000,500000,-255145,-1.30843590e-2,-5.10290000e-1,0.028750,-0.026686,-494.905000,1,stable,0,0,108.19
0.605700,0.959140,40,2000000,500000,27351,1.40261538e-3,5.47020000e-2,-0.105000,-0.074501,-444.527500,3,weakly_unstable,0,1,94.34
0.445700,0.676600,40,2000000,500000,28968,1.48553846e-3,5.79360000e-2,-0.032500,-0.001509,-8841.695000,3,weakly_unstable,0,1,132.46
0.865700,0.989750,40,2000000,500000,8537,4.37794872e-4,1.70740000e-2,-0.075000,-0.058076,-40.762500,3,weakly_unstable,0,1,82.57
0.485700,0.886940,40,2000000,500000,49610,2.54410256e-3,9.92200000e-2,0.097500,0.024833,-2130.225000,3,weakly_unstable,0,1,111.77
0.445700,0.951600,40,2000000,500000,-280595,-1.43894872e-2,-5.61190000e-1,0.170000,0.097251,-444.330000,1,stable,0,0,100.97
0.865700,0.990750,40,2000000,500000,8613,4.41692308e-4,1.72260000e-2,0.063750,0.065490,-16.730000,3,weakly_unstable,0,1,79.87
0.605700,0.960140,40,2000000,500000,31751,1.62825641e-3,6.35020000e-2,0.158750,0.144307,-393.037500,3,weakly_unstable,0,1,88.93
0.445700,0.813600,40,2000000,500000,88427,4.53471795e-3,1.76854000e-1,0.125000,-0.044175,-4311.670000,3,weakly_unstable,0,1,123.91
0.445700,0.677600,40,2000000,500000,45611,2.33902564e-3,9.12220000e-2,0.346250,0.045106,-8755.977500,3,weakly_unstable,0,1,127.10
0.485700,0.887940,40,2000000,500000,58244,2.98687179e-3,1.16488000e-1,0.100000,-0.076643,-2068.772500,3,weakly_unstable,0,1,111.23
0.865700,0.991750,40,2000000,500000,10278,5.27076923e-4,2.05560000e-2,0.160000,0.082689,-19.985000,3,weakly_unstable,0,1,81.75
0.445700,0.952600,40,2000000,500000,-271490,-1.39225641e-2,-5.42980000e-1,0.000000,0.017347,-409.625000,1,stable,0,0,105.20
0.605700,0.961140,40,2000000,500000,23658,1.21323077e-3,4.73160000e-2,0.245000,0.081967,-377.962500,3,weakly_unstable,0,1,95.06
0.445700,0.814600,40,2000000,500000,77350,3.96666667e-3,1.54700000e-1,0.080000,-0.019418,-4235.170000,3,weakly_unstable,0,1,128.08
0.865700,0.992750,40,2000000,500000,6538,3.35282051e-4,1.30760000e-2,-0.155000,-0.136320,-17.342500,3,weakly_unstable,0,1,85.60
0.445700,0.678600,40,2000000,500000,25785,1.32230769e-3,5.15700000e-2,-0.076250,-0.065490,-8892.362500,3,weakly_unstable,0,1,135.11
0.485700,0.888940,40,2000000,500000,63993,3.28169231e-3,1.27986000e-1,0.086250,0.030622,-2014.480000,3,weakly_unstable,0,1,117.82
0.605700,0.962140,40,2000000,500000,23815,1.22128205e-3,4.76300000e-2,-0.048750,0.088683,-388.485000,3,weakly_unstable,0,1,95.10
0.445700,0.953600,40,2000000,500000,-281664,-1.44443077e-2,-5.63328000e-1,0.143750,0.084085,-401.315000,1,stable,0,0,105.42
0.865700,0.993750,40,2000000,500000,4901,2.51333333e-4,9.80200000e-3,0.010000,-0.018211,-13.187500,3,weakly_unstable,0,1,83.86
0.445700,0.815600,40,2000000,500000,81907,4.20035897e-3,1.63814000e-1,0.033750,-0.025269,-4126.862500,3,weakly_unstable,0,1,129.29
0.605700,0.963140,40,2000000,500000,23438,1.20194872e-3,4.68760000e-2,0.057500,-0.101666,-357.642500,3,weakly_unstable,0,1,97.30
0.485700,0.889940,40,2000000,500000,66677,3.41933333e-3,1.33354000e-1,-0.056250,-0.037020,-2042.595000,3,weakly_unstable,0,1,117.47
0.445700,0.679600,40,2000000,500000,33055,1.69512821e-3,6.61100000e-2,-0.026250,-0.078881,-8838.322500,3,weakly_unstable,0,1,131.76
0.445700,0.954600,40,2000000,500000,-354623,-1.81857949e-2,-7.09246000e-1,-0.062500,0.017625,-415.390000,1,stable,0,0,106.37
0.865700,0.994750,40,2000000,500000,7320,3.75384615e-4,1.46400000e-2,0.033750,0.028031,-18.787500,3,weakly_unstable,0,1,84.66
0.605700,0.964140,40,2000000,500000,28162,1.44420513e-3,5.63240000e-2,-0.086250,-0.055077,-380.147500,3,weakly_unstable,0,1,95.41
0.445700,0.816600,40,2000000,500000,87363,4.48015385e-3,1.74726000e-1,0.035000,0.065953,-4148.785000,3,weakly_unstable,0,1,130.22
0.485700,0.890940,40,2000000,500000,56659,2.90558974e-3,1.13318000e-1,0.148750,0.034518,-1993.070000,3,weakly_unstable,0,1,116.16
0.445700,0.955600,40,2000000,500000,-325306,-1.66823590e-2,-6.50612000e-1,0.023750,0.001707,-416.347500,1,stable,0,0,106.28
0.865700,0.995750,40,2000000,500000,4241,2.17487179e-4,8.48200000e-3,0.137500,0.136933,-10.540000,3,weakly_unstable,0,1,85.10
0.445700,0.680600,40,2000000,500000,34955,1.79256410e-3,6.99100000e-2,0.187500,-0.007335,-8745.140000,3,weakly_unstable,0,1,132.16
0.605700,0.965140,40,2000000,500000,23140,1.18666667e-3,4.62800000e-2,0.242500,0.215349,-333.527500,3,weakly_unstable,0,1,96.13
0.865700,0.996750,40,2000000,500000,16706,8.56717949e-4,3.34120000e-2,-0.883750,-0.899834,-10.267500,1,metastable,1,1,77.17
0.445700,0.956600,40,2000000,500000,-349169,-1.79061026e-2,-6.98338000e-1,-0.088750,0.015994,-378.887500,1,stable,0,0,105.35
0.445700,0.817600,40,2000000,500000,79165,4.05974359e-3,1.58330000e-1,0.043750,0.067689,-4149.467500,3,weakly_unstable,0,1,128.74
0.485700,0.891940,40,2000000,500000,60797,3.11779487e-3,1.21594000e-1,-0.067500,-0.006510,-2011.235000,3,weakly_unstable,0,1,117.49
0.865700,0.997750,40,2000000,500000,-7608,-3.90153846e-4,-1.52160000e-2,-0.891250,-0.883147,-5.575000,1,chaotic,0,0,75.67
0.445700,0.681600,40,2000000,500000,38190,1.95846154e-3,7.63800000e-2,0.070000,-0.047299,-8659.215000,3,weakly_unstable,0,1,132.53
0.605700,0.966140,40,2000000,500000,16937,8.68564103e-4,3.38740000e-2,-0.022500,-0.062552,-334.602500,3,weakly_unstable,0,1,95.64
0.445700,0.957600,40,2000000,500000,-345841,-1.77354359e-2,-6.91682000e-1,-0.112500,-0.072828,-344.995000,1,stable,0,0,106.04
0.485700,0.892940,40,2000000,500000,62718,3.21630769e-3,1.25436000e-1,-0.030000,-0.032990,-1901.485000,3,weakly_unstable,0,1,116.16
0.865700,0.998750,40,2000000,500000,-11526,-5.91076923e-4,-2.30520000e-2,-0.082500,-0.117129,-0.097500,1,stable,0,0,77.69
0.445700,0.818600,40,2000000,500000,76700,3.93333333e-3,1.53400000e-1,0.140000,0.005565,-4115.712500,3,weakly_unstable,0,1,130.28
0.605700,0.967140,40,2000000,500000,25076,1.28594872e-3,5.01520000e-2,-0.006250,-0.137423,-299.885000,3,weakly_unstable,0,1,96.51
0.445700,0.682600,40,2000000,500000,37579,1.92712821e-3,7.51580000e-2,-0.090000,-0.097138,-8569.217500,3,weakly_unstable,0,1,134.23
0.865700,0.999750,40,2000000,500000,-30541,-1.56620513e-3,-6.10820000e-2,0.071250,0.069436,-1.937500,1,stable,0,0,75.84
0.445700,0.958600,40,2000000,500000,-395401,-2.02769744e-2,-7.90802000e-1,-0.023750,-0.007247,-335.817500,1,stable,0,0,104.94
0.485700,0.893940,40,2000000,500000,54820,2.81128205e-3,1.09640000e-1,0.060000,0.013417,-1929.565000,3,weakly_unstable,0,1,115.96
0.605700,0.968140,40,2000000,500000,15264,7.82769231e-4,3.05280000e-2,-0.193750,-0.072954,-288.060000,3,weakly_unstable,0,1,98.14
0.445700,0.819600,40,2000000,500000,85370,4.37794872e-3,1.70740000e-1,0.236250,0.068669,-4271.807500,3,weakly_unstable,0,1,130.60
0.865700,1.000000,40,2000000,500000,-33254,-1.70533333e-3,-6.65080000e-2,0.005000,-0.001060,-1.945000,1,stable,0,0,75.86
0.445700,0.959600,40,2000000,500000,-382071,-1.95933846e-2,-7.64142000e-1,0.053750,-0.070348,-315.852500,1,stable,0,0,104.28
0.445700,0.683600,40,2000000,500000,37214,1.90841026e-3,7.44280000e-2,-0.051250,0.043298,-8695.577500,3,weakly_unstable,0,1,133.13
0.605700,0.969140,40,2000000,500000,14016,7.18769231e-4,2.80320000e-2,0.063750,0.126643,-275.167500,3,weakly_unstable,0,1,95.64
0.485700,0.894940,40,2000000,500000,53501,2.74364103e-3,1.07002000e-1,0.012500,0.039484,-1882.520000,3,weakly_unstable,0,1,116.52
0.885700,0.968100,40,2000000,500000,10907,5.59333333e-4,2.18140000e-2,-0.021250,0.001413,-181.127500,3,weakly_unstable,0,1,83.97
0.445700,0.820600,40,2000000,500000,67803,3.47707692e-3,1.35606000e-1,-0.037500,-0.017216,-4028.895000,3,weakly_unstable,0,1,128.88
0.445700,0.960600,40,2000000,500000,-423577,-2.17218974e-2,-8.47154000e-1,-0.063750,-0.029676,-307.545000,1,stable,0,0,104.31
0.605700,0.970140,40,2000000,500000,17104,8.77128205e-4,3.42080000e-2,0.001250,-0.009771,-276.395000,3,weakly_unstable,0,1,98.89
0.885700,0.969100,40,2000000,500000,9300,4.76923077e-4,1.86000000e-2,-0.192500,-0.125440,-158.412500,3,weakly_unstable,0,1,86.92
0.445700,0.684600,40,2000000,500000,40836,2.09415385e-3,8.16720000e-2,-0.105000,-0.093107,-8607.015000,3,weakly_unstable,0,1,134.94
0.485700,0.895940,40,2000000,500000,56755,2.91051282e-3,1.13510000e-1,0.076250,0.001055,-1810.830000,3,weakly_unstable,0,1,119.30
0.445700,0.961600,40,2000000,500000,-402522,-2.06421538e-2,-8.05044000e-1,0.050000,0.040270,-310.185000,1,stable,0,0,105.86
0.445700,0.821600,40,2000000,500000,94486,4.84543590e-3,1.88972000e-1,-0.113750,-0.028600,-3917.165000,3,weakly_unstable,0,1,131.33
0.885700,0.970100,40,2000000,500000,10151,5.20564103e-4,2.03020000e-2,0.027500,0.004564,-98.407500,3,weakly_unstable,0,1,87.37
0.605700,0.971140,40,2000000,500000,18307,9.38820513e-4,3.66140000e-2,-0.137500,-0.066634,-266.287500,3,weakly_unstable,0,1,98.20
0.445700,0.685600,40,2000000,500000,33846,1.73569231e-3,6.76920000e-2,0.230000,-0.014490,-8569.240000,3,weakly_unstable,0,1,132.83
0.485700,0.896940,40,2000000,500000,52004,2.66687179e-3,1.04008000e-1,-0.045000,0.071471,-1851.092500,3,weakly_unstable,0,1,118.00
0.885700,0.971100,40,2000000,500000,10055,5.15641026e-4,2.01100000e-2,0.058750,0.074636,-157.302500,3,weakly_unstable,0,1,84.57
0.445700,0.962600,40,2000000,500000,-441369,-2.26343077e-2,-8.82738000e-1,0.043750,0.037668,-279.330000,1,stable,0,0,104.92
0.605700,0.972140,40,2000000,500000,11463,5.87846154e-4,2.29260000e-2,0.086250,0.147043,-243.180000,3,weakly_unstable,0,1,96.29
0.445700,0.822600,40,2000000,500000,87044,4.46379487e-3,1.74088000e-1,-0.017500,-0.001338,-3897.325000,3,weakly_unstable,0,1,129.22
0.885700,0.972100,40,2000000,500000,9909,5.08153846e-4,1.98180000e-2,-0.155000,-0.126839,-131.937500,3,weakly_unstable,0,1,86.72
0.485700,0.897940,40,2000000,500000,48192,2.47138462e-3,9.63840000e-2,0.076250,-0.098068,-1847.375000,3,weakly_unstable,0,1,118.76
0.445700,0.686600,40,2000000,500000,32546,1.66902564e-3,6.50920000e-2,-0.008750,0.086543,-8710.527500,3,weakly_unstable,0,1,134.23
0.445700,0.963600,40,2000000,500000,-459384,-2.35581538e-2,-9.18768000e-1,-0.106250,0.046276,-297.470000,1,stable,0,0,105.88
0.605700,0.973140,40,2000000,500000,20251,1.03851282e-3,4.05020000e-2,-0.132500,0.019984,-224.210000,3,weakly_unstable,0,1,97.54
0.445700,0.823600,40,2000000,500000,92018,4.71887179e-3,1.84036000e-1,-0.097500,-0.013493,-4023.370000,3,weakly_unstable,0,1,129.56
0.885700,0.973100,40,2000000,500000,10210,5.23589744e-4,2.04200000e-2,0.055000,0.025838,-125.532500,3,weakly_unstable,0,1,84.94
0.485700,0.898940,40,2000000,500000,53850,2.76153846e-3,1.07700000e-1,0.053750,0.089915,-1767.975000,3,weakly_unstable,0,1,117.98
0.605700,0.974140,40,2000000,500000,24425,1.25256410e-3,4.88500000e-2,0.417500,0.388321,-218.212500,3,weakly_unstable,0,1,97.75
0.445700,0.964600,40,2000000,500000,-457095,-2.34407692e-2,-9.14190000e-1,0.018750,0.012314,-261.810000,1,stable,0,0,104.83
0.445700,0.687600,40,2000000,500000,36987,1.89676923e-3,7.39740000e-2,-0.028750,-0.088720,-8597.477500,3,weakly_unstable,0,1,133.68
0.885700,0.974100,40,2000000,500000,12381,6.34923077e-4,2.47620000e-2,0.075000,0.019727,-77.187500,3,weakly_unstable,0,1,85.86
0.445700,0.824600,40,2000000,500000,72052,3.69497436e-3,1.44104000e-1,0.080000,-0.002168,-3987.920000,3,weakly_unstable,0,1,131.15
0.605700,0.975140,40,2000000,500000,14180,7.27179487e-4,2.83600000e-2,0.102500,0.101172,-199.260000,3,weakly_unstable,0,1,101.05
0.445700,0.965600,40,2000000,500000,-478080,-2.45169231e-2,-9.56160000e-1,-0.006250,0.019393,-260.147500,1,stable,0,0,105.92
0.485700,0.899940,40,2000000,500000,58309,2.99020513e-3,1.16618000e-1,0.050000,0.055227,-1660.382500,3,weakly_unstable,0,1,119.41
0.885700,0.975100,40,2000000,500000,11765,6.03333333e-4,2.35300000e-2,-0.007500,-0.004858,-95.152500,3,weakly_unstable,0,1,87.15
0.445700,0.688600,40,2000000,500000,42413,2.17502564e-3,8.48260000e-2,0.037500,-0.045852,-8286.785000,3,weakly_unstable,0,1,136.51
0.605700,0.976140,40,2000000,500000,18229,9.34820513e-4,3.64580000e-2,0.003750,0.091799,-182.327500,3,weakly_unstable,0,1,98.83
0.445700,0.825600,40,2000000,500000,85210,4.36974359e-3,1.70420000e-1,-0.048750,-0.023462,-3960.740000,3,weakly_unstable,0,1,131.09
0.445700,0.966600,40,2000000,500000,-519450,-2.66384615e-2,-1.03890000e0,0.022500,0.005356,-238.387500,1,stable,0,0,103.53
0.885700,0.976100,40,2000000,500000,10861,5.56974359e-4,2.17220000e-2,-0.033750,-0.054272,-69.977500,3,weakly_unstable,0,1,85.81
0.485700,0.900940,40,2000000,500000,54767,2.80856410e-3,1.09534000e-1,0.092500,0.049160,-1712.705000,3,weakly_unstable,0,1,116.03
0.445700,0.689600,40,2000000,500000,34385,1.76333333e-3,6.87700000e-2,-0.065000,-0.010904,-8414.817500,3,weakly_unstable,0,1,134.63
0.605700,0.977140,40,2000000,500000,5381,2.75948718e-4,1.07620000e-2,0.346250,0.042848,-154.250000,3,weakly_unstable,0,1,98.75
0.885700,0.977100,40,2000000,500000,10323,5.29384615e-4,2.06460000e-2,0.031250,-0.079828,-117.715000,3,weakly_unstable,0,1,86.15
0.445700,0.967600,40,2000000,500000,-510512,-2.61801026e-2,-1.02102400e0,0.042500,-0.001680,-220.337500,1,stable,0,0,103.67
0.445700,0.826600,40,2000000,500000,83009,4.25687179e-3,1.66018000e-1,0.122500,0.016780,-3742.762500,3,weakly_unstable,0,1,130.49
0.485700,0.901940,40,2000000,500000,52612,2.69805128e-3,1.05224000e-1,0.050000,0.044694,-1684.637500,3,weakly_unstable,0,1,116.96
0.605700,0.978140,40,2000000,500000,31776,1.62953846e-3,6.35520000e-2,-0.840000,-0.825348,-125.310000,1,metastable,1,1,87.21
0.885700,0.978100,40,2000000,500000,10220,5.24102564e-4,2.04400000e-2,0.006250,-0.025953,-80.242500,3,weakly_unstable,0,1,86.19
0.445700,0.968600,40,2000000,500000,-535654,-2.74694359e-2,-1.07130800e0,-0.056250,-0.053988,-199.745000,1,stable,0,0,99.46
0.445700,0.690600,40,2000000,500000,42394,2.17405128e-3,8.47880000e-2,-0.151250,0.013279,-8366.697500,3,weakly_unstable,0,1,133.45
0.485700,0.902940,40,2000000,500000,58225,2.98589744e-3,1.16450000e-1,-0.145000,-0.190393,-1658.762500,3,weakly_unstable,0,1,112.76
0.885700,0.979100,40,2000000,500000,9716,4.98256410e-4,1.94320000e-2,-0.005000,-0.015326,-89.040000,3,weakly_unstable,0,1,78.92
0.605700,0.979140,40,2000000,500000,23389,1.19943590e-3,4.67780000e-2,0.840000,0.826483,-108.332500,1,metastable,1,1,81.03
0.445700,0.827600,40,2000000,500000,71260,3.65435897e-3,1.42520000e-1,0.001250,0.061550,-3693.512500,3,weakly_unstable,0,1,126.61
0.445700,0.969600,40,2000000,500000,-545489,-2.79737949e-2,-1.09097800e0,-0.053750,0.037022,-147.720000,1,stable,0,0,96.51
0.885700,0.980100,40,2000000,500000,11037,5.66000000e-4,2.20740000e-2,0.037500,0.057932,-58.165000,3,weakly_unstable,0,1,78.27
0.605700,0.980140,40,2000000,500000,11027,5.65487179e-4,2.20540000e-2,-0.807500,-0.802502,-115.077500,1,metastable,1,1,79.92
0.445700,0.691600,40,2000000,500000,40760,2.09025641e-3,8.15200000e-2,-0.013750,-0.028718,-8481.855000,3,weakly_unstable,0,1,125.87
0.485700,0.903940,40,2000000,500000,57017,2.92394872e-3,1.14034000e-1,0.025000,0.022540,-1560.175000,3,weakly_unstable,0,1,108.44
0.445700,0.828600,40,2000000,500000,81661,4.18774359e-3,1.63322000e-1,0.025000,0.017489,-3843.867500,3,weakly_unstable,0,1,121.83
0.445700,0.970600,40,2000000,500000,-515950,-2.64589744e-2,-1.03190000e0,-0.038750,-0.017441,-208.172500,1,stable,0,0,94.25
0.885700,0.981100,40,2000000,500000,12024,6.16615385e-4,2.40480000e-2,-0.093750,-0.024536,-41.145000,3,weakly_unstable,0,1,78.31
0.605700,0.981140,40,2000000,500000,18978,9.73230769e-4,3.79560000e-2,0.792500,0.784679,-76.265000,1,metastable,1,1,81.13
0.445700,0.692600,40,2000000,500000,48711,2.49800000e-3,9.74220000e-2,0.111250,-0.034288,-8370.300000,3,weakly_unstable,0,1,124.01
0.485700,0.904940,40,2000000,500000,64769,3.32148718e-3,1.29538000e-1,0.267500,0.075995,-1553.202500,3,weakly_unstable,0,1,109.09
0.885700,0.982100,40,2000000,500000,9957,5.10615385e-4,1.99140000e-2,-0.007500,0.034356,-48.960000,3,weakly_unstable,0,1,79.10
0.445700,0.971600,40,2000000,500000,-554918,-2.84573333e-2,-1.10983600e0,0.027500,-0.040416,-178.812500,1,stable,0,0,94.58
0.605700,0.982140,40,2000000,500000,-797,-4.08717949e-5,-1.59400000e-3,0.756250,0.705440,-77.365000,1,chaotic,0,0,79.20
0.445700,0.829600,40,2000000,500000,80465,4.12641026e-3,1.60930000e-1,-0.032500,-0.029466,-3883.240000,3,weakly_unstable,0,1,121.68
0.885700,0.983100,40,2000000,500000,10210,5.23589744e-4,2.04200000e-2,0.053750,0.009176,-39.592500,3,weakly_unstable,0,1,78.17
0.605700,0.983140,40,2000000,500000,-6931,-3.55435897e-4,-1.38620000e-2,-0.787500,-0.758228,-66.275000,1,chaotic,0,0,79.37
0.485700,0.905940,40,2000000,500000,44816,2.29825641e-3,8.96320000e-2,-0.171250,-0.013953,-1635.080000,3,weakly_unstable,0,1,109.21
0.445700,0.972600,40,2000000,500000,-576498,-2.95640000e-2,-1.15299600e0,0.063750,0.035920,-152.757500,1,stable,0,0,94.80
0.445700,0.693600,40,2000000,500000,38410,1.96974359e-3,7.68200000e-2,0.038750,0.008047,-8340.880000,3,weakly_unstable,0,1,126.34
0.445700,0.830600,40,2000000,500000,65539,3.36097436e-3,1.31078000e-1,0.186250,0.008197,-3706.527500,3,weakly_unstable,0,1,121.97
0.885700,0.984100,40,2000000,500000,10782,5.52923077e-4,2.15640000e-2,0.061250,0.071779,-52.727500,3,weakly_unstable,0,1,78.54
0.605700,0.984140,40,2000000,500000,-4483,-2.29897436e-4,-8.96600000e-3,-0.681250,-0.649096,-79.635000,1,chaotic,0,0,79.70
0.445700,0.973600,40,2000000,500000,-588546,-3.01818462e-2,-1.17709200e0,0.025000,-0.023487,-157.970000,1,stable,0,0,94.07
0.485700,0.906940,40,2000000,500000,51132,2.62215385e-3,1.02264000e-1,-0.178750,0.108759,-1558.512500,3,weakly_unstable,0,1,111.32
0.445700,0.694600,40,2000000,500000,44723,2.29348718e-3,8.94460000e-2,0.216250,0.086458,-8138.885000,3,weakly_unstable,0,1,126.96
0.885700,0.985100,40,2000000,500000,10031,5.14410256e-4,2.00620000e-2,0.011250,0.007322,-16.177500,3,weakly_unstable,0,1,79.53
0.605700,0.985140,40,2000000,500000,-69995,-3.58948718e-3,-1.39990000e-1,0.038750,0.020198,-65.310000,1,stable,0,0,78.92
0.445700,0.831600,40,2000000,500000,93023,4.77041026e-3,1.86046000e-1,-0.135000,-0.016061,-3781.742500,3,weakly_unstable,0,1,122.54
0.445700,0.974600,40,2000000,500000,-606862,-3.11211282e-2,-1.21372400e0,0.043750,0.012655,-139.687500,1,stable,0,0,93.27
0.485700,0.907940,40,2000000,500000,55152,2.82830769e-3,1.10304000e-1,-0.182500,-0.096141,-1512.367500,3,weakly_unstable,0,1,108.30
0.885700,0.986100,40,2000000,500000,11276,5.78256410e-4,2.25520000e-2,-0.031250,-0.061687,-33.012500,3,weakly_unstable,0,1,78.39
0.605700,0.986140,40,2000000,500000,-33866,-1.73671795e-3,-6.77320000e-2,0.062500,0.112467,-48.210000,1,stable,0,0,78.61
0.445700,0.695600,40,2000000,500000,33349,1.71020513e-3,6.66980000e-2,-0.085000,-0.117161,-8091.825000,3,weakly_unstable,0,1,128.43
0.445700,0.975600,40,2000000,500000,-601075,-3.08243590e-2,-1.20215000e0,-0.023750,-0.006253,-141.910000,1,stable,0,0,97.30
0.445700,0.832600,40,2000000,500000,82339,4.22251282e-3,1.64678000e-1,0.066250,-0.065731,-3663.865000,3,weakly_unstable,0,1,126.91
0.885700,0.987100,40,2000000,500000,7162,3.67282051e-4,1.43240000e-2,-0.090000,-0.091117,-36.717500,3,weakly_unstable,0,1,84.64
0.605700,0.987140,40,2000000,500000,-65102,-3.33856410e-3,-1.30204000e-1,-0.367500,-0.426882,-37.567500,1,chaotic,0,0,84.00
0.485700,0.908940,40,2000000,500000,61305,3.14384615e-3,1.22610000e-1,0.012500,0.004921,-1508.882500,3,weakly_unstable,0,1,114.25
0.445700,0.976600,40,2000000,500000,-603380,-3.09425641e-2,-1.20676000e0,-0.080000,-0.029783,-107.282500,1,stable,0,0,101.68
0.885700,0.988100,40,2000000,500000,9331,4.78512821e-4,1.86620000e-2,-0.070000,-0.076028,-21.602500,3,weakly_unstable,0,1,86.80
0.445700,0.696600,40,2000000,500000,48373,2.48066667e-3,9.67460000e-2,0.085000,-0.050059,-8175.487500,3,weakly_unstable,0,1,133.33
0.605700,0.988140,40,2000000,500000,-58480,-2.99897436e-3,-1.16960000e-1,0.072500,0.001646,-32.915000,1,stable,0,0,86.04
0.445700,0.833600,40,2000000,500000,75023,3.84733333e-3,1.50046000e-1,-0.056250,-0.078459,-3597.577500,3,weakly_unstable,0,1,130.28
0.485700,0.909940,40,2000000,500000,39583,2.02989744e-3,7.91660000e-2,0.073750,0.041773,-1521.392500,3,weakly_unstable,0,1,116.50
0.885700,0.989100,40,2000000,500000,8306,4.25948718e-4,1.66120000e-2,0.153750,0.154408,-19.160000,3,weakly_unstable,0,1,81.93
0.605700,0.989140,40,2000000,500000,-76440,-3.92000000e-3,-1.52880000e-1,-0.078750,-0.029320,-34.050000,1,stable,0,0,81.84
0.445700,0.977600,40,2000000,500000,-672506,-3.44874872e-2,-1.34501200e0,-0.006250,0.008117,-105.272500,1,stable,0,0,96.62
0.445700,0.697600,40,2000000,500000,51981,2.66569231e-3,1.03962000e-1,0.133750,0.074919,-8162.115000,3,weakly_unstable,0,1,131.39
0.445700,0.834600,40,2000000,500000,76603,3.92835897e-3,1.53206000e-1,-0.038750,-0.056881,-3536.785000,3,weakly_unstable,0,1,126.59
0.485700,0.910940,40,2000000,500000,51000,2.61538462e-3,1.02000000e-1,-0.262500,-0.044391,-1470.670000,3,weakly_unstable,0,1,113.51
0.885700,0.990100,40,2000000,500000,9976,5.11589744e-4,1.99520000e-2,0.076250,0.080255,-20.192500,3,weakly_unstable,0,1,81.48
0.605700,0.990140,40,2000000,500000,-112862,-5.78779487e-3,-2.25724000e-1,-0.098750,-0.072183,-38.672500,1,stable,0,0,82.48
0.445700,0.978600,40,2000000,500000,-678594,-3.47996923e-2,-1.35718800e0,0.032500,0.006939,-104.807500,1,stable,0,0,96.68
0.885700,0.991100,40,2000000,500000,10864,5.57128205e-4,2.17280000e-2,-0.005000,-0.011001,-16.837500,3,weakly_unstable,0,1,81.66
0.605700,0.991140,40,2000000,500000,-140058,-7.18246154e-3,-2.80116000e-1,0.026250,0.057321,-23.780000,1,stable,0,0,80.96
0.445700,0.698600,40,2000000,500000,37268,1.91117949e-3,7.45360000e-2,0.383750,0.047979,-8027.205000,3,weakly_unstable,0,1,130.10
0.485700,0.911940,40,2000000,500000,53915,2.76487179e-3,1.07830000e-1,-0.166250,0.078219,-1383.000000,3,weakly_unstable,0,1,114.72
0.445700,0.835600,40,2000000,500000,89126,4.57056410e-3,1.78252000e-1,-0.107500,0.075074,-3469.270000,3,weakly_unstable,0,1,127.38
0.445700,0.979600,40,2000000,500000,-655509,-3.36158462e-2,-1.31101800e0,-0.003750,-0.006537,-125.652500,1,stable,0,0,95.82
0.885700,0.992100,40,2000000,500000,8146,4.17743590e-4,1.62920000e-2,0.037500,0.095673,-12.495000,3,weakly_unstable,0,1,83.60
0.605700,0.992140,40,2000000,500000,-135543,-6.95092308e-3,-2.71086000e-1,0.012500,0.000616,-36.657500,1,stable,0,0,81.22
0.625700,0.964760,40,2000000,500000,21270,1.09076923e-3,4.25400000e-2,-0.035000,-0.176253,-349.137500,3,weakly_unstable,0,1,32.52
0.485700,0.960940,40,2000000,500000,-114394,-5.86635897e-3,-2.28788000e-1,-0.048750,-0.010351,-306.497500,1,stable,0,0,35.65
0.465700,0.823810,40,2000000,500000,71070,3.64461538e-3,1.42140000e-1,-0.003750,-0.055003,-3940.190000,3,weakly_unstable,0,1,46.82
0.445700,0.759600,40,2000000,500000,82335,4.22230769e-3,1.64670000e-1,0.052500,-0.033221,-6117.505000,3,weakly_unstable,0,1,50.75
0.445700,0.854600,40,2000000,500000,85496,4.38441026e-3,1.70992000e-1,0.193750,0.025282,-3006.575000,3,weakly_unstable,0,1,51.25
0.445700,0.699600,40,2000000,500000,37302,1.91292308e-3,7.46040000e-2,0.076250,0.122699,-8122.735000,3,weakly_unstable,0,1,51.76
0.625700,0.965760,40,2000000,500000,19095,9.79230769e-4,3.81900000e-2,0.012500,0.093451,-325.265000,3,weakly_unstable,0,1,31.51
0.485700,0.961940,40,2000000,500000,-133969,-6.87020513e-3,-2.67938000e-1,0.095000,0.058974,-325.280000,1,stable,0,0,34.62
0.465700,0.824810,40,2000000,500000,63550,3.25897436e-3,1.27100000e-1,-0.006250,0.062023,-3899.117500,3,weakly_unstable,0,1,46.23
0.625700,0.966760,40,2000000,500000,20594,1.05610256e-3,4.11880000e-2,0.108750,0.096517,-321.837500,3,weakly_unstable,0,1,30.95
0.445700,0.760600,40,2000000,500000,68273,3.50117949e-3,1.36546000e-1,0.045000,-0.008631,-6037.522500,3,weakly_unstable,0,1,49.61
0.445700,0.855600,40,2000000,500000,72304,3.70789744e-3,1.44608000e-1,-0.115000,-0.081984,-2980.682500,3,weakly_unstable,0,1,50.12
0.445700,0.700600,40,2000000,500000,41457,2.12600000e-3,8.29140000e-2,0.138750,0.043681,-8105.262500,3,weakly_unstable,0,1,50.76
0.485700,0.962940,40,2000000,500000,-127918,-6.55989744e-3,-2.55836000e-1,0.100000,0.065430,-291.050000,1,stable,0,0,34.38
0.625700,0.967760,40,2000000,500000,25910,1.32871795e-3,5.18200000e-2,-0.101250,-0.039799,-307.127500,3,weakly_unstable,0,1,31.01
0.485700,0.963940,40,2000000,500000,-183990,-9.43538462e-3,-3.67980000e-1,-0.027500,-0.048462,-292.370000,1,stable,0,0,33.81
0.465700,0.825810,40,2000000,500000,71919,3.68815385e-3,1.43838000e-1,0.152500,-0.074242,-3789.922500,3,weakly_unstable,0,1,45.41
0.445700,0.761600,40,2000000,500000,65587,3.36343590e-3,1.31174000e-1,0.063750,0.018287,-6134.240000,3,weakly_unstable,0,1,49.41
0.445700,0.856600,40,2000000,500000,85734,4.39661538e-3,1.71468000e-1,0.191250,0.013965,-2930.875000,3,weakly_unstable,0,1,48.96
0.445700,0.701600,40,2000000,500000,46067,2.36241026e-3,9.21340000e-2,-0.083750,0.044746,-8120.907500,3,weakly_unstable,0,1,49.64
0.625700,0.968760,40,2000000,500000,21864,1.12123077e-3,4.37280000e-2,0.040000,0.014233,-292.807500,3,weakly_unstable,0,1,30.77
0.485700,0.964940,40,2000000,500000,-143680,-7.36820513e-3,-2.87360000e-1,0.127500,0.110004,-260.355000,1,stable,0,0,33.85
0.465700,0.826810,40,2000000,500000,62500,3.20512821e-3,1.25000000e-1,-0.206250,0.004991,-3725.532500,3,weakly_unstable,0,1,44.88
0.625700,0.969760,40,2000000,500000,18451,9.46205128e-4,3.69020000e-2,-0.145000,-0.177654,-278.815000,3,weakly_unstable,0,1,31.18
0.445700,0.762600,40,2000000,500000,76698,3.93323077e-3,1.53396000e-1,-0.013750,-0.047544,-5935.515000,3,weakly_unstable,0,1,49.21
0.445700,0.857600,40,2000000,500000,76022,3.89856410e-3,1.52044000e-1,-0.060000,-0.052069,-2881.620000,3,weakly_unstable,0,1,50.06
0.445700,0.702600,40,2000000,500000,46146,2.36646154e-3,9.22920000e-2,-0.117500,-0.029326,-7890.217500,3,weakly_unstable,0,1,50.19
0.485700,0.965940,40,2000000,500000,-212635,-1.09043590e-2,-4.25270000e-1,0.055000,0.034982,-217.817500,1,stable,0,0,33.40
0.625700,0.970760,40,2000000,500000,17856,9.15692308e-4,3.57120000e-2,-0.217500,-0.078825,-247.342500,3,weakly_unstable,0,1,31.34
0.465700,0.827810,40,2000000,500000,63343,3.24835897e-3,1.26686000e-1,0.167500,-0.074418,-3802.922500,3,weakly_unstable,0,1,45.48
0.485700,0.966940,40,2000000,500000,-197582,-1.01324103e-2,-3.95164000e-1,-0.080000,-0.107109,-205.517500,1,stable,0,0,32.80
0.445700,0.763600,40,2000000,500000,72281,3.70671795e-3,1.44562000e-1,0.092500,-0.053133,-6004.290000,3,weakly_unstable,0,1,49.81
0.625700,0.971760,40,2000000,500000,18114,9.28923077e-4,3.62280000e-2,-0.162500,-0.043930,-247.390000,3,weakly_unstable,0,1,31.14
0.445700,0.858600,40,2000000,500000,97019,4.97533333e-3,1.94038000e-1,0.065000,0.043459,-2802.957500,3,weakly_unstable,0,1,50.49
0.445700,0.703600,40,2000000,500000,56839,2.91482051e-3,1.13678000e-1,-0.063750,-0.028733,-7788.287500,3,weakly_unstable,0,1,50.61
0.485700,0.967940,40,2000000,500000,-225616,-1.15700513e-2,-4.51232000e-1,0.186250,0.165004,-219.112500,1,stable,0,0,33.03
0.465700,0.828810,40,2000000,500000,63347,3.24856410e-3,1.26694000e-1,0.018750,0.019948,-3725.272500,3,weakly_unstable,0,1,45.76
0.625700,0.972760,40,2000000,500000,18492,9.48307692e-4,3.69840000e-2,-0.088750,-0.056691,-228.937500,3,weakly_unstable,0,1,31.16
0.445700,0.764600,40,2000000,500000,68783,3.52733333e-3,1.37566000e-1,-0.013750,-0.012852,-5975.145000,3,weakly_unstable,0,1,49.44
0.445700,0.859600,40,2000000,500000,74981,3.84517949e-3,1.49962000e-1,0.087500,-0.002659,-2786.865000,3,weakly_unstable,0,1,48.93
0.445700,0.704600,40,2000000,500000,49270,2.52666667e-3,9.85400000e-2,0.077500,0.077283,-7825.167500,3,weakly_unstable,0,1,50.09
0.485700,0.968940,40,2000000,500000,-220006,-1.12823590e-2,-4.40012000e-1,-0.027500,-0.033465,-219.402500,1,stable,0,0,32.50
0.625700,0.973760,40,2000000,500000,10605,5.43846154e-4,2.12100000e-2,0.247500,0.116694,-241.950000,3,weakly_unstable,0,1,31.05
0.465700,0.829810,40,2000000,500000,73638,3.77630769e-3,1.47276000e-1,0.212500,-0.005048,-3715.082500,3,weakly_unstable,0,1,45.01
0.485700,0.969940,40,2000000,500000,-242821,-1.24523590e-2,-4.85642000e-1,-0.087500,-0.086658,-190.970000,1,stable,0,0,32.04
0.625700,0.974760,40,2000000,500000,19251,9.87230769e-4,3.85020000e-2,-0.102500,-0.146509,-200.392500,3,weakly_unstable,0,1,30.68
0.445700,0.765600,40,2000000,500000,68459,3.51071795e-3,1.36918000e-1,-0.100000,-0.007589,-5903.770000,3,weakly_unstable,0,1,49.65
0.445700,0.860600,40,2000000,500000,77620,3.98051282e-3,1.55240000e-1,0.250000,0.057487,-2876.860000,3,weakly_unstable,0,1,48.97
0.445700,0.705600,40,2000000,500000,43974,2.25507692e-3,8.79480000e-2,-0.030000,0.012592,-7872.495000,3,weakly_unstable,0,1,50.48
0.465700,0.830810,40,2000000,500000,64511,3.30825641e-3,1.29022000e-1,-0.106250,0.004647,-3764.157500,3,weakly_unstable,0,1,45.27
0.485700,0.970940,40,2000000,500000,-261202,-1.33949744e-2,-5.22404000e-1,0.017500,0.048450,-161.392500,1,stable,0,0,32.42
0.625700,0.975760,40,2000000,500000,21177,1.08600000e-3,4.23540000e-2,-0.002500,0.144206,-196.185000,3,weakly_unstable,0,1,31.17
0.445700,0.766600,40,2000000,500000,65667,3.36753846e-3,1.31334000e-1,-0.005000,-0.070488,-5724.422500,3,weakly_unstable,0,1,50.12
0.445700,0.861600,40,2000000,500000,89117,4.57010256e-3,1.78234000e-1,-0.136250,0.023420,-2789.390000,3,weakly_unstable,0,1,49.36
0.485700,0.971940,40,2000000,500000,-277833,-1.42478462e-2,-5.55666000e-1,-0.056250,-0.029667,-153.960000,1,stable,0,0,32.87
0.445700,0.706600,40,2000000,500000,46112,2.36471795e-3,9.22240000e-2,0.147500,0.035519,-7978.635000,3,weakly_unstable,0,1,51.02
0.625700,0.976760,40,2000000,500000,15843,8.12461538e-4,3.16860000e-2,0.235000,0.101978,-178.362500,3,weakly_unstable,0,1,31.47
0.465700,0.831810,40,2000000,500000,61256,3.14133333e-3,1.22512000e-1,0.292500,0.032460,-3709.420000,3,weakly_unstable,0,1,45.78
0.485700,0.972940,40,2000000,500000,-311592,-1.59790769e-2,-6.23184000e-1,0.151250,0.098712,-156.857500,1,stable,0,0,32.42
0.625700,0.977760,40,2000000,500000,10172,5.21641026e-4,2.03440000e-2,-0.125000,-0.113006,-171.167500,3,weakly_unstable,0,1,32.17
0.445700,0.862600,40,2000000,500000,73772,3.78317949e-3,1.47544000e-1,-0.078750,-0.068881,-2711.817500,3,weakly_unstable,0,1,50.05
0.445700,0.767600,40,2000000,500000,79400,4.07179487e-3,1.58800000e-1,0.116250,0.015361,-5875.660000,3,weakly_unstable,0,1,50.40
0.445700,0.707600,40,2000000,500000,38965,1.99820513e-3,7.79300000e-2,0.100000,0.073772,-7676.940000,3,weakly_unstable,0,1,51.78
0.465700,0.832810,40,2000000,500000,57913,2.96989744e-3,1.15826000e-1,0.032500,0.051751,-3534.202500,3,weakly_unstable,0,1,45.95
0.485700,0.973940,40,2000000,500000,-299528,-1.53604103e-2,-5.99056000e-1,0.006250,0.000347,-153.997500,1,stable,0,0,32.92
0.625700,0.978760,40,2000000,500000,11420,5.85641026e-4,2.28400000e-2,-0.021250,0.166707,-163.165000,3,weakly_unstable,0,1,31.95
0.445700,0.863600,40,2000000,500000,81962,4.20317949e-3,1.63924000e-1,0.045000,0.014683,-2752.265000,3,weakly_unstable,0,1,49.91
0.485700,0.974940,40,2000000,500000,-343355,-1.76079487e-2,-6.86710000e-1,-0.087500,-0.027802,-144.995000,1,stable,0,0,32.00
0.445700,0.768600,40,2000000,500000,60696,3.11261538e-3,1.21392000e-1,0.023750,-0.089121,-5799.112500,3,weakly_unstable,0,1,50.61
0.625700,0.979760,40,2000000,500000,19575,1.00384615e-3,3.91500000e-2,-0.293750,-0.108684,-163.485000,3,weakly_unstable,0,1,31.58
0.465700,0.833810,40,2000000,500000,74790,3.83538462e-3,1.49580000e-1,-0.046250,-0.075693,-3538.230000,3,weakly_unstable,0,1,45.18
0.445700,0.708600,40,2000000,500000,43684,2.24020513e-3,8.73680000e-2,0.113750,0.021284,-7813.070000,3,weakly_unstable,0,1,51.25
0.625700,0.980760,40,2000000,500000,43443,2.22784615e-3,8.68860000e-2,0.808750,0.833283,-113.242500,1,metastable,1,1,26.48
0.485700,0.975940,40,2000000,500000,-344877,-1.76860000e-2,-6.89754000e-1,-0.115000,-0.101160,-127.530000,1,stable,0,0,32.01
0.465700,0.834810,40,2000000,500000,68101,3.49235897e-3,1.36202000e-1,0.106250,0.069379,-3593.417500,3,weakly_unstable,0,1,46.11
0.445700,0.864600,40,2000000,500000,74316,3.81107692e-3,1.48632000e-1,0.093750,0.076236,-2658.220000,3,weakly_unstable,0,1,49.93
0.445700,0.769600,40,2000000,500000,68240,3.49948718e-3,1.36480000e-1,0.117500,0.085398,-5775.647500,3,weakly_unstable,0,1,51.14
0.625700,0.981760,40,2000000,500000,45760,2.34666667e-3,9.15200000e-2,-0.863750,-0.830159,-100.845000,1,metastable,1,1,27.40
0.445700,0.709600,40,2000000,500000,46369,2.37789744e-3,9.27380000e-2,0.036250,0.037840,-7637.097500,3,weakly_unstable,0,1,50.84
0.485700,0.976940,40,2000000,500000,-346215,-1.77546154e-2,-6.92430000e-1,-0.045000,-0.047887,-122.487500,1,stable,0,0,32.02
0.625700,0.982760,40,2000000,500000,32730,1.67846154e-3,6.54600000e-2,0.842500,0.822678,-79.365000,1,metastable,1,1,26.97
0.465700,0.835810,40,2000000,500000,62376,3.19876923e-3,1.24752000e-1,0.105000,-0.004360,-3545.780000,3,weakly_unstable,0,1,45.70
0.485700,0.977940,40,2000000,500000,-363825,-1.86576923e-2,-7.27650000e-1,0.040000,0.026394,-131.752500,1,stable,0,0,31.65
0.445700,0.865600,40,2000000,500000,75396,3.86646154e-3,1.50792000e-1,-0.058750,-0.006279,-2749.557500,3,weakly_unstable,0,1,50.27
0.445700,0.770600,40,2000000,500000,72347,3.71010256e-3,1.44694000e-1,-0.037500,0.002071,-5727.700000,3,weakly_unstable,0,1,50.68
0.625700,0.983760,40,2000000,500000,29328,1.50400000e-3,5.86560000e-2,-0.818750,-0.790358,-63.865000,1,metastable,1,1,28.04
0.445700,0.710600,40,2000000,500000,27017,1.38548718e-3,5.40340000e-2,0.122500,0.004438,-7881.705000,3,weakly_unstable,0,1,52.73
1.045700,0.995500,40,2000000,500000,2365,1.21282051e-4,4.73000000e-3,0.120000,0.109992,-4.400000,3,weakly_unstable,0,1,28.93
0.905700,0.991400,40,2000000,500000,6859,3.51743590e-4,1.37180000e-2,0.023750,0.058287,-17.710000,3,weakly_unstable,0,1,29.45
0.985700,0.976180,40,2000000,500000,5947,3.04974359e-4,1.18940000e-2,0.022500,0.042347,-89.512500,3,weakly_unstable,0,1,29.52
0.745700,0.983540,40,2000000,500000,14065,7.21282051e-4,2.81300000e-2,0.118750,0.079304,-81.165000,3,weakly_unstable,0,1,31.93
0.645700,0.960430,40,2000000,500000,23535,1.20692308e-3,4.70700000e-2,0.098750,-0.015611,-352.915000,3,weakly_unstable,0,1,34.51
0.505700,0.892380,40,2000000,500000,54765,2.80846154e-3,1.09530000e-1,0.150000,-0.017527,-1912.675000,3,weakly_unstable,0,1,44.26
0.465700,0.861810,40,2000000,500000,63243,3.24323077e-3,1.26486000e-1,-0.068750,-0.069353,-2798.822500,3,weakly_unstable,0,1,49.95
1.045700,0.996500,40,2000000,500000,2510,1.28717949e-4,5.02000000e-3,0.013750,0.012407,-5.510000,3,weakly_unstable,0,1,26.75
0.445700,0.711600,40,2000000,500000,59689,3.06097436e-3,1.19378000e-1,0.113750,-0.009455,-7443.145000,3,weakly_unstable,0,1,55.86
0.905700,0.992400,40,2000000,500000,8842,4.53435897e-4,1.76840000e-2,0.088750,0.098350,-8.962500,3,weakly_unstable,0,1,27.38
0.985700,0.977180,40,2000000,500000,5348,2.74256410e-4,1.06960000e-2,-0.010000,-0.006245,-116.620000,3,weakly_unstable,0,1,27.85
0.745700,0.984540,40,2000000,500000,11230,5.75897436e-4,2.24600000e-2,0.070000,-0.000732,-73.507500,3,weakly_unstable,0,1,29.52
0.645700,0.961430,40,2000000,500000,26581,1.36312821e-3,5.31620000e-2,0.132500,0.008707,-362.442500,3,weakly_unstable,0,1,32.37
0.905700,0.988400,40,2000000,500000,8077,4.14205128e-4,1.61540000e-2,-0.058750,-0.052458,-29.830000,3,weakly_unstable,0,1,40.67
0.525700,0.997800,40,2000000,500000,-512603,-2.62873333e-2,-1.02520600e0,0.001250,-0.006121,-3.300000,1,stable,0,0,41.56
0.745700,0.980540,40,2000000,500000,16623,8.52461538e-4,3.32460000e-2,0.006250,-0.060244,-98.812500,3,weakly_unstable,0,1,43.78
0.685700,0.984740,40,2000000,500000,9767,5.00871795e-4,1.95340000e-2,0.275000,0.360933,-85.600000,3,weakly_unstable,0,1,45.36
0.645700,0.956430,40,2000000,500000,26121,1.33953846e-3,5.22420000e-2,0.123750,0.120996,-378.545000,3,weakly_unstable,0,1,46.66
0.525700,0.969800,40,2000000,500000,-46034,-2.36071795e-3,-9.20680000e-2,0.487500,0.301392,-216.525000,1,stable,0,0,47.50
0.465700,0.976810,40,2000000,500000,-490869,-2.51727692e-2,-9.81738000e-1,-0.051250,-0.009821,-102.492500,1,stable,0,0,50.18
0.545700,0.946510,40,2000000,500000,31988,1.64041026e-3,6.39760000e-2,-0.048750,-0.121536,-657.662500,3,weakly_unstable,0,1,54.22
0.525700,0.940800,40,2000000,500000,35370,1.81384615e-3,7.07400000e-2,-0.041250,-0.025009,-783.167500,3,weakly_unstable,0,1,56.41
0.525700,0.926800,40,2000000,500000,36314,1.86225641e-3,7.26280000e-2,0.057500,0.111194,-1080.730000,3,weakly_unstable,0,1,56.45
0.525700,0.912800,40,2000000,500000,46614,2.39046154e-3,9.32280000e-2,0.223750,0.041587,-1364.830000,3,weakly_unstable,0,1,56.73
0.525700,0.954800,40,2000000,500000,29932,1.53497436e-3,5.98640000e-2,0.041250,0.150169,-493.572500,3,weakly_unstable,0,1,57.36
0.505700,0.891380,40,2000000,500000,44836,2.29928205e-3,8.96720000e-2,0.002500,0.171704,-1977.882500,3,weakly_unstable,0,1,59.88
0.465700,0.862810,40,2000000,500000,54060,2.77230769e-3,1.08120000e-1,-0.115000,0.045740,-2808.102500,3,weakly_unstable,0,1,67.13
0.445700,0.712600,40,2000000,500000,43299,2.22046154e-3,8.65980000e-2,0.108750,-0.003119,-7671.872500,3,weakly_unstable,0,1,73.00
0.445700,0.885600,40,2000000,500000,83525,4.28333333e-3,1.67050000e-1,-0.078750,-0.043658,-2099.505000,3,weakly_unstable,0,1,73.10
0.905700,0.989400,40,2000000,500000,7463,3.82717949e-4,1.49260000e-2,0.170000,0.164798,-34.210000,3,weakly_unstable,0,1,40.55
0.525700,0.998800,40,2000000,500000,-516566,-2.64905641e-2,-1.03313200e0,-0.007500,0.003684,-3.310000,1,stable,0,0,42.73
0.685700,0.985740,40,2000000,500000,35179,1.80405128e-3,7.03580000e-2,-0.872500,-0.881292,-73.032500,1,metastable,1,1,39.57
0.745700,0.981540,40,2000000,500000,14371,7.36974359e-4,2.87420000e-2,0.120000,-0.037234,-94.577500,3,weakly_unstable,0,1,43.19
0.645700,0.957430,40,2000000,500000,30264,1.55200000e-3,6.05280000e-2,-0.023750,0.058635,-361.272500,3,weakly_unstable,0,1,46.93
0.525700,0.970800,40,2000000,500000,-49506,-2.53876923e-3,-9.90120000e-2,-0.248750,-0.238719,-213.010000,1,stable,0,0,48.16
0.465700,0.977810,40,2000000,500000,-499906,-2.56362051e-2,-9.99812000e-1,0.050000,0.008170,-108.510000,1,stable,0,0,51.14
0.545700,0.947510,40,2000000,500000,37757,1.93625641e-3,7.55140000e-2,-0.146250,-0.134656,-661.035000,3,weakly_unstable,0,1,55.44
0.525700,0.913800,40,2000000,500000,40567,2.08035897e-3,8.11340000e-2,0.110000,-0.088277,-1317.945000,3,weakly_unstable,0,1,57.53
0.525700,0.941800,40,2000000,500000,27006,1.38492308e-3,5.40120000e-2,-0.013750,0.114129,-764.595000,3,weakly_unstable,0,1,58.05
0.525700,0.927800,40,2000000,500000,35763,1.83400000e-3,7.15260000e-2,-0.158750,0.022827,-1034.692500,3,weakly_unstable,0,1,58.18
0.525700,0.955800,40,2000000,500000,20297,1.04087179e-3,4.05940000e-2,0.140000,-0.025959,-438.972500,3,weakly_unstable,0,1,58.94
0.505700,0.893380,40,2000000,500000,55720,2.85743590e-3,1.11440000e-1,0.012500,-0.052170,-1989.915000,3,weakly_unstable,0,1,59.69
0.905700,0.990400,40,2000000,500000,7270,3.72820513e-4,1.45400000e-2,0.020000,-0.019140,-19.437500,3,weakly_unstable,0,1,40.85
0.525700,0.999800,40,2000000,500000,-530053,-2.71822051e-2,-1.06010600e0,-0.015000,-0.013730,-2.400000,1,stable,0,0,41.55
0.745700,0.982540,40,2000000,500000,15683,8.04256410e-4,3.13660000e-2,0.052500,-0.006133,-86.512500,3,weakly_unstable,0,1,42.84
0.685700,0.986740,40,2000000,500000,11276,5.78256410e-4,2.25520000e-2,-0.063750,0.052879,-78.070000,3,weakly_unstable,0,1,46.45
0.465700,0.863810,40,2000000,500000,62671,3.21389744e-3,1.25342000e-1,-0.052500,-0.019472,-2752.957500,3,weakly_unstable,0,1,67.74
0.645700,0.958430,40,2000000,500000,28921,1.48312821e-3,5.78420000e-2,0.183750,0.053956,-409.017500,3,weakly_unstable,0,1,46.68
0.525700,0.971800,40,2000000,500000,-64409,-3.30302564e-3,-1.28818000e-1,0.497500,0.378338,-152.455000,1,stable,0,0,48.47
0.445700,0.886600,40,2000000,500000,77731,3.98620513e-3,1.55462000e-1,0.067500,0.019048,-1989.467500,3,weakly_unstable,0,1,72.80
0.445700,0.713600,40,2000000,500000,48712,2.49805128e-3,9.74240000e-2,0.070000,0.073066,-7629.220000,3,weakly_unstable,0,1,74.10
0.465700,0.978810,40,2000000,500000,-518450,-2.65871795e-2,-1.03690000e0,-0.072500,-0.041363,-85.635000,1,stable,0,0,51.31
0.905700,0.993400,40,2000000,500000,7329,3.75846154e-4,1.46580000e-2,-0.051250,-0.014667,-14.837500,3,weakly_unstable,0,1,41.20
0.545700,0.948510,40,2000000,500000,34331,1.76056410e-3,6.86620000e-2,-0.061250,-0.004202,-651.635000,3,weakly_unstable,0,1,56.45
0.525700,1.000000,40,2000000,500000,-546107,-2.80054872e-2,-1.09221400e0,0.016250,0.000745,-2.277500,1,stable,0,0,41.72
0.525700,0.928800,40,2000000,500000,51559,2.64405128e-3,1.03118000e-1,-0.131250,-0.038022,-1063.055000,3,weakly_unstable,0,1,56.43
0.525700,0.942800,40,2000000,500000,34669,1.77789744e-3,6.93380000e-2,-0.023750,-0.061290,-715.602500,3,weakly_unstable,0,1,56.75
0.685700,0.987740,40,2000000,500000,16672,8.54974359e-4,3.33440000e-2,-0.845000,-0.867089,-35.932500,1,metastable,1,1,39.85
0.525700,0.956800,40,2000000,500000,34138,1.75066667e-3,6.82760000e-2,0.156250,0.244104,-433.297500,3,weakly_unstable,0,1,55.41
0.525700,0.914800,40,2000000,500000,41441,2.12517949e-3,8.28820000e-2,-0.211250,-0.196238,-1379.312500,3,weakly_unstable,0,1,57.46
0.745700,0.985540,40,2000000,500000,9604,4.92512821e-4,1.92080000e-2,0.271250,0.148211,-63.007500,3,weakly_unstable,0,1,43.51
0.505700,0.894380,40,2000000,500000,57551,2.95133333e-3,1.15102000e-1,0.048750,0.036637,-1849.132500,3,weakly_unstable,0,1,58.92
0.645700,0.959430,40,2000000,500000,24757,1.26958974e-3,4.95140000e-2,0.233750,0.126672,-417.732500,3,weakly_unstable,0,1,47.11
0.525700,0.972800,40,2000000,500000,-88543,-4.54066667e-3,-1.77086000e-1,-0.107500,-0.087259,-136.390000,1,stable,0,0,48.14
0.465700,0.864810,40,2000000,500000,68763,3.52630769e-3,1.37526000e-1,0.138750,0.042041,-2750.272500,3,weakly_unstable,0,1,68.01
0.465700,0.979810,40,2000000,500000,-537410,-2.75594872e-2,-1.07482000e0,0.037500,-0.014832,-97.935000,1,stable,0,0,51.16
0.905700,0.994400,40,2000000,500000,4007,2.05487179e-4,8.01400000e-3,-0.088750,-0.078293,-20.550000,3,weakly_unstable,0,1,42.12
0.685700,0.988740,40,2000000,500000,26492,1.35856410e-3,5.29840000e-2,0.815000,0.848873,-43.280000,1,metastable,1,1,39.58
0.745700,0.986540,40,2000000,500000,12745,6.53589744e-4,2.54900000e-2,-0.293750,-0.181559,-66.760000,3,weakly_unstable,0,1,44.19
0.445700,0.887600,40,2000000,500000,68579,3.51687179e-3,1.37158000e-1,0.117500,-0.105653,-1909.627500,3,weakly_unstable,0,1,73.22
0.445700,0.714600,40,2000000,500000,44828,2.29887179e-3,8.96560000e-2,-0.062500,0.086191,-7331.642500,3,weakly_unstable,0,1,74.10
0.545700,0.921510,40,2000000,500000,40834,2.09405128e-3,8.16680000e-2,-0.083750,0.058802,-1105.775000,3,weakly_unstable,0,1,54.06
0.545700,0.949510,40,2000000,500000,26222,1.34471795e-3,5.24440000e-2,-0.227500,-0.090834,-619.047500,3,weakly_unstable,0,1,56.15
0.525700,0.929800,40,2000000,500000,35991,1.84569231e-3,7.19820000e-2,0.003750,0.023784,-1029.927500,3,weakly_unstable,0,1,57.51
0.525700,0.943800,40,2000000,500000,36687,1.88138462e-3,7.33740000e-2,-0.047500,0.046235,-705.260000,3,weakly_unstable,0,1,58.08
0.525700,0.915800,40,2000000,500000,39679,2.03482051e-3,7.93580000e-2,0.035000,-0.069388,-1323.197500,3,weakly_unstable,0,1,58.22
0.525700,0.957800,40,2000000,500000,24797,1.27164103e-3,4.95940000e-2,-0.276250,-0.054815,-455.480000,3,weakly_unstable,0,1,59.15
0.645700,0.962430,40,2000000,500000,23039,1.18148718e-3,4.60780000e-2,-0.038750,-0.114659,-320.117500,3,weakly_unstable,0,1,47.84
0.505700,0.895380,40,2000000,500000,56069,2.87533333e-3,1.12138000e-1,-0.102500,0.035598,-1841.282500,3,weakly_unstable,0,1,59.92
0.525700,0.973800,40,2000000,500000,-120828,-6.19630769e-3,-2.41656000e-1,0.233750,0.187829,-142.145000,1,stable,0,0,47.59
0.905700,0.995400,40,2000000,500000,6450,3.30769231e-4,1.29000000e-2,-0.082500,-0.073736,-6.550000,3,weakly_unstable,0,1,41.28
0.685700,0.989740,40,2000000,500000,12050,6.17948718e-4,2.41000000e-2,-0.821250,-0.813416,-39.785000,1,metastable,1,1,39.47
0.465700,0.980810,40,2000000,500000,-573304,-2.94002051e-2,-1.14660800e0,0.037500,0.021317,-82.080000,1,stable,0,0,49.32
0.745700,0.987540,40,2000000,500000,10430,5.34871795e-4,2.08600000e-2,-0.025000,-0.106372,-62.720000,3,weakly_unstable,0,1,44.39
0.465700,0.865810,40,2000000,500000,70641,3.62261538e-3,1.41282000e-1,0.087500,-0.123792,-2671.275000,3,weakly_unstable,0,1,67.57
0.545700,0.922510,40,2000000,500000,41358,2.12092308e-3,8.27160000e-2,0.056250,-0.047422,-1101.857500,3,weakly_unstable,0,1,54.14
0.545700,0.950510,40,2000000,500000,20952,1.07446154e-3,4.19040000e-2,-0.176250,-0.132143,-627.567500,3,weakly_unstable,0,1,55.32
0.645700,0.963430,40,2000000,500000,29750,1.52564103e-3,5.95000000e-2,0.043750,0.042786,-332.512500,3,weakly_unstable,0,1,46.60
0.525700,0.930800,40,2000000,500000,38498,1.97425641e-3,7.69960000e-2,-0.192500,-0.015537,-1055.082500,3,weakly_unstable,0,1,57.76
0.525700,0.944800,40,2000000,500000,33144,1.69969231e-3,6.62880000e-2,0.140000,0.150789,-749.552500,3,weakly_unstable,0,1,57.25
0.525700,0.974800,40,2000000,500000,-108133,-5.54528205e-3,-2.16266000e-1,0.048750,0.020890,-171.302500,1,stable,0,0,47.24
0.905700,0.996400,40,2000000,500000,3977,2.03948718e-4,7.95400000e-3,-0.087500,-0.102555,-7.545000,3,weakly_unstable,0,1,41.05
0.525700,0.916800,40,2000000,500000,46357,2.37728205e-3,9.27140000e-2,0.082500,0.059798,-1315.022500,3,weakly_unstable,0,1,57.78
0.525700,0.958800,40,2000000,500000,18554,9.51487179e-4,3.71080000e-2,0.060000,-0.008765,-386.777500,3,weakly_unstable,0,1,57.67
0.685700,0.990740,40,2000000,500000,13115,6.72564103e-4,2.62300000e-2,-0.790000,-0.815238,-23.485000,1,metastable,1,1,39.32
0.445700,0.888600,40,2000000,500000,77516,3.97517949e-3,1.55032000e-1,-0.138750,-0.108518,-1953.270000,3,weakly_unstable,0,1,73.72
0.445700,0.715600,40,2000000,500000,50117,2.57010256e-3,1.00234000e-1,0.262500,0.033188,-7491.427500,3,weakly_unstable,0,1,73.62
0.505700,0.896380,40,2000000,500000,54106,2.77466667e-3,1.08212000e-1,0.185000,0.023055,-1808.835000,3,weakly_unstable,0,1,59.20
0.465700,0.981810,40,2000000,500000,-562828,-2.88629744e-2,-1.12565600e0,0.043750,-0.003106,-71.172500,1,stable,0,0,49.57
0.745700,0.988540,40,2000000,500000,9702,4.97538462e-4,1.94040000e-2,0.028750,-0.012993,-51.977500,3,weakly_unstable,0,1,44.45
0.905700,0.997400,40,2000000,500000,4446,2.28000000e-4,8.89200000e-3,-0.906250,-0.919019,-5.552500,1,metastable,1,1,36.66
0.685700,0.991740,40,2000000,500000,-7651,-3.92358974e-4,-1.53020000e-2,0.836250,0.780684,-20.550000,1,chaotic,0,0,39.70
0.645700,0.964430,40,2000000,500000,29340,1.50461538e-3,5.86800000e-2,-0.031250,-0.029971,-285.880000,3,weakly_unstable,0,1,47.74
0.545700,0.923510,40,2000000,500000,40087,2.05574359e-3,8.01740000e-2,0.131250,0.039785,-1178.757500,3,weakly_unstable,0,1,54.87
0.545700,0.951510,40,2000000,500000,38077,1.95266667e-3,7.61540000e-2,-0.015000,-0.119828,-593.215000,3,weakly_unstable,0,1,56.15
0.525700,0.975800,40,2000000,500000,-127619,-6.54456410e-3,-2.55238000e-1,0.011250,-0.074379,-143.005000,1,stable,0,0,48.37
0.465700,0.866810,40,2000000,500000,71349,3.65892308e-3,1.42698000e-1,0.066250,-0.035015,-2636.465000,3,weakly_unstable,0,1,67.90
0.525700,0.945800,40,2000000,500000,35296,1.81005128e-3,7.05920000e-2,-0.013750,0.002552,-733.142500,3,weakly_unstable,0,1,57.65
0.525700,0.931800,40,2000000,500000,38825,1.99102564e-3,7.76500000e-2,-0.121250,-0.028661,-976.462500,3,weakly_unstable,0,1,58.38
0.525700,0.917800,40,2000000,500000,46759,2.39789744e-3,9.35180000e-2,0.177500,-0.047173,-1287.610000,3,weakly_unstable,0,1,58.17
0.525700,0.959800,40,2000000,500000,14345,7.35641026e-4,2.86900000e-2,-0.055000,0.024085,-356.517500,3,weakly_unstable,0,1,59.30
0.745700,0.989540,40,2000000,500000,10067,5.16256410e-4,2.01340000e-2,0.100000,0.123218,-46.867500,3,weakly_unstable,0,1,42.69
0.465700,0.982810,40,2000000,500000,-604202,-3.09847179e-2,-1.20840400e0,-0.008750,-0.000139,-72.975000,1,stable,0,0,49.64
0.505700,0.897380,40,2000000,500000,41510,2.12871795e-3,8.30200000e-2,0.256250,0.037949,-1785.090000,3,weakly_unstable,0,1,61.58
0.905700,0.998400,40,2000000,500000,-2767,-1.41897436e-4,-5.53400000e-3,-0.861250,-0.834815,-2.282500,1,chaotic,0,0,37.01
0.445700,0.889600,40,2000000,500000,57244,2.93558974e-3,1.14488000e-1,0.016250,-0.016186,-1910.700000,3,weakly_unstable,0,1,74.46
0.445700,0.716600,40,2000000,500000,57492,2.94830769e-3,1.14984000e-1,0.087500,0.013067,-7339.630000,3,weakly_unstable,0,1,73.53
0.685700,0.992740,40,2000000,500000,-16984,-8.70974359e-4,-3.39680000e-2,-0.695000,-0.672442,-10.492500,1,chaotic,0,0,39.24
0.645700,0.965430,40,2000000,500000,21955,1.12589744e-3,4.39100000e-2,0.026250,0.073587,-311.227500,3,weakly_unstable,0,1,47.08
0.525700,0.976800,40,2000000,500000,-150132,-7.69907692e-3,-3.00264000e-1,0.108750,0.067399,-138.022500,1,stable,0,0,47.62
0.545700,0.924510,40,2000000,500000,35110,1.80051282e-3,7.02200000e-2,-0.108750,-0.052944,-1100.005000,3,weakly_unstable,0,1,55.67
0.545700,0.952510,40,2000000,500000,31070,1.59333333e-3,6.21400000e-2,-0.221250,-0.202165,-557.230000,3,weakly_unstable,0,1,55.39
0.745700,0.990540,40,2000000,500000,5222,2.67794872e-4,1.04440000e-2,0.086250,0.047545,-43.925000,3,weakly_unstable,0,1,44.51
0.905700,0.999400,40,2000000,500000,-15564,-7.98153846e-4,-3.11280000e-2,0.252500,0.262686,-1.960000,1,stable,0,0,35.90
0.525700,0.960800,40,2000000,500000,30317,1.55471795e-3,6.06340000e-2,0.733750,0.750909,-369.900000,1,metastable,1,1,51.00
0.525700,0.946800,40,2000000,500000,32975,1.69102564e-3,6.59500000e-2,-0.063750,-0.128201,-679.147500,3,weakly_unstable,0,1,57.13
0.465700,0.983810,40,2000000,500000,-620690,-3.18302564e-2,-1.24138000e0,0.105000,0.021164,-54.727500,1,stable,0,0,49.78
0.525700,0.932800,40,2000000,500000,37121,1.90364103e-3,7.42420000e-2,0.092500,0.022101,-984.447500,3,weakly_unstable,0,1,57.87
0.525700,0.918800,40,2000000,500000,43294,2.22020513e-3,8.65880000e-2,0.093750,0.044815,-1303.167500,3,weakly_unstable,0,1,57.92
0.465700,0.867810,40,2000000,500000,51363,2.63400000e-3,1.02726000e-1,0.073750,0.055483,-2648.522500,3,weakly_unstable,0,1,68.11
0.685700,0.993740,40,2000000,500000,-81398,-4.17425641e-3,-1.62796000e-1,0.056250,-0.028798,-17.602500,1,stable,0,0,38.56
0.505700,0.898380,40,2000000,500000,49613,2.54425641e-3,9.92260000e-2,0.055000,-0.015265,-1746.177500,3,weakly_unstable,0,1,60.85
0.645700,0.966430,40,2000000,500000,25460,1.30564103e-3,5.09200000e-2,0.041250,-0.095337,-267.030000,3,weakly_unstable,0,1,47.17
0.525700,0.977800,40,2000000,500000,-173759,-8.91071795e-3,-3.47518000e-1,-0.013750,-0.011654,-94.152500,1,stable,0,0,46.32
0.745700,0.991540,40,2000000,500000,26747,1.37164103e-3,5.34940000e-2,0.868750,0.885856,-32.520000,1,metastable,1,1,38.35
0.905700,1.000000,40,2000000,500000,-26189,-1.34302564e-3,-5.23780000e-2,0.047500,0.031830,-1.930000,1,stable,0,0,36.07
0.445700,0.890600,40,2000000,500000,67466,3.45979487e-3,1.34932000e-1,-0.093750,0.046829,-1984.955000,3,weakly_unstable,0,1,73.35
0.545700,0.925510,40,2000000,500000,41036,2.10441026e-3,8.20720000e-2,0.018750,0.183607,-1060.535000,3,weakly_unstable,0,1,54.90
0.445700,0.717600,40,2000000,500000,47919,2.45738462e-3,9.58380000e-2,-0.065000,-0.060176,-7370.045000,3,weakly_unstable,0,1,72.99
0.545700,0.953510,40,2000000,500000,24678,1.26553846e-3,4.93560000e-2,0.333750,0.180308,-536.282500,3,weakly_unstable,0,1,55.28
0.685700,0.994740,40,2000000,500000,-71005,-3.64128205e-3,-1.42010000e-1,-0.113750,-0.081998,-8.655000,1,stable,0,0,38.41
0.525700,0.961800,40,2000000,500000,28001,1.43594872e-3,5.60020000e-2,0.702500,0.719652,-292.047500,1,metastable,1,1,51.26
0.465700,0.984810,40,2000000,500000,-627350,-3.21717949e-2,-1.25470000e0,-0.063750,-0.036680,-54.297500,1,stable,0,0,49.28
0.525700,0.947800,40,2000000,500000,30670,1.57282051e-3,6.13400000e-2,-0.111250,0.106948,-656.625000,3,weakly_unstable,0,1,57.82
0.525700,0.933800,40,2000000,500000,32207,1.65164103e-3,6.44140000e-2,-0.166250,-0.108225,-936.340000,3,weakly_unstable,0,1,57.55
0.525700,0.919800,40,2000000,500000,37325,1.91410256e-3,7.46500000e-2,0.088750,-0.031480,-1211.470000,3,weakly_unstable,0,1,58.11
0.745700,0.992540,40,2000000,500000,9921,5.08769231e-4,1.98420000e-2,-0.846250,-0.871951,-21.655000,1,metastable,1,1,38.30
0.645700,0.967430,40,2000000,500000,24111,1.23646154e-3,4.82220000e-2,-0.091250,-0.045472,-291.810000,3,weakly_unstable,0,1,47.29
0.925700,0.968650,40,2000000,500000,8448,4.33230769e-4,1.68960000e-2,0.042500,0.058310,-145.725000,3,weakly_unstable,0,1,42.16
0.465700,0.868810,40,2000000,500000,75844,3.88943590e-3,1.51688000e-1,0.068750,0.094970,-2638.517500,3,weakly_unstable,0,1,69.07
0.525700,0.978800,40,2000000,500000,-201891,-1.03533846e-2,-4.03782000e-1,-0.138750,-0.008412,-98.835000,1,stable,0,0,47.72
0.505700,0.899380,40,2000000,500000,37358,1.91579487e-3,7.47160000e-2,-0.002500,-0.102970,-1762.575000,3,weakly_unstable,0,1,60.98
0.685700,0.995740,40,2000000,500000,-79867,-4.09574359e-3,-1.59734000e-1,-0.141250,-0.126481,-2.932500,1,stable,0,0,38.65
0.545700,0.926510,40,2000000,500000,43426,2.22697436e-3,8.68520000e-2,-0.276250,-0.234723,-1059.737500,3,weakly_unstable,0,1,54.87
0.545700,0.954510,40,2000000,500000,21884,1.12225641e-3,4.37680000e-2,-0.217500,-0.214536,-544.190000,3,weakly_unstable,0,1,55.45
0.465700,0.985810,40,2000000,500000,-639260,-3.27825641e-2,-1.27852000e0,-0.032500,-0.013715,-42.692500,1,stable,0,0,48.73
0.525700,0.962800,40,2000000,500000,1091,5.59487179e-5,2.18200000e-3,0.653750,0.657116,-281.425000,1,metastable,1,1,50.23
0.745700,0.993540,40,2000000,500000,11919,6.11230769e-4,2.38380000e-2,-0.895000,-0.864568,-18.372500,1,metastable,1,1,38.38
0.445700,0.718600,40,2000000,500000,55455,2.84384615e-3,1.10910000e-1,0.142500,-0.026397,-7556.130000,3,weakly_unstable,0,1,73.29
0.445700,0.891600,40,2000000,500000,66847,3.42805128e-3,1.33694000e-1,0.073750,0.052187,-1939.500000,3,weakly_unstable,0,1,74.22
0.925700,0.969650,40,2000000,500000,7230,3.70769231e-4,1.44600000e-2,0.027500,0.015885,-167.272500,3,weakly_unstable,0,1,42.05
0.525700,0.948800,40,2000000,500000,29172,1.49600000e-3,5.83440000e-2,-0.196250,-0.019468,-636.420000,3,weakly_unstable,0,1,58.60
0.645700,0.968430,40,2000000,500000,18380,9.42564103e-4,3.67600000e-2,-0.052500,-0.092839,-277.077500,3,weakly_unstable,0,1,47.53
0.525700,0.934800,40,2000000,500000,42289,2.16866667e-3,8.45780000e-2,0.088750,0.073959,-956.790000,3,weakly_unstable,0,1,58.72
0.525700,0.920800,40,2000000,500000,34958,1.79271795e-3,6.99160000e-2,-0.257500,0.056417,-1250.742500,3,weakly_unstable,0,1,57.48
0.685700,0.996740,40,2000000,500000,-96285,-4.93769231e-3,-1.92570000e-1,-0.060000,-0.087808,-2.842500,1,stable,0,0,38.67
0.525700,0.979800,40,2000000,500000,-199934,-1.02530256e-2,-3.99868000e-1,-0.083750,-0.054185,-110.715000,1,stable,0,0,47.59
0.505700,0.900380,40,2000000,500000,44842,2.29958974e-3,8.96840000e-2,0.027500,-0.002481,-1738.165000,3,weakly_unstable,0,1,60.16
0.465700,0.869810,40,2000000,500000,73356,3.76184615e-3,1.46712000e-1,-0.010000,-0.011095,-2586.525000,3,weakly_unstable,0,1,67.49
0.745700,0.994540,40,2000000,500000,-6506,-3.33641026e-4,-1.30120000e-2,-0.251250,-0.238276,-5.850000,1,stable,0,0,38.82
0.465700,0.986810,40,2000000,500000,-673054,-3.45155897e-2,-1.34610800e0,0.000000,-0.022771,-57.357500,1,stable,0,0,47.85
0.525700,0.963800,40,2000000,500000,17296,8.86974359e-4,3.45920000e-2,-0.670000,-0.509011,-256.890000,1,metastable,1,1,50.25
0.545700,0.927510,40,2000000,500000,33742,1.73035897e-3,6.74840000e-2,-0.057500,0.016200,-1029.567500,3,weakly_unstable,0,1,54.61
0.545700,0.955510,40,2000000,500000,28373,1.45502564e-3,5.67460000e-2,-0.083750,-0.081994,-534.972500,3,weakly_unstable,0,1,55.71
0.925700,0.970650,40,2000000,500000,7395,3.79230769e-4,1.47900000e-2,0.055000,0.046900,-157.935000,3,weakly_unstable,0,1,42.07
0.685700,0.997740,40,2000000,500000,-100057,-5.13112821e-3,-2.00114000e-1,0.028750,0.067865,-2.237500,1,stable,0,0,38.65
0.645700,0.969430,40,2000000,500000,22161,1.13646154e-3,4.43220000e-2,0.071250,0.060549,-279.895000,3,weakly_unstable,0,1,47.92
0.525700,0.980800,40,2000000,500000,-223012,-1.14365128e-2,-4.46024000e-1,0.161250,0.141006,-64.852500,1,stable,0,0,46.69
0.525700,0.949800,40,2000000,500000,37131,1.90415385e-3,7.42620000e-2,0.045000,0.076184,-584.250000,3,weakly_unstable,0,1,57.43
0.525700,0.935800,40,2000000,500000,37502,1.92317949e-3,7.50040000e-2,0.243750,0.126819,-871.867500,3,weakly_unstable,0,1,57.46
0.525700,0.921800,40,2000000,500000,37962,1.94676923e-3,7.59240000e-2,0.032500,0.163407,-1226.665000,3,weakly_unstable,0,1,58.92
0.745700,0.995540,40,2000000,500000,-21116,-1.08287179e-3,-4.22320000e-2,-0.198750,-0.205168,-7.977500,1,stable,0,0,37.79
0.445700,0.719600,40,2000000,500000,50609,2.59533333e-3,1.01218000e-1,0.207500,-0.017707,-7423.405000,3,weakly_unstable,0,1,74.19
0.445700,0.892600,40,2000000,500000,67785,3.47615385e-3,1.35570000e-1,0.021250,0.072330,-1843.440000,3,weakly_unstable,0,1,74.42
0.465700,0.987810,40,2000000,500000,-695467,-3.56649744e-2,-1.39093400e0,0.026250,-0.003254,-40.147500,1,stable,0,0,48.03
0.685700,0.998740,40,2000000,500000,-119119,-6.10866667e-3,-2.38238000e-1,0.101250,0.038858,-2.165000,1,stable,0,0,38.22
0.525700,0.964800,40,2000000,500000,20397,1.04600000e-3,4.07940000e-2,0.650000,0.661194,-255.810000,1,metastable,1,1,51.16
0.505700,0.901380,40,2000000,500000,48274,2.47558974e-3,9.65480000e-2,-0.090000,0.042506,-1729.145000,3,weakly_unstable,0,1,60.80
0.925700,0.971650,40,2000000,500000,9210,4.72307692e-4,1.84200000e-2,0.042500,0.083272,-101.997500,3,weakly_unstable,0,1,42.43
0.545700,0.928510,40,2000000,500000,40213,2.06220513e-3,8.04260000e-2,-0.017500,-0.068818,-1070.157500,3,weakly_unstable,0,1,55.75
0.545700,0.956510,40,2000000,500000,19701,1.01030769e-3,3.94020000e-2,0.000000,-0.147055,-480.102500,3,weakly_unstable,0,1,55.27
0.465700,0.870810,40,2000000,500000,66295,3.39974359e-3,1.32590000e-1,-0.268750,0.014022,-2458.725000,3,weakly_unstable,0,1,68.03
0.645700,0.970430,40,2000000,500000,15952,8.18051282e-4,3.19040000e-2,-0.080000,0.090713,-258.612500,3,weakly_unstable,0,1,47.90
0.525700,0.981800,40,2000000,500000,-241789,-1.23994359e-2,-4.83578000e-1,0.006250,-0.038748,-87.950000,1,stable,0,0,47.17
0.745700,0.996540,40,2000000,500000,-20458,-1.04912821e-3,-4.09160000e-2,-0.231250,-0.231460,-7.377500,1,stable,0,0,37.75
0.525700,0.950800,40,2000000,500000,27863,1.42887179e-3,5.57260000e-2,-0.076250,-0.009308,-584.107500,3,weakly_unstable,0,1,57.74
0.525700,0.936800,40,2000000,500000,36293,1.86117949e-3,7.25860000e-2,-0.200000,-0.004921,-859.765000,3,weakly_unstable,0,1,57.39
0.525700,0.922800,40,2000000,500000,49593,2.54323077e-3,9.91860000e-2,-0.142500,-0.108811,-1176.842500,3,weakly_unstable,0,1,58.29
0.685700,0.999740,40,2000000,500000,-146408,-7.50810256e-3,-2.92816000e-1,0.023750,0.017685,-1.997500,1,stable,0,0,37.82
0.465700,0.988810,40,2000000,500000,-701179,-3.59578974e-2,-1.40235800e0,0.012500,-0.005791,-29.627500,1,stable,0,0,48.16
0.925700,0.972650,40,2000000,500000,9369,4.80461538e-4,1.87380000e-2,-0.006250,0.065204,-87.795000,3,weakly_unstable,0,1,42.40
0.525700,0.965800,40,2000000,500000,-15837,-8.12153846e-4,-3.16740000e-2,-0.592500,-0.601903,-274.380000,1,chaotic,0,0,49.67
0.745700,0.997540,40,2000000,500000,-50159,-2.57225641e-3,-1.00318000e-1,-0.040000,-0.055175,-3.862500,1,stable,0,0,37.35
0.545700,0.929510,40,2000000,500000,35116,1.80082051e-3,7.02320000e-2,-0.071250,0.053071,-1022.352500,3,weakly_unstable,0,1,55.00
0.645700,0.971430,40,2000000,500000,18391,9.43128205e-4,3.67820000e-2,-0.046250,0.002414,-234.902500,3,weakly_unstable,0,1,47.65
0.445700,0.720600,40,2000000,500000,45154,2.31558974e-3,9.03080000e-2,0.006250,-0.023295,-7525.480000,3,weakly_unstable,0,1,74.66
0.505700,0.902380,40,2000000,500000,47675,2.44487179e-3,9.53500000e-2,0.083750,0.165411,-1662.927500,3,weakly_unstable,0,1,62.07
0.445700,0.893600,40,2000000,500000,64413,3.30323077e-3,1.28826000e-1,-0.021250,-0.040208,-1870.685000,3,weakly_unstable,0,1,74.79
0.525700,0.982800,40,2000000,500000,-253587,-1.30044615e-2,-5.07174000e-1,-0.173750,-0.153734,-77.912500,1,stable,0,0,46.28
0.545700,0.957510,40,2000000,500000,19973,1.02425641e-3,3.99460000e-2,-0.152500,-0.060444,-492.825000,3,weakly_unstable,0,1,56.99
0.685700,1.000000,40,2000000,500000,-146672,-7.52164103e-3,-2.93344000e-1,-0.020000,0.004647,-1.932500,1,stable,0,0,37.29
0.465700,0.871810,40,2000000,500000,64436,3.30441026e-3,1.28872000e-1,0.311250,0.060487,-2424.057500,3,weakly_unstable,0,1,68.80
0.925700,0.973650,40,2000000,500000,6386,3.27487179e-4,1.27720000e-2,-0.142500,-0.146377,-135.955000,3,weakly_unstable,0,1,42.04
0.525700,0.951800,40,2000000,500000,27128,1.39117949e-3,5.42560000e-2,0.140000,0.097196,-546.620000,3,weakly_unstable,0,1,58.68
0.525700,0.937800,40,2000000,500000,38681,1.98364103e-3,7.73620000e-2,-0.087500,-0.019265,-854.572500,3,weakly_unstable,0,1,57.91
0.465700,0.989810,40,2000000,500000,-704454,-3.61258462e-2,-1.40890800e0,-0.042500,0.014569,-41.045000,1,stable,0,0,47.67
0.525700,0.923800,40,2000000,500000,40708,2.08758974e-3,8.14160000e-2,-0.013750,0.012983,-1158.892500,3,weakly_unstable,0,1,58.09
0.745700,0.998540,40,2000000,500000,-57620,-2.95487179e-3,-1.15240000e-1,-0.185000,-0.183661,-2.075000,1,stable,0,0,37.36
0.525700,0.966800,40,2000000,500000,2470,1.26666667e-4,4.94000000e-3,-0.703750,-0.654483,-193.030000,1,metastable,1,1,50.31
0.645700,0.972430,40,2000000,500000,19520,1.00102564e-3,3.90400000e-2,0.115000,-0.083956,-237.602500,3,weakly_unstable,0,1,47.79
0.525700,0.983800,40,2000000,500000,-258105,-1.32361538e-2,-5.16210000e-1,0.027500,-0.024336,-68.460000,1,stable,0,0,46.58
0.545700,0.930510,40,2000000,500000,38213,1.95964103e-3,7.64260000e-2,0.316250,0.066962,-978.680000,3,weakly_unstable,0,1,54.68
0.705700,0.960670,40,2000000,500000,26573,1.36271795e-3,5.31460000e-2,0.066250,0.070428,-269.215000,3,weakly_unstable,0,1,44.84
0.545700,0.958510,40,2000000,500000,16860,8.64615385e-4,3.37200000e-2,-0.122500,-0.152538,-414.720000,3,weakly_unstable,0,1,56.36
0.505700,0.903380,40,2000000,500000,48098,2.46656410e-3,9.61960000e-2,-0.033750,0.033776,-1702.067500,3,weakly_unstable,0,1,61.03
0.925700,0.974650,40,2000000,500000,8359,4.28666667e-4,1.67180000e-2,-0.107500,-0.121990,-92.100000,3,weakly_unstable,0,1,42.10
0.745700,0.999540,40,2000000,500000,-80042,-4.10471795e-3,-1.60084000e-1,-0.105000,-0.054725,-1.980000,1,stable,0,0,37.34
0.445700,0.721600,40,2000000,500000,54401,2.78979487e-3,1.08802000e-1,-0.040000,0.095885,-7283.517500,3,weakly_unstable,0,1,74.27
0.445700,0.894600,40,2000000,500000,71941,3.68928205e-3,1.43882000e-1,-0.061250,-0.037052,-1807.775000,3,weakly_unstable,0,1,75.04
0.465700,0.990810,40,2000000,500000,-715071,-3.66703077e-2,-1.43014200e0,0.012500,-0.039697,-25.347500,1,stable,0,0,48.40
0.465700,0.872810,40,2000000,500000,66526,3.41158974e-3,1.33052000e-1,-0.031250,0.049679,-2455.462500,3,weakly_unstable,0,1,68.00
0.525700,0.952800,40,2000000,500000,33503,1.71810256e-3,6.70060000e-2,0.003750,-0.062370,-497.000000,3,weakly_unstable,0,1,58.37
0.525700,0.938800,40,2000000,500000,34775,1.78333333e-3,6.95500000e-2,-0.140000,0.154993,-831.485000,3,weakly_unstable,0,1,58.36
0.525700,0.967800,40,2000000,500000,-43251,-2.21800000e-3,-8.65020000e-2,-0.485000,-0.515981,-203.500000,1,chaotic,0,0,49.18
0.525700,0.924800,40,2000000,500000,41222,2.11394872e-3,8.24440000e-2,-0.012500,0.029219,-1135.965000,3,weakly_unstable,0,1,57.60
0.525700,0.984800,40,2000000,500000,-288174,-1.47781538e-2,-5.76348000e-1,0.000000,0.038625,-36.137500,1,stable,0,0,45.34
0.645700,0.973430,40,2000000,500000,19457,9.97794872e-4,3.89140000e-2,0.001250,0.022215,-205.212500,3,weakly_unstable,0,1,48.28
0.705700,0.961670,40,2000000,500000,22674,1.16276923e-3,4.53480000e-2,0.057500,0.020202,-280.475000,3,weakly_unstable,0,1,44.85
0.925700,0.975650,40,2000000,500000,8083,4.14512821e-4,1.61660000e-2,-0.066250,-0.065232,-136.842500,3,weakly_unstable,0,1,42.06
0.745700,1.000000,40,2000000,500000,-91908,-4.71323077e-3,-1.83816000e-1,0.002500,-0.007876,-1.922500,1,stable,0,0,36.81
0.545700,0.931510,40,2000000,500000,36133,1.85297436e-3,7.22660000e-2,0.035000,-0.030200,-964.492500,3,weakly_unstable,0,1,56.66
0.545700,0.959510,40,2000000,500000,20491,1.05082051e-3,4.09820000e-2,-0.173750,-0.019731,-461.965000,3,weakly_unstable,0,1,55.40
0.505700,0.904380,40,2000000,500000,58803,3.01553846e-3,1.17606000e-1,0.005000,0.031760,-1588.390000,3,weakly_unstable,0,1,60.44
0.465700,0.991810,40,2000000,500000,-724109,-3.71337949e-2,-1.44821800e0,-0.005000,0.001068,-19.252500,1,stable,0,0,48.19
0.525700,0.968800,40,2000000,500000,-14969,-7.67641026e-4,-2.99380000e-2,-0.391250,-0.165122,-235.677500,1,stable,0,0,50.00
0.525700,0.985800,40,2000000,500000,-281200,-1.44205128e-2,-5.62400000e-1,-0.003750,-0.042754,-37.762500,1,stable,0,0,46.07
0.645700,0.974430,40,2000000,500000,22234,1.14020513e-3,4.44680000e-2,-0.010000,-0.040004,-208.442500,3,weakly_unstable,0,1,48.22
0.525700,0.939800,40,2000000,500000,36277,1.86035897e-3,7.25540000e-2,-0.127500,-0.074844,-837.530000,3,weakly_unstable,0,1,58.01
0.525700,0.953800,40,2000000,500000,28647,1.46907692e-3,5.72940000e-2,0.085000,0.019015,-483.532500,3,weakly_unstable,0,1,58.19
0.705700,0.962670,40,2000000,500000,22832,1.17087179e-3,4.56640000e-2,0.072500,0.095228,-276.915000,3,weakly_unstable,0,1,45.53
0.525700,0.925800,40,2000000,500000,34553,1.77194872e-3,6.91060000e-2,0.045000,-0.010818,-1094.172500,3,weakly_unstable,0,1,58.89
0.445700,0.722600,40,2000000,500000,51569,2.64456410e-3,1.03138000e-1,-0.048750,0.061999,-7341.902500,3,weakly_unstable,0,1,74.61
0.925700,0.976650,40,2000000,500000,8883,4.55538462e-4,1.77660000e-2,0.038750,0.064579,-103.392500,3,weakly_unstable,0,1,42.39
0.445700,0.895600,40,2000000,500000,68906,3.53364103e-3,1.37812000e-1,0.036250,-0.002962,-1826.595000,3,weakly_unstable,0,1,74.68
0.765700,0.964600,40,2000000,500000,19839,1.01738462e-3,3.96780000e-2,0.195000,0.108706,-230.087500,3,weakly_unstable,0,1,42.95
0.465700,0.873810,40,2000000,500000,71415,3.66230769e-3,1.42830000e-1,0.145000,0.045230,-2486.120000,3,weakly_unstable,0,1,69.10
0.545700,0.932510,40,2000000,500000,39382,2.01958974e-3,7.87640000e-2,-0.013750,0.075317,-913.890000,3,weakly_unstable,0,1,55.65
0.545700,0.960510,40,2000000,500000,20309,1.04148718e-3,4.06180000e-2,-0.221250,-0.142903,-396.637500,3,weakly_unstable,0,1,55.39
0.465700,0.992810,40,2000000,500000,-765578,-3.92604103e-2,-1.53115600e0,-0.005000,0.020149,-25.865000,1,stable,0,0,47.74
0.505700,0.905380,40,2000000,500000,46961,2.40825641e-3,9.39220000e-2,-0.091250,-0.064096,-1606.227500,3,weakly_unstable,0,1,59.87
0.525700,0.986800,40,2000000,500000,-300615,-1.54161538e-2,-6.01230000e-1,0.018750,-0.002387,-35.472500,1,stable,0,0,44.72
0.665700,0.970370,40,2000000,500000,26884,1.37866667e-3,5.37680000e-2,0.122500,0.105586,-234.097500,3,weakly_unstable,0,1,47.01
0.525700,0.990800,40,2000000,500000,-390757,-2.00388205e-2,-7.81514000e-1,-0.001250,0.000701,-31.970000,1,stable,0,0,44.08
0.645700,0.975430,40,2000000,500000,17341,8.89282051e-4,3.46820000e-2,-0.362500,-0.275769,-199.620000,3,weakly_unstable,0,1,47.97
0.925700,0.977650,40,2000000,500000,8895,4.56153846e-4,1.77900000e-2,0.000000,-0.040749,-80.685000,3,weakly_unstable,0,1,42.11
0.705700,0.963670,40,2000000,500000,25201,1.29235897e-3,5.04020000e-2,-0.241250,-0.103570,-264.710000,3,weakly_unstable,0,1,45.35
0.765700,0.965600,40,2000000,500000,18079,9.27128205e-4,3.61580000e-2,0.025000,0.010930,-199.795000,3,weakly_unstable,0,1,42.93
0.445700,0.985600,40,2000000,500000,-773588,-3.96711795e-2,-1.54717600e0,-0.013750,0.013337,-50.155000,1,stable,0,0,51.21
0.445700,0.781600,40,2000000,500000,76304,3.91302564e-3,1.52608000e-1,0.101250,0.003810,-5231.755000,3,weakly_unstable,0,1,72.45
0.545700,0.933510,40,2000000,500000,40850,2.09487179e-3,8.17000000e-2,-0.046250,-0.023433,-912.970000,3,weakly_unstable,0,1,54.99
0.465700,0.993810,40,2000000,500000,-775872,-3.97883077e-2,-1.55174400e0,-0.023750,0.009999,-11.612500,1,stable,0,0,48.02
0.465700,0.874810,40,2000000,500000,67776,3.47569231e-3,1.35552000e-1,-0.183750,-0.033834,-2510.897500,3,weakly_unstable,0,1,69.10
0.445700,0.723600,40,2000000,500000,63366,3.24953846e-3,1.26732000e-1,-0.046250,0.085289,-7101.055000,3,weakly_unstable,0,1,74.67
0.445700,0.896600,40,2000000,500000,69654,3.57200000e-3,1.39308000e-1,0.116250,-0.057634,-1746.060000,3,weakly_unstable,0,1,74.77
0.545700,0.961510,40,2000000,500000,17504,8.97641026e-4,3.50080000e-2,0.053750,0.070432,-360.205000,3,weakly_unstable,0,1,55.36
0.525700,0.987800,40,2000000,500000,-333686,-1.71121026e-2,-6.67372000e-1,-0.023750,-0.050305,-34.410000,1,stable,0,0,44.38
0.665700,0.971370,40,2000000,500000,24158,1.23887179e-3,4.83160000e-2,0.017500,-0.012310,-204.545000,3,weakly_unstable,0,1,46.86
0.525700,0.991800,40,2000000,500000,-405332,-2.07862564e-2,-8.10664000e-1,0.008750,-0.004098,-20.285000,1,stable,0,0,44.16
0.925700,0.978650,40,2000000,500000,7003,3.59128205e-4,1.40060000e-2,0.108750,0.128847,-96.177500,3,weakly_unstable,0,1,42.23
0.765700,0.966600,40,2000000,500000,20675,1.06025641e-3,4.13500000e-2,-0.043750,-0.092965,-200.730000,3,weakly_unstable,0,1,42.97
0.705700,0.964670,40,2000000,500000,27909,1.43123077e-3,5.58180000e-2,0.040000,0.061300,-246.770000,3,weakly_unstable,0,1,45.29
0.645700,0.976430,40,2000000,500000,14956,7.66974359e-4,2.99120000e-2,-0.098750,-0.022858,-195.472500,3,weakly_unstable,0,1,47.84
0.505700,0.906380,40,2000000,500000,48131,2.46825641e-3,9.62620000e-2,0.050000,0.025859,-1592.992500,3,weakly_unstable,0,1,61.23
0.445700,0.986600,40,2000000,500000,-776676,-3.98295385e-2,-1.55335200e0,-0.038750,-0.013553,-53.415000,1,stable,0,0,51.03
0.465700,0.994810,40,2000000,500000,-793001,-4.06667179e-2,-1.58600200e0,0.023750,-0.002222,-10.487500,1,stable,0,0,48.00
0.525700,0.988800,40,2000000,500000,-335184,-1.71889231e-2,-6.70368000e-1,-0.013750,0.010248,-36.945000,1,stable,0,0,45.25
0.545700,0.934510,40,2000000,500000,42428,2.17579487e-3,8.48560000e-2,0.147500,0.066613,-897.767500,3,weakly_unstable,0,1,55.31
0.525700,0.992800,40,2000000,500000,-407648,-2.09050256e-2,-8.15296000e-1,0.041250,-0.018367,-24.780000,1,stable,0,0,43.83
0.925700,0.979650,40,2000000,500000,7337,3.76256410e-4,1.46740000e-2,-0.076250,-0.070378,-65.627500,3,weakly_unstable,0,1,43.01
0.665700,0.972370,40,2000000,500000,15345,7.86923077e-4,3.06900000e-2,-0.126250,0.041450,-208.537500,3,weakly_unstable,0,1,46.77
0.765700,0.967600,40,2000000,500000,20664,1.05969231e-3,4.13280000e-2,-0.022500,-0.023291,-183.810000,3,weakly_unstable,0,1,43.68
0.545700,0.962510,40,2000000,500000,23495,1.20487179e-3,4.69900000e-2,0.060000,0.040096,-311.442500,3,weakly_unstable,0,1,55.82
0.705700,0.965670,40,2000000,500000,26031,1.33492308e-3,5.20620000e-2,-0.027500,-0.095795,-218.242500,3,weakly_unstable,0,1,45.98
0.645700,0.977430,40,2000000,500000,10613,5.44256410e-4,2.12260000e-2,0.108750,0.077752,-173.302500,3,weakly_unstable,0,1,48.18
0.445700,0.782600,40,2000000,500000,73110,3.74923077e-3,1.46220000e-1,0.121250,0.013366,-5262.890000,3,weakly_unstable,0,1,73.23
0.465700,0.875810,40,2000000,500000,66130,3.39128205e-3,1.32260000e-1,0.123750,0.016169,-2400.690000,3,weakly_unstable,0,1,68.40
0.445700,0.724600,40,2000000,500000,43061,2.20825641e-3,8.61220000e-2,-0.131250,-0.009342,-7438.370000,3,weakly_unstable,0,1,75.25
0.445700,0.897600,40,2000000,500000,65865,3.37769231e-3,1.31730000e-1,-0.132500,-0.055811,-1783.350000,3,weakly_unstable,0,1,74.06
0.445700,0.987600,40,2000000,500000,-811809,-4.16312308e-2,-1.62361800e0,-0.023750,-0.025736,-35.982500,1,stable,0,0,50.97
0.505700,0.907380,40,2000000,500000,36724,1.88328205e-3,7.34480000e-2,-0.182500,-0.043578,-1537.332500,3,weakly_unstable,0,1,59.90
0.465700,0.995810,40,2000000,500000,-803278,-4.11937436e-2,-1.60655600e0,-0.040000,0.011361,-19.357500,1,stable,0,0,47.66
0.525700,0.989800,40,2000000,500000,-374285,-1.91941026e-2,-7.48570000e-1,0.033750,-0.009933,-22.165000,1,stable,0,0,44.77
0.925700,0.980650,40,2000000,500000,6988,3.58358974e-4,1.39760000e-2,0.037500,0.049623,-93.612500,3,weakly_unstable,0,1,42.60
0.525700,0.993800,40,2000000,500000,-422365,-2.16597436e-2,-8.44730000e-1,-0.021250,0.005420,-10.152500,1,stable,0,0,43.84
0.765700,0.968600,40,2000000,500000,18336,9.40307692e-4,3.66720000e-2,0.052500,-0.019233,-187.672500,3,weakly_unstable,0,1,43.30
0.665700,0.973370,40,2000000,500000,21428,1.09887179e-3,4.28560000e-2,0.181250,0.160828,-180.165000,3,weakly_unstable,0,1,46.40
0.705700,0.966670,40,2000000,500000,25469,1.30610256e-3,5.09380000e-2,-0.003750,-0.057611,-292.770000,3,weakly_unstable,0,1,45.23
0.545700,0.935510,40,2000000,500000,37833,1.94015385e-3,7.56660000e-2,-0.147500,-0.014638,-848.065000,3,weakly_unstable,0,1,54.64
0.645700,0.978430,40,2000000,500000,11268,5.77846154e-4,2.25360000e-2,-0.003750,-0.051823,-171.367500,3,weakly_unstable,0,1,48.59
0.545700,0.963510,40,2000000,500000,45693,2.34323077e-3,9.13860000e-2,-0.368750,-0.539207,-334.520000,1,metastable,1,1,54.42
0.445700,0.988600,40,2000000,500000,-822959,-4.22030256e-2,-1.64591800e0,-0.071250,-0.017652,-31.285000,1,stable,0,0,50.91
0.465700,0.876810,40,2000000,500000,58288,2.98912821e-3,1.16576000e-1,0.040000,0.049278,-2328.932500,3,weakly_unstable,0,1,68.22
0.565700,0.990600,40,2000000,500000,-216593,-1.11073333e-2,-4.33186000e-1,-0.003750,-0.003759,-24.517500,1,stable,0,0,42.33
0.925700,0.981650,40,2000000,500000,9051,4.64153846e-4,1.81020000e-2,-0.035000,0.004940,-54.787500,3,weakly_unstable,0,1,42.87
0.505700,0.908380,40,2000000,500000,51192,2.62523077e-3,1.02384000e-1,-0.022500,-0.018995,-1619.475000,3,weakly_unstable,0,1,60.27
0.465700,0.996810,40,2000000,500000,-816130,-4.18528205e-2,-1.63226000e0,-0.032500,0.004131,-7.145000,1,stable,0,0,47.65
0.445700,0.783600,40,2000000,500000,70563,3.61861538e-3,1.41126000e-1,-0.040000,-0.057817,-5134.485000,3,weakly_unstable,0,1,73.77
0.525700,0.994800,40,2000000,500000,-451104,-2.31335385e-2,-9.02208000e-1,-0.006250,0.036095,-6.790000,1,stable,0,0,43.81
0.765700,0.969600,40,2000000,500000,19429,9.96358974e-4,3.88580000e-2,0.113750,0.013882,-157.690000,3,weakly_unstable,0,1,43.57
0.665700,0.974370,40,2000000,500000,22515,1.15461538e-3,4.50300000e-2,-0.002500,-0.031868,-196.740000,3,weakly_unstable,0,1,47.27
0.445700,0.898600,40,2000000,500000,69858,3.58246154e-3,1.39716000e-1,0.061250,-0.095129,-1634.437500,3,weakly_unstable,0,1,74.54
0.705700,0.967670,40,2000000,500000,19741,1.01235897e-3,3.94820000e-2,-0.076250,0.005452,-230.687500,3,weakly_unstable,0,1,45.46
0.445700,0.725600,40,2000000,500000,49936,2.56082051e-3,9.98720000e-2,0.052500,0.048060,-7245.607500,3,weakly_unstable,0,1,75.59
0.645700,0.979430,40,2000000,500000,14113,7.23743590e-4,2.82260000e-2,0.250000,0.079226,-142.970000,3,weakly_unstable,0,1,48.29
0.545700,0.936510,40,2000000,500000,32087,1.64548718e-3,6.41740000e-2,0.237500,0.025163,-859.302500,3,weakly_unstable,0,1,55.07
0.545700,0.964510,40,2000000,500000,42140,2.16102564e-3,8.42800000e-2,-0.062500,0.277739,-288.397500,3,weakly_unstable,0,1,55.26
0.565700,0.991600,40,2000000,500000,-260149,-1.33409744e-2,-5.20298000e-1,-0.036250,-0.002256,-25.560000,1,stable,0,0,42.18
0.445700,0.989600,40,2000000,500000,-857107,-4.39542051e-2,-1.71421400e0,0.011250,0.012201,-36.405000,1,stable,0,0,51.38
0.925700,0.982650,40,2000000,500000,6405,3.28461538e-4,1.28100000e-2,-0.038750,-0.035316,-44.062500,3,weakly_unstable,0,1,42.19
0.525700,0.995800,40,2000000,500000,-464434,-2.38171282e-2,-9.28868000e-1,0.017500,0.021265,-6.707500,1,stable,0,0,43.42
0.465700,0.997810,40,2000000,500000,-836702,-4.29077949e-2,-1.67340400e0,0.035000,-0.007319,-6.302500,1,stable,0,0,47.07
0.765700,0.970600,40,2000000,500000,17554,9.00205128e-4,3.51080000e-2,-0.073750,-0.031444,-186.962500,3,weakly_unstable,0,1,43.40
0.665700,0.975370,40,2000000,500000,16549,8.48666667e-4,3.30980000e-2,-0.031250,0.060128,-206.020000,3,weakly_unstable,0,1,46.46
0.705700,0.968670,40,2000000,500000,22346,1.14594872e-3,4.46920000e-2,0.128750,0.080643,-226.040000,3,weakly_unstable,0,1,45.09
0.505700,0.909380,40,2000000,500000,53726,2.75517949e-3,1.07452000e-1,0.037500,-0.112233,-1476.182500,3,weakly_unstable,0,1,60.58
0.465700,0.877810,40,2000000,500000,83208,4.26707692e-3,1.66416000e-1,-0.191250,-0.015017,-2344.840000,3,weakly_unstable,0,1,68.12
0.645700,0.980430,40,2000000,500000,15812,8.10871795e-4,3.16240000e-2,0.341250,0.223264,-144.342500,3,weakly_unstable,0,1,48.26
0.445700,0.784600,40,2000000,500000,83612,4.28779487e-3,1.67224000e-1,0.056250,-0.016087,-5303.900000,3,weakly_unstable,0,1,72.93
0.545700,0.937510,40,2000000,500000,35043,1.79707692e-3,7.00860000e-2,0.007500,0.126033,-843.450000,3,weakly_unstable,0,1,55.51
0.545700,0.965510,40,2000000,500000,58173,2.98323077e-3,1.16346000e-1,-0.777500,-0.776916,-263.027500,1,metastable,1,1,48.90
0.565700,0.992600,40,2000000,500000,-255022,-1.30780513e-2,-5.10044000e-1,-0.026250,0.007301,-12.787500,1,stable,0,0,42.53
0.925700,0.983650,40,2000000,500000,6716,3.44410256e-4,1.34320000e-2,0.038750,0.062318,-38.700000,3,weakly_unstable,0,1,42.02
0.445700,0.726600,40,2000000,500000,49815,2.55461538e-3,9.96300000e-2,-0.090000,-0.032456,-6968.470000,3,weakly_unstable,0,1,75.41
0.445700,0.899600,40,2000000,500000,64021,3.28312821e-3,1.28042000e-1,0.057500,-0.047070,-1611.655000,3,weakly_unstable,0,1,76.12
0.525700,0.996800,40,2000000,500000,-489799,-2.51178974e-2,-9.79598000e-1,0.032500,0.021407,-6.525000,1,stable,0,0,43.12
0.445700,0.990600,40,2000000,500000,-874280,-4.48348718e-2,-1.74856000e0,-0.005000,0.000612,-31.437500,1,stable,0,0,50.35
0.765700,0.971600,40,2000000,500000,22017,1.12907692e-3,4.40340000e-2,0.028750,0.058622,-158.190000,3,weakly_unstable,0,1,43.96
0.465700,0.998810,40,2000000,500000,-854595,-4.38253846e-2,-1.70919000e0,-0.031250,0.005059,-4.075000,1,stable,0,0,47.58
0.665700,0.976370,40,2000000,500000,20090,1.03025641e-3,4.01800000e-2,0.107500,0.162949,-178.257500,3,weakly_unstable,0,1,46.40
0.705700,0.969670,40,2000000,500000,21955,1.12589744e-3,4.39100000e-2,0.087500,0.081206,-224.037500,3,weakly_unstable,0,1,45.62
0.645700,0.981430,40,2000000,500000,12687,6.50615385e-4,2.53740000e-2,0.138750,0.054125,-133.452500,3,weakly_unstable,0,1,48.45
0.505700,0.910380,40,2000000,500000,40847,2.09471795e-3,8.16940000e-2,-0.038750,-0.080102,-1450.727500,3,weakly_unstable,0,1,61.16
0.565700,0.993600,40,2000000,500000,-300918,-1.54316923e-2,-6.01836000e-1,0.001250,0.016141,-10.470000,1,stable,0,0,41.39
0.925700,0.984650,40,2000000,500000,6416,3.29025641e-4,1.28320000e-2,-0.090000,-0.094732,-56.302500,3,weakly_unstable,0,1,42.51
0.545700,0.966510,40,2000000,500000,43904,2.25148718e-3,8.78080000e-2,-0.781250,-0.760863,-236.945000,1,metastable,1,1,49.31
0.465700,0.878810,40,2000000,500000,68055,3.49000000e-3,1.36110000e-1,0.005000,-0.033771,-2284.200000,3,weakly_unstable,0,1,67.18
0.545700,0.938510,40,2000000,500000,35149,1.80251282e-3,7.02980000e-2,-0.092500,-0.068315,-851.407500,3,weakly_unstable,0,1,55.54
0.765700,0.972600,40,2000000,500000,20608,1.05682051e-3,4.12160000e-2,0.027500,-0.006050,-153.252500,3,weakly_unstable,0,1,43.08
0.445700,0.991600,40,2000000,500000,-898936,-4.60992821e-2,-1.79787200e0,0.038750,0.024186,-25.615000,1,stable,0,0,50.40
0.465700,0.999810,40,2000000,500000,-879673,-4.51114359e-2,-1.75934600e0,0.001250,0.000294,-2.980000,1,stable,0,0,46.30
0.445700,0.785600,40,2000000,500000,84800,4.34871795e-3,1.69600000e-1,0.063750,0.103474,-5142.075000,3,weakly_unstable,0,1,72.05
0.705700,0.970670,40,2000000,500000,21385,1.09666667e-3,4.27700000e-2,0.061250,0.075293,-180.827500,3,weakly_unstable,0,1,44.85
0.505700,0.949380,40,2000000,500000,32680,1.67589744e-3,6.53600000e-2,-0.062500,0.104692,-550.492500,3,weakly_unstable,0,1,61.27
0.665700,0.977370,40,2000000,500000,17576,9.01333333e-4,3.51520000e-2,0.062500,0.101187,-176.655000,3,weakly_unstable,0,1,47.98
0.645700,0.982430,40,2000000,500000,34817,1.78548718e-3,6.96340000e-2,-0.902500,-0.862551,-101.775000,1,metastable,1,1,41.82
0.445700,0.900600,40,2000000,500000,54733,2.80682051e-3,1.09466000e-1,-0.166250,0.031933,-1648.422500,3,weakly_unstable,0,1,74.76
0.445700,0.727600,40,2000000,500000,52264,2.68020513e-3,1.04528000e-1,-0.150000,-0.084626,-6901.032500,3,weakly_unstable,0,1,75.30
0.565700,0.994600,40,2000000,500000,-311555,-1.59771795e-2,-6.23110000e-1,0.001250,-0.023803,-14.087500,1,stable,0,0,41.68
0.925700,0.985650,40,2000000,500000,7830,4.01538462e-4,1.56600000e-2,0.078750,0.054655,-52.170000,3,weakly_unstable,0,1,42.07
0.545700,0.967510,40,2000000,500000,37509,1.92353846e-3,7.50180000e-2,0.780000,0.727456,-229.585000,1,metastable,1,1,48.92
0.765700,0.973600,40,2000000,500000,16634,8.53025641e-4,3.32680000e-2,0.062500,0.049002,-123.172500,3,weakly_unstable,0,1,43.26
0.505700,0.911380,40,2000000,500000,55309,2.83635897e-3,1.10618000e-1,0.143750,-0.000776,-1469.530000,3,weakly_unstable,0,1,60.56
0.465700,1.000000,40,2000000,500000,-879925,-4.51243590e-2,-1.75985000e0,0.000000,0.006520,-3.085000,1,stable,0,0,46.55
0.545700,0.939510,40,2000000,500000,34127,1.75010256e-3,6.82540000e-2,0.040000,0.102658,-813.650000,3,weakly_unstable,0,1,55.77
0.445700,0.992600,40,2000000,500000,-894885,-4.58915385e-2,-1.78977000e0,-0.026250,-0.005703,-20.705000,1,stable,0,0,49.19
0.705700,0.971670,40,2000000,500000,20192,1.03548718e-3,4.03840000e-2,-0.055000,0.017278,-190.500000,3,weakly_unstable,0,1,45.75
0.665700,0.978370,40,2000000,500000,14793,7.58615385e-4,2.95860000e-2,-0.193750,-0.159050,-158.207500,3,weakly_unstable,0,1,48.05
0.465700,0.879810,40,2000000,500000,78193,4.00989744e-3,1.56386000e-1,0.078750,-0.029723,-2323.085000,3,weakly_unstable,0,1,68.89
0.645700,0.983430,40,2000000,500000,30967,1.58805128e-3,6.19340000e-2,-0.878750,-0.853388,-86.322500,1,metastable,1,1,41.69
0.505700,0.950380,40,2000000,500000,48198,2.47169231e-3,9.63960000e-2,-0.641250,-0.713576,-454.192500,1,metastable,1,1,53.98
0.565700,0.995600,40,2000000,500000,-314628,-1.61347692e-2,-6.29256000e-1,0.067500,0.001694,-4.875000,1,stable,0,0,41.94
0.925700,0.986650,40,2000000,500000,9005,4.61794872e-4,1.80100000e-2,0.047500,0.057991,-25.527500,3,weakly_unstable,0,1,42.25
0.445700,0.786600,40,2000000,500000,73152,3.75138462e-3,1.46304000e-1,0.036250,-0.020469,-5186.962500,3,weakly_unstable,0,1,72.78
0.765700,0.974600,40,2000000,500000,18401,9.43641026e-4,3.68020000e-2,0.117500,0.054305,-134.430000,3,weakly_unstable,0,1,44.12
0.545700,0.968510,40,2000000,500000,10829,5.55333333e-4,2.16580000e-2,0.702500,0.710128,-239.167500,1,metastable,1,1,48.26
0.445700,0.901600,40,2000000,500000,50757,2.60292308e-3,1.01514000e-1,0.048750,-0.029367,-1658.885000,3,weakly_unstable,0,1,73.74
0.705700,0.972670,40,2000000,500000,22484,1.15302564e-3,4.49680000e-2,-0.132500,-0.125801,-169.952500,3,weakly_unstable,0,1,44.86
0.445700,0.728600,40,2000000,500000,54802,2.81035897e-3,1.09604000e-1,0.145000,0.123459,-7163.010000,3,weakly_unstable,0,1,75.71
0.445700,0.993600,40,2000000,500000,-937538,-4.80788718e-2,-1.87507600e0,-0.027500,-0.005036,-11.527500,1,stable,0,0,49.62
0.645700,0.984430,40,2000000,500000,33865,1.73666667e-3,6.77300000e-2,0.845000,0.824184,-78.252500,1,metastable,1,1,41.48
0.505700,0.912380,40,2000000,500000,45772,2.34728205e-3,9.15440000e-2,-0.117500,-0.003417,-1400.647500,3,weakly_unstable,0,1,61.23
0.545700,0.940510,40,2000000,500000,41779,2.14251282e-3,8.35580000e-2,0.102500,-0.006159,-801.942500,3,weakly_unstable,0,1,55.94
0.665700,0.979370,40,2000000,500000,13365,6.85384615e-4,2.67300000e-2,0.006250,-0.047746,-144.102500,3,weakly_unstable,0,1,48.14
0.565700,0.996600,40,2000000,500000,-337531,-1.73092821e-2,-6.75062000e-1,-0.032500,-0.016327,-5.117500,1,stable,0,0,42.17
0.925700,0.987650,40,2000000,500000,7541,3.86717949e-4,1.50820000e-2,-0.005000,0.006517,-35.232500,3,weakly_unstable,0,1,41.72
0.485700,0.858940,40,2000000,500000,58427,2.99625641e-3,1.16854000e-1,0.007500,0.106034,-2842.085000,3,weakly_unstable,0,1,64.71
0.505700,0.951380,40,2000000,500000,54790,2.80974359e-3,1.09580000e-1,0.477500,0.416375,-503.882500,1,metastable,1,1,60.96
0.765700,0.975600,40,2000000,500000,17166,8.80307692e-4,3.43320000e-2,0.090000,0.049049,-128.625000,3,weakly_unstable,0,1,43.72
0.465700,0.880810,40,2000000,500000,67734,3.47353846e-3,1.35468000e-1,-0.258750,-0.088354,-2234.675000,3,weakly_unstable,0,1,68.39
0.545700,0.969510,40,2000000,500000,5747,2.94717949e-4,1.14940000e-2,0.777500,0.758301,-206.737500,1,metastable,1,1,47.73
0.705700,0.973670,40,2000000,500000,17091,8.76461538e-4,3.41820000e-2,0.072500,0.137903,-176.990000,3,weakly_unstable,0,1,45.19
0.645700,0.985430,40,2000000,500000,10329,5.29692308e-4,2.06580000e-2,-0.833750,-0.833459,-47.080000,1,metastable,1,1,41.70
0.445700,0.994600,40,2000000,500000,-943932,-4.84067692e-2,-1.88786400e0,0.002500,0.001561,-15.222500,1,stable,0,0,49.43
0.565700,0.997600,40,2000000,500000,-355260,-1.82184615e-2,-7.10520000e-1,0.007500,0.021509,-8.432500,1,stable,0,0,41.23
0.445700,0.787600,40,2000000,500000,72619,3.72405128e-3,1.45238000e-1,0.090000,0.063699,-5182.557500,3,weakly_unstable,0,1,72.45
0.925700,0.988650,40,2000000,500000,6388,3.27589744e-4,1.27760000e-2,0.003750,0.030574,-48.705000,3,weakly_unstable,0,1,41.43
0.665700,0.980370,40,2000000,500000,16286,8.35179487e-4,3.25720000e-2,-0.062500,-0.103243,-160.887500,3,weakly_unstable,0,1,47.97
0.545700,0.941510,40,2000000,500000,29364,1.50584615e-3,5.87280000e-2,-0.096250,0.066022,-848.055000,3,weakly_unstable,0,1,55.93
0.505700,0.913380,40,2000000,500000,47384,2.42994872e-3,9.47680000e-2,0.010000,-0.019137,-1378.247500,3,weakly_unstable,0,1,60.48
0.445700,0.902600,40,2000000,500000,46924,2.40635897e-3,9.38480000e-2,-0.106250,-0.078737,-1565.922500,3,weakly_unstable,0,1,74.21
0.765700,0.976600,40,2000000,500000,19877,1.01933333e-3,3.97540000e-2,-0.020000,-0.014970,-136.985000,3,weakly_unstable,0,1,44.11
0.445700,0.729600,40,2000000,500000,56286,2.88646154e-3,1.12572000e-1,0.072500,0.048491,-6948.737500,3,weakly_unstable,0,1,73.95
0.505700,0.952380,40,2000000,500000,23328,1.19630769e-3,4.66560000e-2,-0.717500,-0.727732,-480.910000,1,metastable,1,1,53.17
0.485700,0.859940,40,2000000,500000,54808,2.81066667e-3,1.09616000e-1,0.237500,0.065262,-2906.492500,3,weakly_unstable,0,1,65.12
0.545700,0.970510,40,2000000,500000,-11241,-5.76461538e-4,-2.24820000e-2,0.662500,0.568894,-180.865000,1,chaotic,0,0,47.77
0.645700,0.986430,40,2000000,500000,23202,1.18984615e-3,4.64040000e-2,0.810000,0.812737,-53.282500,1,metastable,1,1,42.30
0.705700,0.974670,40,2000000,500000,21815,1.11871795e-3,4.36300000e-2,0.080000,0.111781,-178.510000,3,weakly_unstable,0,1,46.03
0.565700,0.998600,40,2000000,500000,-366618,-1.88009231e-2,-7.33236000e-1,0.051250,0.032664,-2.910000,1,stable,0,0,41.69
0.925700,0.989650,40,2000000,500000,6232,3.19589744e-4,1.24640000e-2,0.022500,0.047706,-15.152500,3,weakly_unstable,0,1,41.40
0.465700,0.881810,40,2000000,500000,68637,3.51984615e-3,1.37274000e-1,0.013750,0.024146,-2116.140000,3,weakly_unstable,0,1,68.66
0.445700,0.995600,40,2000000,500000,-943924,-4.84063590e-2,-1.88784800e0,0.008750,-0.012627,-9.197500,1,stable,0,0,49.21
0.665700,0.981370,40,2000000,500000,16112,8.26256410e-4,3.22240000e-2,0.028750,0.062464,-130.372500,3,weakly_unstable,0,1,47.64
0.765700,0.977600,40,2000000,500000,15450,7.92307692e-4,3.09000000e-2,0.030000,0.024503,-99.205000,3,weakly_unstable,0,1,43.76
0.545700,0.942510,40,2000000,500000,33591,1.72261538e-3,6.71820000e-2,-0.060000,-0.060937,-784.390000,3,weakly_unstable,0,1,55.23
0.445700,0.788600,40,2000000,500000,76777,3.93728205e-3,1.53554000e-1,0.146250,0.116219,-5275.575000,3,weakly_unstable,0,1,73.62
0.505700,0.914380,40,2000000,500000,58120,2.98051282e-3,1.16240000e-1,-0.103750,-0.028562,-1309.892500,3,weakly_unstable,0,1,62.58
0.545700,0.971510,40,2000000,500000,-8172,-4.19076923e-4,-1.63440000e-2,-0.740000,-0.730965,-163.102500,1,chaotic,0,0,47.66
0.645700,0.987430,40,2000000,500000,19617,1.00600000e-3,3.92340000e-2,-0.703750,-0.781907,-41.692500,1,metastable,1,1,41.52
0.505700,0.953380,40,2000000,500000,44084,2.26071795e-3,8.81680000e-2,0.753750,0.718728,-468.985000,1,metastable,1,1,54.17
0.565700,0.999600,40,2000000,500000,-387165,-1.98546154e-2,-7.74330000e-1,0.042500,0.009661,-2.357500,1,stable,0,0,40.72
0.705700,0.975670,40,2000000,500000,18254,9.36102564e-4,3.65080000e-2,-0.038750,0.009168,-136.985000,3,weakly_unstable,0,1,45.38
0.925700,0.990650,40,2000000,500000,7266,3.72615385e-4,1.45320000e-2,-0.116250,-0.178904,-34.235000,3,weakly_unstable,0,1,41.97
0.485700,0.860940,40,2000000,500000,59006,3.02594872e-3,1.18012000e-1,-0.132500,-0.122515,-2861.777500,3,weakly_unstable,0,1,63.77
0.445700,0.903600,40,2000000,500000,57935,2.97102564e-3,1.15870000e-1,0.118750,0.035567,-1539.567500,3,weakly_unstable,0,1,74.26
0.445700,0.730600,40,2000000,500000,48878,2.50656410e-3,9.77560000e-2,-0.051250,-0.008311,-7032.950000,3,weakly_unstable,0,1,74.99
0.445700,0.996600,40,2000000,500000,-982880,-5.04041026e-2,-1.96576000e0,0.001250,-0.005091,-11.927500,1,stable,0,0,48.80
0.665700,0.982370,40,2000000,500000,14918,7.65025641e-4,2.98360000e-2,-0.058750,-0.176698,-113.962500,3,weakly_unstable,0,1,46.89
0.765700,0.978600,40,2000000,500000,20229,1.03738462e-3,4.04580000e-2,-0.081250,-0.109988,-93.305000,3,weakly_unstable,0,1,43.33
0.465700,0.882810,40,2000000,500000,63195,3.24076923e-3,1.26390000e-1,-0.180000,0.067937,-2139.350000,3,weakly_unstable,0,1,69.72
0.645700,0.988430,40,2000000,500000,7847,4.02410256e-4,1.56940000e-2,0.795000,0.721495,-32.162500,1,metastable,1,1,41.11
0.545700,0.943510,40,2000000,500000,32891,1.68671795e-3,6.57820000e-2,-0.128750,-0.138553,-718.577500,3,weakly_unstable,0,1,55.88
0.565700,1.000000,40,2000000,500000,-389756,-1.99874872e-2,-7.79512000e-1,0.001250,-0.001897,-2.100000,1,stable,0,0,40.82
0.545700,0.972510,40,2000000,500000,-7441,-3.81589744e-4,-1.48820000e-2,0.711250,0.670718,-163.532500,1,chaotic,0,0,47.66
0.925700,0.991650,40,2000000,500000,5798,2.97333333e-4,1.15960000e-2,-0.035000,-0.014652,-13.325000,3,weakly_unstable,0,1,42.17
0.705700,0.976670,40,2000000,500000,22259,1.14148718e-3,4.45180000e-2,0.008750,0.104356,-153.232500,3,weakly_unstable,0,1,45.50
0.505700,0.954380,40,2000000,500000,38763,1.98784615e-3,7.75260000e-2,-0.696250,-0.709638,-465.440000,1,metastable,1,1,54.63
0.505700,0.915380,40,2000000,500000,48495,2.48692308e-3,9.69900000e-2,0.088750,-0.046024,-1411.832500,3,weakly_unstable,0,1,61.29
0.665700,0.983370,40,2000000,500000,13070,6.70256410e-4,2.61400000e-2,0.118750,0.278094,-100.642500,3,weakly_unstable,0,1,46.94
0.445700,0.997600,40,2000000,500000,-998568,-5.12086154e-2,-1.99713600e0,0.008750,0.005635,-6.502500,1,stable,0,0,49.37
0.445700,0.789600,40,2000000,500000,71231,3.65287179e-3,1.42462000e-1,-0.062500,-0.041953,-5170.947500,3,weakly_unstable,0,1,73.17
0.765700,0.979600,40,2000000,500000,15838,8.12205128e-4,3.16760000e-2,-0.158750,-0.036044,-114.367500,3,weakly_unstable,0,1,43.39
0.485700,0.861940,40,2000000,500000,51043,2.61758974e-3,1.02086000e-1,0.005000,0.125820,-2779.445000,3,weakly_unstable,0,1,63.58
0.645700,0.989430,40,2000000,500000,-9621,-4.93384615e-4,-1.92420000e-2,-0.738750,-0.726827,-29.795000,1,chaotic,0,0,40.89
0.445700,0.904600,40,2000000,500000,74133,3.80169231e-3,1.48266000e-1,-0.250000,0.054528,-1452.057500,3,weakly_unstable,0,1,74.70
0.925700,0.992650,40,2000000,500000,6851,3.51333333e-4,1.37020000e-2,-0.041250,-0.096263,-2.205000,3,weakly_unstable,0,1,42.23
0.445700,0.731600,40,2000000,500000,50912,2.61087179e-3,1.01824000e-1,-0.005000,0.001871,-7109.412500,3,weakly_unstable,0,1,75.25
0.545700,0.973510,40,2000000,500000,-8952,-4.59076923e-4,-1.79040000e-2,0.526250,0.510886,-148.920000,1,chaotic,0,0,48.87
0.705700,0.977670,40,2000000,500000,17782,9.11897436e-4,3.55640000e-2,0.178750,0.060613,-136.892500,3,weakly_unstable,0,1,45.70
0.585700,0.939240,40,2000000,500000,32376,1.66030769e-3,6.47520000e-2,-0.103750,-0.218426,-765.565000,3,weakly_unstable,0,1,51.58
0.545700,0.944510,40,2000000,500000,40324,2.06789744e-3,8.06480000e-2,0.077500,0.063608,-698.470000,3,weakly_unstable,0,1,56.40
0.465700,0.883810,40,2000000,500000,65681,3.36825641e-3,1.31362000e-1,-0.095000,-0.070103,-2159.280000,3,weakly_unstable,0,1,69.39
0.665700,0.984370,40,2000000,500000,42657,2.18753846e-3,8.53140000e-2,-0.877500,-0.867414,-81.947500,1,metastable,1,1,42.19
0.505700,0.955380,40,2000000,500000,16082,8.24717949e-4,3.21640000e-2,0.632500,0.663162,-394.262500,1,metastable,1,1,54.52
0.765700,0.980600,40,2000000,500000,18118,9.29128205e-4,3.62360000e-2,-0.032500,-0.005861,-85.410000,3,weakly_unstable,0,1,43.56
0.445700,0.998600,40,2000000,500000,-1001686,-5.13685128e-2,-2.00337200e0,-0.022500,0.003538,-4.750000,1,stable,0,0,48.94
0.505700,0.916380,40,2000000,500000,32587,1.67112821e-3,6.51740000e-2,-0.115000,0.068732,-1374.292500,3,weakly_unstable,0,1,61.45
0.645700,0.990430,40,2000000,500000,-45087,-2.31215385e-3,-9.01740000e-2,0.010000,0.043199,-15.055000,1,stable,0,0,40.83
0.925700,0.993650,40,2000000,500000,5205,2.66923077e-4,1.04100000e-2,0.125000,0.095182,-9.592500,3,weakly_unstable,0,1,42.16
0.485700,0.862940,40,2000000,500000,58605,3.00538462e-3,1.17210000e-1,-0.093750,-0.045301,-2744.270000,3,weakly_unstable,0,1,62.48
0.705700,0.978670,40,2000000,500000,15380,7.88717949e-4,3.07600000e-2,0.015000,-0.045434,-148.182500,3,weakly_unstable,0,1,45.64
0.545700,0.974510,40,2000000,500000,-38636,-1.98133333e-3,-7.72720000e-2,0.098750,0.168828,-146.662500,1,stable,0,0,47.21
0.445700,0.790600,40,2000000,500000,75004,3.84635897e-3,1.50008000e-1,-0.046250,-0.006660,-5081.417500,3,weakly_unstable,0,1,73.60
0.585700,0.940240,40,2000000,500000,27325,1.40128205e-3,5.46500000e-2,0.212500,0.187658,-787.647500,3,weakly_unstable,0,1,52.17
0.545700,0.945510,40,2000000,500000,29344,1.50482051e-3,5.86880000e-2,-0.151250,0.039005,-718.170000,3,weakly_unstable,0,1,56.23
0.665700,0.985370,40,2000000,500000,11322,5.80615385e-4,2.26440000e-2,-0.088750,0.039089,-79.397500,3,weakly_unstable,0,1,47.72
0.765700,0.981600,40,2000000,500000,17082,8.76000000e-4,3.41640000e-2,0.066250,0.053030,-95.297500,3,weakly_unstable,0,1,43.50
0.645700,0.991430,40,2000000,500000,-53786,-2.75825641e-3,-1.07572000e-1,0.015000,0.060824,-19.652500,1,stable,0,0,41.01
0.445700,0.905600,40,2000000,500000,48208,2.47220513e-3,9.64160000e-2,0.116250,0.086941,-1493.660000,3,weakly_unstable,0,1,74.57
0.445700,0.999600,40,2000000,500000,-1022732,-5.24477949e-2,-2.04546400e0,-0.027500,0.000095,-3.747500,1,stable,0,0,48.07
0.505700,0.956380,40,2000000,500000,16772,8.60102564e-4,3.35440000e-2,-0.620000,-0.634668,-390.270000,1,metastable,1,1,54.35
0.445700,0.732600,40,2000000,500000,50570,2.59333333e-3,1.01140000e-1,0.055000,0.035788,-7102.257500,3,weakly_unstable,0,1,74.36
0.925700,0.994650,40,2000000,500000,5649,2.89692308e-4,1.12980000e-2,0.070000,0.048203,-7.180000,3,weakly_unstable,0,1,41.65
0.465700,0.884810,40,2000000,500000,75657,3.87984615e-3,1.51314000e-1,0.016250,0.030139,-2101.470000,3,weakly_unstable,0,1,69.28
0.505700,0.917380,40,2000000,500000,45548,2.33579487e-3,9.10960000e-2,0.105000,0.134661,-1332.617500,3,weakly_unstable,0,1,61.57
0.705700,0.979670,40,2000000,500000,15778,8.09128205e-4,3.15560000e-2,0.075000,0.026950,-135.895000,3,weakly_unstable,0,1,46.06
0.545700,0.975510,40,2000000,500000,-52394,-2.68687179e-3,-1.04788000e-1,0.162500,0.109878,-130.772500,1,stable,0,0,46.93
0.585700,0.985240,40,2000000,500000,-91038,-4.66861538e-3,-1.82076000e-1,0.065000,0.083278,-65.825000,1,stable,0,0,44.49
0.585700,0.941240,40,2000000,500000,34453,1.76682051e-3,6.89060000e-2,0.158750,0.076201,-726.977500,3,weakly_unstable,0,1,52.29
0.665700,0.986370,40,2000000,500000,29360,1.50564103e-3,5.87200000e-2,-0.145000,-0.067661,-56.120000,1,weakly_unstable,0,1,45.55
0.765700,0.982600,40,2000000,500000,16076,8.24410256e-4,3.21520000e-2,0.071250,-0.018004,-61.265000,3,weakly_unstable,0,1,44.02
0.645700,0.992430,40,2000000,500000,-50968,-2.61374359e-3,-1.01936000e-1,-0.211250,-0.259689,-15.055000,1,stable,0,0,40.53
0.485700,0.863940,40,2000000,500000,54741,2.80723077e-3,1.09482000e-1,0.006250,-0.026883,-2796.640000,3,weakly_unstable,0,1,64.29
0.445700,1.000000,40,2000000,500000,-1037027,-5.31808718e-2,-2.07405400e0,-0.002500,0.005273,-3.192500,1,stable,0,0,48.16
0.445700,0.791600,40,2000000,500000,67365,3.45461538e-3,1.34730000e-1,-0.107500,0.001343,-5110.855000,3,weakly_unstable,0,1,74.22
0.925700,0.995650,40,2000000,500000,6546,3.35692308e-4,1.30920000e-2,-0.048750,-0.078918,-9.162500,3,weakly_unstable,0,1,41.98
0.505700,0.957380,40,2000000,500000,33078,1.69630769e-3,6.61560000e-2,-0.653750,-0.625665,-413.235000,1,metastable,1,1,54.00
0.705700,0.980670,40,2000000,500000,17617,9.03435897e-4,3.52340000e-2,-0.078750,-0.018832,-111.485000,3,weakly_unstable,0,1,45.78
0.545700,0.976510,40,2000000,500000,-44791,-2.29697436e-3,-8.95820000e-2,-0.013750,0.110741,-155.052500,1,stable,0,0,46.20
0.445700,0.906600,40,2000000,500000,55783,2.86066667e-3,1.11566000e-1,-0.125000,-0.096047,-1410.260000,3,weakly_unstable,0,1,73.86
0.445700,0.733600,40,2000000,500000,53281,2.73235897e-3,1.06562000e-1,0.086250,-0.033463,-6997.855000,3,weakly_unstable,0,1,73.41
0.645700,0.993430,40,2000000,500000,-126702,-6.49753846e-3,-2.53404000e-1,-0.045000,-0.023061,-15.872500,1,stable,0,0,39.00
0.665700,0.987370,40,2000000,500000,30687,1.57369231e-3,6.13740000e-2,0.798750,0.837221,-47.985000,1,metastable,1,1,40.90
0.585700,0.986240,40,2000000,500000,-84709,-4.34405128e-3,-1.69418000e-1,0.023750,-0.055895,-51.832500,1,stable,0,0,43.46
0.505700,0.918380,40,2000000,500000,42220,2.16512821e-3,8.44400000e-2,-0.110000,-0.067980,-1260.677500,3,weakly_unstable,0,1,61.39
0.465700,0.885810,40,2000000,500000,64616,3.31364103e-3,1.29232000e-1,0.088750,0.015474,-2157.352500,3,weakly_unstable,0,1,68.27
0.765700,0.983600,40,2000000,500000,15411,7.90307692e-4,3.08220000e-2,0.045000,-0.052156,-70.190000,3,weakly_unstable,0,1,43.13
0.585700,0.942240,40,2000000,500000,27030,1.38615385e-3,5.40600000e-2,-0.027500,-0.023181,-724.727500,3,weakly_unstable,0,1,51.36
0.925700,0.996650,40,2000000,500000,13957,7.15743590e-4,2.79140000e-2,0.946250,0.936432,-9.617500,1,metastable,1,1,36.11
0.485700,0.864940,40,2000000,500000,56192,2.88164103e-3,1.12384000e-1,-0.143750,0.001367,-2751.945000,3,weakly_unstable,0,1,63.78
0.505700,0.958380,40,2000000,500000,13411,6.87743590e-4,2.68220000e-2,0.637500,0.538323,-338.075000,1,metastable,1,1,54.01
0.705700,0.981670,40,2000000,500000,15207,7.79846154e-4,3.04140000e-2,-0.192500,-0.138412,-115.607500,3,weakly_unstable,0,1,46.26
0.465700,0.807810,40,2000000,500000,56684,2.90687179e-3,1.13368000e-1,-0.047500,-0.004483,-4440.977500,3,weakly_unstable,0,1,67.39
0.545700,0.977510,40,2000000,500000,-95126,-4.87825641e-3,-1.90252000e-1,-0.271250,-0.119262,-126.405000,1,stable,0,0,45.94
0.645700,0.994430,40,2000000,500000,-104349,-5.35123077e-3,-2.08698000e-1,-0.096250,-0.072082,-9.717500,1,stable,0,0,39.34
0.665700,0.988370,40,2000000,500000,12697,6.51128205e-4,2.53940000e-2,0.765000,0.807114,-34.440000,1,metastable,1,1,40.12
0.585700,0.987240,40,2000000,500000,-129899,-6.66148718e-3,-2.59798000e-1,0.326250,0.295978,-30.177500,1,stable,0,0,42.46
0.765700,0.984600,40,2000000,500000,14007,7.18307692e-4,2.80140000e-2,0.132500,0.101357,-70.495000,3,weakly_unstable,0,1,42.82
0.445700,0.792600,40,2000000,500000,85467,4.38292308e-3,1.70934000e-1,-0.101250,-0.027753,-4870.815000,3,weakly_unstable,0,1,73.05
0.925700,0.997650,40,2000000,500000,5115,2.62307692e-4,1.02300000e-2,0.923750,0.918338,-3.062500,1,metastable,1,1,37.74
0.505700,0.919380,40,2000000,500000,35928,1.84246154e-3,7.18560000e-2,0.001250,-0.007665,-1191.537500,3,weakly_unstable,0,1,61.05
0.585700,0.943240,40,2000000,500000,36475,1.87051282e-3,7.29500000e-2,0.008750,-0.004557,-707.920000,3,weakly_unstable,0,1,52.13
0.445700,0.907600,40,2000000,500000,59355,3.04384615e-3,1.18710000e-1,-0.090000,-0.186519,-1480.130000,3,weakly_unstable,0,1,74.06
0.465700,0.886810,40,2000000,500000,71399,3.66148718e-3,1.42798000e-1,-0.035000,0.062905,-2107.927500,3,weakly_unstable,0,1,67.15
0.445700,0.734600,40,2000000,500000,51962,2.66471795e-3,1.03924000e-1,0.021250,0.024660,-6886.870000,3,weakly_unstable,0,1,73.72
0.645700,0.995430,40,2000000,500000,-132351,-6.78723077e-3,-2.64702000e-1,-0.067500,-0.088597,-7.462500,1,stable,0,0,39.64
0.665700,0.989370,40,2000000,500000,11022,5.65230769e-4,2.20440000e-2,-0.417500,-0.362534,-36.317500,1,weakly_unstable,0,1,41.46
0.705700,0.982670,40,2000000,500000,15982,8.19589744e-4,3.19640000e-2,0.006250,0.109849,-91.445000,3,weakly_unstable,0,1,45.96
0.505700,0.959380,40,2000000,500000,-6469,-3.31743590e-4,-1.29380000e-2,-0.613750,-0.594382,-309.547500,1,chaotic,0,0,53.58
0.545700,0.978510,40,2000000,500000,-89861,-4.60825641e-3,-1.79722000e-1,0.067500,0.001077,-103.677500,1,stable,0,0,46.43
0.925700,0.998650,40,2000000,500000,-3461,-1.77487179e-4,-6.92200000e-3,-0.878750,-0.894778,-5.860000,1,chaotic,0,0,36.48
0.585700,0.988240,40,2000000,500000,-100314,-5.14430769e-3,-2.00628000e-1,-0.007500,-0.087852,-32.397500,1,stable,0,0,43.29
0.485700,0.865940,40,2000000,500000,58080,2.97846154e-3,1.16160000e-1,-0.148750,-0.026089,-2633.135000,3,weakly_unstable,0,1,64.26
0.765700,0.985600,40,2000000,500000,13929,7.14307692e-4,2.78580000e-2,0.046250,0.099113,-68.277500,3,weakly_unstable,0,1,43.75
0.465700,0.808810,40,2000000,500000,64232,3.29394872e-3,1.28464000e-1,-0.176250,0.028014,-4432.550000,3,weakly_unstable,0,1,68.27
0.585700,0.944240,40,2000000,500000,28332,1.45292308e-3,5.66640000e-2,0.043750,0.059418,-694.832500,3,weakly_unstable,0,1,52.41
0.645700,0.996430,40,2000000,500000,-148225,-7.60128205e-3,-2.96450000e-1,0.027500,0.015306,-1.072500,1,stable,0,0,38.79
0.445700,0.793600,40,2000000,500000,77718,3.98553846e-3,1.55436000e-1,0.011250,0.029967,-4807.850000,3,weakly_unstable,0,1,72.91
0.665700,0.990370,40,2000000,500000,-23099,-1.18456410e-3,-4.61980000e-2,-0.605000,-0.555920,-33.380000,1,chaotic,0,0,39.88
0.925700,0.999650,40,2000000,500000,-6987,-3.58307692e-4,-1.39740000e-2,-0.245000,-0.220270,-3.735000,1,stable,0,0,35.69
0.505700,0.920380,40,2000000,500000,40066,2.05466667e-3,8.01320000e-2,0.031250,0.014071,-1255.072500,3,weakly_unstable,0,1,60.40
0.585700,0.989240,40,2000000,500000,-149651,-7.67441026e-3,-2.99302000e-1,0.086250,0.083894,-53.900000,1,stable,0,0,42.09
0.705700,0.983670,40,2000000,500000,11684,5.99179487e-4,2.33680000e-2,0.232500,0.220244,-97.082500,3,weakly_unstable,0,1,45.73
0.545700,0.979510,40,2000000,500000,-129653,-6.64887179e-3,-2.59306000e-1,0.175000,0.122648,-90.685000,1,stable,0,0,45.69
0.765700,0.986600,40,2000000,500000,12694,6.50974359e-4,2.53880000e-2,-0.207500,-0.266133,-56.887500,3,weakly_unstable,0,1,42.79
0.465700,0.887810,40,2000000,500000,60973,3.12682051e-3,1.21946000e-1,0.095000,-0.047050,-1971.345000,3,weakly_unstable,0,1,67.86
0.505700,0.960380,40,2000000,500000,-14920,-7.65128205e-4,-2.98400000e-2,-0.482500,-0.464552,-304.222500,1,chaotic,0,0,52.78
0.445700,0.908600,40,2000000,500000,65459,3.35687179e-3,1.30918000e-1,-0.005000,0.026876,-1366.410000,3,weakly_unstable,0,1,74.32
0.445700,0.735600,40,2000000,500000,56709,2.90815385e-3,1.13418000e-1,-0.138750,-0.045162,-6957.542500,3,weakly_unstable,0,1,74.60
0.485700,0.866940,40,2000000,500000,53979,2.76815385e-3,1.07958000e-1,-0.080000,-0.060985,-2660.395000,3,weakly_unstable,0,1,63.51
0.645700,0.997430,40,2000000,500000,-164925,-8.45769231e-3,-3.29850000e-1,-0.057500,-0.069619,-4.100000,1,stable,0,0,38.92
0.925700,1.000000,40,2000000,500000,-21216,-1.08800000e-3,-4.24320000e-2,0.022500,0.025208,-1.935000,1,stable,0,0,36.37
0.665700,0.991370,40,2000000,500000,-25664,-1.31610256e-3,-5.13280000e-2,-0.231250,-0.156685,-16.055000,1,stable,0,0,40.53
0.585700,0.945240,40,2000000,500000,30099,1.54353846e-3,6.01980000e-2,-0.087500,-0.008040,-646.582500,3,weakly_unstable,0,1,52.50
0.585700,0.990240,40,2000000,500000,-154460,-7.92102564e-3,-3.08920000e-1,-0.122500,-0.154357,-18.235000,1,stable,0,0,43.25
0.465700,0.809810,40,2000000,500000,64128,3.28861538e-3,1.28256000e-1,-0.112500,-0.040822,-4412.267500,3,weakly_unstable,0,1,68.49
0.705700,0.984670,40,2000000,500000,15472,7.93435897e-4,3.09440000e-2,-0.133750,-0.240237,-82.500000,3,weakly_unstable,0,1,46.38
0.765700,0.987600,40,2000000,500000,12004,6.15589744e-4,2.40080000e-2,-0.130000,-0.206295,-43.592500,3,weakly_unstable,0,1,43.73
0.545700,0.980510,40,2000000,500000,-128010,-6.56461538e-3,-2.56020000e-1,0.100000,0.077435,-84.072500,1,stable,0,0,45.98
0.505700,0.921380,40,2000000,500000,49771,2.55235897e-3,9.95420000e-2,-0.198750,-0.003674,-1160.310000,3,weakly_unstable,0,1,60.87
0.505700,0.961380,40,2000000,500000,6695,3.43333333e-4,1.33900000e-2,-0.458750,-0.542833,-333.837500,1,metastable,1,1,53.68
0.445700,0.794600,40,2000000,500000,73871,3.78825641e-3,1.47742000e-1,0.083750,-0.011474,-4837.690000,3,weakly_unstable,0,1,73.73
0.645700,0.998430,40,2000000,500000,-187588,-9.61989744e-3,-3.75176000e-1,-0.026250,-0.013853,-2.380000,1,stable,0,0,38.43
0.945700,0.968860,40,2000000,500000,7850,4.02564103e-4,1.57000000e-2,-0.041250,-0.018159,-157.807500,3,weakly_unstable,0,1,42.38
0.665700,0.992370,40,2000000,500000,-50484,-2.58892308e-3,-1.00968000e-1,0.300000,0.322006,-12.925000,1,stable,0,0,39.63
0.465700,0.888810,40,2000000,500000,57233,2.93502564e-3,1.14466000e-1,0.186250,0.096506,-2095.782500,3,weakly_unstable,0,1,69.34
0.585700,0.991240,40,2000000,500000,-190160,-9.75179487e-3,-3.80320000e-1,-0.172500,-0.199477,-16.800000,1,stable,0,0,41.75
0.485700,0.867940,40,2000000,500000,45949,2.35635897e-3,9.18980000e-2,-0.278750,-0.016969,-2563.477500,3,weakly_unstable,0,1,64.03
0.445700,0.909600,40,2000000,500000,67603,3.46682051e-3,1.35206000e-1,-0.021250,-0.161457,-1395.717500,3,weakly_unstable,0,1,73.74
0.585700,0.946240,40,2000000,500000,31818,1.63169231e-3,6.36360000e-2,-0.152500,-0.088405,-628.280000,3,weakly_unstable,0,1,51.15
0.765700,0.988600,40,2000000,500000,8140,4.17435897e-4,1.62800000e-2,-0.018750,-0.016885,-42.680000,3,weakly_unstable,0,1,43.59
0.705700,0.985670,40,2000000,500000,9903,5.07846154e-4,1.98060000e-2,0.145000,0.110655,-76.532500,3,weakly_unstable,0,1,45.24
0.445700,0.736600,40,2000000,500000,57119,2.92917949e-3,1.14238000e-1,-0.072500,0.009969,-7044.125000,3,weakly_unstable,0,1,74.07
0.545700,0.981510,40,2000000,500000,-144481,-7.40928205e-3,-2.88962000e-1,0.082500,0.059741,-79.670000,1,stable,0,0,45.26
0.645700,0.999430,40,2000000,500000,-191230,-9.80666667e-3,-3.82460000e-1,-0.028750,-0.028953,-2.197500,1,stable,0,0,38.39
0.665700,0.993370,40,2000000,500000,-50890,-2.60974359e-3,-1.01780000e-1,-0.143750,-0.247328,-4.995000,1,stable,0,0,39.88
0.945700,0.969860,40,2000000,500000,6376,3.26974359e-4,1.27520000e-2,0.055000,0.052632,-128.012500,3,weakly_unstable,0,1,41.96
0.505700,0.922380,40,2000000,500000,42138,2.16092308e-3,8.42760000e-2,-0.026250,-0.058486,-1210.385000,3,weakly_unstable,0,1,60.60
0.505700,0.962380,40,2000000,500000,-28406,-1.45671795e-3,-5.68120000e-2,-0.368750,-0.221558,-288.627500,1,stable,0,0,52.78
0.465700,0.810810,40,2000000,500000,56062,2.87497436e-3,1.12124000e-1,-0.008750,0.116845,-4435.040000,3,weakly_unstable,0,1,69.77
0.585700,0.992240,40,2000000,500000,-177900,-9.12307692e-3,-3.55800000e-1,0.001250,0.041140,-13.495000,1,stable,0,0,42.31
0.765700,0.989600,40,2000000,500000,11866,6.08512821e-4,2.37320000e-2,0.020000,0.024840,-40.685000,3,weakly_unstable,0,1,43.48
0.705700,0.986670,40,2000000,500000,7568,3.88102564e-4,1.51360000e-2,-0.067500,-0.114366,-77.350000,3,weakly_unstable,0,1,45.61
0.445700,0.795600,40,2000000,500000,81296,4.16902564e-3,1.62592000e-1,0.005000,-0.003155,-4890.567500,3,weakly_unstable,0,1,72.97
0.545700,0.982510,40,2000000,500000,-178866,-9.17261538e-3,-3.57732000e-1,-0.160000,-0.129533,-69.320000,1,stable,0,0,44.59
0.585700,0.947240,40,2000000,500000,31255,1.60282051e-3,6.25100000e-2,-0.190000,-0.076057,-637.340000,3,weakly_unstable,0,1,51.79
0.645700,1.000000,40,2000000,500000,-207366,-1.06341538e-2,-4.14732000e-1,-0.006250,-0.002698,-1.965000,1,stable,0,0,38.24
0.465700,0.889810,40,2000000,500000,55511,2.84671795e-3,1.11022000e-1,0.178750,0.085917,-2066.847500,3,weakly_unstable,0,1,69.31
0.485700,0.868940,40,2000000,500000,61438,3.15066667e-3,1.22876000e-1,0.026250,0.028560,-2537.097500,3,weakly_unstable,0,1,63.56
0.665700,0.994370,40,2000000,500000,-80439,-4.12507692e-3,-1.60878000e-1,0.091250,0.084108,-5.772500,1,stable,0,0,39.49
0.945700,0.970860,40,2000000,500000,6791,3.48256410e-4,1.35820000e-2,0.077500,0.064327,-142.685000,3,weakly_unstable,0,1,42.54
0.445700,0.910600,40,2000000,500000,59768,3.06502564e-3,1.19536000e-1,-0.280000,-0.109522,-1351.177500,3,weakly_unstable,0,1,74.19
0.445700,0.737600,40,2000000,500000,57538,2.95066667e-3,1.15076000e-1,0.013750,0.006196,-6809.042500,3,weakly_unstable,0,1,72.40
0.505700,0.963380,40,2000000,500000,-38316,-1.96492308e-3,-7.66320000e-2,0.355000,0.257781,-306.862500,1,stable,0,0,52.45
0.585700,0.993240,40,2000000,500000,-219168,-1.12393846e-2,-4.38336000e-1,0.060000,0.072170,-7.285000,1,stable,0,0,41.80
0.505700,0.923380,40,2000000,500000,45580,2.33743590e-3,9.11600000e-2,0.115000,0.042660,-1179.825000,3,weakly_unstable,0,1,60.77
0.765700,0.990600,40,2000000,500000,9518,4.88102564e-4,1.90360000e-2,0.282500,0.346805,-55.340000,3,weakly_unstable,0,1,43.64
0.705700,0.987670,40,2000000,500000,6561,3.36461538e-4,1.31220000e-2,0.123750,0.073771,-71.975000,3,weakly_unstable,0,1,45.18
0.545700,0.983510,40,2000000,500000,-171759,-8.80815385e-3,-3.43518000e-1,-0.070000,-0.077055,-37.257500,1,stable,0,0,44.70
0.465700,0.811810,40,2000000,500000,69025,3.53974359e-3,1.38050000e-1,0.042500,0.093571,-4331.620000,3,weakly_unstable,0,1,69.27
0.665700,0.956370,40,2000000,500000,23763,1.21861538e-3,4.75260000e-2,0.130000,0.162847,-409.392500,3,weakly_unstable,0,1,45.99
0.665700,0.995370,40,2000000,500000,-91952,-4.71548718e-3,-1.83904000e-1,-0.065000,-0.025446,-5.205000,1,stable,0,0,39.03
0.585700,0.948240,40,2000000,500000,26220,1.34461538e-3,5.24400000e-2,-0.123750,0.003568,-646.362500,3,weakly_unstable,0,1,50.93
0.945700,0.971860,40,2000000,500000,7074,3.62769231e-4,1.41480000e-2,-0.102500,-0.091838,-157.547500,3,weakly_unstable,0,1,42.04
0.585700,0.994240,40,2000000,500000,-214659,-1.10081538e-2,-4.29318000e-1,0.042500,0.011344,-5.917500,1,stable,0,0,41.69
0.445700,0.796600,40,2000000,500000,79979,4.10148718e-3,1.59958000e-1,-0.180000,0.007445,-4882.815000,3,weakly_unstable,0,1,73.83
0.465700,0.890810,40,2000000,500000,60861,3.12107692e-3,1.21722000e-1,0.103750,0.044931,-1995.170000,3,weakly_unstable,0,1,68.14
0.485700,0.869940,40,2000000,500000,71816,3.68287179e-3,1.43632000e-1,0.013750,0.191278,-2495.740000,3,weakly_unstable,0,1,64.62
0.505700,0.964380,40,2000000,500000,-73646,-3.77671795e-3,-1.47292000e-1,-0.272500,-0.250650,-290.877500,1,stable,0,0,51.53
0.765700,0.991600,40,2000000,500000,7547,3.87025641e-4,1.50940000e-2,-0.041250,-0.000706,-29.017500,3,weakly_unstable,0,1,44.60
0.705700,0.988670,40,2000000,500000,9118,4.67589744e-4,1.82360000e-2,-0.010000,0.039163,-68.020000,3,weakly_unstable,0,1,45.91
0.545700,0.984510,40,2000000,500000,-172369,-8.83943590e-3,-3.44738000e-1,0.226250,0.138423,-51.422500,1,stable,0,0,45.28
0.665700,0.996370,40,2000000,500000,-109855,-5.63358974e-3,-2.19710000e-1,-0.108750,-0.050560,-2.675000,1,stable,0,0,39.52
0.665700,0.957370,40,2000000,500000,23730,1.21692308e-3,4.74600000e-2,0.192500,0.048164,-383.360000,3,weakly_unstable,0,1,46.83
0.505700,0.924380,40,2000000,500000,49270,2.52666667e-3,9.85400000e-2,0.037500,0.047135,-1129.505000,3,weakly_unstable,0,1,60.48
0.445700,0.911600,40,2000000,500000,47845,2.45358974e-3,9.56900000e-2,-0.106250,0.031578,-1275.677500,3,weakly_unstable,0,1,74.46
0.445700,0.738600,40,2000000,500000,54554,2.79764103e-3,1.09108000e-1,0.263750,0.093392,-6734.765000,3,weakly_unstable,0,1,74.68
0.945700,0.972860,40,2000000,500000,7408,3.79897436e-4,1.48160000e-2,-0.015000,-0.012595,-136.662500,3,weakly_unstable,0,1,41.92
0.585700,0.949240,40,2000000,500000,35005,1.79512821e-3,7.00100000e-2,-0.178750,-0.112761,-615.700000,3,weakly_unstable,0,1,52.28
0.585700,0.995240,40,2000000,500000,-252307,-1.29388205e-2,-5.04614000e-1,-0.040000,-0.032150,-10.730000,1,stable,0,0,41.33
0.465700,0.812810,40,2000000,500000,63944,3.27917949e-3,1.27888000e-1,0.036250,-0.025528,-4371.685000,3,weakly_unstable,0,1,69.12
0.765700,0.992600,40,2000000,500000,5704,2.92512821e-4,1.14080000e-2,-0.073750,0.059271,-35.500000,3,weakly_unstable,0,1,44.38
0.705700,0.989670,40,2000000,500000,24420,1.25230769e-3,4.88400000e-2,0.872500,0.871535,-43.862500,1,metastable,1,1,39.70
0.665700,0.997370,40,2000000,500000,-133633,-6.85297436e-3,-2.67266000e-1,0.022500,0.029461,-0.737500,1,stable,0,0,38.75
0.505700,0.965380,40,2000000,500000,-53510,-2.74410256e-3,-1.07020000e-1,-0.516250,-0.191883,-320.542500,1,stable,0,0,52.20
0.545700,0.985510,40,2000000,500000,-200705,-1.02925641e-2,-4.01410000e-1,-0.028750,0.059218,-57.070000,1,stable,0,0,44.74
0.485700,0.870940,40,2000000,500000,67039,3.43789744e-3,1.34078000e-1,-0.115000,0.003220,-2385.612500,3,weakly_unstable,0,1,65.37
0.945700,0.973860,40,2000000,500000,6935,3.55641026e-4,1.38700000e-2,-0.012500,-0.006733,-122.510000,3,weakly_unstable,0,1,41.36
0.665700,0.958370,40,2000000,500000,23840,1.22256410e-3,4.76800000e-2,-0.192500,-0.131385,-385.175000,3,weakly_unstable,0,1,46.36
0.465700,0.891810,40,2000000,500000,68929,3.53482051e-3,1.37858000e-1,0.148750,-0.022528,-1899.422500,3,weakly_unstable,0,1,68.04
0.445700,0.797600,40,2000000,500000,77674,3.98328205e-3,1.55348000e-1,-0.217500,0.007273,-4821.962500,3,weakly_unstable,0,1,74.29
0.585700,0.996240,40,2000000,500000,-279026,-1.43090256e-2,-5.58052000e-1,0.023750,0.008327,-8.540000,1,stable,0,0,41.07
0.505700,0.925380,40,2000000,500000,57147,2.93061538e-3,1.14294000e-1,0.073750,0.063474,-1166.045000,3,weakly_unstable,0,1,60.14
0.585700,0.950240,40,2000000,500000,31814,1.63148718e-3,6.36280000e-2,0.001250,0.136371,-618.365000,3,weakly_unstable,0,1,52.16
0.765700,0.993600,40,2000000,500000,15566,7.98256410e-4,3.11320000e-2,0.893750,0.885360,-22.995000,1,metastable,1,1,38.52
0.705700,0.990670,40,2000000,500000,14406,7.38769231e-4,2.88120000e-2,-0.820000,-0.812870,-20.035000,1,metastable,1,1,39.61
0.665700,0.998370,40,2000000,500000,-133239,-6.83276923e-3,-2.66478000e-1,-0.011250,0.043044,-2.332500,1,stable,0,0,38.40
0.445700,0.912600,40,2000000,500000,58964,3.02379487e-3,1.17928000e-1,-0.225000,-0.313154,-1238.595000,1,weakly_unstable,0,1,73.42
0.445700,0.739600,40,2000000,500000,58282,2.98882051e-3,1.16564000e-1,0.155000,0.061532,-6809.625000,3,weakly_unstable,0,1,74.64
0.545700,0.986510,40,2000000,500000,-230881,-1.18400513e-2,-4.61762000e-1,0.001250,0.032215,-23.762500,1,stable,0,0,44.22
0.505700,0.966380,40,2000000,500000,-68126,-3.49364103e-3,-1.36252000e-1,0.018750,-0.149828,-225.697500,1,stable,0,0,52.10
0.945700,0.974860,40,2000000,500000,7384,3.78666667e-4,1.47680000e-2,0.086250,0.087744,-104.320000,3,weakly_unstable,0,1,42.14
0.465700,0.813810,40,2000000,500000,61071,3.13184615e-3,1.22142000e-1,-0.067500,-0.039576,-4320.967500,3,weakly_unstable,0,1,70.02
0.665700,0.959370,40,2000000,500000,26114,1.33917949e-3,5.22280000e-2,0.078750,0.034410,-379.707500,3,weakly_unstable,0,1,46.57
0.585700,0.997240,40,2000000,500000,-288344,-1.47868718e-2,-5.76688000e-1,-0.007500,0.014827,-6.287500,1,stable,0,0,40.73
0.765700,0.994600,40,2000000,500000,18184,9.32512821e-4,3.63680000e-2,0.842500,0.841203,-5.417500,1,metastable,1,1,38.59
0.485700,0.871940,40,2000000,500000,53413,2.73912821e-3,1.06826000e-1,0.190000,-0.008830,-2515.125000,3,weakly_unstable,0,1,63.66
0.665700,0.999370,40,2000000,500000,-172197,-8.83061538e-3,-3.44394000e-1,0.030000,0.009067,-2.127500,1,stable,0,0,38.32
0.705700,0.991670,40,2000000,500000,7240,3.71282051e-4,1.44800000e-2,-0.837500,-0.848513,-28.472500,1,metastable,1,1,39.45
0.585700,0.951240,40,2000000,500000,23448,1.20246154e-3,4.68960000e-2,-0.131250,-0.062157,-594.860000,3,weakly_unstable,0,1,51.43
0.465700,0.892810,40,2000000,500000,63764,3.26994872e-3,1.27528000e-1,0.005000,0.042076,-1936.282500,3,weakly_unstable,0,1,67.98
0.505700,0.926380,40,2000000,500000,43486,2.23005128e-3,8.69720000e-2,0.163750,0.148852,-1168.295000,3,weakly_unstable,0,1,61.06
0.445700,0.798600,40,2000000,500000,89748,4.60246154e-3,1.79496000e-1,-0.131250,0.008380,-4715.575000,3,weakly_unstable,0,1,72.67
0.545700,0.987510,40,2000000,500000,-236664,-1.21366154e-2,-4.73328000e-1,-0.046250,-0.064992,-41.432500,1,stable,0,0,43.69
0.945700,0.975860,40,2000000,500000,7875,4.03846154e-4,1.57500000e-2,0.071250,0.033123,-88.467500,3,weakly_unstable,0,1,42.18
0.585700,0.998240,40,2000000,500000,-303292,-1.55534359e-2,-6.06584000e-1,0.028750,0.027247,-2.627500,1,stable,0,0,40.21
0.505700,0.967380,40,2000000,500000,-118609,-6.08251282e-3,-2.37218000e-1,0.387500,0.240604,-199.972500,1,stable,0,0,50.70
0.665700,0.960370,40,2000000,500000,27504,1.41046154e-3,5.50080000e-2,-0.076250,-0.043080,-351.242500,3,weakly_unstable,0,1,45.72
0.765700,0.995600,40,2000000,500000,-9914,-5.08410256e-4,-1.98280000e-2,0.836250,0.852756,-6.132500,1,chaotic,0,0,37.40
0.665700,1.000000,40,2000000,500000,-176576,-9.05517949e-3,-3.53152000e-1,0.036250,0.011478,-1.922500,1,stable,0,0,38.11
0.445700,0.913600,40,2000000,500000,53430,2.74000000e-3,1.06860000e-1,-0.051250,0.088817,-1271.355000,3,weakly_unstable,0,1,74.05
0.705700,0.992670,40,2000000,500000,13627,6.98820513e-4,2.72540000e-2,0.656250,0.684860,-21.360000,1,metastable,1,1,39.59
0.445700,0.740600,40,2000000,500000,64350,3.30000000e-3,1.28700000e-1,0.058750,-0.002647,-6710.462500,3,weakly_unstable,0,1,74.86
0.465700,0.814810,40,2000000,500000,54034,2.77097436e-3,1.08068000e-1,-0.117500,-0.132993,-4260.160000,3,weakly_unstable,0,1,68.30
0.585700,0.952240,40,2000000,500000,29692,1.52266667e-3,5.93840000e-2,-0.111250,-0.045384,-574.317500,3,weakly_unstable,0,1,51.54
0.545700,0.988510,40,2000000,500000,-270587,-1.38762564e-2,-5.41174000e-1,0.018750,0.040873,-25.885000,1,stable,0,0,43.23
0.945700,0.976860,40,2000000,500000,7279,3.73282051e-4,1.45580000e-2,0.072500,0.064481,-75.860000,3,weakly_unstable,0,1,41.94
0.485700,0.872940,40,2000000,500000,62481,3.20415385e-3,1.24962000e-1,0.071250,0.027619,-2524.195000,3,weakly_unstable,0,1,63.26
0.605700,0.993140,40,2000000,500000,-162576,-8.33723077e-3,-3.25152000e-1,0.081250,0.071437,-19.585000,1,stable,0,0,40.60
0.505700,0.927380,40,2000000,500000,36801,1.88723077e-3,7.36020000e-2,0.056250,0.036894,-1028.360000,3,weakly_unstable,0,1,61.89
0.765700,0.996600,40,2000000,500000,1815,9.30769231e-5,3.63000000e-3,0.317500,0.359684,-5.690000,1,weakly_unstable,0,1,37.57
0.465700,0.893810,40,2000000,500000,72464,3.71610256e-3,1.44928000e-1,0.222500,0.029861,-1865.310000,3,weakly_unstable,0,1,69.39
0.665700,0.961370,40,2000000,500000,22004,1.12841026e-3,4.40080000e-2,-0.091250,-0.017514,-304.300000,3,weakly_unstable,0,1,46.88
0.505700,0.968380,40,2000000,500000,-151866,-7.78800000e-3,-3.03732000e-1,0.136250,0.156035,-179.562500,1,stable,0,0,50.50
0.705700,0.993670,40,2000000,500000,-8846,-4.53641026e-4,-1.76920000e-2,0.526250,0.515518,-14.065000,1,chaotic,0,0,38.39
0.685700,0.958740,40,2000000,500000,28328,1.45271795e-3,5.66560000e-2,-0.061250,-0.049997,-327.067500,3,weakly_unstable,0,1,45.66
0.445700,0.799600,40,2000000,500000,80157,4.11061538e-3,1.60314000e-1,0.023750,0.025899,-4746.847500,3,weakly_unstable,0,1,72.69
0.545700,0.989510,40,2000000,500000,-273341,-1.40174872e-2,-5.46682000e-1,-0.033750,-0.071933,-38.540000,1,stable,0,0,43.46
0.945700,0.977860,40,2000000,500000,6931,3.55435897e-4,1.38620000e-2,-0.070000,-0.093069,-71.862500,3,weakly_unstable,0,1,42.29
0.585700,0.953240,40,2000000,500000,36157,1.85420513e-3,7.23140000e-2,-0.063750,-0.026699,-581.780000,3,weakly_unstable,0,1,51.01
0.605700,0.994140,40,2000000,500000,-188491,-9.66620513e-3,-3.76982000e-1,-0.022500,-0.018915,-9.385000,1,stable,0,0,40.82
0.445700,0.914600,40,2000000,500000,63133,3.23758974e-3,1.26266000e-1,0.453750,0.333249,-1221.985000,1,weakly_unstable,0,1,71.98
0.765700,0.997600,40,2000000,500000,-38781,-1.98876923e-3,-7.75620000e-2,-0.048750,-0.010068,-5.362500,1,stable,0,0,37.34
0.465700,0.815810,40,2000000,500000,55359,2.83892308e-3,1.10718000e-1,-0.101250,0.052391,-4115.165000,3,weakly_unstable,0,1,67.87
0.445700,0.741600,40,2000000,500000,67291,3.45082051e-3,1.34582000e-1,0.062500,0.077061,-6635.220000,3,weakly_unstable,0,1,73.59
0.705700,0.994670,40,2000000,500000,-49214,-2.52379487e-3,-9.84280000e-2,0.120000,0.113780,-1.927500,1,stable,0,0,38.23
0.665700,0.962370,40,2000000,500000,21835,1.11974359e-3,4.36700000e-2,0.030000,0.030627,-304.632500,3,weakly_unstable,0,1,45.57
0.485700,0.912940,40,2000000,500000,52126,2.67312821e-3,1.04252000e-1,-0.032500,-0.073262,-1451.147500,3,weakly_unstable,0,1,65.02
0.505700,0.969380,40,2000000,500000,-131714,-6.75456410e-3,-2.63428000e-1,-0.072500,-0.070667,-237.937500,1,stable,0,0,50.49
0.685700,0.959740,40,2000000,500000,23899,1.22558974e-3,4.77980000e-2,-0.170000,-0.086586,-311.667500,3,weakly_unstable,0,1,46.02
0.505700,0.928380,40,2000000,500000,41264,2.11610256e-3,8.25280000e-2,-0.062500,-0.049181,-1051.310000,3,weakly_unstable,0,1,61.46
0.465700,0.894810,40,2000000,500000,73946,3.79210256e-3,1.47892000e-1,-0.180000,-0.022080,-1829.415000,3,weakly_unstable,0,1,69.19
0.545700,0.990510,40,2000000,500000,-310024,-1.58986667e-2,-6.20048000e-1,-0.042500,-0.044034,-31.500000,1,stable,0,0,42.88
0.945700,0.978860,40,2000000,500000,8085,4.14615385e-4,1.61700000e-2,-0.037500,-0.070084,-79.555000,3,weakly_unstable,0,1,41.59
0.765700,0.998600,40,2000000,500000,-59004,-3.02584615e-3,-1.18008000e-1,0.103750,0.111736,-2.075000,1,stable,0,0,37.28
0.605700,0.995140,40,2000000,500000,-200152,-1.02642051e-2,-4.00304000e-1,-0.061250,0.005633,-7.532500,1,stable,0,0,40.58
0.705700,0.995670,40,2000000,500000,-54433,-2.79143590e-3,-1.08866000e-1,0.067500,0.105047,-4.927500,1,stable,0,0,38.44
0.585700,0.954240,40,2000000,500000,29134,1.49405128e-3,5.82680000e-2,-0.172500,0.034730,-555.215000,3,weakly_unstable,0,1,52.43
0.445700,0.800600,40,2000000,500000,73368,3.76246154e-3,1.46736000e-1,0.025000,0.035505,-4732.100000,3,weakly_unstable,0,1,72.24
0.665700,0.963370,40,2000000,500000,20779,1.06558974e-3,4.15580000e-2,0.041250,-0.072137,-311.080000,3,weakly_unstable,0,1,46.34
0.685700,0.960740,40,2000000,500000,25783,1.32220513e-3,5.15660000e-2,0.015000,0.017660,-314.102500,3,weakly_unstable,0,1,45.55
0.505700,0.970380,40,2000000,500000,-161780,-8.29641026e-3,-3.23560000e-1,0.106250,0.042819,-161.040000,1,stable,0,0,49.71
0.465700,0.816810,40,2000000,500000,57888,2.96861538e-3,1.15776000e-1,0.162500,0.125996,-4135.582500,3,weakly_unstable,0,1,68.66
0.445700,0.915600,40,2000000,500000,52435,2.68897436e-3,1.04870000e-1,-0.176250,0.142458,-1185.447500,3,weakly_unstable,0,1,73.77
0.765700,0.999600,40,2000000,500000,-70336,-3.60697436e-3,-1.40672000e-1,-0.038750,-0.050918,-1.972500,1,stable,0,0,36.48
0.945700,0.979860,40,2000000,500000,7953,4.07846154e-4,1.59060000e-2,-0.040000,-0.036699,-39.380000,3,weakly_unstable,0,1,41.09
0.545700,0.991510,40,2000000,500000,-311797,-1.59895897e-2,-6.23594000e-1,-0.021250,0.010350,-27.800000,1,stable,0,0,42.81
0.605700,0.996140,40,2000000,500000,-223668,-1.14701538e-2,-4.47336000e-1,-0.086250,-0.060866,-3.770000,1,stable,0,0,39.69
0.445700,0.742600,40,2000000,500000,55739,2.85841026e-3,1.11478000e-1,0.112500,0.078957,-6666.397500,3,weakly_unstable,0,1,73.75
0.485700,0.913940,40,2000000,500000,53578,2.74758974e-3,1.07156000e-1,0.001250,0.079991,-1403.292500,3,weakly_unstable,0,1,63.48
0.705700,0.996670,40,2000000,500000,-65026,-3.33466667e-3,-1.30052000e-1,0.186250,0.180304,-2.737500,1,stable,0,0,38.26
0.505700,0.929380,40,2000000,500000,42612,2.18523077e-3,8.52240000e-2,-0.035000,0.011553,-1056.600000,3,weakly_unstable,0,1,61.79
0.585700,0.955240,40,2000000,500000,26073,1.33707692e-3,5.21460000e-2,-0.085000,-0.132661,-499.267500,3,weakly_unstable,0,1,51.27
0.465700,0.895810,40,2000000,500000,63345,3.24846154e-3,1.26690000e-1,0.123750,0.041411,-1834.697500,3,weakly_unstable,0,1,69.03
0.665700,0.964370,40,2000000,500000,24396,1.25107692e-3,4.87920000e-2,0.135000,0.024719,-298.615000,3,weakly_unstable,0,1,46.12
0.685700,0.961740,40,2000000,500000,26357,1.35164103e-3,5.27140000e-2,0.188750,0.106344,-304.670000,3,weakly_unstable,0,1,45.96
0.765700,1.000000,40,2000000,500000,-77811,-3.99030769e-3,-1.55622000e-1,0.027500,0.000998,-1.920000,1,stable,0,0,37.02
0.945700,0.980860,40,2000000,500000,7173,3.67846154e-4,1.43460000e-2,-0.045000,-0.039471,-61.185000,3,weakly_unstable,0,1,41.24
0.505700,0.971380,40,2000000,500000,-167222,-8.57548718e-3,-3.34444000e-1,0.142500,0.097262,-155.892500,1,stable,0,0,49.66
0.605700,0.997140,40,2000000,500000,-222374,-1.14037949e-2,-4.44748000e-1,-0.065000,-0.055670,-3.165000,1,stable,0,0,39.75
0.545700,0.992510,40,2000000,500000,-340502,-1.74616410e-2,-6.81004000e-1,-0.016250,-0.004343,-14.687500,1,stable,0,0,42.76
0.445700,0.836600,40,2000000,500000,95539,4.89943590e-3,1.91078000e-1,0.052500,0.055690,-3471.317500,3,weakly_unstable,0,1,72.73
0.705700,0.997670,40,2000000,500000,-86184,-4.41969231e-3,-1.72368000e-1,-0.055000,-0.067799,-4.115000,1,stable,0,0,38.05
0.465700,0.817810,40,2000000,500000,58025,2.97564103e-3,1.16050000e-1,-0.082500,-0.102982,-4117.750000,3,weakly_unstable,0,1,70.24
0.485700,0.914940,40,2000000,500000,50763,2.60323077e-3,1.01526000e-1,-0.037500,-0.040582,-1354.517500,3,weakly_unstable,0,1,63.59
0.445700,0.916600,40,2000000,500000,59154,3.03353846e-3,1.18308000e-1,-0.101250,0.146003,-1163.672500,3,weakly_unstable,0,1,73.72
0.505700,0.930380,40,2000000,500000,36966,1.89569231e-3,7.39320000e-2,0.105000,-0.012458,-1024.715000,3,weakly_unstable,0,1,61.83
0.585700,0.956240,40,2000000,500000,22756,1.16697436e-3,4.55120000e-2,0.278750,0.107173,-490.477500,3,weakly_unstable,0,1,51.59
0.665700,0.965370,40,2000000,500000,19942,1.02266667e-3,3.98840000e-2,-0.087500,-0.110635,-286.805000,3,weakly_unstable,0,1,46.69
0.445700,0.743600,40,2000000,500000,58466,2.99825641e-3,1.16932000e-1,-0.133750,-0.017231,-6625.787500,3,weakly_unstable,0,1,73.82
0.785700,0.965480,40,2000000,500000,16672,8.54974359e-4,3.33440000e-2,0.003750,0.041528,-237.920000,3,weakly_unstable,0,1,42.98
0.685700,0.962740,40,2000000,500000,26723,1.37041026e-3,5.34460000e-2,0.010000,-0.020103,-314.047500,3,weakly_unstable,0,1,45.94
0.605700,0.998140,40,2000000,500000,-257881,-1.32246667e-2,-5.15762000e-1,0.007500,0.008473,-0.582500,1,stable,0,0,40.30
0.705700,0.998670,40,2000000,500000,-96242,-4.93548718e-3,-1.92484000e-1,-0.097500,-0.096812,-2.237500,1,stable,0,0,38.04
0.945700,0.981860,40,2000000,500000,6519,3.34307692e-4,1.30380000e-2,0.046250,0.038626,-57.107500,3,weakly_unstable,0,1,42.43
0.545700,0.993510,40,2000000,500000,-346873,-1.77883590e-2,-6.93746000e-1,0.027500,0.038555,-14.612500,1,stable,0,0,43.53
0.505700,0.972380,40,2000000,500000,-163652,-8.39241026e-3,-3.27304000e-1,-0.143750,-0.100623,-164.975000,1,stable,0,0,49.62
0.465700,0.896810,40,2000000,500000,55518,2.84707692e-3,1.11036000e-1,-0.010000,0.013797,-1882.522500,3,weakly_unstable,0,1,70.15
0.445700,0.837600,40,2000000,500000,79754,4.08994872e-3,1.59508000e-1,-0.192500,0.017216,-3527.800000,3,weakly_unstable,0,1,73.20
0.665700,0.966370,40,2000000,500000,24188,1.24041026e-3,4.83760000e-2,0.083750,0.146530,-262.162500,3,weakly_unstable,0,1,47.30
0.785700,0.966480,40,2000000,500000,17166,8.80307692e-4,3.43320000e-2,0.085000,0.081209,-226.672500,3,weakly_unstable,0,1,43.05
0.705700,0.999670,40,2000000,500000,-123411,-6.32876923e-3,-2.46822000e-1,-0.008750,-0.021436,-1.997500,1,stable,0,0,37.95
0.605700,0.999140,40,2000000,500000,-271173,-1.39063077e-2,-5.42346000e-1,-0.032500,-0.014356,-2.297500,1,stable,0,0,39.96
0.945700,0.982860,40,2000000,500000,7373,3.78102564e-4,1.47460000e-2,0.183750,0.133946,-55.155000,3,weakly_unstable,0,1,42.29
0.585700,0.957240,40,2000000,500000,27305,1.40025641e-3,5.46100000e-2,0.127500,-0.048634,-479.505000,3,weakly_unstable,0,1,53.10
0.685700,0.963740,40,2000000,500000,22879,1.17328205e-3,4.57580000e-2,0.092500,0.108059,-299.877500,3,weakly_unstable,0,1,46.57
0.545700,0.994510,40,2000000,500000,-371038,-1.90275897e-2,-7.42076000e-1,-0.062500,-0.023780,-3.515000,1,stable,0,0,42.02
0.505700,0.931380,40,2000000,500000,47888,2.45579487e-3,9.57760000e-2,0.083750,0.020314,-1003.922500,3,weakly_unstable,0,1,60.35
0.465700,0.818810,40,2000000,500000,69068,3.54194872e-3,1.38136000e-1,-0.115000,0.014400,-4050.527500,3,weakly_unstable,0,1,67.59
0.485700,0.915940,40,2000000,500000,51012,2.61600000e-3,1.02024000e-1,-0.001250,0.122727,-1292.845000,3,weakly_unstable,0,1,66.72
0.505700,0.973380,40,2000000,500000,-203803,-1.04514359e-2,-4.07606000e-1,-0.106250,-0.059982,-133.687500,1,stable,0,0,48.96
0.445700,0.917600,40,2000000,500000,42664,2.18789744e-3,8.53280000e-2,-0.062500,0.182357,-1187.152500,3,weakly_unstable,0,1,73.83
0.445700,0.744600,40,2000000,500000,69726,3.57569231e-3,1.39452000e-1,-0.028750,0.005877,-6436.135000,3,weakly_unstable,0,1,74.59
0.705700,1.000000,40,2000000,500000,-126383,-6.48117949e-3,-2.52766000e-1,-0.008750,0.029300,-1.922500,1,stable,0,0,37.74
0.605700,1.000000,40,2000000,500000,-285217,-1.46265128e-2,-5.70434000e-1,-0.018750,0.015258,-2.022500,1,stable,0,0,39.73
0.785700,0.967480,40,2000000,500000,17616,9.03384615e-4,3.52320000e-2,0.051250,0.036123,-159.845000,3,weakly_unstable,0,1,42.63
0.465700,0.897810,40,2000000,500000,63078,3.23476923e-3,1.26156000e-1,-0.002500,-0.094358,-1780.262500,3,weakly_unstable,0,1,68.73
0.665700,0.967370,40,2000000,500000,21835,1.11974359e-3,4.36700000e-2,-0.010000,-0.038966,-285.865000,3,weakly_unstable,0,1,47.03
0.945700,0.983860,40,2000000,500000,6067,3.11128205e-4,1.21340000e-2,-0.052500,-0.043645,-21.627500,3,weakly_unstable,0,1,42.20
0.545700,0.995510,40,2000000,500000,-386339,-1.98122564e-2,-7.72678000e-1,0.052500,0.047929,-13.285000,1,stable,0,0,42.15
0.685700,0.964740,40,2000000,500000,27368,1.40348718e-3,5.47360000e-2,0.041250,0.067237,-286.402500,3,weakly_unstable,0,1,46.05
0.585700,0.958240,40,2000000,500000,25099,1.28712821e-3,5.01980000e-2,0.286250,0.155413,-455.297500,3,weakly_unstable,0,1,51.89
0.505700,0.974380,40,2000000,500000,-210110,-1.07748718e-2,-4.20220000e-1,-0.067500,-0.055308,-141.425000,1,stable,0,0,49.68
0.445700,0.838600,40,2000000,500000,74072,3.79856410e-3,1.48144000e-1,0.227500,0.056772,-3475.577500,3,weakly_unstable,0,1,73.35
0.505700,0.932380,40,2000000,500000,42838,2.19682051e-3,8.56760000e-2,0.135000,0.124388,-898.690000,3,weakly_unstable,0,1,61.25
0.485700,0.916940,40,2000000,500000,43997,2.25625641e-3,8.79940000e-2,0.203750,0.128643,-1275.682500,3,weakly_unstable,0,1,64.26
0.465700,0.819810,40,2000000,500000,57341,2.94056410e-3,1.14682000e-1,0.046250,-0.034898,-4038.562500,3,weakly_unstable,0,1,68.00
0.725700,0.962250,40,2000000,500000,23364,1.19815385e-3,4.67280000e-2,-0.111250,-0.063925,-321.872500,3,weakly_unstable,0,1,44.73
0.785700,0.968480,40,2000000,500000,20836,1.06851282e-3,4.16720000e-2,-0.127500,-0.019348,-183.522500,3,weakly_unstable,0,1,42.79
0.945700,0.984860,40,2000000,500000,7307,3.74717949e-4,1.46140000e-2,0.037500,0.029863,-32.615000,3,weakly_unstable,0,1,41.22
0.625700,0.949760,40,2000000,500000,32165,1.64948718e-3,6.43300000e-2,0.058750,0.160841,-513.660000,3,weakly_unstable,0,1,48.46
0.545700,0.996510,40,2000000,500000,-416266,-2.13469744e-2,-8.32532000e-1,-0.056250,-0.020144,-3.425000,1,stable,0,0,41.32
0.665700,0.968370,40,2000000,500000,23597,1.21010256e-3,4.71940000e-2,0.147500,0.126974,-246.067500,3,weakly_unstable,0,1,46.12
0.445700,0.918600,40,2000000,500000,52900,2.71282051e-3,1.05800000e-1,-0.103750,-0.182783,-1131.175000,1,weakly_unstable,0,1,71.81
0.685700,0.965740,40,2000000,500000,25782,1.32215385e-3,5.15640000e-2,-0.058750,-0.072729,-276.465000,3,weakly_unstable,0,1,46.70
0.445700,0.745600,40,2000000,500000,48642,2.49446154e-3,9.72840000e-2,0.085000,0.067149,-6474.140000,3,weakly_unstable,0,1,74.54
0.585700,0.959240,40,2000000,500000,21784,1.11712821e-3,4.35680000e-2,-0.120000,0.053591,-457.542500,3,weakly_unstable,0,1,51.65
0.465700,0.898810,40,2000000,500000,68772,3.52676923e-3,1.37544000e-1,0.117500,0.014181,-1762.750000,3,weakly_unstable,0,1,67.74
0.505700,0.975380,40,2000000,500000,-222541,-1.14123590e-2,-4.45082000e-1,-0.040000,0.012135,-131.107500,1,stable,0,0,48.74
0.725700,0.963250,40,2000000,500000,24828,1.27323077e-3,4.96560000e-2,-0.002500,0.014452,-251.542500,3,weakly_unstable,0,1,44.64
0.785700,0.969480,40,2000000,500000,20843,1.06887179e-3,4.16860000e-2,-0.043750,0.014963,-177.645000,3,weakly_unstable,0,1,42.56
0.945700,0.985860,40,2000000,500000,6059,3.10717949e-4,1.21180000e-2,-0.103750,-0.132312,-11.777500,3,weakly_unstable,0,1,41.87
0.505700,0.933380,40,2000000,500000,41685,2.13769231e-3,8.33700000e-2,-0.233750,-0.103525,-1004.010000,3,weakly_unstable,0,1,60.60
0.545700,0.997510,40,2000000,500000,-422484,-2.16658462e-2,-8.44968000e-1,0.061250,0.041559,-5.247500,1,stable,0,0,41.93
0.625700,0.950760,40,2000000,500000,30244,1.55097436e-3,6.04880000e-2,0.032500,0.053056,-546.477500,3,weakly_unstable,0,1,48.05
0.665700,0.969370,40,2000000,500000,20349,1.04353846e-3,4.06980000e-2,0.076250,0.031826,-242.305000,3,weakly_unstable,0,1,46.15
0.485700,0.917940,40,2000000,500000,56833,2.91451282e-3,1.13666000e-1,-0.241250,-0.028003,-1229.637500,3,weakly_unstable,0,1,63.47
0.445700,0.839600,40,2000000,500000,84255,4.32076923e-3,1.68510000e-1,0.043750,-0.020657,-3497.650000,3,weakly_unstable,0,1,71.94
0.685700,0.966740,40,2000000,500000,25756,1.32082051e-3,5.15120000e-2,0.017500,-0.043116,-230.402500,3,weakly_unstable,0,1,45.18
0.465700,0.820810,40,2000000,500000,62220,3.19076923e-3,1.24440000e-1,0.028750,0.096795,-3923.022500,3,weakly_unstable,0,1,67.38
0.585700,0.960240,40,2000000,500000,28230,1.44769231e-3,5.64600000e-2,0.110000,0.276087,-443.090000,3,weakly_unstable,0,1,51.66
0.505700,0.976380,40,2000000,500000,-243352,-1.24795897e-2,-4.86704000e-1,-0.125000,0.002265,-105.465000,1,stable,0,0,50.01
0.445700,0.919600,40,2000000,500000,65585,3.36333333e-3,1.31170000e-1,0.173750,0.380098,-1040.575000,1,weakly_unstable,0,1,73.32
0.785700,0.970480,40,2000000,500000,18352,9.41128205e-4,3.67040000e-2,0.036250,0.098718,-170.407500,3,weakly_unstable,0,1,43.03
0.725700,0.964250,40,2000000,500000,17904,9.18153846e-4,3.58080000e-2,-0.105000,-0.067468,-296.350000,3,weakly_unstable,0,1,44.25
0.945700,0.986860,40,2000000,500000,6898,3.53743590e-4,1.37960000e-2,0.181250,0.131651,-23.057500,3,weakly_unstable,0,1,42.39
0.545700,0.998510,40,2000000,500000,-439208,-2.25234872e-2,-8.78416000e-1,-0.002500,0.001889,-0.745000,1,stable,0,0,42.05
0.445700,0.746600,40,2000000,500000,64057,3.28497436e-3,1.28114000e-1,-0.057500,0.016398,-6508.892500,3,weakly_unstable,0,1,72.27
0.465700,0.899810,40,2000000,500000,67756,3.47466667e-3,1.35512000e-1,0.027500,-0.035411,-1771.802500,3,weakly_unstable,0,1,67.57
0.625700,0.951760,40,2000000,500000,25208,1.29271795e-3,5.04160000e-2,-0.037500,-0.043020,-497.592500,3,weakly_unstable,0,1,48.56
0.685700,0.967740,40,2000000,500000,22353,1.14630769e-3,4.47060000e-2,-0.081250,-0.070367,-246.150000,3,weakly_unstable,0,1,45.42
0.585700,0.970240,40,2000000,500000,12794,6.56102564e-4,2.55880000e-2,0.213750,0.170373,-261.017500,3,weakly_unstable,0,1,52.03
0.505700,0.934380,40,2000000,500000,25849,1.32558974e-3,5.16980000e-2,-0.018750,0.030624,-914.900000,3,weakly_unstable,0,1,61.34
0.485700,0.918940,40,2000000,500000,48971,2.51133333e-3,9.79420000e-2,-0.133750,-0.092021,-1255.705000,3,weakly_unstable,0,1,63.71
0.585700,0.961240,40,2000000,500000,23658,1.21323077e-3,4.73160000e-2,0.026250,0.091578,-395.252500,3,weakly_unstable,0,1,51.82
0.785700,0.971480,40,2000000,500000,16385,8.40256410e-4,3.27700000e-2,-0.086250,-0.081687,-150.905000,3,weakly_unstable,0,1,42.57
0.445700,0.840600,40,2000000,500000,78648,4.03323077e-3,1.57296000e-1,-0.156250,0.022610,-3378.540000,3,weakly_unstable,0,1,72.16
0.945700,0.987860,40,2000000,500000,7394,3.79179487e-4,1.47880000e-2,0.058750,0.082731,-21.895000,3,weakly_unstable,0,1,41.72
0.725700,0.965250,40,2000000,500000,21466,1.10082051e-3,4.29320000e-2,0.046250,0.012620,-264.107500,3,weakly_unstable,0,1,44.23
0.465700,0.821810,40,2000000,500000,69343,3.55605128e-3,1.38686000e-1,0.050000,0.067731,-4024.142500,3,weakly_unstable,0,1,67.87
0.505700,0.977380,40,2000000,500000,-270759,-1.38850769e-2,-5.41518000e-1,0.015000,0.021455,-99.515000,1,stable,0,0,48.41
0.545700,0.999510,40,2000000,500000,-461975,-2.36910256e-2,-9.23950000e-1,0.015000,-0.010085,-2.420000,1,stable,0,0,41.84
0.685700,0.968740,40,2000000,500000,23324,1.19610256e-3,4.66480000e-2,0.026250,-0.069028,-235.925000,3,weakly_unstable,0,1,45.31
0.625700,0.952760,40,2000000,500000,29571,1.51646154e-3,5.91420000e-2,-0.197500,-0.083701,-498.680000,3,weakly_unstable,0,1,49.20
0.445700,0.920600,40,2000000,500000,47784,2.45046154e-3,9.55680000e-2,-0.215000,0.235138,-1122.782500,1,weakly_unstable,0,1,73.00
0.585700,0.971240,40,2000000,500000,17357,8.90102564e-4,3.47140000e-2,-0.043750,-0.069639,-271.692500,3,weakly_unstable,0,1,52.28
0.465700,0.900810,40,2000000,500000,63877,3.27574359e-3,1.27754000e-1,-0.196250,0.026203,-1686.190000,3,weakly_unstable,0,1,68.26
0.445700,0.747600,40,2000000,500000,56432,2.89394872e-3,1.12864000e-1,-0.012500,0.027004,-6405.182500,3,weakly_unstable,0,1,73.58
0.505700,0.935380,40,2000000,500000,38779,1.98866667e-3,7.75580000e-2,-0.013750,-0.128997,-911.175000,3,weakly_unstable,0,1,60.84
0.945700,0.988860,40,2000000,500000,7628,3.91179487e-4,1.52560000e-2,0.106250,0.102406,-27.205000,3,weakly_unstable,0,1,41.66
0.785700,0.972480,40,2000000,500000,18707,9.59333333e-4,3.74140000e-2,0.098750,0.112675,-146.985000,3,weakly_unstable,0,1,42.78
0.545700,1.000000,40,2000000,500000,-466526,-2.39244103e-2,-9.33052000e-1,0.003750,-0.001495,-2.140000,1,stable,0,0,41.57
0.725700,0.966250,40,2000000,500000,24076,1.23466667e-3,4.81520000e-2,0.180000,0.112504,-254.775000,3,weakly_unstable,0,1,43.63
0.585700,0.962240,40,2000000,500000,18322,9.39589744e-4,3.66440000e-2,-0.015000,-0.076353,-428.172500,3,weakly_unstable,0,1,51.96
0.505700,0.978380,40,2000000,500000,-256878,-1.31732308e-2,-5.13756000e-1,0.071250,0.052536,-72.585000,1,stable,0,0,48.30
0.485700,0.919940,40,2000000,500000,44346,2.27415385e-3,8.86920000e-2,-0.072500,-0.049985,-1219.742500,3,weakly_unstable,0,1,63.66
0.685700,0.969740,40,2000000,500000,19941,1.02261538e-3,3.98820000e-2,0.050000,-0.008988,-216.127500,3,weakly_unstable,0,1,45.84
0.465700,0.822810,40,2000000,500000,66475,3.40897436e-3,1.32950000e-1,-0.021250,-0.100517,-3930.922500,3,weakly_unstable,0,1,68.57
0.625700,0.953760,40,2000000,500000,26797,1.37420513e-3,5.35940000e-2,0.120000,0.041078,-478.200000,3,weakly_unstable,0,1,49.00
0.445700,0.841600,40,2000000,500000,78107,4.00548718e-3,1.56214000e-1,-0.058750,-0.038410,-3430.892500,3,weakly_unstable,0,1,73.93
0.585700,0.972240,40,2000000,500000,10543,5.40666667e-4,2.10860000e-2,0.043750,-0.009459,-239.902500,3,weakly_unstable,0,1,52.47
0.945700,0.989860,40,2000000,500000,7341,3.76461538e-4,1.46820000e-2,0.096250,0.078764,-13.630000,3,weakly_unstable,0,1,41.89
0.785700,0.973480,40,2000000,500000,19913,1.02117949e-3,3.98260000e-2,-0.012500,-0.082066,-141.685000,3,weakly_unstable,0,1,42.87
0.725700,0.967250,40,2000000,500000,20800,1.06666667e-3,4.16000000e-2,0.043750,-0.056304,-216.372500,3,weakly_unstable,0,1,44.01
0.445700,0.921600,40,2000000,500000,35214,1.80584615e-3,7.04280000e-2,0.441250,0.428612,-1014.965000,1,metastable,1,1,68.72
0.505700,0.979380,40,2000000,500000,-286453,-1.46898974e-2,-5.72906000e-1,0.046250,0.068421,-68.462500,1,stable,0,0,48.10
0.565700,0.931600,40,2000000,500000,36067,1.84958974e-3,7.21340000e-2,-0.090000,-0.119100,-981.702500,3,weakly_unstable,0,1,54.35
0.585700,0.963240,40,2000000,500000,21050,1.07948718e-3,4.21000000e-2,-0.028750,-0.019094,-367.750000,3,weakly_unstable,0,1,52.21
0.465700,0.901810,40,2000000,500000,64424,3.30379487e-3,1.28848000e-1,0.102500,-0.014547,-1674.277500,3,weakly_unstable,0,1,68.77
0.505700,0.936380,40,2000000,500000,36197,1.85625641e-3,7.23940000e-2,0.200000,0.038548,-852.645000,3,weakly_unstable,0,1,61.54
0.445700,0.748600,40,2000000,500000,68538,3.51476923e-3,1.37076000e-1,0.087500,0.027338,-6429.807500,3,weakly_unstable,0,1,73.75
0.685700,0.970740,40,2000000,500000,20285,1.04025641e-3,4.05700000e-2,0.051250,0.033388,-205.682500,3,weakly_unstable,0,1,46.73
0.485700,0.920940,40,2000000,500000,47670,2.44461538e-3,9.53400000e-2,0.041250,0.058866,-1215.942500,3,weakly_unstable,0,1,64.52
0.625700,0.954760,40,2000000,500000,29300,1.50256410e-3,5.86000000e-2,-0.016250,-0.044662,-470.280000,3,weakly_unstable,0,1,49.21
0.945700,0.990860,40,2000000,500000,6636,3.40307692e-4,1.32720000e-2,0.023750,0.011619,-24.257500,3,weakly_unstable,0,1,41.83
0.585700,0.973240,40,2000000,500000,57175,2.93205128e-3,1.14350000e-1,0.783750,0.821799,-219.400000,1,metastable,1,1,45.31
0.785700,0.974480,40,2000000,500000,17579,9.01487179e-4,3.51580000e-2,0.093750,0.000836,-127.315000,3,weakly_unstable,0,1,43.11
0.725700,0.968250,40,2000000,500000,25335,1.29923077e-3,5.06700000e-2,-0.098750,-0.024525,-214.875000,3,weakly_unstable,0,1,44.16
0.465700,0.836810,40,2000000,500000,76358,3.91579487e-3,1.52716000e-1,-0.072500,-0.025410,-3489.400000,3,weakly_unstable,0,1,68.40
0.505700,0.980380,40,2000000,500000,-286946,-1.47151795e-2,-5.73892000e-1,-0.028750,0.009141,-101.635000,1,stable,0,0,48.06
0.445700,0.842600,40,2000000,500000,86639,4.44302564e-3,1.73278000e-1,-0.058750,0.042056,-3370.160000,3,weakly_unstable,0,1,73.54
0.565700,0.932600,40,2000000,500000,31452,1.61292308e-3,6.29040000e-2,-0.018750,0.026284,-896.697500,3,weakly_unstable,0,1,53.70
0.585700,0.964240,40,2000000,500000,31542,1.61753846e-3,6.30840000e-2,-0.271250,-0.211887,-366.432500,3,weakly_unstable,0,1,52.17
0.685700,0.971740,40,2000000,500000,21645,1.11000000e-3,4.32900000e-2,-0.006250,-0.088280,-201.347500,3,weakly_unstable,0,1,45.69
0.505700,0.937380,40,2000000,500000,34702,1.77958974e-3,6.94040000e-2,0.086250,-0.002011,-835.567500,3,weakly_unstable,0,1,61.39
0.445700,0.922600,40,2000000,500000,24913,1.27758974e-3,4.98260000e-2,0.450000,0.392825,-986.545000,1,weakly_unstable,0,1,67.71
0.945700,0.991860,40,2000000,500000,6744,3.45846154e-4,1.34880000e-2,-0.026250,0.013050,-23.257500,3,weakly_unstable,0,1,41.67
0.625700,0.955760,40,2000000,500000,26594,1.36379487e-3,5.31880000e-2,-0.035000,-0.041249,-444.520000,3,weakly_unstable,0,1,49.40
0.465700,0.902810,40,2000000,500000,56269,2.88558974e-3,1.12538000e-1,-0.100000,-0.021291,-1585.037500,3,weakly_unstable,0,1,68.41
0.785700,0.975480,40,2000000,500000,17795,9.12564103e-4,3.55900000e-2,0.010000,-0.000947,-95.427500,3,weakly_unstable,0,1,43.46
0.725700,0.969250,40,2000000,500000,23029,1.18097436e-3,4.60580000e-2,0.182500,0.058827,-219.425000,3,weakly_unstable,0,1,44.54
0.585700,0.974240,40,2000000,500000,38207,1.95933333e-3,7.64140000e-2,0.007500,-0.092251,-198.785000,3,weakly_unstable,0,1,51.61
0.485700,0.921940,40,2000000,500000,48912,2.50830769e-3,9.78240000e-2,-0.120000,-0.020639,-1137.865000,3,weakly_unstable,0,1,64.88
0.445700,0.749600,40,2000000,500000,77386,3.96851282e-3,1.54772000e-1,0.123750,-0.035036,-6459.245000,3,weakly_unstable,0,1,73.58
0.505700,0.981380,40,2000000,500000,-326683,-1.67529744e-2,-6.53366000e-1,0.040000,-0.033359,-73.517500,1,stable,0,0,47.10
0.685700,0.972740,40,2000000,500000,17380,8.91282051e-4,3.47600000e-2,0.050000,0.033452,-199.570000,3,weakly_unstable,0,1,45.91
0.565700,0.933600,40,2000000,500000,27567,1.41369231e-3,5.51340000e-2,0.026250,0.076984,-870.625000,3,weakly_unstable,0,1,53.02
0.585700,0.965240,40,2000000,500000,22336,1.14543590e-3,4.46720000e-2,0.155000,0.020836,-336.305000,3,weakly_unstable,0,1,51.80
0.465700,0.837810,40,2000000,500000,69003,3.53861538e-3,1.38006000e-1,-0.187500,-0.062874,-3493.177500,3,weakly_unstable,0,1,67.98
0.945700,0.992860,40,2000000,500000,5800,2.97435897e-4,1.16000000e-2,-0.061250,-0.065019,-8.255000,3,weakly_unstable,0,1,41.28
0.785700,0.976480,40,2000000,500000,18717,9.59846154e-4,3.74340000e-2,-0.061250,-0.006749,-146.395000,3,weakly_unstable,0,1,42.61
0.625700,0.956760,40,2000000,500000,25135,1.28897436e-3,5.02700000e-2,0.116250,-0.030247,-448.942500,3,weakly_unstable,0,1,48.69
0.445700,0.843600,40,2000000,500000,67958,3.48502564e-3,1.35916000e-1,0.061250,0.012142,-3284.942500,3,weakly_unstable,0,1,73.88
0.725700,0.970250,40,2000000,500000,26254,1.34635897e-3,5.25080000e-2,-0.103750,-0.001985,-217.160000,3,weakly_unstable,0,1,44.02
0.585700,0.975240,40,2000000,500000,30571,1.56774359e-3,6.11420000e-2,0.818750,0.802820,-143.307500,1,metastable,1,1,44.93
0.505700,0.938380,40,2000000,500000,32903,1.68733333e-3,6.58060000e-2,0.228750,-0.083567,-810.872500,3,weakly_unstable,0,1,61.92
0.445700,0.923600,40,2000000,500000,32258,1.65425641e-3,6.45160000e-2,0.065000,0.087451,-1020.130000,1,weakly_unstable,0,1,69.56
0.465700,0.903810,40,2000000,500000,60208,3.08758974e-3,1.20416000e-1,-0.026250,-0.030323,-1663.370000,3,weakly_unstable,0,1,67.42
0.505700,0.982380,40,2000000,500000,-323311,-1.65800513e-2,-6.46622000e-1,-0.090000,-0.080067,-84.385000,1,stable,0,0,47.03
0.485700,0.922940,40,2000000,500000,58454,2.99764103e-3,1.16908000e-1,-0.022500,-0.094374,-1162.785000,3,weakly_unstable,0,1,64.50
0.945700,0.993860,40,2000000,500000,5574,2.85846154e-4,1.11480000e-2,0.041250,0.061388,-14.002500,3,weakly_unstable,0,1,40.91
0.685700,0.973740,40,2000000,500000,18064,9.26358974e-4,3.61280000e-2,0.137500,0.037317,-166.305000,3,weakly_unstable,0,1,45.70
0.785700,0.977480,40,2000000,500000,15304,7.84820513e-4,3.06080000e-2,0.001250,-0.029253,-84.605000,3,weakly_unstable,0,1,42.66
0.445700,0.750600,40,2000000,500000,66735,3.42230769e-3,1.33470000e-1,0.200000,0.111688,-6373.435000,3,weakly_unstable,0,1,73.65
0.585700,0.966240,40,2000000,500000,25059,1.28507692e-3,5.01180000e-2,0.066250,0.168529,-339.580000,3,weakly_unstable,0,1,51.85
0.565700,0.934600,40,2000000,500000,35415,1.81615385e-3,7.08300000e-2,0.043750,0.084815,-890.837500,3,weakly_unstable,0,1,53.14
0.725700,0.971250,40,2000000,500000,22197,1.13830769e-3,4.43940000e-2,-0.115000,-0.112931,-183.980000,3,weakly_unstable,0,1,44.47
0.625700,0.957760,40,2000000,500000,25202,1.29241026e-3,5.04040000e-2,0.031250,0.097163,-432.835000,3,weakly_unstable,0,1,48.92
0.585700,0.976240,40,2000000,500000,38141,1.95594872e-3,7.62820000e-2,-0.797500,-0.793450,-130.900000,1,metastable,1,1,45.60
0.465700,0.838810,40,2000000,500000,48228,2.47323077e-3,9.64560000e-2,0.178750,0.080936,-3405.210000,3,weakly_unstable,0,1,68.19
0.505700,0.939380,40,2000000,500000,34519,1.77020513e-3,6.90380000e-2,-0.121250,-0.081773,-802.017500,3,weakly_unstable,0,1,60.64
0.505700,0.983380,40,2000000,500000,-351810,-1.80415385e-2,-7.03620000e-1,0.045000,0.008200,-62.900000,1,stable,0,0,47.27
0.945700,0.994860,40,2000000,500000,5043,2.58615385e-4,1.00860000e-2,-0.112500,-0.145965,-7.692500,3,weakly_unstable,0,1,41.86
0.445700,0.844600,40,2000000,500000,96828,4.96553846e-3,1.93656000e-1,0.027500,0.085579,-3398.442500,3,weakly_unstable,0,1,73.82
0.685700,0.974740,40,2000000,500000,16880,8.65641026e-4,3.37600000e-2,-0.058750,-0.049546,-173.245000,3,weakly_unstable,0,1,45.62
0.785700,0.978480,40,2000000,500000,16834,8.63282051e-4,3.36680000e-2,-0.112500,-0.082922,-96.950000,3,weakly_unstable,0,1,42.89
0.445700,0.924600,40,2000000,500000,30551,1.56671795e-3,6.11020000e-2,0.083750,-0.086052,-949.267500,1,weakly_unstable,0,1,70.15
0.465700,0.904810,40,2000000,500000,51363,2.63400000e-3,1.02726000e-1,0.007500,0.012892,-1556.302500,3,weakly_unstable,0,1,68.58
0.585700,0.967240,40,2000000,500000,23213,1.19041026e-3,4.64260000e-2,-0.066250,-0.015914,-312.437500,3,weakly_unstable,0,1,51.96
0.725700,0.972250,40,2000000,500000,19241,9.86717949e-4,3.84820000e-2,-0.122500,-0.048949,-189.637500,3,weakly_unstable,0,1,44.78
0.565700,0.935600,40,2000000,500000,27142,1.39189744e-3,5.42840000e-2,0.182500,-0.033555,-960.580000,3,weakly_unstable,0,1,53.12
0.485700,0.923940,40,2000000,500000,47560,2.43897436e-3,9.51200000e-2,-0.017500,-0.036469,-1128.280000,3,weakly_unstable,0,1,63.89
0.585700,0.977240,40,2000000,500000,14659,7.51743590e-4,2.93180000e-2,-0.795000,-0.801701,-134.022500,1,metastable,1,1,44.71
0.625700,0.958760,40,2000000,500000,22440,1.15076923e-3,4.48800000e-2,0.122500,0.080371,-415.167500,3,weakly_unstable,0,1,48.89
0.445700,0.751600,40,2000000,500000,52293,2.68169231e-3,1.04586000e-1,-0.048750,0.000925,-6285.415000,3,weakly_unstable,0,1,73.40
0.945700,0.995860,40,2000000,500000,3414,1.75076923e-4,6.82800000e-3,0.080000,0.078554,-3.862500,3,weakly_unstable,0,1,41.69
0.505700,0.984380,40,2000000,500000,-376821,-1.93241538e-2,-7.53642000e-1,0.045000,0.015674,-56.627500,1,stable,0,0,46.65
0.785700,0.979480,40,2000000,500000,16093,8.25282051e-4,3.21860000e-2,0.002500,0.046618,-77.147500,3,weakly_unstable,0,1,43.03
0.465700,0.839810,40,2000000,500000,66248,3.39733333e-3,1.32496000e-1,-0.011250,-0.047771,-3490.187500,3,weakly_unstable,0,1,68.22
0.685700,0.975740,40,2000000,500000,23830,1.22205128e-3,4.76600000e-2,0.205000,0.227448,-162.167500,3,weakly_unstable,0,1,47.43
0.505700,0.940380,40,2000000,500000,31655,1.62333333e-3,6.33100000e-2,-0.182500,-0.091534,-785.917500,3,weakly_unstable,0,1,61.34
0.725700,0.973250,40,2000000,500000,19335,9.91538462e-4,3.86700000e-2,-0.201250,-0.131782,-138.875000,3,weakly_unstable,0,1,44.49
0.585700,0.978240,40,2000000,500000,10389,5.32769231e-4,2.07780000e-2,0.772500,0.773989,-113.752500,1,metastable,1,1,44.95
0.585700,0.968240,40,2000000,500000,23534,1.20687179e-3,4.70680000e-2,0.053750,-0.061005,-306.170000,3,weakly_unstable,0,1,52.04
0.625700,0.959760,40,2000000,500000,20985,1.07615385e-3,4.19700000e-2,-0.122500,-0.103136,-351.725000,3,weakly_unstable,0,1,49.70
0.565700,0.936600,40,2000000,500000,34103,1.74887179e-3,6.82060000e-2,0.116250,0.062332,-831.552500,3,weakly_unstable,0,1,53.99
0.445700,0.845600,40,2000000,500000,71618,3.67271795e-3,1.43236000e-1,-0.088750,-0.066710,-3133.670000,3,weakly_unstable,0,1,72.71
0.445700,0.925600,40,2000000,500000,13596,6.97230769e-4,2.71920000e-2,-0.327500,-0.324002,-929.130000,1,weakly_unstable,0,1,68.07
0.945700,0.996860,40,2000000,500000,4297,2.20358974e-4,8.59400000e-3,0.130000,0.118894,-3.977500,3,weakly_unstable,0,1,41.95
0.465700,0.905810,40,2000000,500000,59320,3.04205128e-3,1.18640000e-1,0.097500,0.094670,-1513.685000,3,weakly_unstable,0,1,68.74
0.485700,0.924940,40,2000000,500000,42355,2.17205128e-3,8.47100000e-2,-0.212500,-0.012454,-1115.750000,3,weakly_unstable,0,1,65.21
0.505700,0.985380,40,2000000,500000,-371721,-1.90626154e-2,-7.43442000e-1,0.038750,0.021092,-57.630000,1,stable,0,0,47.40
0.785700,0.980480,40,2000000,500000,15990,8.20000000e-4,3.19800000e-2,-0.030000,0.002020,-94.792500,3,weakly_unstable,0,1,43.55
0.685700,0.976740,40,2000000,500000,15979,8.19435897e-4,3.19580000e-2,-0.038750,-0.004519,-168.035000,3,weakly_unstable,0,1,46.35
0.725700,0.974250,40,2000000,500000,17703,9.07846154e-4,3.54060000e-2,0.023750,-0.065181,-166.992500,3,weakly_unstable,0,1,44.16
0.585700,0.979240,40,2000000,500000,-10731,-5.50307692e-4,-2.14620000e-2,0.697500,0.720931,-100.477500,1,chaotic,0,0,43.85
0.445700,0.752600,40,2000000,500000,68387,3.50702564e-3,1.36774000e-1,0.116250,-0.029939,-6341.525000,3,weakly_unstable,0,1,73.69
0.505700,0.941380,40,2000000,500000,31678,1.62451282e-3,6.33560000e-2,-0.113750,0.005223,-771.120000,3,weakly_unstable,0,1,61.05
0.465700,0.840810,40,2000000,500000,60186,3.08646154e-3,1.20372000e-1,0.018750,0.076554,-3353.412500,3,weakly_unstable,0,1,68.62
0.585700,0.969240,40,2000000,500000,20903,1.07194872e-3,4.18060000e-2,0.045000,0.075586,-299.340000,3,weakly_unstable,0,1,51.19
0.625700,0.960760,40,2000000,500000,25239,1.29430769e-3,5.04780000e-2,0.175000,0.075482,-380.297500,3,weakly_unstable,0,1,49.26
0.945700,0.997860,40,2000000,500000,2934,1.50461538e-4,5.86800000e-3,-0.242500,-0.223843,-5.545000,3,weakly_unstable,0,1,42.55
0.565700,0.937600,40,2000000,500000,34584,1.77353846e-3,6.91680000e-2,-0.038750,0.044158,-787.290000,3,weakly_unstable,0,1,53.72
0.505700,0.986380,40,2000000,500000,-399425,-2.04833333e-2,-7.98850000e-1,-0.016250,-0.008549,-55.500000,1,stable,0,0,46.31
0.785700,0.981480,40,2000000,500000,15679,8.04051282e-4,3.13580000e-2,-0.061250,-0.050310,-81.990000,3,weakly_unstable,0,1,43.11
0.685700,0.977740,40,2000000,500000,16703,8.56564103e-4,3.34060000e-2,0.038750,0.085034,-125.097500,3,weakly_unstable,0,1,46.46
0.445700,0.926600,40,2000000,500000,29895,1.53307692e-3,5.97900000e-2,-0.241250,-0.102879,-867.425000,1,weakly_unstable,0,1,67.86
0.445700,0.846600,40,2000000,500000,97953,5.02323077e-3,1.95906000e-1,-0.026250,-0.018463,-3196.512500,3,weakly_unstable,0,1,73.56
0.485700,0.925940,40,2000000,500000,38758,1.98758974e-3,7.75160000e-2,-0.137500,-0.076404,-1129.615000,3,weakly_unstable,0,1,64.63
0.465700,0.906810,40,2000000,500000,52440,2.68923077e-3,1.04880000e-1,0.032500,-0.032281,-1484.922500,3,weakly_unstable,0,1,68.82
0.725700,0.975250,40,2000000,500000,20372,1.04471795e-3,4.07440000e-2,0.133750,0.155903,-144.440000,3,weakly_unstable,0,1,44.65
0.585700,0.980240,40,2000000,500000,-16692,-8.56000000e-4,-3.33840000e-2,0.623750,0.529078,-88.315000,1,chaotic,0,0,44.71
0.945700,0.998860,40,2000000,500000,4142,2.12410256e-4,8.28400000e-3,0.881250,0.827943,-2.392500,1,metastable,1,1,38.31
0.625700,0.961760,40,2000000,500000,27019,1.38558974e-3,5.40380000e-2,-0.011250,-0.038969,-379.945000,3,weakly_unstable,0,1,49.91
0.505700,0.942380,40,2000000,500000,37134,1.90430769e-3,7.42680000e-2,0.277500,0.069465,-766.100000,3,weakly_unstable,0,1,61.62
0.565700,0.938600,40,2000000,500000,33049,1.69482051e-3,6.60980000e-2,0.155000,0.191699,-817.627500,3,weakly_unstable,0,1,53.17
0.785700,0.982480,40,2000000,500000,13898,7.12717949e-4,2.77960000e-2,0.028750,0.034819,-75.360000,3,weakly_unstable,0,1,43.52
0.505700,0.987380,40,2000000,500000,-438410,-2.24825641e-2,-8.76820000e-1,0.022500,-0.042765,-40.060000,1,stable,0,0,45.93
0.485700,0.929940,40,2000000,500000,40294,2.06635897e-3,8.05880000e-2,0.035000,0.093903,-957.290000,3,weakly_unstable,0,1,64.39
0.445700,0.753600,40,2000000,500000,53559,2.74661538e-3,1.07118000e-1,-0.012500,0.008138,-6244.527500,3,weakly_unstable,0,1,74.70
0.465700,0.841810,40,2000000,500000,68505,3.51307692e-3,1.37010000e-1,0.051250,-0.024838,-3353.605000,3,weakly_unstable,0,1,67.97
0.685700,0.978740,40,2000000,500000,14572,7.47282051e-4,2.91440000e-2,0.048750,0.051095,-146.360000,3,weakly_unstable,0,1,46.88
0.725700,0.976250,40,2000000,500000,16760,8.59487179e-4,3.35200000e-2,-0.117500,-0.101796,-174.930000,3,weakly_unstable,0,1,44.39
0.585700,0.981240,40,2000000,500000,-19432,-9.96512821e-4,-3.88640000e-2,0.345000,0.282550,-81.680000,1,stable,0,0,44.57
0.945700,0.999860,40,2000000,500000,-16800,-8.61538462e-4,-3.36000000e-2,-0.021250,-0.003508,-1.937500,1,stable,0,0,36.03
0.445700,0.927600,40,2000000,500000,-23920,-1.22666667e-3,-4.78400000e-2,-0.461250,-0.197970,-861.002500,1,stable,0,0,66.48
0.485700,0.926940,40,2000000,500000,43788,2.24553846e-3,8.75760000e-2,0.012500,0.048613,-1049.605000,3,weakly_unstable,0,1,66.09
0.465700,0.907810,40,2000000,500000,52710,2.70307692e-3,1.05420000e-1,0.143750,-0.024081,-1540.432500,3,weakly_unstable,0,1,68.65
0.445700,0.847600,40,2000000,500000,92701,4.75389744e-3,1.85402000e-1,0.025000,0.045817,-3267.657500,3,weakly_unstable,0,1,72.51
0.625700,0.962760,40,2000000,500000,27860,1.42871795e-3,5.57200000e-2,-0.030000,-0.053618,-360.640000,3,weakly_unstable,0,1,49.68
0.785700,0.983480,40,2000000,500000,12931,6.63128205e-4,2.58620000e-2,-0.237500,-0.213848,-65.390000,3,weakly_unstable,0,1,43.23
0.505700,0.988380,40,2000000,500000,-441460,-2.26389744e-2,-8.82920000e-1,0.030000,0.016318,-33.340000,1,stable,0,0,45.77
0.565700,0.939600,40,2000000,500000,34362,1.76215385e-3,6.87240000e-2,0.138750,0.086455,-776.855000,3,weakly_unstable,0,1,53.53
0.945700,1.000000,40,2000000,500000,-18718,-9.59897436e-4,-3.74360000e-2,-0.008750,0.024978,-1.932500,1,stable,0,0,35.62
0.685700,0.979740,40,2000000,500000,11340,5.81538462e-4,2.26800000e-2,0.003750,-0.009484,-139.930000,3,weakly_unstable,0,1,46.12
0.505700,0.943380,40,2000000,500000,30086,1.54287179e-3,6.01720000e-2,-0.001250,-0.131885,-672.792500,3,weakly_unstable,0,1,62.13
0.725700,0.977250,40,2000000,500000,21558,1.10553846e-3,4.31160000e-2,-0.005000,0.077263,-146.417500,3,weakly_unstable,0,1,43.90
0.585700,0.982240,40,2000000,500000,-19157,-9.82410256e-4,-3.83140000e-2,0.006250,-0.107652,-47.262500,1,stable,0,0,43.69
0.485700,0.930940,40,2000000,500000,34358,1.76194872e-3,6.87160000e-2,-0.178750,-0.023337,-945.337500,3,weakly_unstable,0,1,64.75
0.465700,0.842810,40,2000000,500000,64296,3.29723077e-3,1.28592000e-1,-0.126250,0.087920,-3301.575000,3,weakly_unstable,0,1,68.00
0.445700,0.754600,40,2000000,500000,66490,3.40974359e-3,1.32980000e-1,-0.007500,-0.027712,-6076.880000,3,weakly_unstable,0,1,74.79
0.785700,0.984480,40,2000000,500000,12644,6.48410256e-4,2.52880000e-2,0.043750,0.035742,-60.425000,3,weakly_unstable,0,1,42.61
0.625700,0.963760,40,2000000,500000,19602,1.00523077e-3,3.92040000e-2,-0.023750,0.160279,-325.032500,3,weakly_unstable,0,1,49.36
0.505700,0.989380,40,2000000,500000,-435350,-2.23256410e-2,-8.70700000e-1,0.020000,-0.008285,-29.030000,1,stable,0,0,45.77
0.965700,0.969040,40,2000000,500000,6583,3.37589744e-4,1.31660000e-2,0.030000,0.068779,-125.000000,3,weakly_unstable,0,1,42.63
0.485700,0.927940,40,2000000,500000,44272,2.27035897e-3,8.85440000e-2,-0.093750,-0.094637,-1008.135000,3,weakly_unstable,0,1,64.71
0.445700,0.928600,40,2000000,500000,-8801,-4.51333333e-4,-1.76020000e-2,-0.342500,-0.388293,-864.192500,1,stable,0,0,66.58
0.685700,0.980740,40,2000000,500000,17843,9.15025641e-4,3.56860000e-2,0.021250,0.051469,-118.402500,3,weakly_unstable,0,1,46.44
0.725700,0.978250,40,2000000,500000,19974,1.02430769e-3,3.99480000e-2,0.056250,-0.064477,-142.795000,3,weakly_unstable,0,1,44.73
0.585700,0.983240,40,2000000,500000,-56952,-2.92061538e-3,-1.13904000e-1,-0.398750,-0.391023,-74.042500,1,stable,0,0,42.74
0.565700,0.940600,40,2000000,500000,34047,1.74600000e-3,6.80940000e-2,0.130000,0.056479,-747.807500,3,weakly_unstable,0,1,53.43
0.465700,0.908810,40,2000000,500000,50375,2.58333333e-3,1.00750000e-1,0.161250,-0.017528,-1431.942500,3,weakly_unstable,0,1,67.99
0.445700,0.848600,40,2000000,500000,78412,4.02112821e-3,1.56824000e-1,0.018750,-0.109107,-3188.502500,3,weakly_unstable,0,1,72.51
0.505700,0.944380,40,2000000,500000,34538,1.77117949e-3,6.90760000e-2,0.058750,-0.068221,-676.475000,3,weakly_unstable,0,1,62.45
0.785700,0.985480,40,2000000,500000,13935,7.14615385e-4,2.78700000e-2,-0.052500,-0.071460,-69.282500,3,weakly_unstable,0,1,43.28
0.625700,0.984760,40,2000000,500000,4778,2.45025641e-4,9.55600000e-3,0.746250,0.739312,-60.680000,1,metastable,1,1,41.93
0.485700,0.931940,40,2000000,500000,42931,2.20158974e-3,8.58620000e-2,-0.195000,0.049169,-938.380000,3,weakly_unstable,0,1,64.98
0.505700,0.990380,40,2000000,500000,-453106,-2.32362051e-2,-9.06212000e-1,0.037500,0.022607,-33.485000,1,stable,0,0,45.70
0.965700,0.970040,40,2000000,500000,7246,3.71589744e-4,1.44920000e-2,-0.138750,-0.096700,-144.912500,3,weakly_unstable,0,1,42.00
0.465700,0.843810,40,2000000,500000,64329,3.29892308e-3,1.28658000e-1,0.211250,0.090170,-3411.887500,3,weakly_unstable,0,1,68.18
0.585700,0.984240,40,2000000,500000,-78877,-4.04497436e-3,-1.57754000e-1,-0.397500,-0.395561,-62.105000,1,stable,0,0,43.11
0.725700,0.979250,40,2000000,500000,16903,8.66820513e-4,3.38060000e-2,0.032500,-0.024254,-117.282500,3,weakly_unstable,0,1,44.67
0.685700,0.981740,40,2000000,500000,11915,6.11025641e-4,2.38300000e-2,-0.041250,0.005816,-116.580000,3,weakly_unstable,0,1,46.73
0.445700,0.755600,40,2000000,500000,60753,3.11553846e-3,1.21506000e-1,0.100000,-0.010777,-6229.180000,3,weakly_unstable,0,1,74.58
0.565700,0.941600,40,2000000,500000,27643,1.41758974e-3,5.52860000e-2,-0.102500,-0.033636,-748.570000,3,weakly_unstable,0,1,52.68
0.485700,0.928940,40,2000000,500000,41397,2.12292308e-3,8.27940000e-2,0.000000,0.048095,-956.850000,3,weakly_unstable,0,1,64.71
0.445700,0.929600,40,2000000,500000,-26132,-1.34010256e-3,-5.22640000e-2,0.250000,0.052797,-861.267500,1,stable,0,0,65.46
0.785700,0.986480,40,2000000,500000,11257,5.77282051e-4,2.25140000e-2,-0.153750,-0.128121,-54.205000,3,weakly_unstable,0,1,43.45
0.625700,0.985760,40,2000000,500000,-6918,-3.54769231e-4,-1.38360000e-2,0.720000,0.762076,-56.047500,1,chaotic,0,0,41.76
0.465700,0.909810,40,2000000,500000,45527,2.33471795e-3,9.10540000e-2,-0.190000,-0.049084,-1418.802500,3,weakly_unstable,0,1,68.66
0.965700,0.971040,40,2000000,500000,5977,3.06512821e-4,1.19540000e-2,-0.010000,-0.006154,-170.155000,3,weakly_unstable,0,1,41.26
0.505700,0.991380,40,2000000,500000,-486916,-2.49700513e-2,-9.73832000e-1,0.012500,0.002742,-26.305000,1,stable,0,0,45.48
0.505700,0.945380,40,2000000,500000,37320,1.91384615e-3,7.46400000e-2,-0.040000,-0.004247,-634.060000,3,weakly_unstable,0,1,62.90
0.445700,0.849600,40,2000000,500000,60771,3.11646154e-3,1.21542000e-1,-0.180000,-0.081541,-3157.672500,3,weakly_unstable,0,1,73.54
0.725700,0.980250,40,2000000,500000,19723,1.01143590e-3,3.94460000e-2,-0.063750,-0.114204,-116.727500,3,weakly_unstable,0,1,44.22
0.685700,0.982740,40,2000000,500000,15269,7.83025641e-4,3.05380000e-2,-0.017500,-0.162920,-111.587500,3,weakly_unstable,0,1,46.14
0.485700,0.932940,40,2000000,500000,31269,1.60353846e-3,6.25380000e-2,0.000000,-0.009628,-887.670000,3,weakly_unstable,0,1,64.95
0.465700,0.844810,40,2000000,500000,53930,2.76564103e-3,1.07860000e-1,0.038750,-0.002291,-3312.852500,3,weakly_unstable,0,1,67.51
0.565700,0.942600,40,2000000,500000,30040,1.54051282e-3,6.00800000e-2,0.122500,-0.068359,-773.850000,3,weakly_unstable,0,1,53.35
0.785700,0.987480,40,2000000,500000,13249,6.79435897e-4,2.64980000e-2,-0.120000,-0.094403,-43.555000,3,weakly_unstable,0,1,42.83
0.625700,0.986760,40,2000000,500000,-24602,-1.26164103e-3,-4.92040000e-2,-0.086250,-0.096858,-41.345000,1,stable,0,0,42.10
0.465700,0.919810,40,2000000,500000,45265,2.32128205e-3,9.05300000e-2,0.062500,-0.005466,-1088.877500,3,weakly_unstable,0,1,68.43
0.965700,0.972040,40,2000000,500000,6910,3.54358974e-4,1.38200000e-2,0.035000,0.002313,-165.540000,3,weakly_unstable,0,1,41.83
0.505700,0.992380,40,2000000,500000,-483634,-2.48017436e-2,-9.67268000e-1,-0.017500,-0.005630,-14.512500,1,stable,0,0,45.95
0.445700,0.756600,40,2000000,500000,64947,3.33061538e-3,1.29894000e-1,0.017500,0.062349,-6126.187500,3,weakly_unstable,0,1,74.54
0.465700,0.911810,40,2000000,500000,50339,2.58148718e-3,1.00678000e-1,0.045000,0.097431,-1406.407500,3,weakly_unstable,0,1,68.04
0.445700,0.930600,40,2000000,500000,-6780,-3.47692308e-4,-1.35600000e-2,0.070000,0.129111,-790.605000,1,stable,0,0,67.24
0.725700,0.981250,40,2000000,500000,15431,7.91333333e-4,3.08620000e-2,-0.131250,-0.167582,-99.587500,3,weakly_unstable,0,1,45.80
0.685700,0.983740,40,2000000,500000,6442,3.30358974e-4,1.28840000e-2,-0.228750,-0.289704,-111.057500,3,weakly_unstable,0,1,47.42
0.465700,0.910810,40,2000000,500000,52186,2.67620513e-3,1.04372000e-1,-0.037500,0.036923,-1487.572500,3,weakly_unstable,0,1,69.10
0.505700,0.946380,40,2000000,500000,34653,1.77707692e-3,6.93060000e-2,-0.010000,-0.015470,-660.162500,3,weakly_unstable,0,1,61.88
0.445700,0.850600,40,2000000,500000,84018,4.30861538e-3,1.68036000e-1,0.072500,-0.055726,-3123.965000,3,weakly_unstable,0,1,71.74
0.625700,0.987760,40,2000000,500000,-37865,-1.94179487e-3,-7.57300000e-2,0.275000,0.322389,-34.390000,1,stable,0,0,41.90
0.785700,0.988480,40,2000000,500000,11981,6.14410256e-4,2.39620000e-2,0.008750,-0.017231,-39.900000,3,weakly_unstable,0,1,43.28
0.965700,0.973040,40,2000000,500000,7197,3.69076923e-4,1.43940000e-2,0.062500,0.060038,-113.207500,3,weakly_unstable,0,1,41.78
0.485700,0.933940,40,2000000,500000,48252,2.47446154e-3,9.65040000e-2,-0.007500,0.211385,-873.760000,3,weakly_unstable,0,1,64.82
0.565700,0.943600,40,2000000,500000,34036,1.74543590e-3,6.80720000e-2,0.123750,0.005446,-696.910000,3,weakly_unstable,0,1,53.20
0.505700,0.993380,40,2000000,500000,-518846,-2.66074872e-2,-1.03769200e0,-0.027500,0.003274,-15.397500,1,stable,0,0,44.93
0.465700,0.845810,40,2000000,500000,69858,3.58246154e-3,1.39716000e-1,-0.035000,-0.087935,-3357.907500,3,weakly_unstable,0,1,69.47
0.725700,0.982250,40,2000000,500000,17724,9.08923077e-4,3.54480000e-2,-0.227500,-0.235070,-102.235000,3,weakly_unstable,0,1,44.64
0.465700,0.920810,40,2000000,500000,38287,1.96343590e-3,7.65740000e-2,-0.212500,-0.039490,-1136.315000,3,weakly_unstable,0,1,68.78
0.445700,0.931600,40,2000000,500000,-16533,-8.47846154e-4,-3.30660000e-2,0.348750,0.248857,-826.492500,1,stable,0,0,66.20
0.625700,0.988760,40,2000000,500000,-49003,-2.51297436e-3,-9.80060000e-2,-0.122500,-0.127989,-25.942500,1,stable,0,0,41.64
0.465700,0.912810,40,2000000,500000,62949,3.22815385e-3,1.25898000e-1,-0.140000,0.027894,-1396.120000,3,weakly_unstable,0,1,67.86
0.785700,0.989480,40,2000000,500000,7326,3.75692308e-4,1.46520000e-2,-0.012500,0.067965,-31.175000,3,weakly_unstable,0,1,43.29
0.445700,0.757600,40,2000000,500000,65007,3.33369231e-3,1.30014000e-1,0.148750,0.039376,-6310.267500,3,weakly_unstable,0,1,74.23
0.965700,0.974040,40,2000000,500000,6328,3.24512821e-4,1.26560000e-2,-0.093750,-0.093874,-122.680000,3,weakly_unstable,0,1,42.13
0.445700,0.934600,40,2000000,500000,-59172,-3.03446154e-3,-1.18344000e-1,-0.017500,0.015582,-783.700000,1,stable,0,0,65.37
0.505700,0.947380,40,2000000,500000,36901,1.89235897e-3,7.38020000e-2,-0.033750,0.036471,-638.932500,3,weakly_unstable,0,1,62.72
0.445700,0.932600,40,2000000,500000,-36983,-1.89656410e-3,-7.39660000e-2,0.075000,-0.070699,-753.265000,1,stable,0,0,65.69
0.565700,0.944600,40,2000000,500000,32212,1.65189744e-3,6.44240000e-2,0.011250,-0.057347,-689.867500,3,weakly_unstable,0,1,52.86
0.505700,0.994380,40,2000000,500000,-542869,-2.78394359e-2,-1.08573800e0,0.031250,0.015505,-11.617500,1,stable,0,0,44.97
0.485700,0.934940,40,2000000,500000,50344,2.58174359e-3,1.00688000e-1,-0.302500,-0.308344,-872.037500,3,weakly_unstable,0,1,64.02
0.725700,0.983250,40,2000000,500000,14241,7.30307692e-4,2.84820000e-2,-0.033750,-0.016717,-100.960000,3,weakly_unstable,0,1,45.31
0.445700,0.851600,40,2000000,500000,78541,4.02774359e-3,1.57082000e-1,0.152500,0.030318,-3115.832500,3,weakly_unstable,0,1,73.39
0.625700,0.989760,40,2000000,500000,-41509,-2.12866667e-3,-8.30180000e-2,-0.027500,-0.007176,-24.207500,1,stable,0,0,41.45
0.785700,0.990480,40,2000000,500000,8845,4.53589744e-4,1.76900000e-2,-0.011250,-0.001855,-36.557500,3,weakly_unstable,0,1,43.75
0.965700,0.975040,40,2000000,500000,7180,3.68205128e-4,1.43600000e-2,0.097500,0.084046,-76.900000,3,weakly_unstable,0,1,42.10
0.465700,0.846810,40,2000000,500000,55914,2.86738462e-3,1.11828000e-1,-0.032500,0.055380,-3217.652500,3,weakly_unstable,0,1,69.23
1.045700,0.994500,40,2000000,500000,3043,1.56051282e-4,6.08600000e-3,0.270000,0.265552,-14.420000,3,weakly_unstable,0,1,40.52
0.465700,0.921810,40,2000000,500000,49531,2.54005128e-3,9.90620000e-2,0.231250,-0.174181,-1103.590000,3,weakly_unstable,0,1,68.21
0.445700,0.933600,40,2000000,500000,-65772,-3.37292308e-3,-1.31544000e-1,0.168750,0.136722,-770.542500,1,stable,0,0,64.82
0.505700,0.995380,40,2000000,500000,-553323,-2.83755385e-2,-1.10664600e0,0.000000,0.005457,-11.752500,1,stable,0,0,44.56
0.465700,0.913810,40,2000000,500000,44691,2.29184615e-3,8.93820000e-2,0.092500,0.142256,-1416.047500,3,weakly_unstable,0,1,67.35
0.505700,0.948380,40,2000000,500000,35545,1.82282051e-3,7.10900000e-2,-0.057500,-0.105180,-575.445000,3,weakly_unstable,0,1,61.65
0.565700,0.945600,40,2000000,500000,35382,1.81446154e-3,7.07640000e-2,0.092500,-0.040407,-668.017500,3,weakly_unstable,0,1,53.02
0.445700,0.935600,40,2000000,500000,-86024,-4.41148718e-3,-1.72048000e-1,0.015000,0.041492,-719.765000,1,stable,0,0,64.05
0.725700,0.984250,40,2000000,500000,15060,7.72307692e-4,3.01200000e-2,0.017500,0.038122,-76.792500,3,weakly_unstable,0,1,44.62
0.445700,0.758600,40,2000000,500000,62971,3.22928205e-3,1.25942000e-1,-0.010000,-0.016179,-5982.432500,3,weakly_unstable,0,1,74.01
0.625700,0.990760,40,2000000,500000,-86237,-4.42241026e-3,-1.72474000e-1,0.227500,0.175146,-21.265000,1,stable,0,0,41.30
0.785700,0.991480,40,2000000,500000,8620,4.42051282e-4,1.72400000e-2,0.100000,0.078861,-35.355000,3,weakly_unstable,0,1,43.67
0.965700,0.976040,40,2000000,500000,7426,3.80820513e-4,1.48520000e-2,0.028750,0.041399,-87.235000,3,weakly_unstable,0,1,41.54
1.045700,0.997500,40,2000000,500000,2517,1.29076923e-4,5.03400000e-3,-0.058750,-0.074514,-0.930000,3,weakly_unstable,0,1,40.31
0.485700,0.935940,40,2000000,500000,39252,2.01292308e-3,7.85040000e-2,-0.036250,0.060205,-834.420000,3,weakly_unstable,0,1,64.52
0.445700,0.852600,40,2000000,500000,80795,4.14333333e-3,1.61590000e-1,0.008750,-0.003774,-2893.705000,3,weakly_unstable,0,1,72.92
0.985700,0.974180,40,2000000,500000,5216,2.67487179e-4,1.04320000e-2,0.050000,0.036897,-58.212500,3,weakly_unstable,0,1,42.93
0.505700,0.996380,40,2000000,500000,-571175,-2.92910256e-2,-1.14235000e0,-0.031250,-0.011843,-7.042500,1,stable,0,0,44.00
1.125700,0.982740,40,2000000,500000,2403,1.23230769e-4,4.80600000e-3,-0.021250,-0.004005,-83.372500,3,weakly_unstable,0,1,45.37
0.465700,0.847810,40,2000000,500000,74308,3.81066667e-3,1.48616000e-1,0.122500,-0.013412,-3158.240000,3,weakly_unstable,0,1,68.24
0.725700,0.985250,40,2000000,500000,11604,5.95076923e-4,2.32080000e-2,-0.193750,-0.185752,-85.445000,3,weakly_unstable,0,1,45.00
0.465700,0.922810,40,2000000,500000,45911,2.35441026e-3,9.18220000e-2,-0.177500,0.041487,-1128.852500,3,weakly_unstable,0,1,68.88
0.625700,0.991760,40,2000000,500000,-104043,-5.33553846e-3,-2.08086000e-1,-0.166250,-0.235015,-13.167500,1,stable,0,0,40.53
0.565700,0.946600,40,2000000,500000,36118,1.85220513e-3,7.22360000e-2,-0.066250,-0.054608,-683.910000,3,weakly_unstable,0,1,53.14
0.965700,0.977040,40,2000000,500000,6380,3.27179487e-4,1.27600000e-2,0.005000,-0.035531,-74.310000,3,weakly_unstable,0,1,42.12
0.785700,0.992480,40,2000000,500000,6562,3.36512821e-4,1.31240000e-2,0.025000,-0.006469,-36.720000,3,weakly_unstable,0,1,43.80
1.045700,0.998500,40,2000000,500000,2542,1.30358974e-4,5.08400000e-3,0.340000,0.309730,-2.432500,3,weakly_unstable,0,1,41.88
0.465700,0.914810,40,2000000,500000,50044,2.56635897e-3,1.00088000e-1,-0.011250,-0.058833,-1274.470000,3,weakly_unstable,0,1,68.13
0.445700,0.936600,40,2000000,500000,-89976,-4.61415385e-3,-1.79952000e-1,0.121250,-0.042332,-731.912500,1,stable,0,0,64.20
0.985700,0.975180,40,2000000,500000,5664,2.90461538e-4,1.13280000e-2,0.070000,0.042211,-65.172500,3,weakly_unstable,0,1,42.18
0.445700,0.771600,40,2000000,500000,56089,2.87635897e-3,1.12178000e-1,-0.023750,-0.040156,-5672.515000,3,weakly_unstable,0,1,74.48
0.505700,0.997380,40,2000000,500000,-601678,-3.08552821e-2,-1.20335600e0,0.000000,0.005693,-5.192500,1,stable,0,0,44.85
0.485700,0.936940,40,2000000,500000,33994,1.74328205e-3,6.79880000e-2,0.006250,-0.055332,-767.260000,3,weakly_unstable,0,1,64.79
1.125700,0.983740,40,2000000,500000,2572,1.31897436e-4,5.14400000e-3,-0.062500,-0.081499,-51.617500,3,weakly_unstable,0,1,43.64
0.625700,0.992760,40,2000000,500000,-112932,-5.79138462e-3,-2.25864000e-1,-0.027500,0.002821,-19.222500,1,stable,0,0,40.17
0.725700,0.986250,40,2000000,500000,7256,3.72102564e-4,1.45120000e-2,0.016250,-0.018740,-78.142500,3,weakly_unstable,0,1,45.25
1.045700,0.999500,40,2000000,500000,-8091,-4.14923077e-4,-1.61820000e-2,0.032500,0.033913,-1.935000,1,stable,0,0,34.70
0.965700,0.978040,40,2000000,500000,6448,3.30666667e-4,1.28960000e-2,0.096250,0.070047,-95.830000,3,weakly_unstable,0,1,41.58
0.785700,0.993480,40,2000000,500000,5179,2.65589744e-4,1.03580000e-2,-0.156250,-0.156291,-27.370000,3,weakly_unstable,0,1,41.70
0.445700,0.853600,40,2000000,500000,70902,3.63600000e-3,1.41804000e-1,-0.042500,0.036350,-3154.295000,3,weakly_unstable,0,1,72.45
0.565700,0.947600,40,2000000,500000,24282,1.24523077e-3,4.85640000e-2,-0.091250,-0.033838,-641.975000,3,weakly_unstable,0,1,52.76
0.465700,0.848810,40,2000000,500000,62688,3.21476923e-3,1.25376000e-1,-0.030000,0.058921,-3250.522500,3,weakly_unstable,0,1,68.99
0.445700,0.980600,40,2000000,500000,-696837,-3.57352308e-2,-1.39367400e0,-0.041250,-0.003337,-80.942500,1,stable,0,0,51.74
0.465700,0.923810,40,2000000,500000,34233,1.75553846e-3,6.84660000e-2,-0.096250,-0.096397,-1068.107500,3,weakly_unstable,0,1,68.55
0.985700,0.978180,40,2000000,500000,4688,2.40410256e-4,9.37600000e-3,0.016250,0.006979,-96.517500,3,weakly_unstable,0,1,42.47
0.505700,0.998380,40,2000000,500000,-610630,-3.13143590e-2,-1.22126000e0,0.005000,0.014667,-3.560000,1,stable,0,0,44.06
0.465700,0.915810,40,2000000,500000,45857,2.35164103e-3,9.17140000e-2,-0.035000,0.019163,-1293.600000,3,weakly_unstable,0,1,67.91
1.045700,1.000000,40,2000000,500000,-4941,-2.53384615e-4,-9.88200000e-3,-0.002500,-0.000916,-1.935000,1,stable,0,0,34.94
0.625700,0.993760,40,2000000,500000,-127513,-6.53912821e-3,-2.55026000e-1,-0.115000,-0.105973,-8.850000,1,stable,0,0,40.61
1.125700,0.984740,40,2000000,500000,2559,1.31230769e-4,5.11800000e-3,0.045000,0.040674,-44.997500,3,weakly_unstable,0,1,44.72
0.725700,0.987250,40,2000000,500000,13959,7.15846154e-4,2.79180000e-2,0.341250,0.262927,-64.340000,3,weakly_unstable,0,1,45.79
0.785700,0.994480,40,2000000,500000,19984,1.02482051e-3,3.99680000e-2,-0.833750,-0.875862,-11.560000,1,metastable,1,1,37.87
0.965700,0.979040,40,2000000,500000,7168,3.67589744e-4,1.43360000e-2,0.020000,0.032926,-83.135000,3,weakly_unstable,0,1,42.12
0.485700,0.937940,40,2000000,500000,52493,2.69194872e-3,1.04986000e-1,0.135000,0.323714,-762.997500,3,weakly_unstable,0,1,65.50
0.445700,0.772600,40,2000000,500000,54708,2.80553846e-3,1.09416000e-1,-0.177500,-0.034592,-5602.240000,3,weakly_unstable,0,1,75.36
0.565700,0.948600,40,2000000,500000,27656,1.41825641e-3,5.53120000e-2,-0.027500,-0.052924,-618.327500,3,weakly_unstable,0,1,53.08
0.985700,0.979180,40,2000000,500000,6695,3.43333333e-4,1.33900000e-2,0.073750,0.078627,-54.207500,3,weakly_unstable,0,1,42.38
0.445700,0.981600,40,2000000,500000,-699399,-3.58666154e-2,-1.39879800e0,0.031250,-0.017371,-69.512500,1,stable,0,0,52.13
0.505700,0.999380,40,2000000,500000,-633322,-3.24780513e-2,-1.26664400e0,-0.021250,0.001330,-2.940000,1,stable,0,0,43.75
0.625700,0.994760,40,2000000,500000,-152365,-7.81358974e-3,-3.04730000e-1,0.078750,0.074149,-14.167500,1,stable,0,0,40.44
1.065700,0.969580,40,2000000,500000,3943,2.02205128e-4,7.88600000e-3,-0.046250,-0.042911,-128.635000,3,weakly_unstable,0,1,43.66
1.125700,0.985740,40,2000000,500000,1965,1.00769231e-4,3.93000000e-3,0.026250,0.021450,-24.282500,3,weakly_unstable,0,1,44.29
0.445700,0.866600,40,2000000,500000,70253,3.60271795e-3,1.40506000e-1,-0.216250,0.001306,-2629.095000,3,weakly_unstable,0,1,73.29
0.785700,0.995480,40,2000000,500000,-8403,-4.30923077e-4,-1.68060000e-2,0.880000,0.874645,-17.525000,1,chaotic,0,0,37.58
0.725700,0.988250,40,2000000,500000,6773,3.47333333e-4,1.35460000e-2,-0.037500,-0.020988,-55.682500,3,weakly_unstable,0,1,45.22
0.465700,0.849810,40,2000000,500000,73313,3.75964103e-3,1.46626000e-1,0.050000,0.048930,-3125.437500,3,weakly_unstable,0,1,69.12
0.965700,0.980040,40,2000000,500000,5584,2.86358974e-4,1.11680000e-2,0.095000,0.087850,-96.267500,3,weakly_unstable,0,1,42.37
0.465700,0.924810,40,2000000,500000,40179,2.06046154e-3,8.03580000e-2,-0.007500,-0.056725,-1046.025000,3,weakly_unstable,0,1,68.82
0.465700,0.916810,40,2000000,500000,58641,3.00723077e-3,1.17282000e-1,0.155000,-0.012235,-1239.507500,3,weakly_unstable,0,1,68.48
0.985700,0.980180,40,2000000,500000,5030,2.57948718e-4,1.00600000e-2,0.056250,0.045961,-64.202500,3,weakly_unstable,0,1,42.50
0.505700,1.000000,40,2000000,500000,-642174,-3.29320000e-2,-1.28434800e0,0.001250,0.002953,-2.365000,1,stable,0,0,43.37
0.625700,0.995760,40,2000000,500000,-170694,-8.75353846e-3,-3.41388000e-1,0.017500,0.036382,-3.117500,1,stable,0,0,40.46
0.565700,0.949600,40,2000000,500000,24241,1.24312821e-3,4.84820000e-2,0.051250,0.085246,-618.995000,3,weakly_unstable,0,1,54.43
0.785700,0.996480,40,2000000,500000,-8898,-4.56307692e-4,-1.77960000e-2,0.741250,0.794487,-6.652500,1,chaotic,0,0,37.54
0.485700,0.938940,40,2000000,500000,29496,1.51261538e-3,5.89920000e-2,0.067500,0.040907,-738.797500,3,weakly_unstable,0,1,65.66
1.065700,0.970580,40,2000000,500000,2607,1.33692308e-4,5.21400000e-3,-0.043750,-0.036784,-176.992500,3,weakly_unstable,0,1,42.61
0.445700,0.982600,40,2000000,500000,-733164,-3.75981538e-2,-1.46632800e0,0.001250,0.019660,-85.937500,1,stable,0,0,51.58
1.125700,0.986740,40,2000000,500000,2765,1.41794872e-4,5.53000000e-3,-0.041250,-0.029539,-35.735000,3,weakly_unstable,0,1,43.92
0.725700,0.989250,40,2000000,500000,22463,1.15194872e-3,4.49260000e-2,-0.903750,-0.894377,-52.847500,1,metastable,1,1,38.85
0.965700,0.981040,40,2000000,500000,6466,3.31589744e-4,1.29320000e-2,-0.067500,-0.056500,-33.362500,3,weakly_unstable,0,1,42.34
0.445700,0.773600,40,2000000,500000,69902,3.58471795e-3,1.39804000e-1,-0.055000,-0.031643,-5617.705000,3,weakly_unstable,0,1,73.82
0.985700,0.981180,40,2000000,500000,6590,3.37948718e-4,1.31800000e-2,0.066250,0.043395,-63.960000,3,weakly_unstable,0,1,41.73
0.445700,0.867600,40,2000000,500000,79080,4.05538462e-3,1.58160000e-1,0.021250,-0.019210,-2554.597500,3,weakly_unstable,0,1,73.19
0.785700,0.997480,40,2000000,500000,-25095,-1.28692308e-3,-5.01900000e-2,0.413750,0.431954,-4.072500,1,chaotic,0,0,36.75
0.625700,0.996760,40,2000000,500000,-185968,-9.53682051e-3,-3.71936000e-1,-0.073750,-0.059153,-3.725000,1,stable,0,0,39.67
0.465700,0.850810,40,2000000,500000,76096,3.90235897e-3,1.52192000e-1,0.056250,-0.008089,-3030.635000,3,weakly_unstable,0,1,69.59
0.465700,0.925810,40,2000000,500000,57447,2.94600000e-3,1.14894000e-1,-0.028750,0.077652,-1032.837500,3,weakly_unstable,0,1,69.30
1.065700,0.971580,40,2000000,500000,3637,1.86512821e-4,7.27400000e-3,-0.192500,-0.197055,-144.295000,3,weakly_unstable,0,1,42.36
1.125700,0.987740,40,2000000,500000,2046,1.04923077e-4,4.09200000e-3,-0.072500,-0.061238,-26.007500,3,weakly_unstable,0,1,44.61
0.565700,0.950600,40,2000000,500000,27371,1.40364103e-3,5.47420000e-2,0.087500,0.029534,-596.530000,3,weakly_unstable,0,1,52.97
0.465700,0.917810,40,2000000,500000,60983,3.12733333e-3,1.21966000e-1,-0.026250,0.041486,-1250.582500,3,weakly_unstable,0,1,67.02
0.725700,0.990250,40,2000000,500000,7239,3.71230769e-4,1.44780000e-2,0.265000,0.184640,-44.457500,3,weakly_unstable,0,1,45.52
0.965700,0.982040,40,2000000,500000,6828,3.50153846e-4,1.36560000e-2,0.058750,0.051026,-33.452500,3,weakly_unstable,0,1,41.95
0.525700,0.907800,40,2000000,500000,42045,2.15615385e-3,8.40900000e-2,-0.005000,-0.049071,-1538.482500,3,weakly_unstable,0,1,57.76
0.445700,0.983600,40,2000000,500000,-733961,-3.76390256e-2,-1.46792200e0,-0.045000,-0.003458,-68.037500,1,stable,0,0,51.12
0.485700,0.939940,40,2000000,500000,50198,2.57425641e-3,1.00396000e-1,-0.373750,-0.433677,-684.272500,1,metastable,1,1,62.67
0.985700,0.982180,40,2000000,500000,5084,2.60717949e-4,1.01680000e-2,-0.051250,-0.075359,-21.557500,3,weakly_unstable,0,1,41.75
0.785700,0.998480,40,2000000,500000,-33813,-1.73400000e-3,-6.76260000e-2,0.303750,0.271013,-2.087500,1,stable,0,0,36.79
0.625700,0.997760,40,2000000,500000,-206220,-1.05753846e-2,-4.12440000e-1,0.013750,0.018226,-0.830000,1,stable,0,0,39.51
1.065700,0.972580,40,2000000,500000,3516,1.80307692e-4,7.03200000e-3,-0.115000,-0.130149,-132.647500,3,weakly_unstable,0,1,43.26
0.445700,0.774600,40,2000000,500000,70552,3.61805128e-3,1.41104000e-1,0.122500,-0.002389,-5475.495000,3,weakly_unstable,0,1,73.84
1.125700,0.988740,40,2000000,500000,2096,1.07487179e-4,4.19200000e-3,-0.060000,-0.049207,-21.282500,3,weakly_unstable,0,1,43.98
0.965700,0.983040,40,2000000,500000,7552,3.87282051e-4,1.51040000e-2,0.071250,0.053924,-41.250000,3,weakly_unstable,0,1,41.30
0.725700,0.991250,40,2000000,500000,10311,5.28769231e-4,2.06220000e-2,0.046250,0.290993,-32.252500,3,weakly_unstable,0,1,44.82
0.565700,0.951600,40,2000000,500000,28026,1.43723077e-3,5.60520000e-2,0.013750,0.058024,-632.675000,3,weakly_unstable,0,1,52.98
0.465700,0.851810,40,2000000,500000,68491,3.51235897e-3,1.36982000e-1,-0.050000,-0.044644,-3059.640000,3,weakly_unstable,0,1,68.26
0.445700,0.984600,40,2000000,500000,-756829,-3.88117436e-2,-1.51365800e0,-0.086250,-0.045731,-66.200000,1,stable,0,0,50.43
0.445700,0.868600,40,2000000,500000,82869,4.24969231e-3,1.65738000e-1,-0.023750,0.044866,-2625.780000,3,weakly_unstable,0,1,72.20
0.785700,0.999480,40,2000000,500000,-55820,-2.86256410e-3,-1.11640000e-1,-0.185000,-0.148929,-1.992500,1,stable,0,0,36.32
0.465700,0.926810,40,2000000,500000,37510,1.92358974e-3,7.50200000e-2,-0.038750,-0.008145,-998.220000,3,weakly_unstable,0,1,68.87
0.525700,0.908800,40,2000000,500000,46566,2.38800000e-3,9.31320000e-2,0.002500,-0.122018,-1434.087500,3,weakly_unstable,0,1,57.46
0.985700,0.983180,40,2000000,500000,6088,3.12205128e-4,1.21760000e-2,-0.113750,-0.112071,-62.465000,3,weakly_unstable,0,1,41.65
0.625700,0.998760,40,2000000,500000,-218916,-1.12264615e-2,-4.37832000e-1,-0.031250,-0.018843,-3.767500,1,stable,0,0,39.47
0.465700,0.918810,40,2000000,500000,56736,2.90953846e-3,1.13472000e-1,0.028750,-0.162010,-1189.180000,3,weakly_unstable,0,1,67.85
0.485700,0.940940,40,2000000,500000,55254,2.83353846e-3,1.10508000e-1,0.655000,0.589446,-654.005000,1,metastable,1,1,60.33
1.065700,0.973580,40,2000000,500000,3410,1.74871795e-4,6.82000000e-3,0.003750,0.012222,-89.775000,3,weakly_unstable,0,1,42.64
0.725700,0.992250,40,2000000,500000,11802,6.05230769e-4,2.36040000e-2,0.872500,0.870685,-25.230000,1,metastable,1,1,38.85
0.965700,0.984040,40,2000000,500000,6996,3.58769231e-4,1.39920000e-2,-0.086250,-0.039776,-42.915000,3,weakly_unstable,0,1,41.84
1.125700,0.989740,40,2000000,500000,2175,1.11538462e-4,4.35000000e-3,0.061250,0.058053,-11.195000,3,weakly_unstable,0,1,44.92
0.785700,1.000000,40,2000000,500000,-65158,-3.34143590e-3,-1.30316000e-1,0.065000,0.016590,-1.937500,1,stable,0,0,36.93
0.965700,0.991040,40,2000000,500000,4273,2.19128205e-4,8.54600000e-3,0.135000,0.170875,-16.807500,3,weakly_unstable,0,1,41.79
0.625700,0.999760,40,2000000,500000,-243058,-1.24645128e-2,-4.86116000e-1,-0.016250,-0.006640,-1.967500,1,stable,0,0,38.87
0.985700,0.984180,40,2000000,500000,4776,2.44923077e-4,9.55200000e-3,-0.058750,-0.102189,-42.555000,3,weakly_unstable,0,1,41.39
0.565700,0.952600,40,2000000,500000,29053,1.48989744e-3,5.81060000e-2,-0.073750,0.098795,-565.635000,3,weakly_unstable,0,1,52.84
0.625700,1.000000,40,2000000,500000,-242693,-1.24457949e-2,-4.85386000e-1,-0.086250,-0.016065,-2.002500,1,stable,0,0,38.64
0.445700,0.775600,40,2000000,500000,68745,3.52538462e-3,1.37490000e-1,0.110000,0.059508,-5524.000000,3,weakly_unstable,0,1,73.89
0.525700,0.909800,40,2000000,500000,41887,2.14805128e-3,8.37740000e-2,-0.003750,0.043585,-1431.800000,3,weakly_unstable,0,1,57.90
0.465700,0.852810,40,2000000,500000,66411,3.40569231e-3,1.32822000e-1,-0.128750,0.043142,-2980.715000,3,weakly_unstable,0,1,67.98
1.065700,0.974580,40,2000000,500000,2951,1.51333333e-4,5.90200000e-3,0.010000,-0.000908,-116.872500,3,weakly_unstable,0,1,43.04
0.725700,0.993250,40,2000000,500000,1754,8.99487179e-5,3.50800000e-3,-0.828750,-0.838641,-5.382500,1,metastable,1,1,38.76
0.465700,0.927810,40,2000000,500000,38884,1.99405128e-3,7.77680000e-2,-0.095000,0.189402,-989.082500,3,weakly_unstable,0,1,68.67
0.965700,0.985040,40,2000000,500000,6583,3.37589744e-4,1.31660000e-2,0.010000,0.047307,-27.927500,3,weakly_unstable,0,1,41.48
0.445700,0.869600,40,2000000,500000,67660,3.46974359e-3,1.35320000e-1,-0.073750,-0.049113,-2558.375000,3,weakly_unstable,0,1,73.30
1.125700,0.990740,40,2000000,500000,2172,1.11384615e-4,4.34400000e-3,-0.100000,-0.081549,-7.642500,3,weakly_unstable,0,1,43.94
0.485700,0.941940,40,2000000,500000,48960,2.51076923e-3,9.79200000e-2,0.732500,0.646298,-612.725000,1,metastable,1,1,60.27
0.965700,0.992040,40,2000000,500000,4515,2.31538462e-4,9.03000000e-3,-0.001250,-0.012146,-14.602500,3,weakly_unstable,0,1,41.85
0.805700,0.966210,40,2000000,500000,15670,8.03589744e-4,3.13400000e-2,-0.046250,0.017561,-214.987500,3,weakly_unstable,0,1,43.19
0.985700,0.985180,40,2000000,500000,5527,2.83435897e-4,1.10540000e-2,-0.080000,-0.087827,-30.780000,3,weakly_unstable,0,1,42.23
0.645700,0.953430,40,2000000,500000,26518,1.35989744e-3,5.30360000e-2,-0.022500,0.035502,-433.367500,3,weakly_unstable,0,1,47.02
0.565700,0.953600,40,2000000,500000,28213,1.44682051e-3,5.64260000e-2,-0.106250,-0.043581,-544.945000,3,weakly_unstable,0,1,53.86
0.725700,0.994250,40,2000000,500000,2771,1.42102564e-4,5.54200000e-3,0.663750,0.653223,-8.797500,1,metastable,1,1,38.77
1.065700,0.975580,40,2000000,500000,3827,1.96256410e-4,7.65400000e-3,-0.006250,0.003348,-98.865000,3,weakly_unstable,0,1,43.54
0.645700,0.954430,40,2000000,500000,24586,1.26082051e-3,4.91720000e-2,0.028750,0.075165,-409.670000,3,weakly_unstable,0,1,46.84
0.965700,0.986040,40,2000000,500000,6518,3.34256410e-4,1.30360000e-2,0.078750,0.070075,-29.875000,3,weakly_unstable,0,1,42.13
0.465700,0.853810,40,2000000,500000,73951,3.79235897e-3,1.47902000e-1,0.026250,-0.008962,-3022.947500,3,weakly_unstable,0,1,67.28
1.125700,0.991740,40,2000000,500000,1409,7.22564103e-5,2.81800000e-3,-0.147500,-0.154215,-17.887500,3,weakly_unstable,0,1,44.16
0.525700,0.910800,40,2000000,500000,42661,2.18774359e-3,8.53220000e-2,-0.108750,-0.114960,-1428.060000,3,weakly_unstable,0,1,57.87
0.965700,0.993040,40,2000000,500000,4490,2.30256410e-4,8.98000000e-3,-0.138750,-0.137788,-9.377500,3,weakly_unstable,0,1,41.32
0.805700,0.967210,40,2000000,500000,16911,8.67230769e-4,3.38220000e-2,-0.072500,-0.039858,-198.182500,3,weakly_unstable,0,1,42.97
0.445700,0.776600,40,2000000,500000,71478,3.66553846e-3,1.42956000e-1,0.101250,0.078099,-5242.130000,3,weakly_unstable,0,1,73.64
0.985700,0.986180,40,2000000,500000,4713,2.41692308e-4,9.42600000e-3,-0.026250,-0.008847,-30.410000,3,weakly_unstable,0,1,42.79
0.485700,0.942940,40,2000000,500000,36306,1.86184615e-3,7.26120000e-2,0.626250,0.663128,-563.077500,1,metastable,1,1,57.61
0.465700,0.928810,40,2000000,500000,32775,1.68076923e-3,6.55500000e-2,0.250000,-0.069265,-921.385000,3,weakly_unstable,0,1,67.86
0.745700,0.965540,40,2000000,500000,20984,1.07610256e-3,4.19680000e-2,0.051250,-0.008038,-219.347500,3,weakly_unstable,0,1,43.44
0.725700,0.995250,40,2000000,500000,-34235,-1.75564103e-3,-6.84700000e-2,0.143750,0.179355,-8.010000,1,stable,0,0,38.37
0.445700,0.870600,40,2000000,500000,82162,4.21343590e-3,1.64324000e-1,-0.072500,-0.011772,-2475.565000,3,weakly_unstable,0,1,73.36
1.065700,0.976580,40,2000000,500000,3727,1.91128205e-4,7.45400000e-3,0.036250,0.043901,-73.430000,3,weakly_unstable,0,1,43.49
0.965700,0.987040,40,2000000,500000,6099,3.12769231e-4,1.21980000e-2,-0.001250,0.011835,-37.280000,3,weakly_unstable,0,1,41.93
0.565700,0.954600,40,2000000,500000,31195,1.59974359e-3,6.23900000e-2,0.091250,0.047582,-497.640000,3,weakly_unstable,0,1,53.07
0.645700,0.955430,40,2000000,500000,25195,1.29205128e-3,5.03900000e-2,-0.130000,-0.086075,-439.882500,3,weakly_unstable,0,1,46.75
1.125700,0.992740,40,2000000,500000,1534,7.86666667e-5,3.06800000e-3,0.000000,0.006678,-18.152500,3,weakly_unstable,0,1,43.84
0.965700,0.994040,40,2000000,500000,5008,2.56820513e-4,1.00160000e-2,-0.125000,-0.155311,-8.707500,3,weakly_unstable,0,1,41.16
0.805700,0.968210,40,2000000,500000,15104,7.74564103e-4,3.02080000e-2,-0.048750,-0.097735,-197.102500,3,weakly_unstable,0,1,42.53
0.985700,0.987180,40,2000000,500000,5235,2.68461538e-4,1.04700000e-2,-0.038750,-0.012695,-15.522500,3,weakly_unstable,0,1,43.06
0.525700,0.911800,40,2000000,500000,35774,1.83456410e-3,7.15480000e-2,-0.108750,-0.080488,-1390.800000,3,weakly_unstable,0,1,57.68
0.725700,0.996250,40,2000000,500000,-50818,-2.60605128e-3,-1.01636000e-1,0.202500,0.202701,-4.755000,1,stable,0,0,38.38
0.465700,0.854810,40,2000000,500000,58612,3.00574359e-3,1.17224000e-1,-0.128750,0.054411,-3051.232500,3,weakly_unstable,0,1,67.79
0.745700,0.966540,40,2000000,500000,23058,1.18246154e-3,4.61160000e-2,-0.038750,-0.000534,-231.177500,3,weakly_unstable,0,1,43.59
0.485700,0.943940,40,2000000,500000,26877,1.37830769e-3,5.37540000e-2,0.498750,0.625051,-535.962500,1,metastable,1,1,57.33
1.065700,0.977580,40,2000000,500000,3464,1.77641026e-4,6.92800000e-3,0.045000,0.085208,-88.747500,3,weakly_unstable,0,1,43.52
0.965700,0.988040,40,2000000,500000,6038,3.09641026e-4,1.20760000e-2,0.111250,0.090753,-22.540000,3,weakly_unstable,0,1,42.33
1.085700,0.989640,40,2000000,500000,2414,1.23794872e-4,4.82800000e-3,-0.001250,0.005795,-21.647500,3,weakly_unstable,0,1,42.26
0.445700,0.777600,40,2000000,500000,76478,3.92194872e-3,1.52956000e-1,-0.071250,-0.058667,-5552.095000,3,weakly_unstable,0,1,74.18
0.465700,0.929810,40,2000000,500000,42599,2.18456410e-3,8.51980000e-2,-0.181250,-0.106474,-836.605000,3,weakly_unstable,0,1,65.93
0.965700,0.995040,40,2000000,500000,5252,2.69333333e-4,1.05040000e-2,0.062500,0.084050,-1.570000,3,weakly_unstable,0,1,41.89
1.125700,0.993740,40,2000000,500000,1394,7.14871795e-5,2.78800000e-3,-0.090000,-0.084413,-10.677500,5,weakly_unstable,0,1,44.85
0.565700,0.955600,40,2000000,500000,29734,1.52482051e-3,5.94680000e-2,0.170000,0.017837,-485.220000,3,weakly_unstable,0,1,53.13
0.805700,0.969210,40,2000000,500000,16587,8.50615385e-4,3.31740000e-2,-0.085000,-0.105046,-160.832500,3,weakly_unstable,0,1,42.50
0.985700,0.988180,40,2000000,500000,5622,2.88307692e-4,1.12440000e-2,0.006250,-0.010306,-27.375000,3,weakly_unstable,0,1,42.81
0.445700,0.871600,40,2000000,500000,70072,3.59343590e-3,1.40144000e-1,0.075000,0.014116,-2469.765000,3,weakly_unstable,0,1,73.32
0.725700,0.997250,40,2000000,500000,-64572,-3.31138462e-3,-1.29144000e-1,0.156250,0.121008,-2.377500,1,stable,0,0,38.13
0.745700,0.967540,40,2000000,500000,20443,1.04835897e-3,4.08860000e-2,-0.001250,0.030246,-208.635000,3,weakly_unstable,0,1,44.10
0.565700,0.961600,40,2000000,500000,24569,1.25994872e-3,4.91380000e-2,-0.008750,0.057855,-404.662500,3,weakly_unstable,0,1,54.34
1.065700,0.978580,40,2000000,500000,3020,1.54871795e-4,6.04000000e-3,-0.007500,-0.017046,-77.272500,3,weakly_unstable,0,1,42.97
0.965700,0.989040,40,2000000,500000,5732,2.93948718e-4,1.14640000e-2,0.042500,0.031341,-33.587500,3,weakly_unstable,0,1,42.29
1.085700,0.990640,40,2000000,500000,2600,1.33333333e-4,5.20000000e-3,0.043750,0.044974,-11.745000,3,weakly_unstable,0,1,43.54
0.965700,0.996040,40,2000000,500000,3531,1.81076923e-4,7.06200000e-3,0.081250,0.078179,-6.985000,3,weakly_unstable,0,1,41.08
0.485700,0.944940,40,2000000,500000,38045,1.95102564e-3,7.60900000e-2,-0.702500,-0.668145,-593.425000,1,metastable,1,1,58.07
0.465700,0.855810,40,2000000,500000,70737,3.62753846e-3,1.41474000e-1,-0.072500,-0.075939,-2938.720000,3,weakly_unstable,0,1,67.98
1.125700,0.994740,40,2000000,500000,1946,9.97948718e-5,3.89200000e-3,-0.260000,-0.268267,-14.080000,3,weakly_unstable,0,1,42.12
0.805700,0.970210,40,2000000,500000,16512,8.46769231e-4,3.30240000e-2,0.043750,-0.020733,-160.567500,3,weakly_unstable,0,1,43.31
0.725700,0.998250,40,2000000,500000,-68298,-3.50246154e-3,-1.36596000e-1,0.063750,0.073916,-4.067500,1,stable,0,0,37.77
0.985700,0.989180,40,2000000,500000,5077,2.60358974e-4,1.01540000e-2,-0.055000,-0.064664,-24.790000,3,weakly_unstable,0,1,42.92
0.565700,0.956600,40,2000000,500000,36004,1.84635897e-3,7.20080000e-2,-0.198750,-0.238563,-497.955000,3,weakly_unstable,0,1,53.30
0.465700,0.930810,40,2000000,500000,38910,1.99538462e-3,7.78200000e-2,-0.157500,-0.458655,-811.680000,1,metastable,1,1,65.71
0.745700,0.968540,40,2000000,500000,20401,1.04620513e-3,4.08020000e-2,-0.015000,-0.035445,-197.887500,3,weakly_unstable,0,1,44.53
0.445700,0.778600,40,2000000,500000,77777,3.98856410e-3,1.55554000e-1,0.098750,0.002644,-5343.187500,3,weakly_unstable,0,1,74.22
0.965700,0.990040,40,2000000,500000,4675,2.39743590e-4,9.35000000e-3,-0.033750,-0.047656,-10.205000,3,weakly_unstable,0,1,42.13
1.065700,0.979580,40,2000000,500000,3283,1.68358974e-4,6.56600000e-3,0.013750,0.008810,-55.545000,3,weakly_unstable,0,1,44.22
0.565700,0.962600,40,2000000,500000,21608,1.10810256e-3,4.32160000e-2,-0.218750,-0.048353,-390.430000,3,weakly_unstable,0,1,54.46
1.085700,0.991640,40,2000000,500000,2815,1.44358974e-4,5.63000000e-3,-0.102500,-0.110002,-29.375000,3,weakly_unstable,0,1,42.69
0.965700,0.997040,40,2000000,500000,2233,1.14512821e-4,4.46600000e-3,0.031250,0.069954,-3.297500,3,weakly_unstable,0,1,41.45
1.125700,0.995740,40,2000000,500000,2029,1.04051282e-4,4.05800000e-3,-0.076250,-0.074920,-2.607500,3,weakly_unstable,0,1,41.99
0.445700,0.872600,40,2000000,500000,77652,3.98215385e-3,1.55304000e-1,0.056250,0.006163,-2485.707500,3,weakly_unstable,0,1,73.40
0.725700,0.999250,40,2000000,500000,-89884,-4.60943590e-3,-1.79768000e-1,0.076250,0.115406,-2.037500,1,stable,0,0,37.79
0.805700,0.971210,40,2000000,500000,14782,7.58051282e-4,2.95640000e-2,0.027500,0.010138,-129.297500,3,weakly_unstable,0,1,43.46
0.985700,0.990180,40,2000000,500000,6563,3.36564103e-4,1.31260000e-2,0.046250,0.025852,-6.167500,3,weakly_unstable,0,1,42.37
0.485700,0.945940,40,2000000,500000,25009,1.28251282e-3,5.00180000e-2,-0.585000,-0.594920,-542.975000,1,metastable,1,1,57.24
0.565700,0.957600,40,2000000,500000,33602,1.72317949e-3,6.72040000e-2,0.135000,0.022131,-455.625000,3,weakly_unstable,0,1,52.77
0.465700,0.856810,40,2000000,500000,59950,3.07435897e-3,1.19900000e-1,0.045000,-0.096499,-2915.882500,3,weakly_unstable,0,1,67.12
0.745700,0.969540,40,2000000,500000,24201,1.24107692e-3,4.84020000e-2,-0.052500,0.016174,-218.152500,3,weakly_unstable,0,1,44.49
1.065700,0.980580,40,2000000,500000,3578,1.83487179e-4,7.15600000e-3,-0.013750,-0.004624,-55.832500,3,weakly_unstable,0,1,43.66
0.565700,0.975600,40,2000000,500000,-14574,-7.47384615e-4,-2.91480000e-2,0.728750,0.683652,-133.055000,1,chaotic,0,0,45.62
0.965700,0.998040,40,2000000,500000,3231,1.65692308e-4,6.46200000e-3,0.008750,-0.016415,-3.552500,3,weakly_unstable,0,1,41.33
1.085700,0.992640,40,2000000,500000,2404,1.23282051e-4,4.80800000e-3,0.062500,0.052468,-13.077500,3,weakly_unstable,0,1,43.00
0.725700,1.000000,40,2000000,500000,-106581,-5.46569231e-3,-2.13162000e-1,0.017500,0.001867,-1.925000,1,stable,0,0,37.23
1.125700,0.996740,40,2000000,500000,1611,8.26153846e-5,3.22200000e-3,0.301250,0.327438,-7.145000,3,weakly_unstable,0,1,41.19
0.465700,0.931810,40,2000000,500000,52041,2.66876923e-3,1.04082000e-1,0.193750,0.291171,-881.175000,3,weakly_unstable,0,1,67.74
0.805700,0.972210,40,2000000,500000,16214,8.31487179e-4,3.24280000e-2,-0.028750,-0.029099,-140.112500,3,weakly_unstable,0,1,43.34
0.565700,0.963600,40,2000000,500000,24361,1.24928205e-3,4.87220000e-2,0.108750,0.103122,-360.830000,3,weakly_unstable,0,1,54.07
0.985700,0.991180,40,2000000,500000,4531,2.32358974e-4,9.06200000e-3,0.103750,0.093362,-24.430000,3,weakly_unstable,0,1,42.19
0.445700,0.779600,40,2000000,500000,74686,3.83005128e-3,1.49372000e-1,0.171250,0.122135,-5379.645000,3,weakly_unstable,0,1,73.91
0.745700,0.970540,40,2000000,500000,17838,9.14769231e-4,3.56760000e-2,0.091250,-0.039573,-156.837500,3,weakly_unstable,0,1,44.71
0.485700,0.946940,40,2000000,500000,45990,2.35846154e-3,9.19800000e-2,-0.706250,-0.657422,-581.500000,1,metastable,1,1,58.36
0.445700,0.873600,40,2000000,500000,77542,3.97651282e-3,1.55084000e-1,-0.060000,0.017309,-2404.427500,3,weakly_unstable,0,1,72.48
0.965700,0.999040,40,2000000,500000,-925,-4.74358974e-5,-1.85000000e-3,-0.852500,-0.820096,-2.180000,1,chaotic,0,0,36.42
0.565700,0.958600,40,2000000,500000,26427,1.35523077e-3,5.28540000e-2,0.053750,0.096133,-462.160000,3,weakly_unstable,0,1,53.07
1.065700,0.981580,40,2000000,500000,3937,2.01897436e-4,7.87400000e-3,-0.098750,-0.086459,-41.962500,3,weakly_unstable,0,1,42.63
0.565700,0.976600,40,2000000,500000,2526,1.29538462e-4,5.05200000e-3,-0.466250,-0.514049,-111.075000,1,metastable,1,1,46.29
1.085700,0.993640,40,2000000,500000,2113,1.08358974e-4,4.22600000e-3,0.127500,0.129739,-6.070000,3,weakly_unstable,0,1,43.69
1.125700,0.997740,40,2000000,500000,973,4.98974359e-5,1.94600000e-3,-0.050000,-0.042120,-3.732500,3,weakly_unstable,0,1,41.20
0.745700,0.963540,40,2000000,500000,23038,1.18143590e-3,4.60760000e-2,-0.132500,0.000893,-217.175000,3,weakly_unstable,0,1,43.78
0.805700,0.973210,40,2000000,500000,16389,8.40461538e-4,3.27780000e-2,-0.082500,0.010452,-98.620000,3,weakly_unstable,0,1,43.03
0.465700,0.857810,40,2000000,500000,80453,4.12579487e-3,1.60906000e-1,-0.065000,0.003119,-2825.377500,3,weakly_unstable,0,1,67.37
0.985700,0.992180,40,2000000,500000,4065,2.08461538e-4,8.13000000e-3,-0.008750,-0.008787,-13.440000,3,weakly_unstable,0,1,42.61
0.565700,0.964600,40,2000000,500000,27105,1.39000000e-3,5.42100000e-2,0.123750,0.132463,-344.875000,3,weakly_unstable,0,1,53.83
0.965700,1.000000,40,2000000,500000,-14044,-7.20205128e-4,-2.80880000e-2,-0.032500,-0.052747,-1.930000,1,stable,0,0,35.32
0.465700,0.932810,40,2000000,500000,57857,2.96702564e-3,1.15714000e-1,-0.456250,-0.434485,-828.700000,1,metastable,1,1,66.66
0.745700,0.971540,40,2000000,500000,22080,1.13230769e-3,4.41600000e-2,0.026250,-0.011615,-193.057500,3,weakly_unstable,0,1,44.70
1.065700,0.982580,40,2000000,500000,3512,1.80102564e-4,7.02400000e-3,-0.047500,-0.048778,-72.375000,3,weakly_unstable,0,1,42.95
1.125700,0.998740,40,2000000,500000,1507,7.72820513e-5,3.01400000e-3,-0.252500,-0.320437,-1.997500,3,weakly_unstable,0,1,40.67
1.085700,0.994640,40,2000000,500000,1958,1.00410256e-4,3.91600000e-3,-0.097500,-0.115647,-2.332500,3,weakly_unstable,0,1,42.28
0.565700,0.977600,40,2000000,500000,-30324,-1.55507692e-3,-6.06480000e-2,0.036250,-0.002644,-87.855000,1,stable,0,0,45.48
0.745700,0.964540,40,2000000,500000,19953,1.02323077e-3,3.99060000e-2,0.015000,0.015979,-274.770000,3,weakly_unstable,0,1,43.20
0.565700,0.959600,40,2000000,500000,30809,1.57994872e-3,6.16180000e-2,0.078750,-0.099068,-439.055000,3,weakly_unstable,0,1,53.36
0.485700,0.947940,40,2000000,500000,27951,1.43338462e-3,5.59020000e-2,0.631250,0.615215,-522.957500,1,metastable,1,1,57.52
0.445700,0.780600,40,2000000,500000,67346,3.45364103e-3,1.34692000e-1,-0.240000,0.012698,-5338.015000,3,weakly_unstable,0,1,74.56
0.805700,0.974210,40,2000000,500000,11120,5.70256410e-4,2.22400000e-2,0.052500,0.047663,-95.137500,3,weakly_unstable,0,1,43.07
0.985700,0.993180,40,2000000,500000,3828,1.96307692e-4,7.65600000e-3,-0.060000,-0.077552,-3.777500,3,weakly_unstable,0,1,41.29
0.445700,0.874600,40,2000000,500000,73467,3.76753846e-3,1.46934000e-1,-0.086250,-0.052897,-2486.487500,3,weakly_unstable,0,1,74.26
0.985700,0.969180,40,2000000,500000,4375,2.24358974e-4,8.75000000e-3,-0.003750,-0.026241,-133.367500,3,weakly_unstable,0,1,41.69
0.565700,0.965600,40,2000000,500000,18460,9.46666667e-4,3.69200000e-2,-0.137500,-0.054219,-315.875000,3,weakly_unstable,0,1,54.11
0.745700,0.972540,40,2000000,500000,23318,1.19579487e-3,4.66360000e-2,-0.105000,-0.128907,-159.647500,3,weakly_unstable,0,1,44.58
1.125700,0.999740,40,2000000,500000,-2959,-1.51743590e-4,-5.91800000e-3,0.563750,0.558274,-1.925000,1,chaotic,0,0,36.55
0.465700,0.858810,40,2000000,500000,65794,3.37405128e-3,1.31588000e-1,0.240000,0.029763,-2915.600000,3,weakly_unstable,0,1,68.14
1.065700,0.983580,40,2000000,500000,3035,1.55641026e-4,6.07000000e-3,-0.036250,-0.041544,-73.830000,3,weakly_unstable,0,1,42.90
1.085700,0.995640,40,2000000,500000,2419,1.24051282e-4,4.83800000e-3,-0.037500,-0.021735,-5.837500,3,weakly_unstable,0,1,40.58
0.565700,0.978600,40,2000000,500000,-45531,-2.33492308e-3,-9.10620000e-2,0.087500,0.001441,-89.062500,1,stable,0,0,45.70
0.465700,0.933810,40,2000000,500000,44648,2.28964103e-3,8.92960000e-2,-0.512500,-0.517441,-740.340000,1,metastable,1,1,62.68
0.805700,0.975210,40,2000000,500000,16156,8.28512821e-4,3.23120000e-2,-0.130000,-0.149045,-108.652500,3,weakly_unstable,0,1,42.94
0.985700,0.994180,40,2000000,500000,4868,2.49641026e-4,9.73600000e-3,0.036250,0.019672,-3.322500,3,weakly_unstable,0,1,41.96
0.565700,0.960600,40,2000000,500000,29339,1.50456410e-3,5.86780000e-2,-0.180000,-0.150768,-411.185000,3,weakly_unstable,0,1,52.94
0.565700,0.968600,40,2000000,500000,20302,1.04112821e-3,4.06040000e-2,-0.015000,0.025687,-276.702500,3,weakly_unstable,0,1,53.40
0.485700,0.948940,40,2000000,500000,-20361,-1.04415385e-3,-4.07220000e-2,-0.572500,-0.523052,-477.915000,1,chaotic,0,0,56.74
0.985700,0.970180,40,2000000,500000,6047,3.10102564e-4,1.20940000e-2,-0.093750,-0.083474,-131.220000,3,weakly_unstable,0,1,42.09
1.125700,1.000000,40,2000000,500000,-1510,-7.74358974e-5,-3.02000000e-3,0.008750,0.000067,-1.935000,1,stable,0,0,35.29
0.465700,0.859810,40,2000000,500000,63007,3.23112821e-3,1.26014000e-1,-0.080000,0.024711,-2882.152500,3,weakly_unstable,0,1,68.53
0.745700,0.973540,40,2000000,500000,21835,1.11974359e-3,4.36700000e-2,0.101250,0.023111,-137.850000,3,weakly_unstable,0,1,43.77
1.085700,0.996640,40,2000000,500000,2049,1.05076923e-4,4.09800000e-3,0.012500,0.014306,-0.785000,3,weakly_unstable,0,1,39.71
1.065700,0.984580,40,2000000,500000,3639,1.86615385e-4,7.27800000e-3,0.016250,0.037969,-45.967500,3,weakly_unstable,0,1,42.11
0.565700,0.966600,40,2000000,500000,22594,1.15866667e-3,4.51880000e-2,0.122500,0.221763,-273.070000,3,weakly_unstable,0,1,53.18
0.565700,0.967600,40,2000000,500000,15630,8.01538462e-4,3.12600000e-2,-0.175000,-0.090510,-304.672500,3,weakly_unstable,0,1,53.25
0.565700,0.979600,40,2000000,500000,-27763,-1.42374359e-3,-5.55260000e-2,0.158750,0.149749,-123.430000,1,stable,0,0,45.31
0.805700,0.976210,40,2000000,500000,15967,8.18820513e-4,3.19340000e-2,0.006250,0.053936,-118.940000,3,weakly_unstable,0,1,42.05
0.985700,0.995180,40,2000000,500000,3931,2.01589744e-4,7.86200000e-3,-0.002500,0.004896,-11.842500,3,weakly_unstable,0,1,40.95
0.445700,0.875600,40,2000000,500000,77628,3.98092308e-3,1.55256000e-1,0.247500,0.014668,-2399.140000,3,weakly_unstable,0,1,74.26
0.565700,0.969600,40,2000000,500000,37408,1.91835897e-3,7.48160000e-2,-0.773750,-0.794343,-226.617500,1,metastable,1,1,47.44
0.985700,0.971180,40,2000000,500000,6131,3.14410256e-4,1.22620000e-2,0.021250,0.055531,-140.072500,3,weakly_unstable,0,1,41.72
0.465700,0.934810,40,2000000,500000,28525,1.46282051e-3,5.70500000e-2,0.632500,0.586588,-792.397500,1,metastable,1,1,61.66
1.145700,0.969780,40,2000000,500000,1460,7.48717949e-5,2.92000000e-3,-0.026250,-0.022921,-157.707500,5,weakly_unstable,0,1,45.84
0.485700,0.949940,40,2000000,500000,7051,3.61589744e-4,1.41020000e-2,0.656250,0.619083,-478.825000,1,metastable,1,1,56.22
1.085700,0.997640,40,2000000,500000,2015,1.03333333e-4,4.03000000e-3,0.067500,0.073654,-2.145000,3,weakly_unstable,0,1,40.11
0.745700,0.974540,40,2000000,500000,24281,1.24517949e-3,4.85620000e-2,0.146250,0.067018,-133.495000,3,weakly_unstable,0,1,44.31
1.065700,0.985580,40,2000000,500000,3703,1.89897436e-4,7.40600000e-3,0.002500,-0.010482,-46.412500,3,weakly_unstable,0,1,43.10
1.105700,0.985700,40,2000000,500000,3023,1.55025641e-4,6.04600000e-3,0.058750,0.042362,-24.462500,3,weakly_unstable,0,1,43.17
0.445700,0.877600,40,2000000,500000,77982,3.99907692e-3,1.55964000e-1,0.088750,0.053831,-2295.595000,3,weakly_unstable,0,1,73.63
0.565700,0.982600,40,2000000,500000,-118765,-6.09051282e-3,-2.37530000e-1,-0.028750,-0.015909,-59.315000,1,stable,0,0,44.22
0.805700,0.977210,40,2000000,500000,18438,9.45538462e-4,3.68760000e-2,0.011250,-0.018527,-88.817500,3,weakly_unstable,0,1,42.15
0.985700,0.996180,40,2000000,500000,2588,1.32717949e-4,5.17600000e-3,-0.018750,-0.021185,-9.270000,3,weakly_unstable,0,1,41.46
0.565700,0.980600,40,2000000,500000,-62962,-3.22882051e-3,-1.25924000e-1,-0.048750,-0.041877,-98.917500,1,stable,0,0,45.39
0.465700,0.860810,40,2000000,500000,63198,3.24092308e-3,1.26396000e-1,0.021250,-0.025646,-2912.617500,3,weakly_unstable,0,1,67.56
0.985700,0.972180,40,2000000,500000,6951,3.56461538e-4,1.39020000e-2,0.031250,0.022278,-110.175000,3,weakly_unstable,0,1,42.71
1.085700,0.998640,40,2000000,500000,2539,1.30205128e-4,5.07800000e-3,0.947500,0.945592,-2.197500,1,metastable,1,1,36.12
0.565700,0.970600,40,2000000,500000,64503,3.30784615e-3,1.29006000e-1,0.787500,0.791098,-211.292500,1,metastable,1,1,47.65
1.145700,0.970780,40,2000000,500000,1542,7.90769231e-5,3.08400000e-3,-0.085000,-0.055110,-104.242500,5,weakly_unstable,0,1,47.00
0.745700,0.975540,40,2000000,500000,18049,9.25589744e-4,3.60980000e-2,-0.145000,-0.071168,-151.547500,3,weakly_unstable,0,1,44.84
1.065700,0.986580,40,2000000,500000,3034,1.55589744e-4,6.06800000e-3,0.022500,0.043988,-20.430000,3,weakly_unstable,0,1,44.52
0.445700,0.876600,40,2000000,500000,75503,3.87194872e-3,1.51006000e-1,-0.032500,0.057839,-2309.187500,3,weakly_unstable,0,1,73.37
1.105700,0.986700,40,2000000,500000,2901,1.48769231e-4,5.80200000e-3,-0.071250,-0.093710,-38.105000,3,weakly_unstable,0,1,43.99
0.985700,0.997180,40,2000000,500000,5720,2.93333333e-4,1.14400000e-2,-0.946250,-0.942176,-7.830000,1,metastable,1,1,36.18
0.485700,0.950940,40,2000000,500000,13547,6.94717949e-4,2.70940000e-2,-0.590000,-0.458575,-456.422500,1,metastable,1,1,56.91
0.465700,0.935810,40,2000000,500000,41755,2.14128205e-3,8.35100000e-2,-0.601250,-0.529147,-801.730000,1,metastable,1,1,64.72
0.565700,0.983600,40,2000000,500000,-97115,-4.98025641e-3,-1.94230000e-1,0.123750,0.174019,-52.165000,1,stable,0,0,44.80
0.805700,0.978210,40,2000000,500000,14579,7.47641026e-4,2.91580000e-2,0.083750,-0.005084,-95.822500,3,weakly_unstable,0,1,43.57
0.565700,0.981600,40,2000000,500000,-90054,-4.61815385e-3,-1.80108000e-1,-0.051250,-0.098489,-69.357500,1,stable,0,0,45.30
1.165700,0.975810,40,2000000,500000,917,4.70256410e-5,1.83400000e-3,-0.300000,-0.289920,-81.717500,5,weakly_unstable,0,1,46.09
1.085700,0.999640,40,2000000,500000,4617,2.36769231e-4,9.23400000e-3,-0.612500,-0.546993,-1.942500,1,metastable,1,1,38.34
0.985700,0.973180,40,2000000,500000,5350,2.74358974e-4,1.07000000e-2,0.128750,0.089414,-113.190000,3,weakly_unstable,0,1,43.07
0.565700,0.971600,40,2000000,500000,50602,2.59497436e-3,1.01204000e-1,-0.743750,-0.742120,-197.927500,1,metastable,1,1,47.87
0.445700,0.878600,40,2000000,500000,62734,3.21712821e-3,1.25468000e-1,-0.161250,0.056735,-2369.637500,3,weakly_unstable,0,1,73.80
1.145700,0.971780,40,2000000,500000,1650,8.46153846e-5,3.30000000e-3,-0.038750,-0.027770,-144.752500,5,weakly_unstable,0,1,45.15
0.745700,0.976540,40,2000000,500000,20557,1.05420513e-3,4.11140000e-2,0.148750,0.194319,-108.747500,3,weakly_unstable,0,1,43.98
1.065700,0.987580,40,2000000,500000,3004,1.54051282e-4,6.00800000e-3,0.101250,0.097125,-44.072500,3,weakly_unstable,0,1,43.44
1.025700,0.969410,40,2000000,500000,4102,2.10358974e-4,8.20400000e-3,0.057500,0.039584,-153.192500,3,weakly_unstable,0,1,42.40
0.985700,0.998180,40,2000000,500000,3172,1.62666667e-4,6.34400000e-3,-0.287500,-0.303970,-2.847500,3,weakly_unstable,0,1,41.36
1.105700,0.987700,40,2000000,500000,2565,1.31538462e-4,5.13000000e-3,-0.017500,-0.007341,-23.962500,3,weakly_unstable,0,1,44.52
0.565700,0.984600,40,2000000,500000,-114746,-5.88441026e-3,-2.29492000e-1,-0.158750,-0.195738,-63.300000,1,stable,0,0,44.06
0.805700,0.979210,40,2000000,500000,13417,6.88051282e-4,2.68340000e-2,0.013750,-0.019227,-85.212500,3,weakly_unstable,0,1,42.81
0.565700,0.986600,40,2000000,500000,-182289,-9.34815385e-3,-3.64578000e-1,-0.006250,-0.019192,-36.667500,1,stable,0,0,43.75
1.085700,1.000000,40,2000000,500000,-3086,-1.58256410e-4,-6.17200000e-3,-0.007500,-0.003838,-1.942500,1,stable,0,0,34.80
1.165700,0.976810,40,2000000,500000,1044,5.35384615e-5,2.08800000e-3,0.202500,0.190136,-84.182500,5,weakly_unstable,0,1,45.59
0.485700,0.951940,40,2000000,500000,18292,9.38051282e-4,3.65840000e-2,0.210000,0.349106,-441.235000,1,weakly_unstable,0,1,57.31
1.025700,0.997410,40,2000000,500000,2412,1.23692308e-4,4.82400000e-3,0.076250,0.072283,-2.505000,3,weakly_unstable,0,1,40.88
0.465700,0.936810,40,2000000,500000,28312,1.45189744e-3,5.66240000e-2,-0.375000,-0.535727,-710.842500,1,metastable,1,1,62.10
0.565700,0.972600,40,2000000,500000,26875,1.37820513e-3,5.37500000e-2,-0.783750,-0.739206,-175.737500,1,metastable,1,1,46.77
0.985700,0.999180,40,2000000,500000,-3945,-2.02307692e-4,-7.89000000e-3,-0.708750,-0.693649,-2.077500,1,chaotic,0,0,36.47
1.145700,0.972780,40,2000000,500000,1738,8.91282051e-5,3.47600000e-3,-0.157500,-0.137676,-90.447500,5,weakly_unstable,0,1,45.38
1.065700,0.988580,40,2000000,500000,2975,1.52564103e-4,5.95000000e-3,0.103750,0.088794,-16.850000,3,weakly_unstable,0,1,43.56
0.745700,0.977540,40,2000000,500000,19127,9.80871795e-4,3.82540000e-2,0.012500,0.013257,-99.620000,3,weakly_unstable,0,1,44.49
1.025700,0.970410,40,2000000,500000,4926,2.52615385e-4,9.85200000e-3,-0.082500,-0.068261,-146.425000,3,weakly_unstable,0,1,42.85
1.105700,0.988700,40,2000000,500000,2568,1.31692308e-4,5.13600000e-3,-0.166250,-0.182736,-30.550000,3,weakly_unstable,0,1,42.91
0.805700,0.980210,40,2000000,500000,15358,7.87589744e-4,3.07160000e-2,-0.041250,-0.077001,-70.822500,3,weakly_unstable,0,1,42.26
0.565700,0.985600,40,2000000,500000,-171748,-8.80758974e-3,-3.43496000e-1,0.107500,0.091298,-49.835000,1,stable,0,0,43.90
0.565700,0.987600,40,2000000,500000,-193166,-9.90594872e-3,-3.86332000e-1,-0.068750,-0.039575,-47.302500,1,stable,0,0,43.30
1.105700,0.969700,40,2000000,500000,1264,6.48205128e-5,2.52800000e-3,-0.182500,-0.155099,-215.780000,3,weakly_unstable,0,1,44.42
1.165700,0.977810,40,2000000,500000,1614,8.27692308e-5,3.22800000e-3,-0.042500,-0.055274,-99.370000,5,weakly_unstable,0,1,44.63
0.445700,0.879600,40,2000000,500000,66230,3.39641026e-3,1.32460000e-1,-0.100000,-0.038425,-2214.502500,3,weakly_unstable,0,1,72.73
1.025700,0.998410,40,2000000,500000,1685,8.64102564e-5,3.37000000e-3,-0.090000,-0.104841,-6.867500,3,weakly_unstable,0,1,41.12
0.985700,1.000000,40,2000000,500000,-11584,-5.94051282e-4,-2.31680000e-2,0.000000,0.028890,-1.937500,1,stable,0,0,35.89
0.485700,0.952940,40,2000000,500000,-30335,-1.55564103e-3,-6.06700000e-2,-0.247500,-0.335447,-461.245000,1,stable,0,0,57.05
0.565700,0.973600,40,2000000,500000,11797,6.04974359e-4,2.35940000e-2,0.777500,0.767647,-183.015000,1,metastable,1,1,46.44
1.025700,0.971410,40,2000000,500000,3178,1.62974359e-4,6.35600000e-3,-0.075000,-0.042455,-130.762500,3,weakly_unstable,0,1,42.00
1.065700,0.989580,40,2000000,500000,2602,1.33435897e-4,5.20400000e-3,-0.006250,-0.002298,-20.070000,3,weakly_unstable,0,1,43.45
1.145700,0.973780,40,2000000,500000,1926,9.87692308e-5,3.85200000e-3,0.006250,0.012871,-138.662500,5,weakly_unstable,0,1,45.94
0.745700,0.978540,40,2000000,500000,21582,1.10676923e-3,4.31640000e-2,0.055000,-0.030386,-121.530000,3,weakly_unstable,0,1,43.93
0.465700,0.937810,40,2000000,500000,24486,1.25569231e-3,4.89720000e-2,0.595000,0.539597,-711.105000,1,metastable,1,1,62.33
1.105700,0.989700,40,2000000,500000,2631,1.34923077e-4,5.26200000e-3,-0.010000,-0.011763,-35.995000,3,weakly_unstable,0,1,44.15
0.805700,0.981210,40,2000000,500000,13303,6.82205128e-4,2.66060000e-2,0.092500,0.072642,-59.990000,3,weakly_unstable,0,1,42.70
0.745700,0.979540,40,2000000,500000,15612,8.00615385e-4,3.12240000e-2,0.145000,0.042817,-108.080000,3,weakly_unstable,0,1,43.79
0.565700,0.988600,40,2000000,500000,-212081,-1.08759487e-2,-4.24162000e-1,0.026250,0.068811,-28.390000,1,stable,0,0,42.85
1.025700,0.999410,40,2000000,500000,-5127,-2.62923077e-4,-1.02540000e-2,0.765000,0.749144,-1.125000,1,chaotic,0,0,36.46
1.165700,0.978810,40,2000000,500000,1393,7.14358974e-5,2.78600000e-3,-0.003750,0.012431,-70.127500,5,weakly_unstable,0,1,44.45
1.105700,0.970700,40,2000000,500000,1134,5.81538462e-5,2.26800000e-3,-0.112500,-0.162557,-206.830000,5,weakly_unstable,0,1,46.42
1.005700,0.969310,40,2000000,500000,4932,2.52923077e-4,9.86400000e-3,-0.015000,0.000493,-164.045000,3,weakly_unstable,0,1,42.46
1.025700,0.972410,40,2000000,500000,4058,2.08102564e-4,8.11600000e-3,-0.047500,-0.053560,-135.707500,3,weakly_unstable,0,1,42.57
1.065700,0.990580,40,2000000,500000,2323,1.19128205e-4,4.64600000e-3,-0.057500,-0.050858,-4.795000,3,weakly_unstable,0,1,42.95
1.145700,0.978780,40,2000000,500000,2201,1.12871795e-4,4.40200000e-3,0.008750,0.027587,-87.290000,3,weakly_unstable,0,1,43.56
0.565700,0.974600,40,2000000,500000,3567,1.82923077e-4,7.13400000e-3,-0.587500,-0.685107,-155.815000,1,metastable,1,1,46.33
1.105700,0.999700,40,2000000,500000,-1461,-7.49230769e-5,-2.92200000e-3,0.000000,-0.000035,-1.952500,1,stable,0,0,35.09
0.485700,0.953940,40,2000000,500000,-28811,-1.47748718e-3,-5.76220000e-2,-0.568750,-0.533135,-443.717500,1,chaotic,0,0,55.20
1.145700,0.974780,40,2000000,500000,1488,7.63076923e-5,2.97600000e-3,-0.275000,-0.247622,-68.340000,5,weakly_unstable,0,1,46.94
1.105700,0.990700,40,2000000,500000,2355,1.20769231e-4,4.71000000e-3,0.051250,0.053731,-13.155000,3,weakly_unstable,0,1,43.69
0.445700,0.880600,40,2000000,500000,68611,3.51851282e-3,1.37222000e-1,-0.263750,0.016740,-2175.917500,3,weakly_unstable,0,1,72.21
1.025700,1.000000,40,2000000,500000,-6992,-3.58564103e-4,-1.39840000e-2,-0.067500,-0.053994,-1.937500,1,stable,0,0,35.48
0.805700,0.982210,40,2000000,500000,10782,5.52923077e-4,2.15640000e-2,-0.076250,0.001340,-62.687500,3,weakly_unstable,0,1,43.10
0.565700,0.989600,40,2000000,500000,-184928,-9.48348718e-3,-3.69856000e-1,0.022500,-0.032601,-22.550000,1,stable,0,0,42.76
0.465700,0.938810,40,2000000,500000,10925,5.60256410e-4,2.18500000e-2,0.562500,0.551503,-630.627500,1,metastable,1,1,60.99
1.105700,0.971700,40,2000000,500000,2589,1.32769231e-4,5.17800000e-3,0.072500,0.066521,-96.820000,3,weakly_unstable,0,1,43.84
1.165700,0.979810,40,2000000,500000,1666,8.54358974e-5,3.33200000e-3,-0.002500,0.013386,-64.120000,5,weakly_unstable,0,1,45.37
1.005700,0.970310,40,2000000,500000,4558,2.33743590e-4,9.11600000e-3,0.015000,0.027073,-153.445000,3,weakly_unstable,0,1,42.17
1.105700,1.000000,40,2000000,500000,-2440,-1.25128205e-4,-4.88000000e-3,-0.007500,-0.000823,-1.942500,1,stable,0,0,34.70
1.025700,0.973410,40,2000000,500000,3937,2.01897436e-4,7.87400000e-3,0.017500,0.004535,-127.395000,3,weakly_unstable,0,1,42.58
1.065700,0.991580,40,2000000,500000,3187,1.63435897e-4,6.37400000e-3,0.055000,0.060684,-25.212500,3,weakly_unstable,0,1,42.67
1.005700,0.972310,40,2000000,500000,5799,2.97384615e-4,1.15980000e-2,-0.020000,-0.006155,-132.877500,3,weakly_unstable,0,1,41.99
1.145700,0.979780,40,2000000,500000,2120,1.08717949e-4,4.24000000e-3,-0.103750,-0.077893,-78.480000,3,weakly_unstable,0,1,44.42
1.105700,0.991700,40,2000000,500000,2271,1.16461538e-4,4.54200000e-3,-0.085000,-0.094587,-11.370000,3,weakly_unstable,0,1,42.99
1.145700,0.975780,40,2000000,500000,1217,6.24102564e-5,2.43400000e-3,0.258750,0.232217,-112.020000,5,weakly_unstable,0,1,45.35
1.045700,0.969500,40,2000000,500000,2015,1.03333333e-4,4.03000000e-3,-0.447500,-0.492740,-195.932500,3,weakly_unstable,0,1,42.67
0.805700,0.983210,40,2000000,500000,13560,6.95384615e-4,2.71200000e-2,-0.087500,-0.049505,-48.462500,3,weakly_unstable,0,1,43.00
0.485700,0.954940,40,2000000,500000,-30725,-1.57564103e-3,-6.14500000e-2,-0.001250,-0.059622,-407.810000,1,stable,0,0,55.53
1.145700,0.976780,40,2000000,500000,1449,7.43076923e-5,2.89800000e-3,0.040000,0.049023,-65.070000,3,weakly_unstable,0,1,44.41
1.105700,0.972700,40,2000000,500000,2234,1.14564103e-4,4.46800000e-3,-0.171250,-0.145748,-90.447500,3,weakly_unstable,0,1,44.66
1.165700,0.980810,40,2000000,500000,1662,8.52307692e-5,3.32400000e-3,-0.035000,-0.029131,-62.472500,5,weakly_unstable,0,1,45.11
1.005700,0.971310,40,2000000,500000,6039,3.09692308e-4,1.20780000e-2,0.040000,0.038107,-140.015000,3,weakly_unstable,0,1,41.95
0.445700,0.881600,40,2000000,500000,64177,3.29112821e-3,1.28354000e-1,0.210000,0.047498,-2164.385000,3,weakly_unstable,0,1,72.73
0.465700,0.939810,40,2000000,500000,-3103,-1.59128205e-4,-6.20600000e-3,-0.467500,-0.517402,-641.590000,1,chaotic,0,0,61.38
1.125700,0.969740,40,2000000,500000,1264,6.48205128e-5,2.52800000e-3,-0.190000,-0.180986,-163.252500,5,weakly_unstable,0,1,45.50
1.025700,0.974410,40,2000000,500000,4603,2.36051282e-4,9.20600000e-3,0.015000,0.006888,-145.557500,3,weakly_unstable,0,1,42.44
1.065700,0.992580,40,2000000,500000,3094,1.58666667e-4,6.18800000e-3,-0.065000,-0.088991,-7.537500,3,weakly_unstable,0,1,42.07
1.005700,0.973310,40,2000000,500000,5012,2.57025641e-4,1.00240000e-2,0.136250,0.102948,-116.745000,3,weakly_unstable,0,1,42.52
1.145700,0.980780,40,2000000,500000,1854,9.50769231e-5,3.70800000e-3,0.108750,0.097169,-78.187500,5,weakly_unstable,0,1,44.49
1.105700,0.992700,40,2000000,500000,1507,7.72820513e-5,3.01400000e-3,0.110000,0.122183,-4.430000,3,weakly_unstable,0,1,44.53
1.045700,0.970500,40,2000000,500000,2962,1.51897436e-4,5.92400000e-3,-0.163750,-0.169417,-91.532500,3,weakly_unstable,0,1,42.14
1.105700,0.978700,40,2000000,500000,2730,1.40000000e-4,5.46000000e-3,0.055000,0.036510,-54.682500,3,weakly_unstable,0,1,44.03
0.805700,0.984210,40,2000000,500000,15177,7.78307692e-4,3.03540000e-2,-0.072500,-0.062912,-47.382500,3,weakly_unstable,0,1,42.68
1.145700,0.977780,40,2000000,500000,2023,1.03743590e-4,4.04600000e-3,0.052500,0.049726,-75.225000,5,weakly_unstable,0,1,44.89
1.105700,0.973700,40,2000000,500000,2367,1.21384615e-4,4.73400000e-3,-0.011250,-0.007654,-88.620000,5,weakly_unstable,0,1,45.40
1.165700,0.981810,40,2000000,500000,2094,1.07384615e-4,4.18800000e-3,-0.057500,-0.058049,-59.087500,3,weakly_unstable,0,1,45.15
0.485700,0.955940,40,2000000,500000,-71818,-3.68297436e-3,-1.43636000e-1,0.133750,0.082186,-345.107500,1,stable,0,0,55.21
1.105700,0.981700,40,2000000,500000,2464,1.26358974e-4,4.92800000e-3,0.090000,0.088137,-62.430000,3,weakly_unstable,0,1,44.66
1.025700,0.975410,40,2000000,500000,4733,2.42717949e-4,9.46600000e-3,0.017500,0.019320,-109.997500,3,weakly_unstable,0,1,42.94
1.065700,0.993580,40,2000000,500000,3012,1.54461538e-4,6.02400000e-3,0.208750,0.197258,-12.975000,3,weakly_unstable,0,1,42.83
1.125700,0.970740,40,2000000,500000,2524,1.29435897e-4,5.04800000e-3,-0.027500,-0.031816,-145.232500,3,weakly_unstable,0,1,44.81
1.005700,0.974310,40,2000000,500000,5165,2.64871795e-4,1.03300000e-2,-0.018750,-0.015588,-131.710000,3,weakly_unstable,0,1,42.18
1.145700,0.981780,40,2000000,500000,2028,1.04000000e-4,4.05600000e-3,-0.038750,-0.028191,-82.810000,3,weakly_unstable,0,1,44.46
1.105700,0.993700,40,2000000,500000,2312,1.18564103e-4,4.62400000e-3,0.198750,0.208385,-4.525000,3,weakly_unstable,0,1,43.21
1.045700,0.971500,40,2000000,500000,3534,1.81230769e-4,7.06800000e-3,0.018750,0.040607,-133.772500,3,weakly_unstable,0,1,43.46
1.105700,0.979700,40,2000000,500000,2163,1.10923077e-4,4.32600000e-3,-0.076250,-0.069533,-86.735000,3,weakly_unstable,0,1,43.45
0.805700,0.985210,40,2000000,500000,14785,7.58205128e-4,2.95700000e-2,0.041250,0.040921,-62.227500,3,weakly_unstable,0,1,42.78
0.465700,0.940810,40,2000000,500000,-798,-4.09230769e-5,-1.59600000e-3,0.258750,0.377087,-679.597500,1,stable,0,0,61.34
1.125700,0.974740,40,2000000,500000,1997,1.02410256e-4,3.99400000e-3,0.123750,0.107978,-102.027500,3,weakly_unstable,0,1,44.62
0.445700,0.882600,40,2000000,500000,84065,4.31102564e-3,1.68130000e-1,-0.178750,-0.052151,-2174.032500,3,weakly_unstable,0,1,72.82
1.105700,0.974700,40,2000000,500000,966,4.95384615e-5,1.93200000e-3,-0.097500,-0.061871,-138.480000,5,weakly_unstable,0,1,45.64
1.165700,0.982810,40,2000000,500000,910,4.66666667e-5,1.82000000e-3,0.268750,0.254318,-61.682500,5,weakly_unstable,0,1,44.91
1.105700,0.982700,40,2000000,500000,2048,1.05025641e-4,4.09600000e-3,0.021250,0.020876,-76.417500,3,weakly_unstable,0,1,44.72
0.485700,0.956940,40,2000000,500000,-101176,-5.18851282e-3,-2.02352000e-1,0.056250,0.037240,-359.557500,1,stable,0,0,54.65
1.065700,0.994580,40,2000000,500000,2277,1.16769231e-4,4.55400000e-3,0.021250,0.018511,-11.050000,3,weakly_unstable,0,1,41.06
1.025700,0.976410,40,2000000,500000,3749,1.92256410e-4,7.49800000e-3,0.093750,0.120270,-54.075000,3,weakly_unstable,0,1,42.14
1.005700,0.975310,40,2000000,500000,5319,2.72769231e-4,1.06380000e-2,-0.130000,-0.114736,-91.587500,3,weakly_unstable,0,1,42.17
1.125700,0.971740,40,2000000,500000,2354,1.20717949e-4,4.70800000e-3,0.153750,0.146424,-135.512500,3,weakly_unstable,0,1,43.61
1.145700,0.982780,40,2000000,500000,2013,1.03230769e-4,4.02600000e-3,-0.110000,-0.095257,-45.092500,3,weakly_unstable,0,1,44.01
1.045700,0.972500,40,2000000,500000,3953,2.02717949e-4,7.90600000e-3,-0.017500,0.001714,-132.732500,3,weakly_unstable,0,1,42.35
1.105700,0.994700,40,2000000,500000,1968,1.00923077e-4,3.93600000e-3,-0.151250,-0.155562,-7.215000,3,weakly_unstable,0,1,43.27
0.805700,0.986210,40,2000000,500000,12617,6.47025641e-4,2.52340000e-2,0.022500,0.037610,-36.915000,3,weakly_unstable,0,1,42.46
1.105700,0.980700,40,2000000,500000,1501,7.69743590e-5,3.00200000e-3,0.043750,0.048428,-66.880000,3,weakly_unstable,0,1,42.93
1.125700,0.975740,40,2000000,500000,2021,1.03641026e-4,4.04200000e-3,-0.086250,-0.081686,-138.872500,3,weakly_unstable,0,1,45.51
1.105700,0.975700,40,2000000,500000,1570,8.05128205e-5,3.14000000e-3,-0.201250,-0.184519,-90.675000,3,weakly_unstable,0,1,44.52
1.165700,0.983810,40,2000000,500000,1141,5.85128205e-5,2.28200000e-3,0.003750,0.014655,-17.922500,5,weakly_unstable,0,1,45.30
0.465700,0.941810,40,2000000,500000,-8274,-4.24307692e-4,-1.65480000e-2,-0.133750,0.063593,-637.200000,1,stable,0,0,60.50
1.105700,0.983700,40,2000000,500000,2229,1.14307692e-4,4.45800000e-3,-0.033750,-0.012438,-50.287500,3,weakly_unstable,0,1,43.06
1.065700,0.995580,40,2000000,500000,1926,9.87692308e-5,3.85200000e-3,0.261250,0.271975,-8.005000,3,weakly_unstable,0,1,40.25
1.025700,0.977410,40,2000000,500000,4576,2.34666667e-4,9.15200000e-3,-0.121250,-0.128612,-84.992500,3,weakly_unstable,0,1,42.48
1.005700,0.976310,40,2000000,500000,5315,2.72564103e-4,1.06300000e-2,0.073750,0.065657,-116.672500,3,weakly_unstable,0,1,41.55
1.125700,0.972740,40,2000000,500000,2132,1.09333333e-4,4.26400000e-3,-0.002500,-0.019481,-174.837500,3,weakly_unstable,0,1,43.71
1.045700,0.973500,40,2000000,500000,2862,1.46769231e-4,5.72400000e-3,0.032500,0.031710,-85.567500,3,weakly_unstable,0,1,42.53
1.105700,0.995700,40,2000000,500000,2227,1.14205128e-4,4.45400000e-3,-0.147500,-0.147859,-3.920000,3,weakly_unstable,0,1,42.56
0.805700,0.987210,40,2000000,500000,14333,7.35025641e-4,2.86660000e-2,-0.006250,-0.018524,-31.327500,3,weakly_unstable,0,1,41.92
0.485700,0.957940,40,2000000,500000,-69374,-3.55764103e-3,-1.38748000e-1,-0.152500,-0.081500,-396.890000,1,stable,0,0,53.94
1.145700,0.983780,40,2000000,500000,1890,9.69230769e-5,3.78000000e-3,0.000000,-0.009502,-41.540000,5,weakly_unstable,0,1,44.05
1.185700,0.972840,40,2000000,500000,1105,5.66666667e-5,2.21000000e-3,-0.086250,-0.082753,-93.257500,5,weakly_unstable,0,1,44.95
0.445700,0.883600,40,2000000,500000,67790,3.47641026e-3,1.35580000e-1,0.112500,0.005136,-2115.257500,3,weakly_unstable,0,1,72.64
1.125700,0.976740,40,2000000,500000,2192,1.12410256e-4,4.38400000e-3,0.127500,0.129358,-91.580000,3,weakly_unstable,0,1,43.60
1.105700,0.976700,40,2000000,500000,2314,1.18666667e-4,4.62800000e-3,-0.073750,-0.060754,-67.405000,3,weakly_unstable,0,1,42.90
1.105700,0.984700,40,2000000,500000,2796,1.43384615e-4,5.59200000e-3,-0.143750,-0.152751,-44.647500,3,weakly_unstable,0,1,42.85
1.165700,0.984810,40,2000000,500000,1494,7.66153846e-5,2.98800000e-3,0.027500,0.039721,-46.650000,5,weakly_unstable,0,1,44.14
1.065700,0.996580,40,2000000,500000,1790,9.17948718e-5,3.58000000e-3,0.032500,0.042407,-5.795000,3,weakly_unstable,0,1,39.92
1.005700,0.977310,40,2000000,500000,5572,2.85743590e-4,1.11440000e-2,-0.018750,-0.055262,-79.095000,3,weakly_unstable,0,1,40.94
1.025700,0.978410,40,2000000,500000,4709,2.41487179e-4,9.41800000e-3,0.056250,0.046008,-78.760000,3,weakly_unstable,0,1,42.06
1.125700,0.973740,40,2000000,500000,1759,9.02051282e-5,3.51800000e-3,-0.016250,-0.029333,-117.885000,5,weakly_unstable,0,1,44.60
1.105700,0.996700,40,2000000,500000,1646,8.44102564e-5,3.29200000e-3,0.261250,0.276342,-3.850000,3,weakly_unstable,0,1,39.88
0.465700,0.942810,40,2000000,500000,-21502,-1.10266667e-3,-4.30040000e-2,-0.346250,-0.462810,-615.727500,1,chaotic,0,0,59.71
0.805700,0.988210,40,2000000,500000,13362,6.85230769e-4,2.67240000e-2,-0.033750,0.019278,-39.375000,3,weakly_unstable,0,1,41.75
1.045700,0.974500,40,2000000,500000,4826,2.47487179e-4,9.65200000e-3,-0.020000,-0.050786,-98.942500,3,weakly_unstable,0,1,42.47
1.145700,0.984780,40,2000000,500000,1700,8.71794872e-5,3.40000000e-3,-0.026250,-0.044702,-60.537500,3,weakly_unstable,0,1,44.56
1.185700,0.973840,40,2000000,500000,928,4.75897436e-5,1.85600000e-3,-0.131250,-0.129031,-121.307500,5,weakly_unstable,0,1,44.40
0.485700,0.958940,40,2000000,500000,-95580,-4.90153846e-3,-1.91160000e-1,0.163750,0.117487,-354.470000,1,stable,0,0,53.48
1.125700,0.977740,40,2000000,500000,2608,1.33743590e-4,5.21600000e-3,-0.055000,-0.046464,-57.727500,3,weakly_unstable,0,1,43.75
1.105700,0.997700,40,2000000,500000,1998,1.02461538e-4,3.99600000e-3,-0.332500,-0.339259,-2.052500,3,weakly_unstable,0,1,40.82
1.105700,0.977700,40,2000000,500000,2121,1.08769231e-4,4.24200000e-3,0.098750,0.079897,-84.220000,3,weakly_unstable,0,1,42.73
1.065700,0.997580,40,2000000,500000,2220,1.13846154e-4,4.44000000e-3,-0.093750,-0.095124,-2.360000,3,weakly_unstable,0,1,40.44
1.165700,0.985810,40,2000000,500000,1486,7.62051282e-5,2.97200000e-3,0.138750,0.116375,-59.835000,5,weakly_unstable,0,1,44.43
1.005700,0.978310,40,2000000,500000,5341,2.73897436e-4,1.06820000e-2,-0.017500,-0.024322,-71.910000,3,weakly_unstable,0,1,40.99
1.025700,0.979410,40,2000000,500000,4031,2.06717949e-4,8.06200000e-3,0.040000,0.052295,-69.595000,3,weakly_unstable,0,1,42.39
0.445700,0.884600,40,2000000,500000,65907,3.37984615e-3,1.31814000e-1,0.071250,0.030658,-2193.207500,3,weakly_unstable,0,1,73.41
1.165700,0.996810,40,2000000,500000,858,4.40000000e-5,1.71600000e-3,-0.207500,-0.193380,-0.430000,3,weakly_unstable,0,1,42.11
1.165700,0.989810,40,2000000,500000,1820,9.33333333e-5,3.64000000e-3,0.017500,0.040837,-30.347500,5,weakly_unstable,0,1,44.10
1.045700,0.975500,40,2000000,500000,3944,2.02256410e-4,7.88800000e-3,0.031250,0.030669,-95.525000,3,weakly_unstable,0,1,41.57
0.805700,0.989210,40,2000000,500000,11792,6.04717949e-4,2.35840000e-2,0.045000,0.022423,-29.457500,3,weakly_unstable,0,1,42.58
1.145700,0.985780,40,2000000,500000,1803,9.24615385e-5,3.60600000e-3,0.330000,0.293404,-36.405000,5,weakly_unstable,0,1,44.65
1.185700,0.974840,40,2000000,500000,239,1.22564103e-5,4.78000000e-4,0.367500,0.359500,-106.745000,5,weakly_unstable,0,1,45.63
0.465700,0.943810,40,2000000,500000,-11048,-5.66564103e-4,-2.20960000e-2,0.212500,0.069008,-571.815000,1,stable,0,0,59.79
1.125700,0.978740,40,2000000,500000,2338,1.19897436e-4,4.67600000e-3,0.011250,0.024884,-89.172500,3,weakly_unstable,0,1,44.18
1.105700,0.998700,40,2000000,500000,921,4.72307692e-5,1.84200000e-3,0.221250,0.250135,-1.925000,3,weakly_unstable,0,1,39.40
0.485700,0.959940,40,2000000,500000,-128192,-6.57394872e-3,-2.56384000e-1,0.030000,-0.055995,-319.285000,1,stable,0,0,53.16
1.065700,0.998580,40,2000000,500000,1408,7.22051282e-5,2.81600000e-3,0.157500,0.172421,-5.647500,3,weakly_unstable,0,1,40.38
1.165700,0.987810,40,2000000,500000,1506,7.72307692e-5,3.01200000e-3,0.051250,0.029302,-20.015000,5,weakly_unstable,0,1,45.32
1.005700,0.979310,40,2000000,500000,4985,2.55641026e-4,9.97000000e-3,-0.007500,-0.001679,-122.855000,3,weakly_unstable,0,1,42.48
1.165700,0.986810,40,2000000,500000,1580,8.10256410e-5,3.16000000e-3,0.006250,0.008894,-22.980000,5,weakly_unstable,0,1,45.13
1.025700,0.980410,40,2000000,500000,3819,1.95846154e-4,7.63800000e-3,-0.161250,-0.154557,-64.440000,3,weakly_unstable,0,1,43.32
1.145700,0.992780,40,2000000,500000,2179,1.11743590e-4,4.35800000e-3,0.151250,0.168964,-5.872500,3,weakly_unstable,0,1,44.09
1.165700,0.997810,40,2000000,500000,993,5.09230769e-5,1.98600000e-3,0.120000,0.119525,-1.935000,3,weakly_unstable,0,1,40.68
1.045700,0.976500,40,2000000,500000,3995,2.04871795e-4,7.99000000e-3,-0.008750,-0.005465,-95.377500,3,weakly_unstable,0,1,42.47
1.165700,0.990810,40,2000000,500000,2090,1.07179487e-4,4.18000000e-3,0.031250,0.002788,-7.502500,5,weakly_unstable,0,1,44.69
0.805700,0.990210,40,2000000,500000,9406,4.82358974e-4,1.88120000e-2,-0.043750,-0.058164,-33.025000,3,weakly_unstable,0,1,43.62
1.145700,0.986780,40,2000000,500000,1938,9.93846154e-5,3.87600000e-3,0.016250,0.015878,-41.007500,5,weakly_unstable,0,1,45.11
1.185700,0.975840,40,2000000,500000,1449,7.43076923e-5,2.89800000e-3,0.095000,0.091426,-43.557500,5,weakly_unstable,0,1,45.18
1.065700,0.999580,40,2000000,500000,1387,7.11282051e-5,2.77400000e-3,0.212500,0.209883,-1.895000,1,weakly_unstable,0,1,38.75
1.125700,0.979740,40,2000000,500000,1817,9.31794872e-5,3.63400000e-3,0.088750,0.084225,-77.912500,3,weakly_unstable,0,1,44.19
1.125700,0.980740,40,2000000,500000,2817,1.44461538e-4,5.63400000e-3,0.031250,0.029599,-47.082500,3,weakly_unstable,0,1,44.55
0.485700,0.978940,40,2000000,500000,-405454,-2.07925128e-2,-8.10908000e-1,-0.016250,-0.038164,-106.612500,1,stable,0,0,48.53
1.165700,0.988810,40,2000000,500000,1347,6.90769231e-5,2.69400000e-3,-0.065000,-0.046379,-14.942500,3,weakly_unstable,0,1,44.77
1.005700,0.980310,40,2000000,500000,4942,2.53435897e-4,9.88400000e-3,-0.117500,-0.114673,-94.822500,3,weakly_unstable,0,1,42.37
1.025700,0.981410,40,2000000,500000,3466,1.77743590e-4,6.93200000e-3,-0.108750,-0.099947,-63.597500,3,weakly_unstable,0,1,42.88
1.165700,0.992810,40,2000000,500000,1351,6.92820513e-5,2.70200000e-3,-0.131250,-0.125217,-19.427500,5,weakly_unstable,0,1,45.02
0.465700,0.944810,40,2000000,500000,-19932,-1.02215385e-3,-3.98640000e-2,0.337500,0.318446,-519.140000,1,stable,0,0,60.79
1.165700,0.998810,40,2000000,500000,308,1.57948718e-5,6.16000000e-4,0.193750,0.205386,-2.967500,3,weakly_unstable,0,1,40.49
1.145700,0.993780,40,2000000,500000,1020,5.23076923e-5,2.04000000e-3,0.083750,0.089202,-12.405000,5,weakly_unstable,0,1,44.89
1.045700,0.977500,40,2000000,500000,4014,2.05846154e-4,8.02800000e-3,-0.022500,-0.042812,-76.362500,3,weakly_unstable,0,1,43.57
0.805700,0.991210,40,2000000,500000,9496,4.86974359e-4,1.89920000e-2,0.046250,0.037497,-23.367500,3,weakly_unstable,0,1,42.94
1.165700,0.991810,40,2000000,500000,1268,6.50256410e-5,2.53600000e-3,-0.075000,-0.072192,-5.732500,5,weakly_unstable,0,1,44.81
1.145700,0.987780,40,2000000,500000,1853,9.50256410e-5,3.70600000e-3,0.013750,0.014478,-15.022500,3,weakly_unstable,0,1,44.08
1.065700,1.000000,40,2000000,500000,-5095,-2.61282051e-4,-1.01900000e-2,-0.050000,-0.047397,-1.950000,1,stable,0,0,35.07
1.185700,0.976840,40,2000000,500000,1124,5.76410256e-5,2.24800000e-3,0.090000,0.081725,-90.290000,5,weakly_unstable,0,1,44.34
1.145700,0.999780,40,2000000,500000,-1838,-9.42564103e-5,-3.67600000e-3,0.876250,0.852142,-1.942500,1,chaotic,0,0,36.09
1.125700,0.981740,40,2000000,500000,2878,1.47589744e-4,5.75600000e-3,0.083750,0.081610,-48.845000,3,weakly_unstable,0,1,44.09
1.005700,0.986310,40,2000000,500000,4995,2.56153846e-4,9.99000000e-3,-0.016250,-0.028861,-32.117500,3,weakly_unstable,0,1,42.53
1.005700,0.981310,40,2000000,500000,5511,2.82615385e-4,1.10220000e-2,-0.022500,-0.043224,-65.405000,3,weakly_unstable,0,1,41.77
1.165700,0.999810,40,2000000,500000,588,3.01538462e-5,1.17600000e-3,-0.058750,-0.053740,-1.915000,1,weakly_unstable,0,1,36.48
1.025700,0.982410,40,2000000,500000,4697,2.40871795e-4,9.39400000e-3,0.103750,0.091713,-45.267500,3,weakly_unstable,0,1,42.82
0.485700,0.979940,40,2000000,500000,-413572,-2.12088205e-2,-8.27144000e-1,-0.053750,-0.052745,-77.687500,1,stable,0,0,48.70
1.165700,0.993810,40,2000000,500000,1172,6.01025641e-5,2.34400000e-3,-0.042500,-0.020849,-7.492500,5,weakly_unstable,0,1,45.31
1.145700,0.994780,40,2000000,500000,1349,6.91794872e-5,2.69800000e-3,0.183750,0.196889,-5.930000,3,weakly_unstable,0,1,43.22
1.045700,0.978500,40,2000000,500000,3227,1.65487179e-4,6.45400000e-3,-0.088750,-0.071071,-57.395000,3,weakly_unstable,0,1,43.68
0.805700,0.992210,40,2000000,500000,6613,3.39128205e-4,1.32260000e-2,-0.112500,-0.119835,-27.952500,3,weakly_unstable,0,1,42.90
1.145700,0.988780,40,2000000,500000,1549,7.94358974e-5,3.09800000e-3,0.060000,0.046608,-25.410000,5,weakly_unstable,0,1,44.40
1.145700,1.000000,40,2000000,500000,-1154,-5.91794872e-5,-2.30800000e-3,0.008750,0.000138,-1.947500,1,stable,0,0,34.76
0.465700,0.945810,40,2000000,500000,-82367,-4.22394872e-3,-1.64734000e-1,-0.052500,-0.013108,-528.780000,1,stable,0,0,57.72
1.025700,0.983410,40,2000000,500000,4030,2.06666667e-4,8.06000000e-3,-0.015000,-0.019047,-60.770000,3,weakly_unstable,0,1,41.57
1.085700,0.969640,40,2000000,500000,3225,1.65384615e-4,6.45000000e-3,0.012500,0.029202,-147.197500,3,weakly_unstable,0,1,43.72
1.185700,0.977840,40,2000000,500000,1242,6.36923077e-5,2.48400000e-3,-0.031250,-0.035212,-60.747500,5,weakly_unstable,0,1,44.41
1.165700,1.000000,40,2000000,500000,-117,-6.00000000e-6,-2.34000000e-4,0.000000,-0.000005,-1.950000,1,stable,0,0,34.45
1.025700,0.990410,40,2000000,500000,3691,1.89282051e-4,7.38200000e-3,-0.152500,-0.124247,-18.910000,3,weakly_unstable,0,1,42.05
1.005700,0.987310,40,2000000,500000,4918,2.52205128e-4,9.83600000e-3,-0.018750,-0.028040,-26.825000,3,weakly_unstable,0,1,41.72
1.005700,0.982310,40,2000000,500000,4808,2.46564103e-4,9.61600000e-3,0.015000,-0.010111,-21.460000,3,weakly_unstable,0,1,41.85
1.005700,0.993310,40,2000000,500000,4148,2.12717949e-4,8.29600000e-3,0.055000,0.058083,0.477500,3,weakly_unstable,0,1,40.64
1.165700,0.994810,40,2000000,500000,1239,6.35384615e-5,2.47800000e-3,-0.066250,-0.070980,-10.692500,3,weakly_unstable,0,1,43.52
1.145700,0.995780,40,2000000,500000,1053,5.40000000e-5,2.10600000e-3,-0.187500,-0.190073,-3.780000,3,weakly_unstable,0,1,43.81
0.485700,0.980940,40,2000000,500000,-419428,-2.15091282e-2,-8.38856000e-1,0.013750,0.000355,-82.392500,1,stable,0,0,49.06
1.045700,0.979500,40,2000000,500000,4065,2.08461538e-4,8.13000000e-3,0.045000,0.021655,-84.425000,3,weakly_unstable,0,1,42.36
0.805700,0.993210,40,2000000,500000,7993,4.09897436e-4,1.59860000e-2,-0.166250,-0.161594,-26.560000,3,weakly_unstable,0,1,42.71
1.145700,0.989780,40,2000000,500000,1742,8.93333333e-5,3.48400000e-3,-0.003750,-0.010639,-4.145000,5,weakly_unstable,0,1,44.78
1.025700,0.984410,40,2000000,500000,4085,2.09487179e-4,8.17000000e-3,0.047500,0.033970,-22.445000,3,weakly_unstable,0,1,41.31
1.165700,0.969810,40,2000000,500000,1214,6.22564103e-5,2.42800000e-3,-0.027500,-0.037599,-159.765000,5,weakly_unstable,0,1,45.34
1.085700,0.970640,40,2000000,500000,2924,1.49948718e-4,5.84800000e-3,0.042500,0.057020,-152.387500,3,weakly_unstable,0,1,43.71
1.185700,0.978840,40,2000000,500000,1183,6.06666667e-5,2.36600000e-3,0.035000,0.007242,-74.190000,5,weakly_unstable,0,1,45.05
1.025700,0.991410,40,2000000,500000,4048,2.07589744e-4,8.09600000e-3,-0.030000,-0.029355,-19.977500,3,weakly_unstable,0,1,41.80
0.465700,0.946810,40,2000000,500000,-58838,-3.01733333e-3,-1.17676000e-1,-0.071250,0.050671,-528.475000,1,stable,0,0,58.07
1.185700,0.969840,40,2000000,500000,1182,6.06153846e-5,2.36400000e-3,-0.015000,0.004305,-110.725000,5,weakly_unstable,0,1,44.59
1.005700,0.988310,40,2000000,500000,4315,2.21282051e-4,8.63000000e-3,-0.005000,-0.001020,-19.195000,3,weakly_unstable,0,1,41.63
1.005700,0.983310,40,2000000,500000,5218,2.67589744e-4,1.04360000e-2,0.013750,0.015484,-60.430000,3,weakly_unstable,0,1,41.48
1.005700,0.994310,40,2000000,500000,3258,1.67076923e-4,6.51600000e-3,0.087500,0.084088,-1.865000,3,weakly_unstable,0,1,40.44
1.165700,0.995810,40,2000000,500000,1561,8.00512821e-5,3.12200000e-3,0.000000,-0.013569,-5.260000,5,weakly_unstable,0,1,45.12
1.145700,0.996780,40,2000000,500000,612,3.13846154e-5,1.22400000e-3,-0.047500,-0.048694,-2.020000,5,weakly_unstable,0,1,45.07
1.045700,0.980500,40,2000000,500000,3461,1.77487179e-4,6.92200000e-3,0.021250,0.018512,-79.172500,3,weakly_unstable,0,1,43.04
0.805700,0.994210,40,2000000,500000,4597,2.35743590e-4,9.19400000e-3,-0.196250,-0.147867,-18.105000,3,weakly_unstable,0,1,43.17
0.485700,0.981940,40,2000000,500000,-445316,-2.28367179e-2,-8.90632000e-1,0.075000,0.051507,-83.932500,1,stable,0,0,48.68
1.025700,0.985410,40,2000000,500000,4203,2.15538462e-4,8.40600000e-3,-0.036250,-0.035863,-47.337500,3,weakly_unstable,0,1,42.73
1.145700,0.990780,40,2000000,500000,1247,6.39487179e-5,2.49400000e-3,0.031250,0.048100,-19.800000,5,weakly_unstable,0,1,45.76
1.165700,0.970810,40,2000000,500000,1657,8.49743590e-5,3.31400000e-3,0.042500,0.028689,-149.057500,5,weakly_unstable,0,1,45.24
1.085700,0.971640,40,2000000,500000,2698,1.38358974e-4,5.39600000e-3,-0.017500,-0.019343,-122.730000,3,weakly_unstable,0,1,44.12
1.185700,0.979840,40,2000000,500000,1555,7.97435897e-5,3.11000000e-3,-0.073750,-0.060574,-45.205000,5,weakly_unstable,0,1,44.84
1.025700,0.992410,40,2000000,500000,2602,1.33435897e-4,5.20400000e-3,0.135000,0.136616,-9.872500,3,weakly_unstable,0,1,42.70
1.185700,0.970840,40,2000000,500000,1045,5.35897436e-5,2.09000000e-3,0.015000,0.030380,-139.802500,5,weakly_unstable,0,1,44.83
1.005700,0.989310,40,2000000,500000,5183,2.65794872e-4,1.03660000e-2,-0.008750,-0.009587,-21.637500,3,weakly_unstable,0,1,42.27
1.005700,0.984310,40,2000000,500000,5292,2.71384615e-4,1.05840000e-2,0.087500,0.089930,-49.580000,3,weakly_unstable,0,1,42.21
1.005700,0.995310,40,2000000,500000,2930,1.50256410e-4,5.86000000e-3,-0.025000,-0.032211,-5.895000,3,weakly_unstable,0,1,40.96
0.465700,0.947810,40,2000000,500000,-66383,-3.40425641e-3,-1.32766000e-1,0.071250,-0.129829,-538.402500,1,stable,0,0,58.67
0.805700,0.995210,40,2000000,500000,9517,4.88051282e-4,1.90340000e-2,-0.898750,-0.892080,-12.420000,1,metastable,1,1,37.65
1.185700,0.971840,40,2000000,500000,1334,6.84102564e-5,2.66800000e-3,0.042500,0.046228,-179.627500,5,weakly_unstable,0,1,45.29
1.145700,0.997780,40,2000000,500000,1034,5.30256410e-5,2.06800000e-3,0.068750,0.075105,-2.080000,3,weakly_unstable,0,1,41.55
1.045700,0.981500,40,2000000,500000,3923,2.01179487e-4,7.84600000e-3,-0.108750,-0.087669,-61.832500,3,weakly_unstable,0,1,43.65
1.025700,0.986410,40,2000000,500000,2792,1.43179487e-4,5.58400000e-3,0.090000,0.110419,-33.517500,3,weakly_unstable,0,1,42.34
1.145700,0.991780,40,2000000,500000,1230,6.30769231e-5,2.46000000e-3,-0.083750,-0.075542,-21.805000,3,weakly_unstable,0,1,44.35
0.485700,0.982940,40,2000000,500000,-430822,-2.20934359e-2,-8.61644000e-1,0.018750,0.024937,-63.312500,1,stable,0,0,49.00
1.165700,0.971810,40,2000000,500000,1396,7.15897436e-5,2.79200000e-3,-0.135000,-0.097251,-144.120000,5,weakly_unstable,0,1,45.71
1.085700,0.972640,40,2000000,500000,3041,1.55948718e-4,6.08200000e-3,-0.158750,-0.153113,-103.475000,3,weakly_unstable,0,1,43.72
1.185700,0.980840,40,2000000,500000,1103,5.65641026e-5,2.20600000e-3,0.042500,0.052811,-64.440000,5,weakly_unstable,0,1,45.05
1.025700,0.993410,40,2000000,500000,3843,1.97076923e-4,7.68600000e-3,-0.097500,-0.123001,-7.912500,3,weakly_unstable,0,1,43.09
1.025700,0.995410,40,2000000,500000,2853,1.46307692e-4,5.70600000e-3,0.118750,0.128967,-0.097500,3,weakly_unstable,0,1,41.00
1.005700,0.990310,40,2000000,500000,4493,2.30410256e-4,8.98600000e-3,0.032500,0.021374,-17.060000,3,weakly_unstable,0,1,42.22
1.005700,0.985310,40,2000000,500000,4218,2.16307692e-4,8.43600000e-3,0.022500,0.026465,-43.730000,3,weakly_unstable,0,1,42.18
1.005700,0.996310,40,2000000,500000,2705,1.38717949e-4,5.41000000e-3,-0.072500,-0.070077,-1.142500,3,weakly_unstable,0,1,41.79
0.805700,0.996210,40,2000000,500000,6505,3.33589744e-4,1.30100000e-2,0.232500,0.188640,-4.602500,1,weakly_unstable,0,1,37.58
1.145700,0.998780,40,2000000,500000,697,3.57435897e-5,1.39400000e-3,0.158750,0.158614,-3.647500,3,weakly_unstable,0,1,40.67
1.005700,0.997310,40,2000000,500000,2449,1.25589744e-4,4.89800000e-3,0.157500,0.150337,-1.285000,3,weakly_unstable,0,1,41.67
1.045700,0.982500,40,2000000,500000,4534,2.32512821e-4,9.06800000e-3,0.083750,0.066726,-63.390000,3,weakly_unstable,0,1,42.40
1.025700,0.987410,40,2000000,500000,4177,2.14205128e-4,8.35400000e-3,0.033750,0.035313,-30.260000,3,weakly_unstable,0,1,42.16
0.845700,0.976330,40,2000000,500000,11977,6.14205128e-4,2.39540000e-2,-0.085000,-0.057107,-95.745000,3,weakly_unstable,0,1,42.66
0.465700,0.948810,40,2000000,500000,-76543,-3.92528205e-3,-1.53086000e-1,0.185000,0.074212,-533.322500,1,stable,0,0,58.29
0.485700,0.983940,40,2000000,500000,-457298,-2.34511795e-2,-9.14596000e-1,0.035000,0.056442,-76.250000,1,stable,0,0,49.14
1.085700,0.973640,40,2000000,500000,2896,1.48512821e-4,5.79200000e-3,0.490000,0.452715,-112.095000,3,weakly_unstable,0,1,43.69
1.165700,0.972810,40,2000000,500000,1217,6.24102564e-5,2.43400000e-3,-0.043750,-0.058609,-96.632500,5,weakly_unstable,0,1,45.45
1.025700,0.994410,40,2000000,500000,2928,1.50153846e-4,5.85600000e-3,0.262500,0.259289,-5.050000,3,weakly_unstable,0,1,40.49
1.025700,0.996410,40,2000000,500000,2154,1.10461538e-4,4.30800000e-3,0.007500,0.026373,-2.667500,3,weakly_unstable,0,1,41.08
1.185700,0.981840,40,2000000,500000,1537,7.88205128e-5,3.07400000e-3,-0.001250,0.004558,-56.867500,5,weakly_unstable,0,1,44.86
1.005700,0.991310,40,2000000,500000,4678,2.39897436e-4,9.35600000e-3,-0.122500,-0.140571,1.057500,3,weakly_unstable,0,1,40.75
1.185700,0.986840,40,2000000,500000,1502,7.70256410e-5,3.00400000e-3,-0.036250,-0.016587,-30.017500,5,weakly_unstable,0,1,44.64
1.165700,0.973810,40,2000000,500000,1204,6.17435897e-5,2.40800000e-3,0.016250,0.024787,-102.067500,5,weakly_unstable,0,1,44.97
0.805700,0.997210,40,2000000,500000,-13946,-7.15179487e-4,-2.78920000e-2,-0.200000,-0.200021,-3.850000,1,stable,0,0,36.97
1.005700,0.998310,40,2000000,500000,1793,9.19487179e-5,3.58600000e-3,-0.316250,-0.274211,-2.385000,3,weakly_unstable,0,1,41.65
0.485700,0.989940,40,2000000,500000,-587741,-3.01405641e-2,-1.17548200e0,0.011250,0.006532,-27.152500,1,stable,0,0,45.78
1.045700,0.983500,40,2000000,500000,3858,1.97846154e-4,7.71600000e-3,-0.032500,-0.016176,-31.405000,3,weakly_unstable,0,1,41.90
1.025700,0.988410,40,2000000,500000,3459,1.77384615e-4,6.91800000e-3,-0.198750,-0.193628,-56.287500,3,weakly_unstable,0,1,43.43
0.845700,0.977330,40,2000000,500000,13137,6.73692308e-4,2.62740000e-2,-0.107500,-0.112092,-105.840000,3,weakly_unstable,0,1,42.40
1.085700,0.974640,40,2000000,500000,2500,1.28205128e-4,5.00000000e-3,0.066250,0.053636,-117.915000,3,weakly_unstable,0,1,42.28
1.005700,0.992310,40,2000000,500000,5006,2.56717949e-4,1.00120000e-2,0.111250,0.124373,-13.280000,3,weakly_unstable,0,1,42.31
1.025700,0.989410,40,2000000,500000,4368,2.24000000e-4,8.73600000e-3,-0.116250,-0.100787,-8.802500,3,weakly_unstable,0,1,41.52
0.485700,0.984940,40,2000000,500000,-510140,-2.61610256e-2,-1.02028000e0,0.060000,0.031811,-38.000000,1,stable,0,0,47.38
0.805700,0.998210,40,2000000,500000,-30258,-1.55169231e-3,-6.05160000e-2,-0.192500,-0.216861,-2.042500,1,stable,0,0,35.77
0.485700,0.996940,40,2000000,500000,-705808,-3.61952821e-2,-1.41161600e0,0.016250,0.004194,-6.577500,1,stable,0,0,44.77
1.185700,0.982840,40,2000000,500000,1533,7.86153846e-5,3.06600000e-3,0.050000,0.040014,-30.880000,5,weakly_unstable,0,1,44.65
0.485700,0.992940,40,2000000,500000,-638966,-3.27674872e-2,-1.27793200e0,0.023750,0.008711,-22.605000,1,stable,0,0,45.26
0.465700,0.949810,40,2000000,500000,-65914,-3.38020513e-3,-1.31828000e-1,0.223750,0.077367,-501.417500,1,stable,0,0,58.50
1.185700,0.987840,40,2000000,500000,1579,8.09743590e-5,3.15800000e-3,-0.018750,-0.019317,-18.292500,5,weakly_unstable,0,1,44.95
1.165700,0.974810,40,2000000,500000,1386,7.10769231e-5,2.77200000e-3,-0.012500,-0.012331,-75.235000,5,weakly_unstable,0,1,44.73
1.005700,0.999310,40,2000000,500000,-4207,-2.15743590e-4,-8.41400000e-3,-0.550000,-0.548331,-2.050000,1,chaotic,0,0,36.95
1.045700,0.984500,40,2000000,500000,3844,1.97128205e-4,7.68800000e-3,-0.005000,-0.023761,-58.435000,3,weakly_unstable,0,1,42.83
0.485700,0.990940,40,2000000,500000,-597129,-3.06220000e-2,-1.19425800e0,0.003750,0.003641,-23.770000,1,stable,0,0,45.96
0.485700,1.000000,40,2000000,500000,-751887,-3.85583077e-2,-1.50377400e0,-0.006250,-0.004688,-2.692500,1,stable,0,0,44.69
0.845700,0.978330,40,2000000,500000,13806,7.08000000e-4,2.76120000e-2,0.150000,0.093598,-90.782500,3,weakly_unstable,0,1,41.90
0.805700,0.999210,40,2000000,500000,-45891,-2.35338462e-3,-9.17820000e-2,0.123750,0.124906,-2.070000,1,stable,0,0,37.04
0.865700,0.970750,40,2000000,500000,13254,6.79692308e-4,2.65080000e-2,0.061250,0.058725,-172.777500,3,weakly_unstable,0,1,42.36
1.085700,0.975640,40,2000000,500000,3472,1.78051282e-4,6.94400000e-3,-0.098750,-0.092493,-85.660000,3,weakly_unstable,0,1,43.73
1.045700,0.986500,40,2000000,500000,3364,1.72512821e-4,6.72800000e-3,0.001250,0.015555,-50.695000,3,weakly_unstable,0,1,42.63
0.485700,0.997940,40,2000000,500000,-700886,-3.59428718e-2,-1.40177200e0,-0.015000,0.006158,-6.950000,1,stable,0,0,45.62
0.485700,0.985940,40,2000000,500000,-497687,-2.55224103e-2,-9.95374000e-1,0.042500,0.039116,-74.562500,1,stable,0,0,48.30
1.005700,1.000000,40,2000000,500000,-10577,-5.42410256e-4,-2.11540000e-2,-0.050000,-0.039807,-1.950000,1,stable,0,0,35.92
1.185700,0.983840,40,2000000,500000,1074,5.50769231e-5,2.14800000e-3,-0.065000,-0.055337,-37.550000,5,weakly_unstable,0,1,44.98
0.485700,0.993940,40,2000000,500000,-634681,-3.25477436e-2,-1.26936200e0,-0.025000,0.002991,-12.702500,1,stable,0,0,45.86
0.905700,0.973400,40,2000000,500000,9407,4.82410256e-4,1.88140000e-2,-0.020000,-0.049059,-98.490000,3,weakly_unstable,0,1,42.39
1.185700,0.988840,40,2000000,500000,600,3.07692308e-5,1.20000000e-3,0.112500,0.102852,-25.250000,5,weakly_unstable,0,1,44.99
0.465700,0.950810,40,2000000,500000,-110539,-5.66866667e-3,-2.21078000e-1,-0.178750,-0.258009,-467.175000,1,stable,0,0,58.26
1.045700,0.985500,40,2000000,500000,3992,2.04717949e-4,7.98400000e-3,-0.040000,-0.033220,-22.462500,3,weakly_unstable,0,1,42.57
0.485700,0.991940,40,2000000,500000,-609686,-3.12659487e-2,-1.21937200e0,0.017500,0.024120,-17.097500,1,stable,0,0,46.83
0.845700,0.979330,40,2000000,500000,11891,6.09794872e-4,2.37820000e-2,0.022500,0.018478,-67.707500,3,weakly_unstable,0,1,42.54
0.805700,1.000000,40,2000000,500000,-55353,-2.83861538e-3,-1.10706000e-1,0.000000,-0.007158,-1.940000,1,stable,0,0,36.55
0.885700,0.993100,40,2000000,500000,8254,4.23282051e-4,1.65080000e-2,0.306250,0.299153,-13.300000,3,weakly_unstable,0,1,42.00
1.085700,0.976640,40,2000000,500000,1806,9.26153846e-5,3.61200000e-3,-0.223750,-0.183483,-71.952500,3,weakly_unstable,0,1,43.16
1.045700,0.987500,40,2000000,500000,3161,1.62102564e-4,6.32200000e-3,0.001250,-0.005510,-44.142500,3,weakly_unstable,0,1,42.53
0.505700,0.888380,40,2000000,500000,53219,2.72917949e-3,1.06438000e-1,-0.021250,-0.146546,-2055.990000,3,weakly_unstable,0,1,59.60
0.845700,0.990330,40,2000000,500000,10075,5.16666667e-4,2.01500000e-2,-0.053750,-0.015078,-32.420000,3,weakly_unstable,0,1,42.42
0.905700,0.974400,40,2000000,500000,11050,5.66666667e-4,2.21000000e-2,0.098750,0.108942,-129.417500,3,weakly_unstable,0,1,41.29
0.485700,0.998940,40,2000000,500000,-735616,-3.77238974e-2,-1.47123200e0,0.008750,-0.002412,-3.062500,1,stable,0,0,44.52
1.185700,0.984840,40,2000000,500000,1419,7.27692308e-5,2.83800000e-3,0.012500,-0.000367,-32.087500,5,weakly_unstable,0,1,45.43
0.485700,0.986940,40,2000000,500000,-521474,-2.67422564e-2,-1.04294800e0,0.016250,0.026323,-43.332500,1,stable,0,0,47.96
0.485700,0.994940,40,2000000,500000,-648432,-3.32529231e-2,-1.29686400e0,-0.055000,-0.022731,-16.830000,1,stable,0,0,46.05
1.185700,0.989840,40,2000000,500000,1795,9.20512821e-5,3.59000000e-3,-0.057500,-0.054226,-9.247500,5,weakly_unstable,0,1,44.19
1.085700,0.981640,40,2000000,500000,3071,1.57487179e-4,6.14200000e-3,-0.013750,-0.014459,-83.852500,3,weakly_unstable,0,1,43.15
1.045700,0.990500,40,2000000,500000,3194,1.63794872e-4,6.38800000e-3,0.105000,0.103913,-18.785000,3,weakly_unstable,0,1,42.22
0.845700,0.980330,40,2000000,500000,13846,7.10051282e-4,2.76920000e-2,-0.123750,-0.047853,-77.485000,3,weakly_unstable,0,1,42.57
0.825700,0.966820,40,2000000,500000,15018,7.70153846e-4,3.00360000e-2,-0.051250,-0.058175,-205.432500,3,weakly_unstable,0,1,42.27
0.465700,0.951810,40,2000000,500000,-108311,-5.55441026e-3,-2.16622000e-1,0.123750,0.127466,-435.620000,1,stable,0,0,57.31
0.885700,0.994100,40,2000000,500000,6939,3.55846154e-4,1.38780000e-2,0.081250,0.087346,-10.700000,3,weakly_unstable,0,1,42.00
1.045700,0.988500,40,2000000,500000,3073,1.57589744e-4,6.14600000e-3,-0.057500,-0.071868,-17.055000,3,weakly_unstable,0,1,42.07
1.085700,0.977640,40,2000000,500000,2594,1.33025641e-4,5.18800000e-3,-0.085000,-0.065073,-45.145000,3,weakly_unstable,0,1,44.48
0.845700,0.991330,40,2000000,500000,8698,4.46051282e-4,1.73960000e-2,-0.030000,0.030778,-32.055000,3,weakly_unstable,0,1,42.00
0.905700,0.975400,40,2000000,500000,9015,4.62307692e-4,1.80300000e-2,-0.092500,-0.077629,-99.467500,3,weakly_unstable,0,1,42.16
0.485700,0.999940,40,2000000,500000,-747977,-3.83577949e-2,-1.49595400e0,0.026250,0.000077,-2.527500,1,stable,0,0,44.25
1.185700,0.985840,40,2000000,500000,867,4.44615385e-5,1.73400000e-3,0.065000,0.046835,-58.627500,5,weakly_unstable,0,1,45.54
0.485700,0.995940,40,2000000,500000,-679184,-3.48299487e-2,-1.35836800e0,0.041250,0.001523,-17.197500,1,stable,0,0,44.73
1.185700,0.990840,40,2000000,500000,1359,6.96923077e-5,2.71800000e-3,0.051250,0.045800,-3.935000,5,weakly_unstable,0,1,44.12
0.485700,0.987940,40,2000000,500000,-524664,-2.69058462e-2,-1.04932800e0,-0.017500,-0.008177,-35.992500,1,stable,0,0,47.76
0.505700,0.889380,40,2000000,500000,47251,2.42312821e-3,9.45020000e-2,0.098750,-0.018230,-2068.657500,3,weakly_unstable,0,1,59.26
1.085700,0.982640,40,2000000,500000,2919,1.49692308e-4,5.83800000e-3,0.110000,0.100493,-53.692500,3,weakly_unstable,0,1,42.68
1.045700,0.991500,40,2000000,500000,3501,1.79538462e-4,7.00200000e-3,0.026250,0.028514,-11.400000,3,weakly_unstable,0,1,41.84
0.845700,0.981330,40,2000000,500000,13360,6.85128205e-4,2.67200000e-2,0.020000,0.020467,-42.640000,3,weakly_unstable,0,1,42.13
0.885700,0.995100,40,2000000,500000,14954,7.66871795e-4,2.99080000e-2,-0.930000,-0.934766,-2.090000,1,metastable,1,1,35.70
0.825700,0.967820,40,2000000,500000,15370,7.88205128e-4,3.07400000e-2,0.007500,0.057798,-209.797500,3,weakly_unstable,0,1,42.80
1.045700,0.989500,40,2000000,500000,2941,1.50820513e-4,5.88200000e-3,-0.121250,-0.166863,-11.960000,3,weakly_unstable,0,1,42.52
1.085700,0.978640,40,2000000,500000,2308,1.18358974e-4,4.61600000e-3,-0.035000,-0.036196,-87.272500,3,weakly_unstable,0,1,42.90
0.845700,0.992330,40,2000000,500000,5704,2.92512821e-4,1.14080000e-2,-0.087500,-0.101587,-15.540000,3,weakly_unstable,0,1,41.46
0.905700,0.976400,40,2000000,500000,9995,5.12564103e-4,1.99900000e-2,-0.008750,-0.019454,-108.717500,3,weakly_unstable,0,1,41.11
0.885700,0.999100,40,2000000,500000,-12218,-6.26564103e-4,-2.44360000e-2,-0.196250,-0.169702,-1.960000,1,stable,0,0,36.04
0.465700,0.952810,40,2000000,500000,-141498,-7.25630769e-3,-2.82996000e-1,0.156250,0.150650,-417.117500,1,stable,0,0,56.02
0.885700,0.997100,40,2000000,500000,14856,7.61846154e-4,2.97120000e-2,0.932500,0.924954,-4.957500,1,metastable,1,1,36.06
0.905700,0.980400,40,2000000,500000,8680,4.45128205e-4,1.73600000e-2,-0.046250,-0.051351,-74.560000,3,weakly_unstable,0,1,42.20
1.185700,0.991840,40,2000000,500000,862,4.42051282e-5,1.72400000e-3,0.083750,0.075132,-14.282500,5,weakly_unstable,0,1,45.26
0.485700,0.988940,40,2000000,500000,-548295,-2.81176923e-2,-1.09659000e0,-0.063750,-0.033138,-31.697500,1,stable,0,0,46.70
1.085700,0.983640,40,2000000,500000,2775,1.42307692e-4,5.55000000e-3,-0.046250,-0.050657,-60.567500,3,weakly_unstable,0,1,43.41
0.885700,0.996100,40,2000000,500000,14988,7.68615385e-4,2.99760000e-2,0.930000,0.925533,-10.960000,1,metastable,1,1,36.93
1.045700,0.992500,40,2000000,500000,2537,1.30102564e-4,5.07400000e-3,0.058750,0.086312,-16.635000,3,weakly_unstable,0,1,42.64
0.845700,0.982330,40,2000000,500000,9790,5.02051282e-4,1.95800000e-2,0.145000,0.137743,-60.760000,3,weakly_unstable,0,1,41.96
0.825700,0.968820,40,2000000,500000,13425,6.88461538e-4,2.68500000e-2,-0.070000,-0.037081,-190.840000,3,weakly_unstable,0,1,43.04
0.505700,0.890380,40,2000000,500000,49399,2.53328205e-3,9.87980000e-2,0.170000,0.071051,-1930.685000,3,weakly_unstable,0,1,60.42
0.845700,0.983330,40,2000000,500000,11159,5.72256410e-4,2.23180000e-2,0.053750,0.069873,-58.672500,3,weakly_unstable,0,1,42.46
0.885700,1.000000,40,2000000,500000,-28833,-1.47861538e-3,-5.76660000e-2,-0.012500,-0.022702,-1.945000,1,stable,0,0,35.33
1.085700,0.979640,40,2000000,500000,3199,1.64051282e-4,6.39800000e-3,0.087500,0.070565,-40.457500,3,weakly_unstable,0,1,42.77
0.885700,0.998100,40,2000000,500000,-5284,-2.70974359e-4,-1.05680000e-2,0.895000,0.878286,-3.657500,1,chaotic,0,0,36.30
0.845700,0.993330,40,2000000,500000,5846,2.99794872e-4,1.16920000e-2,-0.172500,-0.113952,-12.332500,3,weakly_unstable,0,1,42.31
0.905700,0.977400,40,2000000,500000,9891,5.07230769e-4,1.97820000e-2,0.086250,0.054728,-58.077500,3,weakly_unstable,0,1,41.26
0.905700,0.981400,40,2000000,500000,9062,4.64717949e-4,1.81240000e-2,-0.055000,-0.024919,-65.260000,3,weakly_unstable,0,1,42.59
1.185700,0.992840,40,2000000,500000,1055,5.41025641e-5,2.11000000e-3,0.118750,0.128869,-10.665000,5,weakly_unstable,0,1,44.42
0.825700,0.981820,40,2000000,500000,14141,7.25179487e-4,2.82820000e-2,0.085000,0.027471,-47.972500,3,weakly_unstable,0,1,42.02
0.465700,0.953810,40,2000000,500000,-159556,-8.18235897e-3,-3.19112000e-1,-0.031250,0.019341,-433.827500,1,stable,0,0,55.42
0.825700,0.995820,40,2000000,500000,13623,6.98615385e-4,2.72460000e-2,-0.902500,-0.899163,-8.010000,1,metastable,1,1,36.69
1.085700,0.984640,40,2000000,500000,2524,1.29435897e-4,5.04800000e-3,0.127500,0.125337,-48.995000,3,weakly_unstable,0,1,42.99
0.905700,0.969400,40,2000000,500000,6836,3.50564103e-4,1.36720000e-2,-0.172500,-0.202325,-150.667500,3,weakly_unstable,0,1,42.58
1.045700,0.993500,40,2000000,500000,3497,1.79333333e-4,6.99400000e-3,0.008750,-0.012073,-2.890000,3,weakly_unstable,0,1,41.74
0.825700,0.969820,40,2000000,500000,14896,7.63897436e-4,2.97920000e-2,0.037500,-0.013464,-170.675000,3,weakly_unstable,0,1,42.01
0.845700,0.968330,40,2000000,500000,14903,7.64256410e-4,2.98060000e-2,0.112500,0.085737,-210.150000,3,weakly_unstable,0,1,42.06
0.905700,0.968400,40,2000000,500000,10352,5.30871795e-4,2.07040000e-2,0.081250,0.072065,-181.930000,3,weakly_unstable,0,1,41.03
0.845700,0.984330,40,2000000,500000,11970,6.13846154e-4,2.39400000e-2,0.050000,0.017444,-52.225000,3,weakly_unstable,0,1,42.07
0.845700,0.994330,40,2000000,500000,12154,6.23282051e-4,2.43080000e-2,0.932500,0.930214,-9.380000,1,metastable,1,1,36.36
0.845700,0.986330,40,2000000,500000,12016,6.16205128e-4,2.40320000e-2,-0.027500,-0.012562,-40.355000,3,weakly_unstable,0,1,41.04
1.085700,0.980640,40,2000000,500000,3013,1.54512821e-4,6.02600000e-3,-0.058750,-0.060807,-40.425000,3,weakly_unstable,0,1,43.03
0.905700,0.978400,40,2000000,500000,10116,5.18769231e-4,2.02320000e-2,-0.015000,-0.003973,-89.275000,3,weakly_unstable,0,1,40.92
0.905700,0.982400,40,2000000,500000,10596,5.43384615e-4,2.11920000e-2,0.111250,0.123837,-60.177500,3,weakly_unstable,0,1,41.91
0.825700,0.996820,40,2000000,500000,6319,3.24051282e-4,1.26380000e-2,0.776250,0.803000,-6.850000,1,metastable,1,1,37.01
0.825700,0.982820,40,2000000,500000,13053,6.69384615e-4,2.61060000e-2,-0.027500,0.012424,-51.495000,3,weakly_unstable,0,1,43.23
0.845700,0.997330,40,2000000,500000,-8759,-4.49179487e-4,-1.75180000e-2,0.871250,0.874483,-8.660000,1,chaotic,0,0,36.48
1.185700,0.993840,40,2000000,500000,669,3.43076923e-5,1.33800000e-3,0.051250,0.055456,-9.112500,5,weakly_unstable,0,1,45.04
0.905700,0.970400,40,2000000,500000,9903,5.07846154e-4,1.98060000e-2,-0.007500,-0.032988,-120.332500,3,weakly_unstable,0,1,41.52
1.085700,0.985640,40,2000000,500000,3006,1.54153846e-4,6.01200000e-3,0.018750,-0.011232,-36.442500,3,weakly_unstable,0,1,43.55
0.825700,0.970820,40,2000000,500000,14903,7.64256410e-4,2.98060000e-2,0.023750,0.019189,-156.160000,3,weakly_unstable,0,1,42.15
0.845700,0.995330,40,2000000,500000,11300,5.79487179e-4,2.26000000e-2,-0.928750,-0.922911,-5.500000,1,metastable,1,1,36.61
0.465700,0.954810,40,2000000,500000,-174226,-8.93466667e-3,-3.48452000e-1,-0.111250,-0.016969,-469.402500,1,stable,0,0,56.72
0.845700,0.969330,40,2000000,500000,14825,7.60256410e-4,2.96500000e-2,-0.083750,-0.022450,-171.927500,3,weakly_unstable,0,1,42.09
0.905700,0.979400,40,2000000,500000,7671,3.93384615e-4,1.53420000e-2,0.040000,0.040046,-66.300000,3,weakly_unstable,0,1,41.80
0.825700,0.998820,40,2000000,500000,-30318,-1.55476923e-3,-6.06360000e-2,0.268750,0.265356,-1.990000,1,stable,0,0,36.55
0.845700,0.985330,40,2000000,500000,11061,5.67230769e-4,2.21220000e-2,0.126250,0.069028,-37.457500,3,weakly_unstable,0,1,42.39
0.845700,0.987330,40,2000000,500000,10168,5.21435897e-4,2.03360000e-2,-0.016250,-0.087305,-37.787500,3,weakly_unstable,0,1,41.96
0.905700,0.983400,40,2000000,500000,9052,4.64205128e-4,1.81040000e-2,0.010000,-0.003217,-30.052500,3,weakly_unstable,0,1,41.96
0.465700,0.961810,40,2000000,500000,-266893,-1.36868205e-2,-5.33786000e-1,0.135000,0.048560,-304.027500,1,stable,0,0,53.89
0.825700,0.997820,40,2000000,500000,-9824,-5.03794872e-4,-1.96480000e-2,0.487500,0.498324,-3.680000,1,chaotic,0,0,36.60
0.845700,0.998330,40,2000000,500000,-15510,-7.95384615e-4,-3.10200000e-2,-0.615000,-0.634499,-2.202500,1,chaotic,0,0,36.74
0.825700,0.983820,40,2000000,500000,12363,6.34000000e-4,2.47260000e-2,0.056250,0.001554,-45.835000,3,weakly_unstable,0,1,42.06
0.905700,0.971400,40,2000000,500000,9434,4.83794872e-4,1.88680000e-2,0.017500,0.007955,-146.412500,3,weakly_unstable,0,1,41.78
1.185700,0.994840,40,2000000,500000,466,2.38974359e-5,9.32000000e-4,-0.056250,-0.050479,-8.900000,5,weakly_unstable,0,1,44.43
1.085700,0.986640,40,2000000,500000,2688,1.37846154e-4,5.37600000e-3,0.007500,-0.003993,-30.772500,3,weakly_unstable,0,1,42.82
0.845700,0.996330,40,2000000,500000,-2970,-1.52307692e-4,-5.94000000e-3,-0.911250,-0.905853,-10.382500,1,chaotic,0,0,35.94
0.825700,0.971820,40,2000000,500000,16437,8.42923077e-4,3.28740000e-2,0.062500,0.076958,-136.630000,3,weakly_unstable,0,1,41.76
0.825700,0.999820,40,2000000,500000,-44950,-2.30512821e-3,-8.99000000e-2,0.058750,0.083396,-1.940000,1,stable,0,0,35.95
0.845700,0.970330,40,2000000,500000,13630,6.98974359e-4,2.72600000e-2,-0.073750,-0.022050,-166.417500,3,weakly_unstable,0,1,41.62
0.905700,0.972400,40,2000000,500000,9394,4.81743590e-4,1.87880000e-2,-0.087500,-0.078042,-124.527500,3,weakly_unstable,0,1,42.10
0.845700,0.988330,40,2000000,500000,13015,6.67435897e-4,2.60300000e-2,0.003750,0.069108,-43.890000,3,weakly_unstable,0,1,41.61
0.465700,0.955810,40,2000000,500000,-197233,-1.01145128e-2,-3.94466000e-1,-0.105000,-0.026108,-399.450000,1,stable,0,0,55.55
0.465700,0.968810,40,2000000,500000,-362450,-1.85871795e-2,-7.24900000e-1,-0.038750,-0.034687,-209.682500,1,stable,0,0,52.20
0.905700,0.984400,40,2000000,500000,9132,4.68307692e-4,1.82640000e-2,-0.106250,-0.062996,-37.247500,3,weakly_unstable,0,1,41.98
0.845700,0.999330,40,2000000,500000,-21772,-1.11651282e-3,-4.35440000e-2,0.171250,0.147454,-1.965000,1,stable,0,0,36.11
1.185700,0.997840,40,2000000,500000,931,4.77435897e-5,1.86200000e-3,-0.398750,-0.395220,-2.095000,3,weakly_unstable,0,1,40.22
1.185700,0.999840,40,2000000,500000,-1709,-8.76410256e-5,-3.41800000e-3,-0.528750,-0.485868,-1.932500,1,chaotic,0,0,34.90
0.825700,0.984820,40,2000000,500000,15227,7.80871795e-4,3.04540000e-2,-0.021250,0.058217,-57.162500,3,weakly_unstable,0,1,42.55
1.185700,0.995840,40,2000000,500000,896,4.59487179e-5,1.79200000e-3,-0.285000,-0.298445,-3.712500,3,weakly_unstable,0,1,41.74
0.465700,0.962810,40,2000000,500000,-269161,-1.38031282e-2,-5.38322000e-1,0.052500,0.003539,-257.687500,1,stable,0,0,54.19
1.085700,0.987640,40,2000000,500000,2741,1.40564103e-4,5.48200000e-3,-0.100000,-0.081488,-18.540000,3,weakly_unstable,0,1,42.29
0.825700,1.000000,40,2000000,500000,-49274,-2.52687179e-3,-9.85480000e-2,-0.003750,-0.012455,-1.950000,1,stable,0,0,35.60
1.185700,0.998840,40,2000000,500000,998,5.11794872e-5,1.99600000e-3,-0.080000,-0.089565,-1.950000,3,weakly_unstable,0,1,40.89
0.825700,0.972820,40,2000000,500000,13729,7.04051282e-4,2.74580000e-2,0.245000,0.185654,-136.002500,3,weakly_unstable,0,1,41.70
0.845700,0.971330,40,2000000,500000,14372,7.37025641e-4,2.87440000e-2,-0.125000,-0.078529,-148.690000,3,weakly_unstable,0,1,42.25
0.825700,0.988820,40,2000000,500000,8931,4.58000000e-4,1.78620000e-2,0.023750,-0.008049,-32.160000,3,weakly_unstable,0,1,41.89
0.845700,0.989330,40,2000000,500000,9799,5.02512821e-4,1.95980000e-2,0.025000,-0.054286,-26.535000,3,weakly_unstable,0,1,42.14
0.845700,1.000000,40,2000000,500000,-39254,-2.01302564e-3,-7.85080000e-2,-0.011250,0.002356,-1.930000,1,stable,0,0,35.77
0.905700,0.985400,40,2000000,500000,9990,5.12307692e-4,1.99800000e-2,-0.027500,-0.082037,-43.900000,3,weakly_unstable,0,1,41.68
1.185700,1.000000,40,2000000,500000,-646,-3.31282051e-5,-1.29200000e-3,0.006250,0.000545,-1.945000,1,stable,0,0,34.61
0.865700,0.968750,40,2000000,500000,14165,7.26410256e-4,2.83300000e-2,0.112500,0.109786,-115.485000,3,weakly_unstable,0,1,42.29
0.465700,0.969810,40,2000000,500000,-401510,-2.05902564e-2,-8.03020000e-1,0.042500,-0.033980,-219.775000,1,stable,0,0,52.37
0.465700,0.956810,40,2000000,500000,-213243,-1.09355385e-2,-4.26486000e-1,-0.050000,-0.019259,-341.845000,1,stable,0,0,54.77
0.825700,0.985820,40,2000000,500000,12829,6.57897436e-4,2.56580000e-2,0.083750,0.116699,-44.830000,3,weakly_unstable,0,1,42.21
1.185700,0.996840,40,2000000,500000,792,4.06153846e-5,1.58400000e-3,0.368750,0.378495,-2.200000,3,weakly_unstable,0,1,41.22
1.085700,0.988640,40,2000000,500000,2842,1.45743590e-4,5.68400000e-3,0.146250,0.133436,-18.990000,3,weakly_unstable,0,1,42.00
0.845700,0.967330,40,2000000,500000,14386,7.37743590e-4,2.87720000e-2,0.061250,0.058588,-179.435000,3,weakly_unstable,0,1,41.99
0.825700,0.991820,40,2000000,500000,7033,3.60666667e-4,1.40660000e-2,-0.057500,-0.020853,-29.012500,3,weakly_unstable,0,1,42.82
0.825700,0.973820,40,2000000,500000,15136,7.76205128e-4,3.02720000e-2,-0.040000,-0.047401,-114.162500,3,weakly_unstable,0,1,42.88
0.465700,0.963810,40,2000000,500000,-287667,-1.47521538e-2,-5.75334000e-1,0.035000,0.030902,-272.415000,1,stable,0,0,54.24
0.845700,0.972330,40,2000000,500000,15411,7.90307692e-4,3.08220000e-2,-0.028750,0.014921,-152.457500,3,weakly_unstable,0,1,42.40
0.825700,0.989820,40,2000000,500000,8883,4.55538462e-4,1.77660000e-2,0.015000,0.062976,-35.800000,3,weakly_unstable,0,1,42.52
0.865700,0.967750,40,2000000,500000,12253,6.28358974e-4,2.45060000e-2,0.151250,0.146334,-164.162500,3,weakly_unstable,0,1,42.62
0.905700,0.986400,40,2000000,500000,10149,5.20461538e-4,2.02980000e-2,0.010000,0.001127,-30.535000,3,weakly_unstable,0,1,42.13
0.825700,0.993820,40,2000000,500000,5417,2.77794872e-4,1.08340000e-2,-0.207500,-0.192578,-24.157500,3,weakly_unstable,0,1,42.81
0.865700,0.969750,40,2000000,500000,11917,6.11128205e-4,2.38340000e-2,0.018750,-0.015287,-180.825000,3,weakly_unstable,0,1,42.62
0.465700,0.957810,40,2000000,500000,-234248,-1.20127179e-2,-4.68496000e-1,-0.137500,-0.064281,-347.655000,1,stable,0,0,54.89
0.845700,0.974330,40,2000000,500000,12639,6.48153846e-4,2.52780000e-2,-0.053750,-0.082191,-102.985000,3,weakly_unstable,0,1,42.31
0.825700,0.986820,40,2000000,500000,12377,6.34717949e-4,2.47540000e-2,0.201250,0.199493,-38.650000,3,weakly_unstable,0,1,42.99
0.825700,0.974820,40,2000000,500000,14912,7.64717949e-4,2.98240000e-2,-0.078750,-0.095216,-103.110000,3,weakly_unstable,0,1,41.97
0.825700,0.992820,40,2000000,500000,9150,4.69230769e-4,1.83000000e-2,0.025000,0.097286,-19.417500,3,weakly_unstable,0,1,42.64
0.465700,0.970810,40,2000000,500000,-419659,-2.15209744e-2,-8.39318000e-1,-0.031250,-0.007467,-150.310000,1,stable,0,0,52.17
0.845700,0.973330,40,2000000,500000,12195,6.25384615e-4,2.43900000e-2,0.050000,0.027893,-129.782500,3,weakly_unstable,0,1,42.12
0.825700,0.990820,40,2000000,500000,7407,3.79846154e-4,1.48140000e-2,-0.025000,0.026775,-35.935000,3,weakly_unstable,0,1,42.76
0.825700,0.977820,40,2000000,500000,14150,7.25641026e-4,2.83000000e-2,0.070000,0.082241,-117.347500,3,weakly_unstable,0,1,42.39
0.465700,0.959810,40,2000000,500000,-244503,-1.25386154e-2,-4.89006000e-1,-0.076250,-0.069903,-335.762500,1,stable,0,0,54.98
0.825700,0.994820,40,2000000,500000,7289,3.73794872e-4,1.45780000e-2,0.177500,0.107005,-13.960000,3,weakly_unstable,0,1,42.79
0.465700,0.964810,40,2000000,500000,-302135,-1.54941026e-2,-6.04270000e-1,-0.016250,-0.034605,-261.440000,1,stable,0,0,54.24
0.905700,0.987400,40,2000000,500000,9647,4.94717949e-4,1.92940000e-2,0.021250,-0.005446,-30.727500,3,weakly_unstable,0,1,42.73
0.845700,0.975330,40,2000000,500000,13779,7.06615385e-4,2.75580000e-2,-0.026250,0.036123,-111.010000,3,weakly_unstable,0,1,42.91
0.465700,0.966810,40,2000000,500000,-339348,-1.74024615e-2,-6.78696000e-1,0.016250,-0.014320,-234.185000,1,stable,0,0,52.63
0.465700,0.972810,40,2000000,500000,-418470,-2.14600000e-2,-8.36940000e-1,0.001250,0.059281,-188.230000,1,stable,0,0,52.37
0.825700,0.987820,40,2000000,500000,9308,4.77333333e-4,1.86160000e-2,0.077500,0.075407,-28.515000,3,weakly_unstable,0,1,42.29
0.825700,0.975820,40,2000000,500000,14099,7.23025641e-4,2.81980000e-2,0.110000,0.058243,-105.337500,3,weakly_unstable,0,1,42.04
0.465700,0.958810,40,2000000,500000,-235339,-1.20686667e-2,-4.70678000e-1,0.022500,0.023993,-351.687500,1,stable,0,0,55.77
0.825700,0.979820,40,2000000,500000,12836,6.58256410e-4,2.56720000e-2,0.066250,0.023770,-76.657500,3,weakly_unstable,0,1,41.98
0.465700,0.971810,40,2000000,500000,-434172,-2.22652308e-2,-8.68344000e-1,-0.055000,-0.007174,-136.275000,1,stable,0,0,52.09
0.825700,0.976820,40,2000000,500000,13325,6.83333333e-4,2.66500000e-2,-0.042500,-0.009162,-90.595000,3,weakly_unstable,0,1,41.95
0.825700,0.978820,40,2000000,500000,14943,7.66307692e-4,2.98860000e-2,-0.021250,-0.006365,-97.737500,3,weakly_unstable,0,1,40.77
0.465700,0.967810,40,2000000,500000,-345754,-1.77309744e-2,-6.91508000e-1,-0.078750,-0.047533,-236.450000,1,stable,0,0,51.95
0.465700,0.960810,40,2000000,500000,-284652,-1.45975385e-2,-5.69304000e-1,-0.022500,-0.001982,-302.065000,1,stable,0,0,53.50
0.465700,0.974810,40,2000000,500000,-467267,-2.39624103e-2,-9.34534000e-1,-0.027500,-0.058037,-105.770000,1,stable,0,0,48.27
0.465700,0.965810,40,2000000,500000,-316605,-1.62361538e-2,-6.33210000e-1,0.072500,0.019935,-217.435000,1,stable,0,0,50.39
0.825700,0.980820,40,2000000,500000,17974,9.21743590e-4,3.59480000e-2,0.030000,0.053731,-67.845000,3,weakly_unstable,0,1,38.65
0.465700,0.973810,40,2000000,500000,-427455,-2.19207692e-2,-8.54910000e-1,0.037500,0.002051,-158.232500,1,stable,0,0,45.28
0.465700,0.975810,40,2000000,500000,-464311,-2.38108205e-2,-9.28622000e-1,-0.012500,0.012568,-128.660000,1,stable,0,0,43.98
