beta,m_plus,l,therm_sweeps,meas_sweeps,sum_current,j_flux,j_per_sweep,final_mag,final_energy,is_uphill,elapsed_sec
0.810000,0.924350,40,1000000,300000,3131,2.67606838e-4,1.04366667e-2,-0.031250,-440.800000,1,25.97
1.010000,0.883330,40,1000000,300000,729,6.23076923e-5,2.43000000e-3,-0.048750,-857.055000,1,27.89
0.630000,0.858630,40,1000000,300000,1398,1.19487179e-4,4.66000000e-3,0.050000,-1328.722500,1,28.63
0.530000,0.887150,40,1000000,300000,19457,1.66299145e-3,6.48566667e-2,0.075000,-1023.820000,1,31.83
0.490000,0.794520,40,1000000,300000,12018,1.02717949e-3,4.00600000e-2,-0.107500,-2510.702500,1,36.20
0.450000,0.599320,40,1000000,300000,-7554,-6.45641026e-4,-2.51800000e-2,0.027500,-5866.067500,0,42.38
0.810000,0.926350,40,1000000,300000,4765,4.07264957e-4,1.58833333e-2,-0.025000,-376.810000,1,27.32
1.010000,0.885330,40,1000000,300000,967,8.26495726e-5,3.22333333e-3,-0.080000,-927.772500,1,29.51
0.630000,0.860630,40,1000000,300000,-235,-2.00854701e-5,-7.83333333e-4,0.405000,-1289.500000,0,30.75
0.530000,0.889150,40,1000000,300000,21080,1.80170940e-3,7.02666667e-2,0.110000,-1012.487500,1,34.00
0.490000,0.796520,40,1000000,300000,19336,1.65264957e-3,6.44533333e-2,0.087500,-2480.367500,1,38.19
0.810000,0.928350,40,1000000,300000,7891,6.74444444e-4,2.63033333e-2,0.130000,-401.980000,1,27.25
0.450000,0.601320,40,1000000,300000,-1344,-1.14871795e-4,-4.48000000e-3,0.042500,-5927.372500,0,43.94
1.010000,0.887330,40,1000000,300000,-385,-3.29059829e-5,-1.28333333e-3,-0.267500,-890.230000,0,29.43
0.630000,0.862630,40,1000000,300000,3877,3.31367521e-4,1.29233333e-2,-0.310000,-1276.090000,1,29.79
0.530000,0.891150,40,1000000,300000,26393,2.25581197e-3,8.79766667e-2,0.061250,-964.915000,1,33.93
0.810000,0.930350,40,1000000,300000,7549,6.45213675e-4,2.51633333e-2,-0.012500,-374.795000,1,28.80
0.490000,0.798520,40,1000000,300000,17640,1.50769231e-3,5.88000000e-2,0.368750,-2419.875000,1,36.71
1.010000,0.889330,40,1000000,300000,63,5.38461538e-6,2.10000000e-4,-0.170000,-797.445000,1,27.87
0.630000,0.864630,40,1000000,300000,4895,4.18376068e-4,1.63166667e-2,-0.127500,-1260.317500,1,28.32
0.450000,0.603320,40,1000000,300000,-10560,-9.02564103e-4,-3.52000000e-2,0.151250,-5765.307500,0,41.72
0.530000,0.893150,40,1000000,300000,27240,2.32820513e-3,9.08000000e-2,-0.182500,-936.030000,1,32.92
0.810000,0.932350,40,1000000,300000,8462,7.23247863e-4,2.82066667e-2,0.060000,-316.635000,1,28.58
1.010000,0.891330,40,1000000,300000,-288,-2.46153846e-5,-9.60000000e-4,-0.043750,-800.560000,0,28.40
0.630000,0.866630,40,1000000,300000,4440,3.79487179e-4,1.48000000e-2,-0.155000,-1214.870000,1,29.04
0.490000,0.800520,40,1000000,300000,25027,2.13905983e-3,8.34233333e-2,0.118750,-2347.135000,1,37.13
0.810000,0.934350,40,1000000,300000,8229,7.03333333e-4,2.74300000e-2,0.082500,-319.197500,1,26.02
0.530000,0.895150,40,1000000,300000,15182,1.29760684e-3,5.06066667e-2,-0.078750,-936.710000,1,32.58
0.450000,0.605320,40,1000000,300000,4207,3.59572650e-4,1.40233333e-2,-0.315000,-5844.230000,1,42.10
1.010000,0.893330,40,1000000,300000,683,5.83760684e-5,2.27666667e-3,-0.177500,-791.697500,1,27.43
0.630000,0.868630,40,1000000,300000,6546,5.59487179e-4,2.18200000e-2,-0.441250,-1176.915000,1,28.24
0.490000,0.802520,40,1000000,300000,13109,1.12042735e-3,4.36966667e-2,0.148750,-2390.322500,1,35.66
0.810000,0.936350,40,1000000,300000,5642,4.82222222e-4,1.88066667e-2,0.176250,-308.875000,1,25.68
0.530000,0.897150,40,1000000,300000,27838,2.37931624e-3,9.27933333e-2,-0.052500,-922.647500,1,32.16
1.010000,0.895330,40,1000000,300000,1305,1.11538462e-4,4.35000000e-3,-0.010000,-712.512500,1,27.59
0.630000,0.870630,40,1000000,300000,8374,7.15726496e-4,2.79133333e-2,-0.055000,-1173.147500,1,28.16
0.450000,0.607320,40,1000000,300000,2619,2.23846154e-4,8.73000000e-3,-0.003750,-5932.175000,1,41.45
0.810000,0.938350,40,1000000,300000,8125,6.94444444e-4,2.70833333e-2,-0.112500,-297.170000,1,25.73
0.490000,0.804520,40,1000000,300000,25289,2.16145299e-3,8.42966667e-2,0.013750,-2360.065000,1,36.05
1.010000,0.897330,40,1000000,300000,-791,-6.76068376e-5,-2.63666667e-3,0.213750,-823.327500,0,28.02
0.530000,0.899150,40,1000000,300000,31876,2.72444444e-3,1.06253333e-1,0.132500,-896.707500,1,32.75
0.630000,0.872630,40,1000000,300000,3582,3.06153846e-4,1.19400000e-2,0.020000,-1166.117500,1,28.47
0.810000,0.940350,40,1000000,300000,10685,9.13247863e-4,3.56166667e-2,-0.085000,-276.720000,1,25.54
0.450000,0.609320,40,1000000,300000,-6420,-5.48717949e-4,-2.14000000e-2,-0.298750,-5718.727500,0,41.65
1.010000,0.899330,40,1000000,300000,780,6.66666667e-5,2.60000000e-3,-0.083750,-718.575000,1,27.95
0.490000,0.806520,40,1000000,300000,13822,1.18136752e-3,4.60733333e-2,-0.063750,-2261.867500,1,35.24
0.630000,0.874630,40,1000000,300000,8044,6.87521368e-4,2.68133333e-2,0.205000,-1162.480000,1,28.23
0.530000,0.901150,40,1000000,300000,26695,2.28162393e-3,8.89833333e-2,0.103750,-876.282500,1,32.12
0.810000,0.942350,40,1000000,300000,9241,7.89829060e-4,3.08033333e-2,0.000000,-253.645000,1,25.80
1.010000,0.901330,40,1000000,300000,256,2.18803419e-5,8.53333333e-4,0.071250,-689.385000,1,28.48
0.630000,0.876630,40,1000000,300000,5627,4.80940171e-4,1.87566667e-2,-0.198750,-1074.635000,1,29.32
0.490000,0.808520,40,1000000,300000,23788,2.03316239e-3,7.92933333e-2,0.153750,-2315.735000,1,36.92
0.810000,0.944350,40,1000000,300000,8821,7.53931624e-4,2.94033333e-2,0.112500,-313.225000,1,26.86
0.450000,0.611320,40,1000000,300000,-8558,-7.31452991e-4,-2.85266667e-2,0.151250,-5773.822500,0,42.15
0.530000,0.903150,40,1000000,300000,25472,2.17709402e-3,8.49066667e-2,-0.087500,-854.722500,1,33.27
1.010000,0.903330,40,1000000,300000,105,8.97435897e-6,3.50000000e-4,0.041250,-661.560000,1,28.17
0.630000,0.878630,40,1000000,300000,2405,2.05555556e-4,8.01666667e-3,0.261250,-1068.440000,1,29.22
0.810000,0.946350,40,1000000,300000,9923,8.48119658e-4,3.30766667e-2,0.092500,-225.335000,1,26.74
0.490000,0.810520,40,1000000,300000,29690,2.53760684e-3,9.89666667e-2,0.035000,-2204.867500,1,36.91
0.530000,0.905150,40,1000000,300000,28265,2.41581197e-3,9.42166667e-2,-0.022500,-843.480000,1,33.57
0.450000,0.613320,40,1000000,300000,3668,3.13504274e-4,1.22266667e-2,-0.008750,-5683.927500,1,42.37
1.010000,0.905330,40,1000000,300000,252,2.15384615e-5,8.40000000e-4,0.157500,-599.787500,1,29.19
0.810000,0.948350,40,1000000,300000,8533,7.29316239e-4,2.84433333e-2,0.083750,-206.032500,1,939.05
0.630000,0.880630,40,1000000,300000,10748,9.18632479e-4,3.58266667e-2,0.092500,-997.562500,1,941.65
0.530000,0.907150,40,1000000,300000,29267,2.50145299e-3,9.75566667e-2,0.238750,-767.290000,1,948.21
0.490000,0.812520,40,1000000,300000,25050,2.14102564e-3,8.35000000e-2,0.036250,-2175.577500,1,950.09
1.010000,0.907330,40,1000000,300000,-7,-5.98290598e-7,-2.33333333e-5,0.097500,-638.980000,0,942.80
0.810000,0.950350,40,1000000,300000,10430,8.91452991e-4,3.47666667e-2,-0.046250,-200.170000,1,29.05
0.630000,0.882630,40,1000000,300000,6358,5.43418803e-4,2.11933333e-2,-0.032500,-947.365000,1,31.22
0.450000,0.615320,40,1000000,300000,-12148,-1.03829060e-3,-4.04933333e-2,0.143750,-5657.685000,0,955.62
0.530000,0.909150,40,1000000,300000,25773,2.20282051e-3,8.59100000e-2,-0.047500,-758.752500,1,30.89
1.010000,0.909330,40,1000000,300000,557,4.76068376e-5,1.85666667e-3,0.060000,-593.320000,1,26.48
0.490000,0.814520,40,1000000,300000,23158,1.97931624e-3,7.71933333e-2,0.278750,-2239.230000,1,33.75
0.810000,0.952350,40,1000000,300000,8837,7.55299145e-4,2.94566667e-2,-0.021250,-212.922500,1,25.32
0.630000,0.884630,40,1000000,300000,11236,9.60341880e-4,3.74533333e-2,0.230000,-935.577500,1,27.38
0.450000,0.617320,40,1000000,300000,-1002,-8.56410256e-5,-3.34000000e-3,0.128750,-5633.797500,0,39.51
1.010000,0.911330,40,1000000,300000,37,3.16239316e-6,1.23333333e-4,0.088750,-611.575000,1,25.87
0.810000,0.954350,40,1000000,300000,9345,7.98717949e-4,3.11500000e-2,-0.096250,-179.460000,1,24.11
0.530000,0.911150,40,1000000,300000,21004,1.79521368e-3,7.00133333e-2,-0.057500,-788.192500,1,30.64
0.630000,0.886630,40,1000000,300000,8239,7.04188034e-4,2.74633333e-2,0.165000,-937.365000,1,27.59
0.490000,0.816520,40,1000000,300000,14630,1.25042735e-3,4.87666667e-2,0.080000,-2193.447500,1,35.05
1.010000,0.913330,40,1000000,300000,166,1.41880342e-5,5.53333333e-4,0.067500,-577.200000,1,27.02
0.810000,0.956350,40,1000000,300000,9026,7.71452991e-4,3.00866667e-2,-0.011250,-158.137500,1,25.36
0.530000,0.913150,40,1000000,300000,28691,2.45222222e-3,9.56366667e-2,-0.065000,-757.205000,1,30.82
0.450000,0.619320,40,1000000,300000,-12737,-1.08863248e-3,-4.24566667e-2,-0.018750,-5530.972500,0,39.96
0.630000,0.888630,40,1000000,300000,12540,1.07179487e-3,4.18000000e-2,0.272500,-884.850000,1,27.12
0.490000,0.818520,40,1000000,300000,27854,2.38068376e-3,9.28466667e-2,-0.236250,-2052.340000,1,34.22
0.810000,0.958350,40,1000000,300000,8879,7.58888889e-4,2.95966667e-2,0.095000,-169.390000,1,26.96
1.010000,0.915330,40,1000000,300000,-606,-5.17948718e-5,-2.02000000e-3,-0.222500,-511.677500,0,28.56
0.630000,0.890630,40,1000000,300000,13956,1.19282051e-3,4.65200000e-2,-0.152500,-891.255000,1,37.86
0.530000,0.915150,40,1000000,300000,24249,2.07256410e-3,8.08300000e-2,0.256250,-704.437500,1,41.58
0.450000,0.621320,40,1000000,300000,-10579,-9.04188034e-4,-3.52633333e-2,0.270000,-5597.925000,0,58.91
0.810000,0.960350,40,1000000,300000,9144,7.81538462e-4,3.04800000e-2,-0.122500,-132.177500,1,42.45
1.010000,0.917330,40,1000000,300000,1066,9.11111111e-5,3.55333333e-3,0.137500,-476.117500,1,44.20
0.490000,0.820520,40,1000000,300000,18358,1.56905983e-3,6.11933333e-2,-0.086250,-2067.080000,1,54.79
0.630000,0.892630,40,1000000,300000,13661,1.16760684e-3,4.55366667e-2,-0.098750,-867.055000,1,44.27
0.530000,0.917150,40,1000000,300000,28884,2.46871795e-3,9.62800000e-2,-0.091250,-661.835000,1,51.66
0.810000,0.962350,40,1000000,300000,10219,8.73418803e-4,3.40633333e-2,-0.015000,-115.967500,1,44.36
1.010000,0.919330,40,1000000,300000,889,7.59829060e-5,2.96333333e-3,-0.132500,-461.395000,1,45.93
0.490000,0.822520,40,1000000,300000,21782,1.86170940e-3,7.26066667e-2,0.038750,-2067.090000,1,59.80
0.450000,0.623320,40,1000000,300000,9618,8.22051282e-4,3.20600000e-2,-0.155000,-5621.857500,1,69.42
0.630000,0.894630,40,1000000,300000,13616,1.16376068e-3,4.53866667e-2,-0.183750,-856.337500,1,49.83
0.530000,0.919150,40,1000000,300000,27968,2.39042735e-3,9.32266667e-2,0.026250,-664.432500,1,57.15
0.810000,0.964350,40,1000000,300000,11214,9.58461538e-4,3.73800000e-2,-0.110000,-108.747500,1,46.33
1.010000,0.921330,40,1000000,300000,-458,-3.91452991e-5,-1.52666667e-3,0.162500,-423.185000,0,49.04
0.630000,0.896630,40,1000000,300000,12316,1.05264957e-3,4.10533333e-2,-0.200000,-793.885000,1,49.00
0.490000,0.824520,40,1000000,300000,22385,1.91324786e-3,7.46166667e-2,0.231250,-1977.457500,1,61.19
0.810000,0.966350,40,1000000,300000,10542,9.01025641e-4,3.51400000e-2,-0.026250,-98.352500,1,45.57
0.450000,0.625320,40,1000000,300000,-3335,-2.85042735e-4,-1.11166667e-2,-0.206250,-5505.947500,0,70.29
0.530000,0.921150,40,1000000,300000,19854,1.69692308e-3,6.61800000e-2,-0.066250,-639.800000,1,54.94
1.010000,0.923330,40,1000000,300000,1099,9.39316239e-5,3.66333333e-3,-0.382500,-422.227500,1,47.98
0.630000,0.898630,40,1000000,300000,18158,1.55196581e-3,6.05266667e-2,-0.012500,-781.917500,1,47.58
0.810000,0.968350,40,1000000,300000,12122,1.03606838e-3,4.04066667e-2,-0.086250,-94.825000,1,43.36
0.490000,0.826520,40,1000000,300000,27539,2.35376068e-3,9.17966667e-2,0.110000,-1944.917500,1,57.76
1.010000,0.925330,40,1000000,300000,-306,-2.61538462e-5,-1.02000000e-3,0.243750,-485.055000,0,44.83
0.530000,0.923150,40,1000000,300000,26575,2.27136752e-3,8.85833333e-2,-0.168750,-594.710000,1,51.17
0.450000,0.627320,40,1000000,300000,2067,1.76666667e-4,6.89000000e-3,-0.175000,-5381.785000,1,67.41
0.630000,0.900630,40,1000000,300000,18380,1.57094017e-3,6.12666667e-2,-0.021250,-773.755000,1,44.97
0.810000,0.970350,40,1000000,300000,9591,8.19743590e-4,3.19700000e-2,-0.012500,-68.905000,1,41.70
1.010000,0.927330,40,1000000,300000,474,4.05128205e-5,1.58000000e-3,0.150000,-416.685000,1,44.72
0.490000,0.828520,40,1000000,300000,32553,2.78230769e-3,1.08510000e-1,0.040000,-1971.850000,1,54.91
0.530000,0.925150,40,1000000,300000,28007,2.39376068e-3,9.33566667e-2,0.167500,-595.655000,1,50.55
0.630000,0.902630,40,1000000,300000,15628,1.33572650e-3,5.20933333e-2,0.001250,-724.805000,1,44.55
0.810000,0.972350,40,1000000,300000,10383,8.87435897e-4,3.46100000e-2,0.006250,-71.022500,1,42.90
0.450000,0.629320,40,1000000,300000,12725,1.08760684e-3,4.24166667e-2,-0.161250,-5387.205000,1,66.49
1.010000,0.929330,40,1000000,300000,891,7.61538462e-5,2.97000000e-3,0.075000,-348.215000,1,44.26
0.490000,0.830520,40,1000000,300000,32630,2.78888889e-3,1.08766667e-1,-0.065000,-1915.155000,1,56.05
0.530000,0.927150,40,1000000,300000,27711,2.36846154e-3,9.23700000e-2,0.048750,-545.907500,1,50.67
0.630000,0.904630,40,1000000,300000,13614,1.16358974e-3,4.53800000e-2,0.078750,-681.167500,1,43.85
0.810000,0.974350,40,1000000,300000,9308,7.95555556e-4,3.10266667e-2,-0.012500,-61.302500,1,40.58
1.010000,0.931330,40,1000000,300000,782,6.68376068e-5,2.60666667e-3,0.045000,-363.032500,1,43.47
0.450000,0.631320,40,1000000,300000,6500,5.55555556e-4,2.16666667e-2,0.050000,-5399.055000,1,66.78
0.530000,0.929150,40,1000000,300000,20561,1.75735043e-3,6.85366667e-2,-0.026250,-516.887500,1,50.93
0.630000,0.906630,40,1000000,300000,10848,9.27179487e-4,3.61600000e-2,0.138750,-684.132500,1,43.50
0.810000,0.976350,40,1000000,300000,6788,5.80170940e-4,2.26266667e-2,0.087500,-48.837500,1,41.71
0.490000,0.832520,40,1000000,300000,21787,1.86213675e-3,7.26233333e-2,0.043750,-1903.265000,1,54.61
1.010000,0.933330,40,1000000,300000,880,7.52136752e-5,2.93333333e-3,0.078750,-307.947500,1,42.80
0.810000,0.978350,40,1000000,300000,8553,7.31025641e-4,2.85100000e-2,0.026250,-51.385000,1,41.66
0.630000,0.908630,40,1000000,300000,13459,1.15034188e-3,4.48633333e-2,0.096250,-676.427500,1,44.46
0.530000,0.931150,40,1000000,300000,16249,1.38880342e-3,5.41633333e-2,-0.075000,-506.777500,1,51.87
0.490000,0.834520,40,1000000,300000,25756,2.20136752e-3,8.58533333e-2,0.152500,-1803.655000,1,55.34
0.450000,0.633320,40,1000000,300000,-2433,-2.07948718e-4,-8.11000000e-3,-0.157500,-5479.687500,0,65.72
1.010000,0.935330,40,1000000,300000,-128,-1.09401709e-5,-4.26666667e-4,-0.191250,-287.910000,0,43.42
0.810000,0.980350,40,1000000,300000,9152,7.82222222e-4,3.05066667e-2,0.012500,-45.995000,1,41.71
0.630000,0.910630,40,1000000,300000,14239,1.21700855e-3,4.74633333e-2,-0.026250,-595.395000,1,43.90
0.530000,0.933150,40,1000000,300000,15481,1.32316239e-3,5.16033333e-2,0.165000,-493.480000,1,49.79
1.010000,0.937330,40,1000000,300000,1050,8.97435897e-5,3.50000000e-3,0.250000,-318.045000,1,43.77
0.490000,0.836520,40,1000000,300000,26514,2.26615385e-3,8.83800000e-2,0.078750,-1802.195000,1,55.29
0.810000,0.982350,40,1000000,300000,7545,6.44871795e-4,2.51500000e-2,0.077500,-27.275000,1,42.12
0.450000,0.635320,40,1000000,300000,5467,4.67264957e-4,1.82233333e-2,-0.042500,-5405.807500,1,67.06
0.630000,0.912630,40,1000000,300000,19963,1.70623932e-3,6.65433333e-2,-0.026250,-614.807500,1,44.49
1.010000,0.939330,40,1000000,300000,1949,1.66581197e-4,6.49666667e-3,0.091250,-285.212500,1,42.75
0.530000,0.935150,40,1000000,300000,25980,2.22051282e-3,8.66000000e-2,0.017500,-453.557500,1,50.03
0.810000,0.984350,40,1000000,300000,7864,6.72136752e-4,2.62133333e-2,-0.045000,-34.632500,1,41.70
0.490000,0.838520,40,1000000,300000,29617,2.53136752e-3,9.87233333e-2,0.135000,-1787.900000,1,55.81
0.630000,0.914630,40,1000000,300000,16122,1.37794872e-3,5.37400000e-2,0.183750,-638.275000,1,43.72
0.450000,0.637320,40,1000000,300000,5161,4.41111111e-4,1.72033333e-2,-0.285000,-5299.702500,1,66.00
1.010000,0.941330,40,1000000,300000,1841,1.57350427e-4,6.13666667e-3,-0.111250,-315.615000,1,43.39
0.530000,0.937150,40,1000000,300000,19939,1.70418803e-3,6.64633333e-2,-0.088750,-473.180000,1,50.74
0.810000,0.986350,40,1000000,300000,7054,6.02905983e-4,2.35133333e-2,-0.043750,-25.227500,1,42.01
0.630000,0.916630,40,1000000,300000,16761,1.43256410e-3,5.58700000e-2,-0.045000,-574.357500,1,44.87
0.490000,0.840520,40,1000000,300000,33715,2.88162393e-3,1.12383333e-1,-0.315000,-1779.785000,1,56.04
1.010000,0.943330,40,1000000,300000,2389,2.04188034e-4,7.96333333e-3,0.216250,-228.637500,1,190.44
0.810000,0.988350,40,1000000,300000,5504,4.70427350e-4,1.83466667e-2,-0.022500,-25.502500,1,189.27
0.530000,0.939150,40,1000000,300000,21033,1.79769231e-3,7.01100000e-2,0.047500,-451.605000,1,199.53
0.450000,0.639320,40,1000000,300000,15914,1.36017094e-3,5.30466667e-2,-0.022500,-5296.690000,1,213.30
0.630000,0.918630,40,1000000,300000,15997,1.36726496e-3,5.33233333e-2,-0.096250,-546.935000,1,193.40
1.010000,0.945330,40,1000000,300000,1492,1.27521368e-4,4.97333333e-3,0.098750,-224.662500,1,44.04
0.490000,0.842520,40,1000000,300000,29115,2.48846154e-3,9.70500000e-2,0.067500,-1694.907500,1,203.71
0.810000,0.990350,40,1000000,300000,6864,5.86666667e-4,2.28800000e-2,-0.130000,-18.810000,1,41.67
0.530000,0.941150,40,1000000,300000,21593,1.84555556e-3,7.19766667e-2,-0.170000,-403.815000,1,50.20
0.630000,0.920630,40,1000000,300000,15900,1.35897436e-3,5.30000000e-2,0.102500,-546.250000,1,43.82
0.450000,0.641320,40,1000000,300000,-920,-7.86324786e-5,-3.06666667e-3,-0.255000,-5278.207500,0,64.09
1.010000,0.947330,40,1000000,300000,1983,1.69487179e-4,6.61000000e-3,-0.270000,-198.285000,1,43.56
0.490000,0.844520,40,1000000,300000,28201,2.41034188e-3,9.40033333e-2,0.016250,-1700.957500,1,54.26
0.810000,0.992350,40,1000000,300000,4669,3.99059829e-4,1.55633333e-2,0.080000,-15.767500,1,42.48
0.530000,0.943150,40,1000000,300000,23135,1.97735043e-3,7.71166667e-2,-0.040000,-402.692500,1,49.97
0.630000,0.922630,40,1000000,300000,18025,1.54059829e-3,6.00833333e-2,-0.180000,-511.082500,1,44.54
1.010000,0.949330,40,1000000,300000,2412,2.06153846e-4,8.04000000e-3,-0.040000,-208.467500,1,43.46
0.810000,0.994350,40,1000000,300000,13036,1.11418803e-3,4.34533333e-2,-0.901250,-9.857500,1,37.72
0.450000,0.643320,40,1000000,300000,5687,4.86068376e-4,1.89566667e-2,-0.067500,-5174.090000,1,64.33
0.490000,0.846520,40,1000000,300000,29051,2.48299145e-3,9.68366667e-2,-0.060000,-1729.625000,1,54.75
0.630000,0.924630,40,1000000,300000,16550,1.41452991e-3,5.51666667e-2,0.155000,-477.882500,1,42.65
0.530000,0.945150,40,1000000,300000,21969,1.87769231e-3,7.32300000e-2,0.250000,-364.370000,1,50.33
1.010000,0.951330,40,1000000,300000,1905,1.62820513e-4,6.35000000e-3,0.230000,-216.077500,1,42.39
0.810000,0.996350,40,1000000,300000,-3916,-3.34700855e-4,-1.30533333e-2,-0.695000,-2.750000,0,37.08
0.630000,0.926630,40,1000000,300000,15817,1.35188034e-3,5.27233333e-2,-0.133750,-531.145000,1,43.65
0.490000,0.848520,40,1000000,300000,32595,2.78589744e-3,1.08650000e-1,0.085000,-1646.270000,1,54.74
0.810000,0.998350,40,1000000,300000,-16580,-1.41709402e-3,-5.52666667e-2,0.131250,-2.010000,0,35.09
0.450000,0.645320,40,1000000,300000,3635,3.10683761e-4,1.21166667e-2,0.117500,-5222.025000,1,64.71
1.010000,0.953330,40,1000000,300000,1687,1.44188034e-4,5.62333333e-3,-0.036250,-198.805000,1,43.68
0.530000,0.947150,40,1000000,300000,18006,1.53897436e-3,6.00200000e-2,-0.232500,-352.372500,1,50.82
0.810000,1.000000,40,1000000,300000,-33034,-2.82341880e-3,-1.10113333e-1,-0.042500,-1.932500,0,36.82
0.630000,0.928630,40,1000000,300000,14291,1.22145299e-3,4.76366667e-2,-0.030000,-463.180000,1,43.01
1.010000,0.955330,40,1000000,300000,1788,1.52820513e-4,5.96000000e-3,-0.275000,-170.547500,1,43.03
0.490000,0.850520,40,1000000,300000,30692,2.62324786e-3,1.02306667e-1,0.192500,-1610.580000,1,54.27
0.530000,0.949150,40,1000000,300000,21999,1.88025641e-3,7.33300000e-2,-0.136250,-309.712500,1,50.45
0.450000,0.647320,40,1000000,300000,8007,6.84358974e-4,2.66900000e-2,-0.061250,-5221.672500,1,64.15
0.630000,0.930630,40,1000000,300000,16091,1.37529915e-3,5.36366667e-2,0.035000,-471.400000,1,42.92
0.830000,0.846940,40,1000000,300000,1009,8.62393162e-5,3.36333333e-3,-0.198750,-1418.615000,1,47.89
1.010000,0.957330,40,1000000,300000,2568,2.19487179e-4,8.56000000e-3,0.078750,-132.522500,1,42.89
0.490000,0.852520,40,1000000,300000,33504,2.86358974e-3,1.11680000e-1,0.182500,-1605.877500,1,54.87
0.530000,0.951150,40,1000000,300000,15119,1.29222222e-3,5.03966667e-2,0.048750,-291.640000,1,50.26
0.630000,0.932630,40,1000000,300000,19080,1.63076923e-3,6.36000000e-2,-0.007500,-396.705000,1,43.10
0.830000,0.848940,40,1000000,300000,700,5.98290598e-5,2.33333333e-3,-0.076250,-1443.447500,1,47.32
0.450000,0.649320,40,1000000,300000,6679,5.70854701e-4,2.22633333e-2,-0.038750,-5068.457500,1,63.13
1.010000,0.959330,40,1000000,300000,2090,1.78632479e-4,6.96666667e-3,0.338750,-90.192500,1,42.44
0.530000,1.000000,40,1000000,300000,-315023,-2.69250427e-2,-1.05007667e0,-0.016250,-2.052500,0,40.10
0.490000,0.854520,40,1000000,300000,33858,2.89384615e-3,1.12860000e-1,0.165000,-1532.137500,1,54.48
0.630000,0.934630,40,1000000,300000,19409,1.65888889e-3,6.46966667e-2,-0.367500,-428.945000,1,42.73
1.010000,0.961330,40,1000000,300000,2838,2.42564103e-4,9.46000000e-3,-0.052500,-125.125000,1,41.01
0.830000,0.850940,40,1000000,300000,203,1.73504274e-5,6.76666667e-4,-0.553750,-1428.220000,1,45.43
0.550000,0.803940,40,1000000,300000,-2099,-1.79401709e-4,-6.99666667e-3,-0.216250,-2263.052500,0,47.12
0.450000,0.651320,40,1000000,300000,13621,1.16418803e-3,4.54033333e-2,0.243750,-4979.380000,1,65.08
0.630000,0.936630,40,1000000,300000,19255,1.64572650e-3,6.41833333e-2,-0.026250,-387.945000,1,42.99
1.010000,0.963330,40,1000000,300000,3388,2.89572650e-4,1.12933333e-2,-0.033750,-109.500000,1,40.88
0.490000,0.856520,40,1000000,300000,29966,2.56119658e-3,9.98866667e-2,0.071250,-1511.147500,1,54.66
0.830000,0.852940,40,1000000,300000,2348,2.00683761e-4,7.82666667e-3,-0.105000,-1325.162500,1,45.89
0.550000,0.805940,40,1000000,300000,-1532,-1.30940171e-4,-5.10666667e-3,-0.270000,-2302.732500,0,50.00
0.630000,0.938630,40,1000000,300000,25042,2.14034188e-3,8.34733333e-2,-0.160000,-353.645000,1,43.95
1.010000,0.965330,40,1000000,300000,1767,1.51025641e-4,5.89000000e-3,0.128750,-93.952500,1,43.70
0.450000,0.653320,40,1000000,300000,3478,2.97264957e-4,1.15933333e-2,-0.085000,-5074.070000,1,64.68
0.830000,0.854940,40,1000000,300000,2810,2.40170940e-4,9.36666667e-3,0.032500,-1357.467500,1,46.77
0.490000,0.858520,40,1000000,300000,29607,2.53051282e-3,9.86900000e-2,0.036250,-1487.682500,1,54.29
0.550000,0.807940,40,1000000,300000,-3123,-2.66923077e-4,-1.04100000e-2,0.056250,-2225.420000,0,48.01
0.630000,0.940630,40,1000000,300000,16115,1.37735043e-3,5.37166667e-2,0.117500,-349.635000,1,43.39
1.010000,0.967330,40,1000000,300000,3918,3.34871795e-4,1.30600000e-2,-0.085000,-70.662500,1,40.77
0.830000,0.856940,40,1000000,300000,102,8.71794872e-6,3.40000000e-4,-0.331250,-1316.992500,1,46.22
0.490000,0.860520,40,1000000,300000,29723,2.54042735e-3,9.90766667e-2,0.038750,-1433.635000,1,54.22
0.450000,0.655320,40,1000000,300000,8028,6.86153846e-4,2.67600000e-2,0.142500,-5028.745000,1,63.86
0.630000,0.942630,40,1000000,300000,19902,1.70102564e-3,6.63400000e-2,-0.003750,-333.957500,1,43.36
1.010000,0.969330,40,1000000,300000,2438,2.08376068e-4,8.12666667e-3,0.040000,-110.777500,1,40.30
0.550000,0.809940,40,1000000,300000,2940,2.51282051e-4,9.80000000e-3,0.440000,-2118.592500,1,49.34
0.830000,0.858940,40,1000000,300000,961,8.21367521e-5,3.20333333e-3,-0.135000,-1217.345000,1,45.89
0.490000,0.862520,40,1000000,300000,27041,2.31119658e-3,9.01366667e-2,-0.063750,-1471.622500,1,54.59
1.010000,0.971330,40,1000000,300000,2849,2.43504274e-4,9.49666667e-3,0.047500,-73.565000,1,42.28
0.630000,0.944630,40,1000000,300000,13650,1.16666667e-3,4.55000000e-2,-0.088750,-324.407500,1,43.81
0.450000,0.657320,40,1000000,300000,17206,1.47059829e-3,5.73533333e-2,0.072500,-4870.245000,1,64.65
0.550000,0.811940,40,1000000,300000,655,5.59829060e-5,2.18333333e-3,0.148750,-2163.715000,1,49.39
0.830000,0.860940,40,1000000,300000,247,2.11111111e-5,8.23333333e-4,0.096250,-1339.425000,1,46.38
1.010000,0.973330,40,1000000,300000,2883,2.46410256e-4,9.61000000e-3,-0.085000,-53.682500,1,41.56
0.630000,0.946630,40,1000000,300000,20876,1.78427350e-3,6.95866667e-2,-0.005000,-313.515000,1,43.93
0.490000,0.864520,40,1000000,300000,34110,2.91538462e-3,1.13700000e-1,0.101250,-1392.665000,1,55.20
0.550000,0.813940,40,1000000,300000,547,4.67521368e-5,1.82333333e-3,0.265000,-2106.772500,1,47.95
0.830000,0.862940,40,1000000,300000,-612,-5.23076923e-5,-2.04000000e-3,-0.205000,-1186.022500,0,45.59
0.450000,0.659320,40,1000000,300000,11693,9.99401709e-4,3.89766667e-2,-0.018750,-4927.557500,1,64.39
1.010000,0.975330,40,1000000,300000,2849,2.43504274e-4,9.49666667e-3,-0.025000,-35.957500,1,41.19
0.630000,0.948630,40,1000000,300000,15277,1.30572650e-3,5.09233333e-2,-0.138750,-293.687500,1,43.77
0.490000,0.866520,40,1000000,300000,35031,2.99410256e-3,1.16770000e-1,-0.048750,-1387.350000,1,54.96
0.550000,0.815940,40,1000000,300000,-400,-3.41880342e-5,-1.33333333e-3,0.073750,-2104.075000,0,50.12
0.830000,0.864940,40,1000000,300000,2362,2.01880342e-4,7.87333333e-3,-0.033750,-1186.835000,1,45.74
1.010000,0.977330,40,1000000,300000,3406,2.91111111e-4,1.13533333e-2,0.027500,-33.335000,1,40.37
0.630000,0.950630,40,1000000,300000,13884,1.18666667e-3,4.62800000e-2,-0.152500,-274.090000,1,43.81
0.450000,0.661320,40,1000000,300000,9030,7.71794872e-4,3.01000000e-2,0.156250,-4967.710000,1,63.58
0.550000,0.817940,40,1000000,300000,1761,1.50512821e-4,5.87000000e-3,0.412500,-2075.480000,1,48.10
0.490000,0.868520,40,1000000,300000,30331,2.59239316e-3,1.01103333e-1,0.052500,-1309.902500,1,54.14
0.830000,0.866940,40,1000000,300000,-116,-9.91452991e-6,-3.86666667e-4,0.105000,-1192.445000,0,47.09
1.010000,0.979330,40,1000000,300000,2085,1.78205128e-4,6.95000000e-3,0.077500,-45.077500,1,41.23
0.630000,0.952630,40,1000000,300000,14389,1.22982906e-3,4.79633333e-2,0.101250,-279.652500,1,43.22
0.450000,0.663320,40,1000000,300000,23292,1.99076923e-3,7.76400000e-2,-0.302500,-4857.195000,1,64.35
0.550000,0.819940,40,1000000,300000,-224,-1.91452991e-5,-7.46666667e-4,0.423750,-2091.975000,0,48.06
1.010000,0.981330,40,1000000,300000,3331,2.84700855e-4,1.11033333e-2,0.010000,-35.255000,1,40.16
0.830000,0.868940,40,1000000,300000,299,2.55555556e-5,9.96666667e-4,-0.025000,-1136.100000,1,45.93
0.490000,0.870520,40,1000000,300000,26700,2.28205128e-3,8.90000000e-2,0.035000,-1342.457500,1,54.43
0.630000,0.954630,40,1000000,300000,20232,1.72923077e-3,6.74400000e-2,0.020000,-259.405000,1,44.39
1.010000,0.983330,40,1000000,300000,2424,2.07179487e-4,8.08000000e-3,-0.082500,-30.015000,1,40.10
0.550000,0.821940,40,1000000,300000,5766,4.92820513e-4,1.92200000e-2,-0.098750,-2017.630000,1,46.80
0.830000,0.870940,40,1000000,300000,971,8.29914530e-5,3.23666667e-3,-0.160000,-1164.260000,1,46.60
0.630000,0.956630,40,1000000,300000,16869,1.44179487e-3,5.62300000e-2,0.158750,-237.060000,1,43.56
0.450000,0.665320,40,1000000,300000,10746,9.18461538e-4,3.58200000e-2,-0.023750,-4738.810000,1,65.11
0.490000,0.872520,40,1000000,300000,39381,3.36589744e-3,1.31270000e-1,0.091250,-1291.382500,1,54.47
1.010000,0.985330,40,1000000,300000,2284,1.95213675e-4,7.61333333e-3,0.053750,-20.540000,1,39.89
0.550000,0.823940,40,1000000,300000,3886,3.32136752e-4,1.29533333e-2,0.310000,-1947.085000,1,49.73
0.830000,0.872940,40,1000000,300000,-611,-5.22222222e-5,-2.03666667e-3,0.321250,-1033.945000,0,47.09
0.630000,0.958630,40,1000000,300000,15831,1.35307692e-3,5.27700000e-2,-0.051250,-213.762500,1,44.13
0.490000,0.874520,40,1000000,300000,35071,2.99752137e-3,1.16903333e-1,0.147500,-1276.682500,1,356.94
0.450000,0.667320,40,1000000,300000,11118,9.50256410e-4,3.70600000e-2,0.277500,-4769.697500,1,364.20
1.010000,0.987330,40,1000000,300000,2591,2.21452991e-4,8.63666667e-3,0.156250,-18.050000,1,344.10
0.830000,0.874940,40,1000000,300000,-2752,-2.35213675e-4,-9.17333333e-3,-0.030000,-1062.650000,0,349.18
0.550000,0.825940,40,1000000,300000,4641,3.96666667e-4,1.54700000e-2,0.376250,-1916.997500,1,352.46
0.630000,0.960630,40,1000000,300000,14900,1.27350427e-3,4.96666667e-2,-0.263750,-205.462500,1,346.55
1.010000,0.989330,40,1000000,300000,2060,1.76068376e-4,6.86666667e-3,-0.076250,-11.107500,1,43.23
0.490000,0.876520,40,1000000,300000,36659,3.13324786e-3,1.22196667e-1,-0.140000,-1223.632500,1,57.53
0.450000,0.669320,40,1000000,300000,14145,1.20897436e-3,4.71500000e-2,0.178750,-4743.657500,1,66.03
0.830000,0.876940,40,1000000,300000,-380,-3.24786325e-5,-1.26666667e-3,-0.001250,-1020.320000,0,47.57
0.630000,0.962630,40,1000000,300000,9782,8.36068376e-4,3.26066667e-2,0.092500,-194.655000,1,46.70
0.550000,0.827940,40,1000000,300000,9745,8.32905983e-4,3.24833333e-2,-0.171250,-1965.072500,1,52.30
1.010000,0.991330,40,1000000,300000,2449,2.09316239e-4,8.16333333e-3,0.035000,-8.227500,1,43.70
0.490000,0.878520,40,1000000,300000,32579,2.78452991e-3,1.08596667e-1,-0.120000,-1223.055000,1,57.98
0.830000,0.878940,40,1000000,300000,2519,2.15299145e-4,8.39666667e-3,-0.208750,-967.675000,1,49.34
0.630000,0.964630,40,1000000,300000,10260,8.76923077e-4,3.42000000e-2,0.068750,-165.965000,1,47.36
0.550000,0.829940,40,1000000,300000,1357,1.15982906e-4,4.52333333e-3,0.135000,-1820.505000,1,51.37
1.010000,0.993330,40,1000000,300000,2616,2.23589744e-4,8.72000000e-3,0.078750,-8.230000,1,43.46
0.450000,0.671320,40,1000000,300000,15918,1.36051282e-3,5.30600000e-2,-0.008750,-4670.227500,1,66.01
0.630000,0.966630,40,1000000,300000,17279,1.47683761e-3,5.75966667e-2,0.073750,-158.822500,1,44.43
0.830000,0.880940,40,1000000,300000,1259,1.07606838e-4,4.19666667e-3,0.116250,-958.840000,1,47.24
1.010000,0.995330,40,1000000,300000,2471,2.11196581e-4,8.23666667e-3,0.028750,-1.912500,1,39.80
0.490000,0.880520,40,1000000,300000,41015,3.50555556e-3,1.36716667e-1,0.026250,-1186.640000,1,58.03
0.550000,0.831940,40,1000000,300000,7152,6.11282051e-4,2.38400000e-2,-0.047500,-1823.432500,1,50.84
0.450000,0.673320,40,1000000,300000,16365,1.39871795e-3,5.45500000e-2,-0.045000,-4705.517500,1,66.60
0.630000,0.968630,40,1000000,300000,15287,1.30658120e-3,5.09566667e-2,0.227500,-138.505000,1,45.87
1.010000,0.997330,40,1000000,300000,1741,1.48803419e-4,5.80333333e-3,0.088750,-1.865000,1,41.86
0.830000,0.882940,40,1000000,300000,1450,1.23931624e-4,4.83333333e-3,-0.297500,-970.215000,1,47.57
0.490000,0.882520,40,1000000,300000,35253,3.01307692e-3,1.17510000e-1,-0.156250,-1142.557500,1,56.30
0.550000,0.833940,40,1000000,300000,5052,4.31794872e-4,1.68400000e-2,0.258750,-1842.227500,1,50.53
1.010000,0.999330,40,1000000,300000,-4561,-3.89829060e-4,-1.52033333e-2,-0.691250,-1.990000,0,35.54
0.630000,0.970630,40,1000000,300000,12533,1.07119658e-3,4.17766667e-2,-0.217500,-132.595000,1,44.65
0.830000,0.884940,40,1000000,300000,84,7.17948718e-6,2.80000000e-4,-0.021250,-885.090000,1,43.45
0.450000,0.675320,40,1000000,300000,24065,2.05683761e-3,8.02166667e-2,0.126250,-4723.225000,1,64.88
0.550000,0.835940,40,1000000,300000,8329,7.11880342e-4,2.77633333e-2,0.196250,-1773.047500,1,50.43
1.010000,1.000000,40,1000000,300000,-5828,-4.98119658e-4,-1.94266667e-2,-0.027500,-1.937500,0,35.87
0.490000,0.884520,40,1000000,300000,36011,3.07786325e-3,1.20036667e-1,-0.041250,-1106.940000,1,56.24
0.630000,0.972630,40,1000000,300000,10294,8.79829060e-4,3.43133333e-2,-0.016250,-133.407500,1,46.58
0.830000,0.886940,40,1000000,300000,1113,9.51282051e-5,3.71000000e-3,-0.090000,-894.055000,1,48.51
0.450000,0.677320,40,1000000,300000,17771,1.51888889e-3,5.92366667e-2,0.261250,-4640.055000,1,65.44
1.030000,0.849440,40,1000000,300000,451,3.85470085e-5,1.50333333e-3,0.022500,-1358.377500,1,45.45
0.550000,0.837940,40,1000000,300000,10805,9.23504274e-4,3.60166667e-2,-0.053750,-1682.595000,1,51.30
0.490000,0.886520,40,1000000,300000,25739,2.19991453e-3,8.57966667e-2,-0.076250,-1101.217500,1,57.54
0.630000,0.974630,40,1000000,300000,5251,4.48803419e-4,1.75033333e-2,-0.077500,-116.827500,1,45.38
0.830000,0.888940,40,1000000,300000,957,8.17948718e-5,3.19000000e-3,-0.256250,-906.157500,1,46.78
1.030000,0.851440,40,1000000,300000,2748,2.34871795e-4,9.16000000e-3,0.060000,-1374.007500,1,44.31
0.550000,0.839940,40,1000000,300000,7378,6.30598291e-4,2.45933333e-2,-0.035000,-1751.512500,1,49.99
0.630000,0.976630,40,1000000,300000,8768,7.49401709e-4,2.92266667e-2,-0.285000,-99.982500,1,44.29
0.450000,0.679320,40,1000000,300000,18846,1.61076923e-3,6.28200000e-2,-0.073750,-4512.000000,1,64.64
0.490000,0.888520,40,1000000,300000,32538,2.78102564e-3,1.08460000e-1,-0.030000,-1040.467500,1,55.59
0.830000,0.890940,40,1000000,300000,992,8.47863248e-5,3.30666667e-3,0.016250,-806.052500,1,46.50
1.030000,0.853440,40,1000000,300000,1713,1.46410256e-4,5.71000000e-3,0.126250,-1465.877500,1,43.63
0.550000,0.841940,40,1000000,300000,15541,1.32829060e-3,5.18033333e-2,0.030000,-1600.582500,1,49.73
0.630000,0.978630,40,1000000,300000,5876,5.02222222e-4,1.95866667e-2,-0.076250,-81.160000,1,45.81
0.830000,0.892940,40,1000000,300000,-3615,-3.08974359e-4,-1.20500000e-2,0.197500,-790.000000,0,46.80
0.490000,0.890520,40,1000000,300000,36909,3.15461538e-3,1.23030000e-1,-0.015000,-1048.242500,1,56.43
0.450000,0.681320,40,1000000,300000,24489,2.09307692e-3,8.16300000e-2,-0.046250,-4528.962500,1,65.76
1.030000,0.855440,40,1000000,300000,851,7.27350427e-5,2.83666667e-3,0.127500,-1356.012500,1,45.62
0.550000,0.843940,40,1000000,300000,11916,1.01846154e-3,3.97200000e-2,0.120000,-1609.037500,1,51.57
0.630000,0.980630,40,1000000,300000,4251,3.63333333e-4,1.41700000e-2,0.163750,-61.155000,1,47.27
0.830000,0.894940,40,1000000,300000,295,2.52136752e-5,9.83333333e-4,0.172500,-820.730000,1,48.29
1.030000,0.857440,40,1000000,300000,1019,8.70940171e-5,3.39666667e-3,0.123750,-1392.765000,1,46.37
0.490000,0.892520,40,1000000,300000,34981,2.98982906e-3,1.16603333e-1,-0.002500,-1014.707500,1,57.57
0.450000,0.683320,40,1000000,300000,19514,1.66786325e-3,6.50466667e-2,-0.150000,-4421.557500,1,65.65
0.630000,0.982630,40,1000000,300000,29695,2.53803419e-3,9.89833333e-2,0.812500,-42.530000,1,41.29
0.550000,0.845940,40,1000000,300000,10834,9.25982906e-4,3.61133333e-2,-0.176250,-1649.040000,1,50.92
0.830000,0.896940,40,1000000,300000,1296,1.10769231e-4,4.32000000e-3,-0.122500,-806.595000,1,47.57
1.030000,0.859440,40,1000000,300000,300,2.56410256e-5,1.00000000e-3,0.187500,-1148.332500,1,44.08
0.630000,0.984630,40,1000000,300000,-383,-3.27350427e-5,-1.27666667e-3,0.836250,-35.880000,0,40.33
0.490000,0.894520,40,1000000,300000,41974,3.58752137e-3,1.39913333e-1,0.185000,-988.567500,1,56.50
0.550000,0.847940,40,1000000,300000,13970,1.19401709e-3,4.65666667e-2,0.012500,-1547.922500,1,51.29
0.830000,0.898940,40,1000000,300000,1792,1.53162393e-4,5.97333333e-3,-0.015000,-728.780000,1,45.50
0.450000,0.685320,40,1000000,300000,11770,1.00598291e-3,3.92333333e-2,-0.048750,-4437.710000,1,66.56
1.030000,0.861440,40,1000000,300000,3205,2.73931624e-4,1.06833333e-2,0.068750,-1320.430000,1,47.62
0.630000,0.986630,40,1000000,300000,-12924,-1.10461538e-3,-4.30800000e-2,0.798750,-27.205000,0,41.39
0.490000,0.896520,40,1000000,300000,41415,3.53974359e-3,1.38050000e-1,0.066250,-938.950000,1,55.98
0.830000,0.900940,40,1000000,300000,2003,1.71196581e-4,6.67666667e-3,-0.038750,-665.100000,1,45.06
0.550000,0.849940,40,1000000,300000,12513,1.06948718e-3,4.17100000e-2,-0.037500,-1566.380000,1,50.98
1.030000,0.863440,40,1000000,300000,1329,1.13589744e-4,4.43000000e-3,0.011250,-1258.097500,1,44.31
0.630000,0.988630,40,1000000,300000,-23318,-1.99299145e-3,-7.77266667e-2,0.203750,-15.450000,0,40.79
0.450000,0.687320,40,1000000,300000,7764,6.63589744e-4,2.58800000e-2,0.013750,-4490.455000,1,65.52
0.830000,0.902940,40,1000000,300000,2676,2.28717949e-4,8.92000000e-3,-0.326250,-712.750000,1,46.97
0.490000,0.898520,40,1000000,300000,24958,2.13316239e-3,8.31933333e-2,-0.007500,-950.090000,1,58.41
0.550000,0.851940,40,1000000,300000,14722,1.25829060e-3,4.90733333e-2,0.197500,-1551.225000,1,52.27
0.630000,0.990630,40,1000000,300000,-47254,-4.03880342e-3,-1.57513333e-1,0.158750,-11.980000,0,42.24
1.030000,0.865440,40,1000000,300000,852,7.28205128e-5,2.84000000e-3,0.012500,-1173.155000,1,46.45
0.450000,0.689320,40,1000000,300000,22691,1.93940171e-3,7.56366667e-2,0.033750,-4388.600000,1,67.37
0.830000,0.904940,40,1000000,300000,-77,-6.58119658e-6,-2.56666667e-4,0.163750,-681.312500,0,45.14
0.630000,1.000000,40,1000000,300000,-140217,-1.19843590e-2,-4.67390000e-1,0.031250,-1.955000,0,40.39
1.030000,0.867440,40,1000000,300000,1262,1.07863248e-4,4.20666667e-3,-0.001250,-1103.702500,1,47.05
0.490000,0.900520,40,1000000,300000,27398,2.34170940e-3,9.13266667e-2,-0.283750,-888.255000,1,58.43
0.550000,0.853940,40,1000000,300000,12606,1.07743590e-3,4.20200000e-2,0.021250,-1478.242500,1,52.38
0.830000,0.906940,40,1000000,300000,2583,2.20769231e-4,8.61000000e-3,0.127500,-610.780000,1,45.86
0.650000,0.834120,40,1000000,300000,-6061,-5.18034188e-4,-2.02033333e-2,0.511250,-1629.140000,0,48.83
1.030000,0.869440,40,1000000,300000,508,4.34188034e-5,1.69333333e-3,-0.047500,-1049.915000,1,47.16
0.450000,0.691320,40,1000000,300000,13649,1.16658120e-3,4.54966667e-2,0.301250,-4354.480000,1,67.62
0.550000,0.855940,40,1000000,300000,13821,1.18128205e-3,4.60700000e-2,0.052500,-1460.345000,1,53.46
0.490000,0.902520,40,1000000,300000,29606,2.53042735e-3,9.86866667e-2,-0.160000,-894.777500,1,59.54
0.830000,0.908940,40,1000000,300000,2281,1.94957265e-4,7.60333333e-3,0.033750,-606.422500,1,45.01
0.650000,0.836120,40,1000000,300000,-4207,-3.59572650e-4,-1.40233333e-2,0.610000,-1658.322500,0,48.77
1.030000,0.871440,40,1000000,300000,1331,1.13760684e-4,4.43666667e-3,0.197500,-1090.367500,1,46.71
0.550000,0.857940,40,1000000,300000,14271,1.21974359e-3,4.75700000e-2,-0.212500,-1424.202500,1,52.50
0.450000,0.693320,40,1000000,300000,14880,1.27179487e-3,4.96000000e-2,-0.040000,-4279.195000,1,66.51
0.490000,0.904520,40,1000000,300000,26297,2.24760684e-3,8.76566667e-2,0.226250,-838.957500,1,58.42
0.830000,0.910940,40,1000000,300000,1072,9.16239316e-5,3.57333333e-3,0.300000,-538.057500,1,45.76
0.650000,0.838120,40,1000000,300000,-1644,-1.40512821e-4,-5.48000000e-3,0.647500,-1625.580000,0,47.35
1.030000,0.873440,40,1000000,300000,1004,8.58119658e-5,3.34666667e-3,-0.031250,-1100.672500,1,46.35
0.550000,0.859940,40,1000000,300000,12637,1.08008547e-3,4.21233333e-2,-0.093750,-1443.137500,1,52.20
0.830000,0.912940,40,1000000,300000,3572,3.05299145e-4,1.19066667e-2,-0.151250,-547.097500,1,45.22
0.490000,0.906520,40,1000000,300000,34156,2.91931624e-3,1.13853333e-1,0.228750,-842.782500,1,58.13
0.650000,0.840120,40,1000000,300000,-6491,-5.54786325e-4,-2.16366667e-2,0.563750,-1583.935000,0,47.67
0.450000,0.695320,40,1000000,300000,19476,1.66461538e-3,6.49200000e-2,0.040000,-4271.052500,1,65.53
1.030000,0.875440,40,1000000,300000,801,6.84615385e-5,2.67000000e-3,0.076250,-1109.985000,1,46.87
0.550000,0.861940,40,1000000,300000,15081,1.28897436e-3,5.02700000e-2,0.033750,-1357.215000,1,52.00
0.830000,0.914940,40,1000000,300000,4794,4.09743590e-4,1.59800000e-2,0.255000,-486.192500,1,44.99
0.490000,1.000000,40,1000000,300000,-433502,-3.70514530e-2,-1.44500667e0,0.011250,-2.187500,0,44.49
1.030000,0.877440,40,1000000,300000,74,6.32478632e-6,2.46666667e-4,-0.023750,-1055.062500,1,45.61
0.650000,0.842120,40,1000000,300000,-6078,-5.19487179e-4,-2.02600000e-2,-0.551250,-1575.055000,0,48.85
0.450000,0.697320,40,1000000,300000,24745,2.11495726e-3,8.24833333e-2,-0.198750,-4242.960000,1,64.97
0.830000,0.916940,40,1000000,300000,3345,2.85897436e-4,1.11500000e-2,-0.398750,-482.997500,1,42.88
0.550000,0.863940,40,1000000,300000,16665,1.42435897e-3,5.55500000e-2,0.076250,-1311.880000,1,50.46
1.030000,0.879440,40,1000000,300000,947,8.09401709e-5,3.15666667e-3,-0.178750,-991.725000,1,46.66
0.510000,0.773210,40,1000000,300000,-465,-3.97435897e-5,-1.55000000e-3,0.052500,-2926.082500,0,56.73
0.650000,0.844120,40,1000000,300000,-1011,-8.64102564e-5,-3.37000000e-3,0.515000,-1453.802500,0,47.47
0.830000,0.918940,40,1000000,300000,5710,4.88034188e-4,1.90333333e-2,-0.102500,-471.315000,1,45.11
0.550000,0.865940,40,1000000,300000,20260,1.73162393e-3,6.75333333e-2,-0.051250,-1305.945000,1,52.11
0.450000,0.699320,40,1000000,300000,25127,2.14760684e-3,8.37566667e-2,0.271250,-4188.720000,1,66.31
1.030000,0.881440,40,1000000,300000,906,7.74358974e-5,3.02000000e-3,-0.020000,-987.845000,1,47.53
0.650000,0.846120,40,1000000,300000,-4076,-3.48376068e-4,-1.35866667e-2,-0.580000,-1494.907500,0,48.16
0.510000,0.775210,40,1000000,300000,6273,5.36153846e-4,2.09100000e-2,0.221250,-2789.225000,1,56.77
0.830000,0.920940,40,1000000,300000,2829,2.41794872e-4,9.43000000e-3,0.116250,-460.895000,1,45.25
0.550000,0.867940,40,1000000,300000,13459,1.15034188e-3,4.48633333e-2,0.120000,-1293.185000,1,53.31
1.030000,0.883440,40,1000000,300000,249,2.12820513e-5,8.30000000e-4,0.057500,-866.737500,1,48.02
0.650000,0.848120,40,1000000,300000,-1922,-1.64273504e-4,-6.40666667e-3,0.473750,-1400.852500,0,48.97
0.450000,0.701320,40,1000000,300000,23653,2.02162393e-3,7.88433333e-2,-0.001250,-4253.347500,1,68.06
0.830000,0.922940,40,1000000,300000,7114,6.08034188e-4,2.37133333e-2,-0.015000,-429.605000,1,47.46
0.510000,0.777210,40,1000000,300000,-2586,-2.21025641e-4,-8.62000000e-3,0.093750,-2799.855000,0,59.06
0.550000,0.869940,40,1000000,300000,18010,1.53931624e-3,6.00333333e-2,0.005000,-1278.050000,1,54.59
1.030000,0.885440,40,1000000,300000,449,3.83760684e-5,1.49666667e-3,-0.045000,-818.960000,1,48.37
0.650000,0.850120,40,1000000,300000,-4128,-3.52820513e-4,-1.37600000e-2,0.417500,-1430.565000,0,49.11
0.830000,0.924940,40,1000000,300000,7163,6.12222222e-4,2.38766667e-2,0.006250,-414.697500,1,46.29
0.450000,0.703320,40,1000000,300000,24279,2.07512821e-3,8.09300000e-2,-0.117500,-4206.365000,1,68.53
0.510000,0.779210,40,1000000,300000,2578,2.20341880e-4,8.59333333e-3,0.133750,-2837.677500,1,58.83
1.030000,0.887440,40,1000000,300000,628,5.36752137e-5,2.09333333e-3,0.077500,-901.220000,1,48.45
0.550000,0.871940,40,1000000,300000,18110,1.54786325e-3,6.03666667e-2,-0.080000,-1274.415000,1,53.18
0.650000,0.852120,40,1000000,300000,-2149,-1.83675214e-4,-7.16333333e-3,0.211250,-1448.425000,0,49.01
0.830000,0.926940,40,1000000,300000,5683,4.85726496e-4,1.89433333e-2,0.107500,-415.532500,1,46.48
0.510000,0.781210,40,1000000,300000,6581,5.62478632e-4,2.19366667e-2,-0.067500,-2750.505000,1,58.57
1.030000,0.889440,40,1000000,300000,747,6.38461538e-5,2.49000000e-3,0.067500,-905.565000,1,47.86
0.450000,0.705320,40,1000000,300000,15958,1.36393162e-3,5.31933333e-2,0.151250,-4112.955000,1,68.55
0.650000,0.854120,40,1000000,300000,-3016,-2.57777778e-4,-1.00533333e-2,-0.517500,-1360.545000,0,48.69
0.550000,0.873940,40,1000000,300000,14183,1.21222222e-3,4.72766667e-2,-0.096250,-1211.180000,1,53.73
0.830000,0.928940,40,1000000,300000,6906,5.90256410e-4,2.30200000e-2,-0.091250,-374.617500,1,46.03
1.030000,0.891440,40,1000000,300000,576,4.92307692e-5,1.92000000e-3,-0.045000,-862.600000,1,47.86
0.510000,0.783210,40,1000000,300000,7086,6.05641026e-4,2.36200000e-2,-0.156250,-2622.532500,1,58.45
0.650000,0.856120,40,1000000,300000,575,4.91452991e-5,1.91666667e-3,-0.561250,-1352.520000,1,48.70
0.830000,0.930940,40,1000000,300000,6536,5.58632479e-4,2.17866667e-2,-0.102500,-371.677500,1,46.00
0.550000,0.875940,40,1000000,300000,17391,1.48641026e-3,5.79700000e-2,0.041250,-1180.985000,1,54.32
0.450000,0.707320,40,1000000,300000,30392,2.59760684e-3,1.01306667e-1,-0.203750,-3963.982500,1,68.02
1.030000,0.893440,40,1000000,300000,529,4.52136752e-5,1.76333333e-3,0.143750,-818.620000,1,48.13
0.650000,0.858120,40,1000000,300000,335,2.86324786e-5,1.11666667e-3,0.082500,-1266.940000,1,49.57
0.830000,0.932940,40,1000000,300000,6484,5.54188034e-4,2.16133333e-2,0.095000,-321.275000,1,46.26
0.510000,0.785210,40,1000000,300000,7155,6.11538462e-4,2.38500000e-2,0.190000,-2631.397500,1,58.36
0.550000,0.877940,40,1000000,300000,14061,1.20179487e-3,4.68700000e-2,-0.041250,-1150.362500,1,53.91
0.450000,0.709320,40,1000000,300000,29330,2.50683761e-3,9.77666667e-2,0.136250,-4040.270000,1,68.08
1.030000,0.895440,40,1000000,300000,417,3.56410256e-5,1.39000000e-3,0.022500,-684.730000,1,47.12
0.650000,0.860120,40,1000000,300000,1554,1.32820513e-4,5.18000000e-3,0.405000,-1256.800000,1,47.86
0.830000,0.934940,40,1000000,300000,5567,4.75811966e-4,1.85566667e-2,-0.251250,-332.362500,1,46.17
0.510000,0.787210,40,1000000,300000,6423,5.48974359e-4,2.14100000e-2,0.120000,-2597.112500,1,58.51
0.550000,0.879940,40,1000000,300000,21564,1.84307692e-3,7.18800000e-2,0.136250,-1134.045000,1,53.08
1.030000,0.897440,40,1000000,300000,680,5.81196581e-5,2.26666667e-3,0.085000,-802.697500,1,48.17
0.830000,0.936940,40,1000000,300000,7881,6.73589744e-4,2.62700000e-2,0.016250,-271.320000,1,45.68
0.650000,0.862120,40,1000000,300000,1105,9.44444444e-5,3.68333333e-3,-0.487500,-1272.497500,1,48.97
0.450000,0.711320,40,1000000,300000,20471,1.74965812e-3,6.82366667e-2,-0.005000,-4026.200000,1,68.30
0.550000,0.881940,40,1000000,300000,16174,1.38239316e-3,5.39133333e-2,0.006250,-1082.507500,1,53.92
0.510000,0.789210,40,1000000,300000,11670,9.97435897e-4,3.89000000e-2,-0.216250,-2642.137500,1,58.73
1.030000,0.899440,40,1000000,300000,1028,8.78632479e-5,3.42666667e-3,-0.066250,-609.527500,1,48.37
0.830000,0.938940,40,1000000,300000,7520,6.42735043e-4,2.50666667e-2,0.026250,-296.335000,1,45.83
0.650000,0.864120,40,1000000,300000,1597,1.36495726e-4,5.32333333e-3,0.011250,-1263.752500,1,48.56
0.450000,0.713320,40,1000000,300000,32703,2.79512821e-3,1.09010000e-1,0.383750,-3944.682500,1,66.43
0.550000,0.883940,40,1000000,300000,24130,2.06239316e-3,8.04333333e-2,-0.017500,-1056.942500,1,51.82
0.510000,0.791210,40,1000000,300000,7712,6.59145299e-4,2.57066667e-2,0.126250,-2637.637500,1,55.22
1.030000,0.901440,40,1000000,300000,168,1.43589744e-5,5.60000000e-4,0.033750,-731.492500,1,44.34
0.830000,0.940940,40,1000000,300000,7950,6.79487179e-4,2.65000000e-2,0.053750,-330.377500,1,42.11
0.650000,0.866120,40,1000000,300000,2726,2.32991453e-4,9.08666667e-3,-0.096250,-1269.480000,1,44.77
0.550000,0.885940,40,1000000,300000,24335,2.07991453e-3,8.11166667e-2,-0.067500,-1036.280000,1,49.51
0.830000,0.942940,40,1000000,300000,6129,5.23846154e-4,2.04300000e-2,-0.091250,-251.150000,1,41.81
1.030000,0.903440,40,1000000,300000,-380,-3.24786325e-5,-1.26666667e-3,-0.130000,-673.857500,0,44.02
0.450000,0.715320,40,1000000,300000,21930,1.87435897e-3,7.31000000e-2,-0.041250,-3854.442500,1,62.69
0.510000,0.793210,40,1000000,300000,10740,9.17948718e-4,3.58000000e-2,0.080000,-2515.407500,1,54.57
0.650000,0.868120,40,1000000,300000,3278,2.80170940e-4,1.09266667e-2,0.118750,-1214.515000,1,43.99
0.830000,0.944940,40,1000000,300000,8007,6.84358974e-4,2.66900000e-2,0.080000,-233.332500,1,41.87
1.030000,0.905440,40,1000000,300000,223,1.90598291e-5,7.43333333e-4,-0.117500,-644.202500,1,43.17
0.550000,0.887940,40,1000000,300000,21027,1.79717949e-3,7.00900000e-2,0.176250,-1040.507500,1,49.88
0.650000,0.870120,40,1000000,300000,3548,3.03247863e-4,1.18266667e-2,-0.495000,-1145.417500,1,44.10
0.510000,0.795210,40,1000000,300000,10452,8.93333333e-4,3.48400000e-2,-0.162500,-2482.782500,1,55.08
0.450000,0.717320,40,1000000,300000,26495,2.26452991e-3,8.83166667e-2,-0.163750,-3905.705000,1,63.55
0.830000,0.946940,40,1000000,300000,8925,7.62820513e-4,2.97500000e-2,0.062500,-239.560000,1,41.95
1.030000,0.907440,40,1000000,300000,-36,-3.07692308e-6,-1.20000000e-4,0.081250,-632.915000,0,43.85
0.650000,0.872120,40,1000000,300000,2379,2.03333333e-4,7.93000000e-3,-0.121250,-1115.970000,1,45.32
0.550000,0.889940,40,1000000,300000,25261,2.15905983e-3,8.42033333e-2,-0.006250,-970.667500,1,50.85
0.510000,0.797210,40,1000000,300000,6015,5.14102564e-4,2.00500000e-2,-0.456250,-2462.715000,1,56.11
0.830000,0.948940,40,1000000,300000,8117,6.93760684e-4,2.70566667e-2,0.005000,-216.502500,1,44.85
1.030000,0.909440,40,1000000,300000,-451,-3.85470085e-5,-1.50333333e-3,-0.045000,-565.745000,0,47.02
0.450000,0.719320,40,1000000,300000,25943,2.21735043e-3,8.64766667e-2,-0.030000,-3868.432500,1,66.33
0.650000,0.874120,40,1000000,300000,6559,5.60598291e-4,2.18633333e-2,-0.030000,-1119.242500,1,48.43
0.550000,0.891940,40,1000000,300000,23899,2.04264957e-3,7.96633333e-2,0.216250,-996.840000,1,53.95
0.830000,0.950940,40,1000000,300000,8689,7.42649573e-4,2.89633333e-2,0.036250,-214.327500,1,45.23
0.510000,0.799210,40,1000000,300000,7320,6.25641026e-4,2.44000000e-2,0.025000,-2408.152500,1,58.67
1.030000,0.911440,40,1000000,300000,1026,8.76923077e-5,3.42000000e-3,0.003750,-620.832500,1,47.77
0.650000,0.876120,40,1000000,300000,6315,5.39743590e-4,2.10500000e-2,-0.395000,-1068.292500,1,48.76
0.450000,0.721320,40,1000000,300000,23307,1.99205128e-3,7.76900000e-2,-0.036250,-3779.082500,1,66.90
0.550000,0.893940,40,1000000,300000,20312,1.73606838e-3,6.77066667e-2,0.115000,-937.992500,1,53.00
0.830000,0.952940,40,1000000,300000,8768,7.49401709e-4,2.92266667e-2,0.010000,-192.595000,1,44.64
1.030000,0.913440,40,1000000,300000,-607,-5.18803419e-5,-2.02333333e-3,0.183750,-587.277500,0,45.74
0.510000,0.801210,40,1000000,300000,11118,9.50256410e-4,3.70600000e-2,0.240000,-2480.712500,1,56.80
0.650000,0.878120,40,1000000,300000,5732,4.89914530e-4,1.91066667e-2,0.216250,-1062.102500,1,46.88
0.550000,0.895940,40,1000000,300000,20659,1.76572650e-3,6.88633333e-2,0.017500,-963.397500,1,51.52
0.830000,0.954940,40,1000000,300000,8027,6.86068376e-4,2.67566667e-2,-0.005000,-193.622500,1,43.81
0.450000,0.723320,40,1000000,300000,26751,2.28641026e-3,8.91700000e-2,-0.043750,-3670.407500,1,66.07
1.030000,0.915440,40,1000000,300000,-18,-1.53846154e-6,-6.00000000e-5,-0.070000,-533.375000,0,46.79
0.650000,0.880120,40,1000000,300000,5564,4.75555556e-4,1.85466667e-2,0.107500,-1037.955000,1,48.49
0.510000,0.803210,40,1000000,300000,5517,4.71538462e-4,1.83900000e-2,-0.006250,-2372.285000,1,57.58
0.830000,0.956940,40,1000000,300000,9173,7.84017094e-4,3.05766667e-2,-0.032500,-145.710000,1,46.11
0.550000,0.897940,40,1000000,300000,17649,1.50846154e-3,5.88300000e-2,-0.136250,-885.965000,1,53.79
1.030000,0.917440,40,1000000,300000,-210,-1.79487179e-5,-7.00000000e-4,0.026250,-476.437500,0,47.68
0.450000,0.725320,40,1000000,300000,32438,2.77247863e-3,1.08126667e-1,-0.028750,-3645.420000,1,67.31
0.650000,0.882120,40,1000000,300000,6707,5.73247863e-4,2.23566667e-2,0.170000,-977.732500,1,49.26
0.510000,0.805210,40,1000000,300000,20958,1.79128205e-3,6.98600000e-2,-0.103750,-2322.570000,1,58.87
0.830000,0.958940,40,1000000,300000,8660,7.40170940e-4,2.88666667e-2,0.028750,-140.927500,1,46.25
0.550000,0.899940,40,1000000,300000,24818,2.12119658e-3,8.27266667e-2,-0.106250,-848.542500,1,54.84
1.030000,0.919440,40,1000000,300000,-204,-1.74358974e-5,-6.80000000e-4,-0.198750,-466.550000,0,48.85
0.650000,0.884120,40,1000000,300000,7594,6.49059829e-4,2.53133333e-2,0.028750,-979.780000,1,49.24
0.830000,0.960940,40,1000000,300000,9221,7.88119658e-4,3.07366667e-2,-0.043750,-145.407500,1,45.76
0.450000,0.727320,40,1000000,300000,19381,1.65649573e-3,6.46033333e-2,-0.006250,-3702.775000,1,67.91
0.510000,0.807210,40,1000000,300000,10042,8.58290598e-4,3.34733333e-2,-0.107500,-2286.617500,1,58.65
1.030000,0.921440,40,1000000,300000,435,3.71794872e-5,1.45000000e-3,-0.040000,-426.185000,1,47.79
0.550000,0.901940,40,1000000,300000,27162,2.32153846e-3,9.05400000e-2,-0.042500,-822.297500,1,54.50
0.650000,0.886120,40,1000000,300000,6563,5.60940171e-4,2.18766667e-2,0.238750,-923.510000,1,49.25
0.830000,0.962940,40,1000000,300000,8461,7.23162393e-4,2.82033333e-2,0.156250,-105.715000,1,45.59
1.030000,0.923440,40,1000000,300000,-376,-3.21367521e-5,-1.25333333e-3,-0.102500,-394.527500,0,48.15
0.510000,0.809210,40,1000000,300000,15509,1.32555556e-3,5.16966667e-2,-0.176250,-2278.277500,1,58.71
0.450000,0.729320,40,1000000,300000,27560,2.35555556e-3,9.18666667e-2,-0.185000,-3656.105000,1,68.67
0.550000,0.903940,40,1000000,300000,19625,1.67735043e-3,6.54166667e-2,0.142500,-812.027500,1,54.31
0.650000,0.888120,40,1000000,300000,10387,8.87777778e-4,3.46233333e-2,-0.081250,-886.835000,1,48.44
0.830000,0.964940,40,1000000,300000,9087,7.76666667e-4,3.02900000e-2,0.062500,-111.490000,1,45.68
1.030000,0.925440,40,1000000,300000,-381,-3.25641026e-5,-1.27000000e-3,-0.047500,-434.020000,0,47.10
0.510000,0.811210,40,1000000,300000,16309,1.39393162e-3,5.43633333e-2,-0.343750,-2182.487500,1,59.64
0.550000,0.905940,40,1000000,300000,27093,2.31564103e-3,9.03100000e-2,-0.085000,-740.257500,1,54.40
0.830000,0.966940,40,1000000,300000,7307,6.24529915e-4,2.43566667e-2,0.000000,-99.687500,1,45.66
0.650000,0.890120,40,1000000,300000,9633,8.23333333e-4,3.21100000e-2,-0.093750,-905.925000,1,49.05
0.450000,0.731320,40,1000000,300000,39046,3.33726496e-3,1.30153333e-1,-0.020000,-3676.462500,1,68.30
1.030000,0.927440,40,1000000,300000,876,7.48717949e-5,2.92000000e-3,0.100000,-404.767500,1,48.21
0.830000,0.968940,40,1000000,300000,9006,7.69743590e-4,3.00200000e-2,0.005000,-102.752500,1,46.33
0.550000,0.907940,40,1000000,300000,22456,1.91931624e-3,7.48533333e-2,0.065000,-783.982500,1,53.78
0.650000,0.892120,40,1000000,300000,7263,6.20769231e-4,2.42100000e-2,0.008750,-909.885000,1,48.55
0.510000,0.813210,40,1000000,300000,18617,1.59119658e-3,6.20566667e-2,0.313750,-2186.370000,1,58.85
1.030000,0.929440,40,1000000,300000,686,5.86324786e-5,2.28666667e-3,-0.176250,-425.887500,1,47.89
0.450000,0.733320,40,1000000,300000,27513,2.35153846e-3,9.17100000e-2,0.167500,-3630.807500,1,67.36
0.830000,0.970940,40,1000000,300000,8831,7.54786325e-4,2.94366667e-2,-0.048750,-71.740000,1,41.83
0.650000,0.894120,40,1000000,300000,11818,1.01008547e-3,3.93933333e-2,-0.083750,-793.952500,1,42.79
0.550000,0.909940,40,1000000,300000,21486,1.83641026e-3,7.16200000e-2,-0.187500,-729.367500,1,47.57
0.510000,0.815210,40,1000000,300000,11030,9.42735043e-4,3.67666667e-2,-0.242500,-2152.247500,1,49.10
1.030000,0.931440,40,1000000,300000,1413,1.20769231e-4,4.71000000e-3,-0.100000,-338.375000,1,34.41
0.830000,0.972940,40,1000000,300000,8654,7.39658120e-4,2.88466667e-2,-0.017500,-78.537500,1,33.71
0.450000,0.735320,40,1000000,300000,18299,1.56401709e-3,6.09966667e-2,0.062500,-3575.215000,1,53.54
0.650000,0.896120,40,1000000,300000,10773,9.20769231e-4,3.59100000e-2,0.036250,-824.425000,1,39.28
0.550000,0.911940,40,1000000,300000,23760,2.03076923e-3,7.92000000e-2,-0.056250,-727.880000,1,47.06
0.510000,0.817210,40,1000000,300000,11179,9.55470085e-4,3.72633333e-2,0.191250,-2122.952500,1,54.39
1.030000,0.933440,40,1000000,300000,492,4.20512821e-5,1.64000000e-3,0.090000,-321.695000,1,47.07
0.830000,0.974940,40,1000000,300000,9072,7.75384615e-4,3.02400000e-2,-0.006250,-63.107500,1,45.87
0.650000,0.898120,40,1000000,300000,14225,1.21581197e-3,4.74166667e-2,-0.015000,-788.860000,1,49.05
0.450000,0.737320,40,1000000,300000,35993,3.07632479e-3,1.19976667e-1,-0.222500,-3521.855000,1,68.14
0.550000,0.913940,40,1000000,300000,28305,2.41923077e-3,9.43500000e-2,0.183750,-670.815000,1,54.13
1.030000,0.935440,40,1000000,300000,1490,1.27350427e-4,4.96666667e-3,-0.181250,-299.852500,1,47.76
0.830000,0.976940,40,1000000,300000,7694,6.57606838e-4,2.56466667e-2,0.011250,-55.447500,1,44.81
0.510000,0.819210,40,1000000,300000,17898,1.52974359e-3,5.96600000e-2,-0.105000,-2080.807500,1,58.16
0.650000,0.900120,40,1000000,300000,12745,1.08931624e-3,4.24833333e-2,-0.106250,-768.740000,1,47.65
0.550000,0.915940,40,1000000,300000,25385,2.16965812e-3,8.46166667e-2,-0.020000,-673.155000,1,52.65
1.030000,0.937440,40,1000000,300000,1881,1.60769231e-4,6.27000000e-3,0.173750,-295.205000,1,46.05
0.830000,0.978940,40,1000000,300000,8222,7.02735043e-4,2.74066667e-2,-0.161250,-53.030000,1,44.08
0.450000,0.739320,40,1000000,300000,36234,3.09692308e-3,1.20780000e-1,-0.066250,-3552.037500,1,65.78
0.510000,0.821210,40,1000000,300000,21922,1.87367521e-3,7.30733333e-2,0.030000,-1950.287500,1,54.60
0.650000,0.902120,40,1000000,300000,8085,6.91025641e-4,2.69500000e-2,0.206250,-695.250000,1,43.15
1.030000,0.939440,40,1000000,300000,602,5.14529915e-5,2.00666667e-3,0.046250,-304.242500,1,36.77
0.830000,0.980940,40,1000000,300000,8040,6.87179487e-4,2.68000000e-2,0.083750,-29.255000,1,31.26
0.550000,0.917940,40,1000000,300000,25075,2.14316239e-3,8.35833333e-2,0.011250,-636.860000,1,40.57
0.650000,0.904120,40,1000000,300000,11679,9.98205128e-4,3.89300000e-2,-0.156250,-681.090000,1,32.40
0.510000,0.823210,40,1000000,300000,21393,1.82846154e-3,7.13100000e-2,-0.170000,-2060.052500,1,39.40
0.450000,0.741320,40,1000000,300000,31491,2.69153846e-3,1.04970000e-1,-0.063750,-3507.015000,1,46.15
1.030000,0.941440,40,1000000,300000,1409,1.20427350e-4,4.69666667e-3,-0.400000,-291.235000,1,31.09
0.830000,0.982940,40,1000000,300000,6748,5.76752137e-4,2.24933333e-2,0.011250,-31.720000,1,28.77
0.550000,0.919940,40,1000000,300000,24093,2.05923077e-3,8.03100000e-2,0.027500,-627.665000,1,34.54
0.650000,0.906120,40,1000000,300000,14265,1.21923077e-3,4.75500000e-2,-0.071250,-692.305000,1,30.31
0.510000,0.825210,40,1000000,300000,12682,1.08393162e-3,4.22733333e-2,0.008750,-1963.415000,1,36.76
0.830000,0.984940,40,1000000,300000,8538,7.29743590e-4,2.84600000e-2,-0.017500,-25.930000,1,27.58
1.030000,0.943440,40,1000000,300000,1650,1.41025641e-4,5.50000000e-3,0.028750,-228.090000,1,30.32
0.450000,0.743320,40,1000000,300000,29017,2.48008547e-3,9.67233333e-2,0.011250,-3433.052500,1,43.32
0.550000,0.921940,40,1000000,300000,26536,2.26803419e-3,8.84533333e-2,-0.040000,-603.167500,1,34.57
0.650000,0.908120,40,1000000,300000,11775,1.00641026e-3,3.92500000e-2,-0.091250,-638.065000,1,30.70
0.830000,0.986940,40,1000000,300000,6767,5.78376068e-4,2.25566667e-2,-0.030000,-23.115000,1,28.18
1.030000,0.945440,40,1000000,300000,1629,1.39230769e-4,5.43000000e-3,0.233750,-239.352500,1,29.84
0.510000,0.827210,40,1000000,300000,16692,1.42666667e-3,5.56400000e-2,0.301250,-1995.415000,1,37.33
0.550000,0.923940,40,1000000,300000,20409,1.74435897e-3,6.80300000e-2,-0.067500,-594.377500,1,34.32
0.450000,0.745320,40,1000000,300000,34646,2.96119658e-3,1.15486667e-1,-0.188750,-3461.155000,1,43.66
0.650000,0.910120,40,1000000,300000,13347,1.14076923e-3,4.44900000e-2,0.007500,-684.625000,1,30.87
0.830000,0.988940,40,1000000,300000,8586,7.33846154e-4,2.86200000e-2,-0.096250,-19.450000,1,27.93
1.030000,0.947440,40,1000000,300000,729,6.23076923e-5,2.43000000e-3,-0.048750,-225.280000,1,30.18
0.510000,0.829210,40,1000000,300000,19437,1.66128205e-3,6.47900000e-2,0.045000,-1893.982500,1,37.09
0.650000,0.912120,40,1000000,300000,13331,1.13940171e-3,4.44366667e-2,0.022500,-629.247500,1,30.98
0.550000,0.925940,40,1000000,300000,24994,2.13623932e-3,8.33133333e-2,-0.022500,-567.330000,1,34.89
0.830000,0.990940,40,1000000,300000,5060,4.32478632e-4,1.68666667e-2,-0.007500,-11.565000,1,28.82
1.030000,0.949440,40,1000000,300000,2625,2.24358974e-4,8.75000000e-3,0.156250,-207.547500,1,31.32
0.450000,0.747320,40,1000000,300000,29998,2.56393162e-3,9.99933333e-2,-0.076250,-3332.687500,1,45.99
0.510000,0.831210,40,1000000,300000,23825,2.03632479e-3,7.94166667e-2,0.028750,-1899.070000,1,41.16
0.650000,0.914120,40,1000000,300000,17554,1.50034188e-3,5.85133333e-2,0.168750,-595.650000,1,34.37
0.830000,0.992940,40,1000000,300000,4740,4.05128205e-4,1.58000000e-2,-0.120000,-11.967500,1,31.61
0.550000,0.927940,40,1000000,300000,21585,1.84487179e-3,7.19500000e-2,0.031250,-531.390000,1,37.97
1.030000,0.951440,40,1000000,300000,1723,1.47264957e-4,5.74333333e-3,0.406250,-216.162500,1,33.21
0.450000,0.749320,40,1000000,300000,36779,3.14350427e-3,1.22596667e-1,0.192500,-3341.850000,1,46.97
0.830000,0.994940,40,1000000,300000,4137,3.53589744e-4,1.37900000e-2,-0.255000,-8.007500,1,29.60
0.650000,0.916120,40,1000000,300000,16745,1.43119658e-3,5.58166667e-2,-0.163750,-591.870000,1,32.33
0.510000,0.833210,40,1000000,300000,22955,1.96196581e-3,7.65166667e-2,-0.067500,-1891.842500,1,39.93
0.550000,0.929940,40,1000000,300000,28033,2.39598291e-3,9.34433333e-2,-0.016250,-520.877500,1,36.86
1.030000,0.953440,40,1000000,300000,1851,1.58205128e-4,6.17000000e-3,-0.050000,-153.967500,1,32.62
0.830000,0.996940,40,1000000,300000,-2399,-2.05042735e-4,-7.99666667e-3,-0.105000,-2.062500,0,30.07
0.650000,0.918120,40,1000000,300000,15699,1.34179487e-3,5.23300000e-2,0.003750,-561.165000,1,32.79
0.450000,0.751320,40,1000000,300000,43563,3.72333333e-3,1.45210000e-1,0.073750,-3237.617500,1,46.92
1.030000,0.955440,40,1000000,300000,1652,1.41196581e-4,5.50666667e-3,-0.270000,-151.995000,1,31.94
0.510000,0.835210,40,1000000,300000,25668,2.19384615e-3,8.55600000e-2,-0.190000,-1828.772500,1,38.80
0.550000,0.931940,40,1000000,300000,25414,2.17213675e-3,8.47133333e-2,0.006250,-501.610000,1,35.97
0.830000,0.998940,40,1000000,300000,-16347,-1.39717949e-3,-5.44900000e-2,-0.170000,-1.947500,0,26.84
0.650000,0.920120,40,1000000,300000,15789,1.34948718e-3,5.26300000e-2,-0.036250,-496.180000,1,32.41
1.030000,0.957440,40,1000000,300000,2564,2.19145299e-4,8.54666667e-3,-0.025000,-135.485000,1,31.19
0.550000,0.933940,40,1000000,300000,20324,1.73709402e-3,6.77466667e-2,0.102500,-474.940000,1,36.26
0.830000,1.000000,40,1000000,300000,-27840,-2.37948718e-3,-9.28000000e-2,-0.033750,-1.935000,0,27.95
0.510000,0.837210,40,1000000,300000,15024,1.28410256e-3,5.00800000e-2,-0.337500,-1830.862500,1,38.48
0.450000,0.753320,40,1000000,300000,36852,3.14974359e-3,1.22840000e-1,0.101250,-3226.375000,1,45.27
0.650000,0.922120,40,1000000,300000,16164,1.38153846e-3,5.38800000e-2,0.142500,-484.992500,1,30.17
1.030000,0.959440,40,1000000,300000,2529,2.16153846e-4,8.43000000e-3,0.183750,-149.450000,1,28.94
0.850000,0.847430,40,1000000,300000,144,1.23076923e-5,4.80000000e-4,0.243750,-1510.545000,1,32.46
0.550000,0.935940,40,1000000,300000,22092,1.88820513e-3,7.36400000e-2,-0.093750,-462.815000,1,33.72
0.510000,0.839210,40,1000000,300000,18075,1.54487179e-3,6.02500000e-2,0.238750,-1803.890000,1,37.08
0.650000,0.924120,40,1000000,300000,16626,1.42102564e-3,5.54200000e-2,0.083750,-475.307500,1,30.12
0.450000,0.755320,40,1000000,300000,45720,3.90769231e-3,1.52400000e-1,0.026250,-3239.382500,1,43.92
1.030000,0.961440,40,1000000,300000,2056,1.75726496e-4,6.85333333e-3,0.081250,-154.577500,1,29.51
0.850000,0.849430,40,1000000,300000,1395,1.19230769e-4,4.65000000e-3,0.201250,-1426.752500,1,33.35
0.550000,0.937940,40,1000000,300000,20682,1.76769231e-3,6.89400000e-2,-0.160000,-430.625000,1,36.71
0.650000,0.926120,40,1000000,300000,15416,1.31760684e-3,5.13866667e-2,-0.083750,-463.860000,1,33.38
0.510000,0.841210,40,1000000,300000,18094,1.54649573e-3,6.03133333e-2,0.076250,-1755.480000,1,39.96
1.030000,0.963440,40,1000000,300000,2173,1.85726496e-4,7.24333333e-3,0.000000,-117.410000,1,33.12
0.450000,0.757320,40,1000000,300000,38171,3.26247863e-3,1.27236667e-1,0.143750,-3153.215000,1,47.18
0.850000,0.851430,40,1000000,300000,259,2.21367521e-5,8.63333333e-4,0.088750,-1381.735000,1,33.03
0.550000,0.939940,40,1000000,300000,18915,1.61666667e-3,6.30500000e-2,0.176250,-411.345000,1,35.46
0.650000,0.928120,40,1000000,300000,17232,1.47282051e-3,5.74400000e-2,0.041250,-459.082500,1,30.80
1.030000,0.965440,40,1000000,300000,3428,2.92991453e-4,1.14266667e-2,0.080000,-101.810000,1,29.85
0.510000,0.843210,40,1000000,300000,25162,2.15059829e-3,8.38733333e-2,0.132500,-1676.247500,1,38.19
0.850000,0.853430,40,1000000,300000,2542,2.17264957e-4,8.47333333e-3,-0.486250,-1377.635000,1,32.23
0.650000,0.930120,40,1000000,300000,18076,1.54495726e-3,6.02533333e-2,-0.180000,-435.275000,1,31.28
0.450000,0.759320,40,1000000,300000,34549,2.95290598e-3,1.15163333e-1,-0.153750,-3183.465000,1,43.98
0.550000,0.941940,40,1000000,300000,22068,1.88615385e-3,7.35600000e-2,-0.078750,-401.950000,1,35.33
1.030000,0.967440,40,1000000,300000,2417,2.06581197e-4,8.05666667e-3,-0.120000,-112.402500,1,28.95
0.510000,0.845210,40,1000000,300000,25228,2.15623932e-3,8.40933333e-2,0.125000,-1697.390000,1,36.72
0.850000,0.855430,40,1000000,300000,1500,1.28205128e-4,5.00000000e-3,-0.071250,-1266.762500,1,30.88
0.650000,0.932120,40,1000000,300000,16019,1.36914530e-3,5.33966667e-2,0.142500,-390.582500,1,30.10
0.450000,1.000000,40,1000000,300000,-592908,-5.06758974e-2,-1.97636000e0,0.000000,-2.422500,0,30.26
1.030000,0.969440,40,1000000,300000,2663,2.27606838e-4,8.87666667e-3,0.023750,-81.822500,1,29.22
0.550000,0.943940,40,1000000,300000,18988,1.62290598e-3,6.32933333e-2,0.110000,-379.322500,1,33.95
0.510000,0.847210,40,1000000,300000,18770,1.60427350e-3,6.25666667e-2,-0.007500,-1601.570000,1,36.03
0.850000,0.857430,40,1000000,300000,-330,-2.82051282e-5,-1.10000000e-3,0.181250,-1240.400000,0,31.11
0.650000,0.934120,40,1000000,300000,14074,1.20290598e-3,4.69133333e-2,0.095000,-413.460000,1,29.43
1.030000,0.971440,40,1000000,300000,3719,3.17863248e-4,1.23966667e-2,-0.068750,-62.205000,1,28.43
0.550000,0.945940,40,1000000,300000,27738,2.37076923e-3,9.24600000e-2,-0.152500,-375.475000,1,34.07
0.470000,0.701960,40,1000000,300000,-3177,-2.71538462e-4,-1.05900000e-2,0.227500,-4258.270000,0,41.51
0.850000,0.859430,40,1000000,300000,1982,1.69401709e-4,6.60666667e-3,-0.057500,-1224.767500,1,31.81
0.510000,0.849210,40,1000000,300000,29300,2.50427350e-3,9.76666667e-2,0.162500,-1643.845000,1,37.41
0.650000,0.936120,40,1000000,300000,17347,1.48264957e-3,5.78233333e-2,0.057500,-392.407500,1,30.36
1.030000,0.973440,40,1000000,300000,2034,1.73846154e-4,6.78000000e-3,-0.057500,-87.595000,1,29.30
0.550000,0.947940,40,1000000,300000,18701,1.59837607e-3,6.23366667e-2,0.105000,-351.347500,1,35.36
0.470000,0.703960,40,1000000,300000,10442,8.92478632e-4,3.48066667e-2,-0.206250,-4084.935000,1,46.58
0.850000,0.861430,40,1000000,300000,2165,1.85042735e-4,7.21666667e-3,-0.366250,-1124.675000,1,36.21
1.030000,0.975440,40,1000000,300000,2891,2.47094017e-4,9.63666667e-3,-0.057500,-56.750000,1,33.57
0.650000,0.938120,40,1000000,300000,16071,1.37358974e-3,5.35700000e-2,0.246250,-374.285000,1,34.84
0.510000,0.851210,40,1000000,300000,34390,2.93931624e-3,1.14633333e-1,-0.128750,-1564.880000,1,41.66
0.550000,0.949940,40,1000000,300000,19787,1.69119658e-3,6.59566667e-2,0.137500,-329.635000,1,40.99
1.030000,0.977440,40,1000000,300000,2018,1.72478632e-4,6.72666667e-3,-0.075000,-31.747500,1,32.09
0.850000,0.863430,40,1000000,300000,140,1.19658120e-5,4.66666667e-4,-0.090000,-1200.500000,1,34.26
0.650000,0.940120,40,1000000,300000,17665,1.50982906e-3,5.88833333e-2,0.180000,-354.115000,1,33.36
0.470000,0.705960,40,1000000,300000,12989,1.11017094e-3,4.32966667e-2,-0.158750,-4103.585000,1,45.20
0.510000,0.853210,40,1000000,300000,24410,2.08632479e-3,8.13666667e-2,0.100000,-1562.745000,1,39.14
0.550000,0.951940,40,1000000,300000,12974,1.10888889e-3,4.32466667e-2,-0.122500,-287.422500,1,34.46
1.030000,0.979440,40,1000000,300000,3091,2.64188034e-4,1.03033333e-2,0.020000,-38.130000,1,28.53
0.850000,0.865430,40,1000000,300000,-650,-5.55555556e-5,-2.16666667e-3,0.067500,-1154.630000,0,30.63
0.650000,0.942120,40,1000000,300000,18983,1.62247863e-3,6.32766667e-2,0.073750,-316.937500,1,29.70
0.510000,0.855210,40,1000000,300000,24415,2.08675214e-3,8.13833333e-2,0.240000,-1526.927500,1,37.01
0.470000,0.707960,40,1000000,300000,6345,5.42307692e-4,2.11500000e-2,0.261250,-4028.092500,1,42.00
1.030000,0.981440,40,1000000,300000,2195,1.87606838e-4,7.31666667e-3,-0.107500,-20.312500,1,31.16
0.550000,0.953940,40,1000000,300000,16159,1.38111111e-3,5.38633333e-2,0.108750,-269.507500,1,35.76
0.650000,0.944120,40,1000000,300000,17028,1.45538462e-3,5.67600000e-2,-0.018750,-337.192500,1,32.59
0.850000,0.867430,40,1000000,300000,10,8.54700855e-7,3.33333333e-5,0.092500,-1186.130000,1,34.10
0.510000,0.857210,40,1000000,300000,21391,1.82829060e-3,7.13033333e-2,0.011250,-1491.577500,1,38.67
1.030000,0.983440,40,1000000,300000,2613,2.23333333e-4,8.71000000e-3,-0.017500,-32.975000,1,29.91
0.470000,0.709960,40,1000000,300000,9675,8.26923077e-4,3.22500000e-2,0.073750,-4002.160000,1,43.20
0.650000,0.946120,40,1000000,300000,18043,1.54213675e-3,6.01433333e-2,-0.005000,-299.930000,1,29.92
0.550000,0.955940,40,1000000,300000,9418,8.04957265e-4,3.13933333e-2,-0.033750,-264.127500,1,35.07
0.850000,0.869430,40,1000000,300000,966,8.25641026e-5,3.22000000e-3,-0.168750,-1073.807500,1,31.30
1.030000,0.985440,40,1000000,300000,2956,2.52649573e-4,9.85333333e-3,0.001250,-20.235000,1,30.13
0.650000,0.948120,40,1000000,300000,15183,1.29769231e-3,5.06100000e-2,0.040000,-265.762500,1,31.62
0.510000,0.859210,40,1000000,300000,33143,2.83273504e-3,1.10476667e-1,-0.173750,-1431.317500,1,38.77
0.850000,0.871430,40,1000000,300000,-109,-9.31623932e-6,-3.63333333e-4,0.081250,-1042.542500,0,32.96
0.550000,0.957940,40,1000000,300000,16809,1.43666667e-3,5.60300000e-2,-0.081250,-251.797500,1,36.25
0.470000,0.711960,40,1000000,300000,7230,6.17948718e-4,2.41000000e-2,0.090000,-4056.307500,1,43.04
1.030000,0.987440,40,1000000,300000,2890,2.47008547e-4,9.63333333e-3,-0.050000,-11.925000,1,31.99
0.650000,0.950120,40,1000000,300000,15783,1.34897436e-3,5.26100000e-2,-0.082500,-261.472500,1,33.47
0.850000,0.873430,40,1000000,300000,-1464,-1.25128205e-4,-4.88000000e-3,-0.037500,-979.805000,0,35.09
0.510000,0.861210,40,1000000,300000,24281,2.07529915e-3,8.09366667e-2,-0.141250,-1447.492500,1,40.76
0.550000,0.959940,40,1000000,300000,15940,1.36239316e-3,5.31333333e-2,0.090000,-217.707500,1,38.73
0.470000,0.713960,40,1000000,300000,9676,8.27008547e-4,3.22533333e-2,0.175000,-3911.287500,1,49.33
1.030000,0.989440,40,1000000,300000,2182,1.86495726e-4,7.27333333e-3,-0.023750,-11.567500,1,34.68
0.650000,0.952120,40,1000000,300000,20803,1.77803419e-3,6.93433333e-2,-0.005000,-236.200000,1,36.18
0.850000,0.875430,40,1000000,300000,984,8.41025641e-5,3.28000000e-3,0.138750,-947.695000,1,39.54
0.550000,0.961940,40,1000000,300000,17540,1.49914530e-3,5.84666667e-2,0.191250,-202.125000,1,40.26
0.510000,0.863210,40,1000000,300000,28454,2.43196581e-3,9.48466667e-2,-0.012500,-1386.802500,1,42.64
1.030000,0.991440,40,1000000,300000,1508,1.28888889e-4,5.02666667e-3,-0.065000,-7.157500,1,31.13
0.650000,0.954120,40,1000000,300000,16949,1.44863248e-3,5.64966667e-2,0.002500,-214.867500,1,33.58
0.470000,0.715960,40,1000000,300000,7165,6.12393162e-4,2.38833333e-2,0.076250,-3844.845000,1,46.21
0.850000,0.877430,40,1000000,300000,3462,2.95897436e-4,1.15400000e-2,-0.040000,-998.785000,1,35.38
0.550000,0.963940,40,1000000,300000,42945,3.67051282e-3,1.43150000e-1,-0.742500,-145.235000,1,34.69
1.030000,0.993440,40,1000000,300000,1749,1.49487179e-4,5.83000000e-3,0.057500,-5.050000,1,32.51
0.510000,0.865210,40,1000000,300000,24308,2.07760684e-3,8.10266667e-2,0.010000,-1393.870000,1,41.06
0.650000,0.956120,40,1000000,300000,16174,1.38239316e-3,5.39133333e-2,-0.113750,-226.070000,1,33.82
0.850000,0.879430,40,1000000,300000,-534,-4.56410256e-5,-1.78000000e-3,0.162500,-951.415000,0,35.27
0.550000,1.000000,40,1000000,300000,-270718,-2.31382906e-2,-9.02393333e-1,0.022500,-2.000000,0,30.47
0.470000,0.717960,40,1000000,300000,8860,7.57264957e-4,2.95333333e-2,0.035000,-3863.952500,1,45.43
1.030000,0.995440,40,1000000,300000,1752,1.49743590e-4,5.84000000e-3,-0.066250,-3.300000,1,31.01
0.510000,0.867210,40,1000000,300000,33881,2.89581197e-3,1.12936667e-1,0.158750,-1335.990000,1,40.75
0.650000,0.958120,40,1000000,300000,15599,1.33324786e-3,5.19966667e-2,0.061250,-216.960000,1,32.91
0.850000,0.881430,40,1000000,300000,-576,-4.92307692e-5,-1.92000000e-3,-0.141250,-1008.777500,0,34.09
1.030000,0.997440,40,1000000,300000,1839,1.57179487e-4,6.13000000e-3,0.052500,-2.857500,1,29.79
0.570000,0.813430,40,1000000,300000,399,3.41025641e-5,1.33000000e-3,0.520000,-2061.327500,1,36.64
0.470000,0.719960,40,1000000,300000,6837,5.84358974e-4,2.27900000e-2,0.001250,-3815.102500,1,46.33
0.650000,0.960120,40,1000000,300000,17188,1.46905983e-3,5.72933333e-2,-0.136250,-189.932500,1,34.97
0.510000,0.869210,40,1000000,300000,29936,2.55863248e-3,9.97866667e-2,0.052500,-1280.717500,1,41.97
1.030000,0.999440,40,1000000,300000,432,3.69230769e-5,1.44000000e-3,-0.433750,-1.930000,1,28.03
0.850000,0.883430,40,1000000,300000,1129,9.64957265e-5,3.76333333e-3,-0.131250,-931.327500,1,35.27
0.570000,0.815430,40,1000000,300000,-4605,-3.93589744e-4,-1.53500000e-2,-0.360000,-2122.327500,0,37.15
0.650000,0.962120,40,1000000,300000,13755,1.17564103e-3,4.58500000e-2,0.025000,-180.587500,1,32.34
1.030000,1.000000,40,1000000,300000,-5515,-4.71367521e-4,-1.83833333e-2,-0.045000,-1.942500,0,25.42
0.470000,0.721960,40,1000000,300000,8903,7.60940171e-4,2.96766667e-2,-0.005000,-3901.722500,1,45.62
0.510000,0.871210,40,1000000,300000,25831,2.20777778e-3,8.61033333e-2,-0.182500,-1300.062500,1,38.62
0.850000,0.885430,40,1000000,300000,-1256,-1.07350427e-4,-4.18666667e-3,0.098750,-832.600000,0,32.97
0.570000,0.817430,40,1000000,300000,-8069,-6.89658120e-4,-2.68966667e-2,-0.232500,-2062.247500,0,34.31
0.650000,0.964120,40,1000000,300000,13719,1.17256410e-3,4.57300000e-2,-0.005000,-174.160000,1,30.86
1.050000,0.849520,40,1000000,300000,1868,1.59658120e-4,6.22666667e-3,-0.235000,-1434.672500,1,30.85
0.850000,0.887430,40,1000000,300000,-419,-3.58119658e-5,-1.39666667e-3,-0.597500,-846.382500,0,30.38
0.510000,0.873210,40,1000000,300000,26874,2.29692308e-3,8.95800000e-2,0.170000,-1322.460000,1,35.92
0.470000,0.723960,40,1000000,300000,5466,4.67179487e-4,1.82200000e-2,0.156250,-3758.612500,1,40.96
0.570000,0.819430,40,1000000,300000,1174,1.00341880e-4,3.91333333e-3,-0.275000,-2054.492500,1,33.33
0.650000,0.966120,40,1000000,300000,12752,1.08991453e-3,4.25066667e-2,-0.131250,-154.217500,1,30.20
1.050000,0.851520,40,1000000,300000,3225,2.75641026e-4,1.07500000e-2,-0.042500,-1286.215000,1,31.00
0.850000,0.889430,40,1000000,300000,-757,-6.47008547e-5,-2.52333333e-3,-0.198750,-833.252500,0,31.83
0.510000,0.875210,40,1000000,300000,27727,2.36982906e-3,9.24233333e-2,-0.088750,-1206.640000,1,38.14
0.570000,0.821430,40,1000000,300000,3216,2.74871795e-4,1.07200000e-2,-0.491250,-1979.880000,1,35.59
0.470000,0.725960,40,1000000,300000,11192,9.56581197e-4,3.73066667e-2,-0.092500,-3667.720000,1,43.45
0.650000,0.968120,40,1000000,300000,8757,7.48461538e-4,2.91900000e-2,0.032500,-144.387500,1,32.50
1.050000,0.853520,40,1000000,300000,2035,1.73931624e-4,6.78333333e-3,-0.186250,-1386.070000,1,31.78
0.850000,0.891430,40,1000000,300000,-809,-6.91452991e-5,-2.69666667e-3,-0.025000,-848.205000,0,33.16
0.510000,0.877210,40,1000000,300000,26970,2.30512821e-3,8.99000000e-2,-0.150000,-1184.165000,1,37.84
0.570000,0.823430,40,1000000,300000,7571,6.47094017e-4,2.52366667e-2,-0.368750,-1923.982500,1,34.11
0.650000,0.970120,40,1000000,300000,13214,1.12940171e-3,4.40466667e-2,-0.002500,-129.242500,1,31.67
1.050000,0.855520,40,1000000,300000,1979,1.69145299e-4,6.59666667e-3,0.007500,-1261.695000,1,31.21
0.470000,0.727960,40,1000000,300000,14831,1.26760684e-3,4.94366667e-2,0.035000,-3705.802500,1,42.07
0.850000,0.893430,40,1000000,300000,413,3.52991453e-5,1.37666667e-3,-0.152500,-822.287500,1,31.72
0.650000,0.972120,40,1000000,300000,8927,7.62991453e-4,2.97566667e-2,0.060000,-122.412500,1,30.77
1.050000,0.857520,40,1000000,300000,343,2.93162393e-5,1.14333333e-3,-0.241250,-1289.520000,1,30.73
0.570000,0.825430,40,1000000,300000,2659,2.27264957e-4,8.86333333e-3,-0.431250,-1854.117500,1,33.46
0.510000,0.879210,40,1000000,300000,25541,2.18299145e-3,8.51366667e-2,0.147500,-1215.035000,1,37.01
0.850000,0.895430,40,1000000,300000,1480,1.26495726e-4,4.93333333e-3,-0.015000,-793.000000,1,31.23
0.470000,0.729960,40,1000000,300000,17684,1.51145299e-3,5.89466667e-2,0.121250,-3663.040000,1,41.83
0.650000,0.974120,40,1000000,300000,13506,1.15435897e-3,4.50200000e-2,0.132500,-96.995000,1,29.40
1.050000,0.859520,40,1000000,300000,671,5.73504274e-5,2.23666667e-3,0.121250,-1272.567500,1,29.38
0.570000,0.827430,40,1000000,300000,1724,1.47350427e-4,5.74666667e-3,-0.383750,-1895.365000,1,31.92
0.510000,0.881210,40,1000000,300000,38327,3.27581197e-3,1.27756667e-1,0.147500,-1187.797500,1,35.51
0.850000,0.897430,40,1000000,300000,951,8.12820513e-5,3.17000000e-3,-0.728750,-744.605000,1,28.54
0.470000,0.731960,40,1000000,300000,12006,1.02615385e-3,4.00200000e-2,0.175000,-3639.207500,1,39.88
0.650000,0.976120,40,1000000,300000,8565,7.32051282e-4,2.85500000e-2,-0.057500,-103.807500,1,29.53
1.050000,0.861520,40,1000000,300000,1351,1.15470085e-4,4.50333333e-3,0.053750,-1307.460000,1,29.74
0.570000,0.829430,40,1000000,300000,4956,4.23589744e-4,1.65200000e-2,-0.378750,-1858.522500,1,32.10
0.510000,0.883210,40,1000000,300000,25686,2.19538462e-3,8.56200000e-2,0.060000,-1127.047500,1,34.94
0.850000,0.899430,40,1000000,300000,956,8.17094017e-5,3.18666667e-3,0.263750,-683.770000,1,28.88
0.650000,0.978120,40,1000000,300000,6353,5.42991453e-4,2.11766667e-2,0.042500,-96.520000,1,29.42
1.050000,0.863520,40,1000000,300000,2184,1.86666667e-4,7.28000000e-3,0.086250,-1188.132500,1,29.71
0.570000,0.831430,40,1000000,300000,1679,1.43504274e-4,5.59666667e-3,0.012500,-1832.720000,1,31.94
0.470000,0.733960,40,1000000,300000,25442,2.17452991e-3,8.48066667e-2,-0.027500,-3632.887500,1,39.95
0.850000,0.901430,40,1000000,300000,2416,2.06495726e-4,8.05333333e-3,-0.015000,-652.632500,1,28.20
0.510000,0.885210,40,1000000,300000,28160,2.40683761e-3,9.38666667e-2,-0.021250,-1117.427500,1,35.73
0.650000,0.980120,40,1000000,300000,5737,4.90341880e-4,1.91233333e-2,0.171250,-76.260000,1,29.61
1.050000,0.865520,40,1000000,300000,1780,1.52136752e-4,5.93333333e-3,0.035000,-1260.567500,1,29.75
0.570000,0.833430,40,1000000,300000,1361,1.16324786e-4,4.53666667e-3,-0.040000,-1794.142500,1,32.55
0.850000,0.903430,40,1000000,300000,2274,1.94358974e-4,7.58000000e-3,0.455000,-658.550000,1,31.34
0.470000,0.735960,40,1000000,300000,16102,1.37623932e-3,5.36733333e-2,-0.282500,-3584.605000,1,41.20
0.510000,0.887210,40,1000000,300000,30384,2.59692308e-3,1.01280000e-1,0.150000,-1061.710000,1,37.32
0.650000,0.982120,40,1000000,300000,7006,5.98803419e-4,2.33533333e-2,-0.048750,-60.190000,1,31.59
1.050000,0.867520,40,1000000,300000,-71,-6.06837607e-6,-2.36666667e-4,0.086250,-1151.275000,0,31.42
0.570000,0.835430,40,1000000,300000,3270,2.79487179e-4,1.09000000e-2,-0.510000,-1759.610000,1,33.87
0.850000,0.905430,40,1000000,300000,169,1.44444444e-5,5.63333333e-4,-0.405000,-624.535000,1,31.29
0.650000,0.984120,40,1000000,300000,17525,1.49786325e-3,5.84166667e-2,0.870000,-39.085000,1,26.41
1.050000,0.869520,40,1000000,300000,1245,1.06410256e-4,4.15000000e-3,-0.116250,-1083.922500,1,29.75
0.470000,0.737960,40,1000000,300000,15462,1.32153846e-3,5.15400000e-2,-0.202500,-3460.247500,1,42.33
0.510000,0.889210,40,1000000,300000,33096,2.82871795e-3,1.10320000e-1,-0.025000,-1038.785000,1,37.33
0.850000,0.907430,40,1000000,300000,2796,2.38974359e-4,9.32000000e-3,-0.028750,-687.422500,1,33.17
0.570000,0.837430,40,1000000,300000,1515,1.29487179e-4,5.05000000e-3,-0.126250,-1774.070000,1,34.58
0.650000,0.986120,40,1000000,300000,21455,1.83376068e-3,7.15166667e-2,-0.803750,-25.442500,1,30.62
1.050000,0.871520,40,1000000,300000,650,5.55555556e-5,2.16666667e-3,-0.051250,-1100.847500,1,31.84
0.510000,0.891210,40,1000000,300000,28805,2.46196581e-3,9.60166667e-2,-0.133750,-998.322500,1,39.04
0.470000,0.739960,40,1000000,300000,14310,1.22307692e-3,4.77000000e-2,-0.076250,-3467.035000,1,42.89
0.850000,0.909430,40,1000000,300000,853,7.29059829e-5,2.84333333e-3,-0.037500,-634.900000,1,28.81
0.570000,0.839430,40,1000000,300000,-790,-6.75213675e-5,-2.63333333e-3,0.248750,-1687.585000,0,35.05
0.650000,0.988120,40,1000000,300000,-4440,-3.79487179e-4,-1.48000000e-2,0.800000,-21.077500,0,27.91
1.050000,0.873520,40,1000000,300000,844,7.21367521e-5,2.81333333e-3,0.125000,-1065.232500,1,31.95
0.850000,0.911430,40,1000000,300000,3550,3.03418803e-4,1.18333333e-2,-0.141250,-547.567500,1,30.86
0.510000,0.893210,40,1000000,300000,29761,2.54367521e-3,9.92033333e-2,-0.031250,-974.565000,1,38.70
0.650000,0.990120,40,1000000,300000,-17126,-1.46376068e-3,-5.70866667e-2,-0.388750,-16.882500,0,27.89
0.570000,0.841430,40,1000000,300000,7828,6.69059829e-4,2.60933333e-2,0.103750,-1606.235000,1,34.03
0.470000,0.741960,40,1000000,300000,8989,7.68290598e-4,2.99633333e-2,0.152500,-3395.795000,1,43.42
1.050000,0.875520,40,1000000,300000,1758,1.50256410e-4,5.86000000e-3,-0.118750,-1056.910000,1,31.47
0.850000,0.913430,40,1000000,300000,1298,1.10940171e-4,4.32666667e-3,0.480000,-537.407500,1,29.39
0.650000,0.992120,40,1000000,300000,-56721,-4.84794872e-3,-1.89070000e-1,0.140000,-9.220000,0,26.72
0.510000,0.895210,40,1000000,300000,33189,2.83666667e-3,1.10630000e-1,-0.128750,-968.327500,1,37.46
0.570000,0.843430,40,1000000,300000,1706,1.45811966e-4,5.68666667e-3,0.371250,-1573.700000,1,34.30
1.050000,0.877520,40,1000000,300000,1005,8.58974359e-5,3.35000000e-3,-0.133750,-887.845000,1,31.15
0.470000,0.743960,40,1000000,300000,11580,9.89743590e-4,3.86000000e-2,-0.097500,-3227.370000,1,42.82
0.650000,0.994120,40,1000000,300000,-51324,-4.38666667e-3,-1.71080000e-1,0.032500,-6.265000,0,28.46
0.850000,0.915430,40,1000000,300000,2938,2.51111111e-4,9.79333333e-3,-0.131250,-527.397500,1,31.41
0.570000,0.845430,40,1000000,300000,10311,8.81282051e-4,3.43700000e-2,0.172500,-1580.925000,1,35.19
0.510000,0.897210,40,1000000,300000,27368,2.33914530e-3,9.12266667e-2,0.031250,-912.670000,1,39.37
1.050000,0.879520,40,1000000,300000,175,1.49572650e-5,5.83333333e-4,-0.172500,-994.785000,1,31.76
0.650000,1.000000,40,1000000,300000,-120349,-1.02862393e-2,-4.01163333e-1,0.010000,-1.945000,0,26.76
0.850000,0.917430,40,1000000,300000,3882,3.31794872e-4,1.29400000e-2,-0.332500,-530.217500,1,29.43
0.470000,0.745960,40,1000000,300000,16684,1.42598291e-3,5.56133333e-2,-0.041250,-3362.790000,1,42.97
1.050000,0.881520,40,1000000,300000,767,6.55555556e-5,2.55666667e-3,-0.005000,-1018.575000,1,29.97
0.570000,0.847430,40,1000000,300000,9655,8.25213675e-4,3.21833333e-2,-0.123750,-1563.285000,1,33.10
0.670000,0.836930,40,1000000,300000,-1833,-1.56666667e-4,-6.11000000e-3,0.620000,-1585.570000,0,29.64
0.510000,0.899210,40,1000000,300000,22241,1.90094017e-3,7.41366667e-2,-0.013750,-873.102500,1,36.68
0.850000,0.919430,40,1000000,300000,2496,2.13333333e-4,8.32000000e-3,-0.328750,-438.767500,1,27.79
0.470000,0.747960,40,1000000,300000,13342,1.14034188e-3,4.44733333e-2,-0.015000,-3426.277500,1,39.57
1.050000,0.883520,40,1000000,300000,1476,1.26153846e-4,4.92000000e-3,0.015000,-855.500000,1,30.42
0.570000,0.849430,40,1000000,300000,10088,8.62222222e-4,3.36266667e-2,-0.455000,-1555.710000,1,34.77
0.850000,0.921430,40,1000000,300000,3149,2.69145299e-4,1.04966667e-2,-0.196250,-496.227500,1,30.64
0.670000,0.838930,40,1000000,300000,-4065,-3.47435897e-4,-1.35500000e-2,0.622500,-1572.495000,0,32.60
0.510000,0.901210,40,1000000,300000,34210,2.92393162e-3,1.14033333e-1,-0.032500,-883.812500,1,38.94
1.050000,0.885520,40,1000000,300000,614,5.24786325e-5,2.04666667e-3,0.000000,-895.237500,1,33.49
0.850000,0.923430,40,1000000,300000,3223,2.75470085e-4,1.07433333e-2,-0.080000,-436.237500,1,30.96
0.470000,0.749960,40,1000000,300000,17883,1.52846154e-3,5.96100000e-2,0.076250,-3280.647500,1,44.49
0.670000,0.840930,40,1000000,300000,-8029,-6.86239316e-4,-2.67633333e-2,-0.571250,-1678.237500,0,32.86
0.570000,0.851430,40,1000000,300000,7441,6.35982906e-4,2.48033333e-2,-0.001250,-1565.665000,1,35.31
0.510000,0.903210,40,1000000,300000,26327,2.25017094e-3,8.77566667e-2,0.116250,-864.657500,1,38.01
1.050000,0.887520,40,1000000,300000,261,2.23076923e-5,8.70000000e-4,0.192500,-873.360000,1,29.90
0.850000,0.925430,40,1000000,300000,2668,2.28034188e-4,8.89333333e-3,0.105000,-418.382500,1,28.63
0.670000,0.842930,40,1000000,300000,-3025,-2.58547009e-4,-1.00833333e-2,-0.585000,-1632.402500,0,31.52
0.570000,0.853430,40,1000000,300000,5174,4.42222222e-4,1.72466667e-2,0.008750,-1449.992500,1,33.36
0.470000,0.751960,40,1000000,300000,8142,6.95897436e-4,2.71400000e-2,0.022500,-3303.780000,1,41.86
0.510000,0.905210,40,1000000,300000,28136,2.40478632e-3,9.37866667e-2,0.098750,-825.335000,1,40.40
1.050000,0.889520,40,1000000,300000,-172,-1.47008547e-5,-5.73333333e-4,-0.025000,-858.677500,0,34.57
0.850000,0.927430,40,1000000,300000,4378,3.74188034e-4,1.45933333e-2,0.100000,-434.757500,1,33.80
0.670000,0.844930,40,1000000,300000,-4476,-3.82564103e-4,-1.49200000e-2,0.701250,-1532.932500,0,37.14
0.570000,0.855430,40,1000000,300000,11107,9.49316239e-4,3.70233333e-2,-0.082500,-1372.632500,1,38.64
0.470000,0.753960,40,1000000,300000,11331,9.68461538e-4,3.77700000e-2,-0.052500,-3269.837500,1,45.85
1.050000,0.891520,40,1000000,300000,815,6.96581197e-5,2.71666667e-3,-0.128750,-847.487500,1,31.91
0.850000,0.929430,40,1000000,300000,6207,5.30512821e-4,2.06900000e-2,-0.051250,-409.815000,1,29.86
0.510000,0.907210,40,1000000,300000,30927,2.64333333e-3,1.03090000e-1,0.011250,-812.307500,1,39.65
0.670000,0.846930,40,1000000,300000,-5191,-4.43675214e-4,-1.73033333e-2,0.558750,-1467.052500,0,32.38
0.570000,0.857430,40,1000000,300000,7639,6.52905983e-4,2.54633333e-2,-0.001250,-1415.715000,1,33.87
0.850000,0.931430,40,1000000,300000,3865,3.30341880e-4,1.28833333e-2,-0.223750,-377.350000,1,28.77
1.050000,0.893520,40,1000000,300000,-111,-9.48717949e-6,-3.70000000e-4,0.060000,-719.802500,0,30.77
0.470000,0.755960,40,1000000,300000,14165,1.21068376e-3,4.72166667e-2,-0.110000,-3206.152500,1,41.95
0.510000,0.909210,40,1000000,300000,23910,2.04358974e-3,7.97000000e-2,0.243750,-808.677500,1,37.67
0.670000,0.848930,40,1000000,300000,-5154,-4.40512821e-4,-1.71800000e-2,-0.630000,-1486.175000,0,31.31
0.570000,0.859430,40,1000000,300000,6035,5.15811966e-4,2.01166667e-2,0.045000,-1356.875000,1,34.30
0.850000,0.933430,40,1000000,300000,4692,4.01025641e-4,1.56400000e-2,-0.107500,-386.802500,1,29.93
1.050000,0.895520,40,1000000,300000,349,2.98290598e-5,1.16333333e-3,0.021250,-772.062500,1,31.91
0.670000,0.850930,40,1000000,300000,-1884,-1.61025641e-4,-6.28000000e-3,-0.558750,-1396.535000,0,33.73
0.510000,0.911210,40,1000000,300000,30447,2.60230769e-3,1.01490000e-1,-0.210000,-745.735000,1,40.03
0.470000,0.757960,40,1000000,300000,19932,1.70358974e-3,6.64400000e-2,-0.041250,-3145.955000,1,43.89
0.570000,0.861430,40,1000000,300000,11649,9.95641026e-4,3.88300000e-2,-0.167500,-1435.317500,1,36.77
0.850000,0.935430,40,1000000,300000,7323,6.25897436e-4,2.44100000e-2,-0.007500,-294.580000,1,31.71
1.050000,0.897520,40,1000000,300000,503,4.29914530e-5,1.67666667e-3,-0.091250,-751.627500,1,32.98
0.670000,0.852930,40,1000000,300000,-3577,-3.05726496e-4,-1.19233333e-2,0.087500,-1355.170000,0,33.23
0.510000,0.913210,40,1000000,300000,21343,1.82418803e-3,7.11433333e-2,-0.038750,-710.905000,1,39.16
0.850000,0.937430,40,1000000,300000,7373,6.30170940e-4,2.45766667e-2,-0.070000,-297.582500,1,30.46
0.570000,0.863430,40,1000000,300000,12732,1.08820513e-3,4.24400000e-2,-0.326250,-1365.580000,1,36.32
0.470000,0.759960,40,1000000,300000,23576,2.01504274e-3,7.85866667e-2,0.226250,-3081.980000,1,44.18
1.050000,0.899520,40,1000000,300000,521,4.45299145e-5,1.73666667e-3,0.008750,-758.007500,1,32.55
0.670000,0.854930,40,1000000,300000,401,3.42735043e-5,1.33666667e-3,-0.516250,-1381.610000,1,33.85
0.850000,0.939430,40,1000000,300000,6734,5.75555556e-4,2.24466667e-2,0.170000,-306.505000,1,30.30
0.510000,0.915210,40,1000000,300000,29353,2.50880342e-3,9.78433333e-2,-0.153750,-788.437500,1,39.25
0.570000,0.865430,40,1000000,300000,19232,1.64376068e-3,6.41066667e-2,-0.258750,-1285.705000,1,35.52
1.050000,0.901520,40,1000000,300000,697,5.95726496e-5,2.32333333e-3,-0.107500,-681.765000,1,32.80
0.470000,0.761960,40,1000000,300000,18653,1.59427350e-3,6.21766667e-2,0.160000,-3116.717500,1,44.60
0.670000,0.856930,40,1000000,300000,-228,-1.94871795e-5,-7.60000000e-4,-0.372500,-1283.030000,0,33.25
0.850000,0.941430,40,1000000,300000,5401,4.61623932e-4,1.80033333e-2,0.060000,-278.090000,1,31.11
1.050000,0.903520,40,1000000,300000,-141,-1.20512821e-5,-4.70000000e-4,-0.118750,-653.615000,0,32.49
0.570000,0.867430,40,1000000,300000,12455,1.06452991e-3,4.15166667e-2,0.022500,-1263.462500,1,36.46
0.510000,0.917210,40,1000000,300000,34796,2.97401709e-3,1.15986667e-1,-0.030000,-684.150000,1,40.32
0.670000,0.858930,40,1000000,300000,-3334,-2.84957265e-4,-1.11133333e-2,0.280000,-1314.817500,0,33.13
0.850000,0.943430,40,1000000,300000,7239,6.18717949e-4,2.41300000e-2,0.061250,-284.970000,1,30.42
0.470000,0.763960,40,1000000,300000,22253,1.90196581e-3,7.41766667e-2,0.002500,-3120.402500,1,43.93
1.050000,0.905520,40,1000000,300000,-214,-1.82905983e-5,-7.13333333e-4,0.007500,-667.572500,0,32.27
0.570000,0.869430,40,1000000,300000,14683,1.25495726e-3,4.89433333e-2,-0.003750,-1176.747500,1,35.49
0.510000,0.919210,40,1000000,300000,25334,2.16529915e-3,8.44466667e-2,-0.055000,-658.005000,1,39.89
0.670000,0.860930,40,1000000,300000,-3857,-3.29658120e-4,-1.28566667e-2,0.378750,-1271.735000,0,33.36
0.850000,0.945430,40,1000000,300000,7093,6.06239316e-4,2.36433333e-2,0.010000,-199.917500,1,30.77
1.050000,0.907520,40,1000000,300000,-235,-2.00854701e-5,-7.83333333e-4,-0.005000,-627.707500,0,32.68
0.470000,0.765960,40,1000000,300000,28966,2.47572650e-3,9.65533333e-2,0.215000,-3051.245000,1,43.87
0.570000,0.871430,40,1000000,300000,13351,1.14111111e-3,4.45033333e-2,-0.050000,-1247.362500,1,35.65
0.850000,0.947430,40,1000000,300000,7529,6.43504274e-4,2.50966667e-2,0.035000,-230.445000,1,30.18
0.670000,0.862930,40,1000000,300000,3275,2.79914530e-4,1.09166667e-2,-0.493750,-1245.057500,1,32.99
0.510000,0.921210,40,1000000,300000,26875,2.29700855e-3,8.95833333e-2,-0.060000,-614.472500,1,39.61
1.050000,0.909520,40,1000000,300000,-148,-1.26495726e-5,-4.93333333e-4,-0.100000,-553.332500,0,32.82
0.570000,0.873430,40,1000000,300000,15480,1.32307692e-3,5.16000000e-2,-0.002500,-1189.172500,1,35.82
0.470000,0.767960,40,1000000,300000,18760,1.60341880e-3,6.25333333e-2,0.167500,-3004.435000,1,44.27
0.850000,0.949430,40,1000000,300000,6090,5.20512821e-4,2.03000000e-2,-0.131250,-242.732500,1,30.50
0.670000,0.864930,40,1000000,300000,3189,2.72564103e-4,1.06300000e-2,0.140000,-1212.745000,1,33.19
0.510000,0.923210,40,1000000,300000,26190,2.23846154e-3,8.73000000e-2,0.036250,-593.955000,1,39.91
1.050000,0.911520,40,1000000,300000,-68,-5.81196581e-6,-2.26666667e-4,0.035000,-543.385000,0,32.30
0.850000,0.951430,40,1000000,300000,6898,5.89572650e-4,2.29933333e-2,0.026250,-149.405000,1,30.78
0.570000,0.875430,40,1000000,300000,17074,1.45931624e-3,5.69133333e-2,0.035000,-1161.165000,1,35.86
0.670000,0.866930,40,1000000,300000,-6183,-5.28461538e-4,-2.06100000e-2,-0.297500,-1201.420000,0,33.35
0.470000,0.769960,40,1000000,300000,22905,1.95769231e-3,7.63500000e-2,0.008750,-2938.635000,1,44.22
1.050000,0.913520,40,1000000,300000,-258,-2.20512821e-5,-8.60000000e-4,0.025000,-508.970000,0,32.92
0.510000,0.925210,40,1000000,300000,24609,2.10333333e-3,8.20300000e-2,0.052500,-578.457500,1,39.89
0.850000,0.953430,40,1000000,300000,6672,5.70256410e-4,2.22400000e-2,-0.162500,-185.687500,1,30.79
0.570000,0.877430,40,1000000,300000,11115,9.50000000e-4,3.70500000e-2,-0.090000,-1105.290000,1,36.40
0.670000,0.868930,40,1000000,300000,1310,1.11965812e-4,4.36666667e-3,0.077500,-1170.367500,1,32.80
1.050000,0.915520,40,1000000,300000,35,2.99145299e-6,1.16666667e-4,-0.043750,-527.417500,1,34.59
0.470000,0.771960,40,1000000,300000,24905,2.12863248e-3,8.30166667e-2,-0.087500,-2895.130000,1,45.83
0.850000,0.955430,40,1000000,300000,5997,5.12564103e-4,1.99900000e-2,-0.026250,-188.892500,1,33.02
0.510000,0.927210,40,1000000,300000,22222,1.89931624e-3,7.40733333e-2,0.127500,-580.565000,1,42.13
0.670000,0.870930,40,1000000,300000,748,6.39316239e-5,2.49333333e-3,-0.146250,-1155.997500,1,35.88
0.570000,0.879430,40,1000000,300000,17238,1.47333333e-3,5.74600000e-2,-0.290000,-1075.712500,1,38.71
1.050000,0.917520,40,1000000,300000,335,2.86324786e-5,1.11666667e-3,-0.293750,-535.387500,1,33.29
0.850000,0.957430,40,1000000,300000,6875,5.87606838e-4,2.29166667e-2,-0.060000,-158.300000,1,31.46
0.470000,0.773960,40,1000000,300000,22052,1.88478632e-3,7.35066667e-2,0.068750,-2876.297500,1,45.04
0.510000,0.929210,40,1000000,300000,28290,2.41794872e-3,9.43000000e-2,0.015000,-561.382500,1,40.36
0.670000,0.872930,40,1000000,300000,2779,2.37521368e-4,9.26333333e-3,0.446250,-1090.787500,1,34.07
0.570000,0.881430,40,1000000,300000,16188,1.38358974e-3,5.39600000e-2,-0.070000,-1062.295000,1,36.46
1.050000,0.919520,40,1000000,300000,-259,-2.21367521e-5,-8.63333333e-4,-0.077500,-510.272500,0,33.11
0.850000,0.959430,40,1000000,300000,7593,6.48974359e-4,2.53100000e-2,-0.105000,-137.752500,1,31.48
0.670000,0.874930,40,1000000,300000,4797,4.10000000e-4,1.59900000e-2,0.213750,-1021.210000,1,33.77
0.510000,0.931210,40,1000000,300000,28834,2.46444444e-3,9.61133333e-2,-0.113750,-511.800000,1,40.81
0.470000,0.775960,40,1000000,300000,24791,2.11888889e-3,8.26366667e-2,-0.017500,-2774.535000,1,44.56
0.570000,0.883430,40,1000000,300000,13137,1.12282051e-3,4.37900000e-2,0.143750,-1086.877500,1,36.54
1.050000,0.921520,40,1000000,300000,-160,-1.36752137e-5,-5.33333333e-4,0.058750,-444.980000,0,32.84
0.850000,0.961430,40,1000000,300000,7921,6.77008547e-4,2.64033333e-2,0.042500,-116.610000,1,30.84
0.670000,0.876930,40,1000000,300000,3889,3.32393162e-4,1.29633333e-2,0.148750,-1072.272500,1,32.86
0.510000,0.933210,40,1000000,300000,27234,2.32769231e-3,9.07800000e-2,0.043750,-495.720000,1,40.69
1.050000,0.923520,40,1000000,300000,1079,9.22222222e-5,3.59666667e-3,-0.356250,-421.792500,1,33.27
0.570000,0.885430,40,1000000,300000,19571,1.67273504e-3,6.52366667e-2,-0.111250,-1006.602500,1,36.72
0.850000,0.963430,40,1000000,300000,7688,6.57094017e-4,2.56266667e-2,0.093750,-118.850000,1,31.28
0.470000,0.777960,40,1000000,300000,36024,3.07897436e-3,1.20080000e-1,0.297500,-2802.705000,1,44.54
0.670000,0.878930,40,1000000,300000,7091,6.06068376e-4,2.36366667e-2,0.346250,-997.262500,1,33.48
0.510000,1.000000,40,1000000,300000,-375644,-3.21063248e-2,-1.25214667e0,0.028750,-2.232500,0,30.91
0.850000,0.965430,40,1000000,300000,7575,6.47435897e-4,2.52500000e-2,0.111250,-96.355000,1,31.38
1.050000,0.925520,40,1000000,300000,684,5.84615385e-5,2.28000000e-3,-0.203750,-390.680000,1,32.92
0.570000,0.887430,40,1000000,300000,17974,1.53623932e-3,5.99133333e-2,0.170000,-999.925000,1,36.51
0.470000,0.779960,40,1000000,300000,24771,2.11717949e-3,8.25700000e-2,-0.217500,-2779.947500,1,45.66
0.670000,0.880930,40,1000000,300000,4724,4.03760684e-4,1.57466667e-2,-0.240000,-959.542500,1,34.56
1.050000,0.927520,40,1000000,300000,-75,-6.41025641e-6,-2.50000000e-4,-0.148750,-412.770000,0,33.49
0.850000,0.967430,40,1000000,300000,7496,6.40683761e-4,2.49866667e-2,0.011250,-73.722500,1,34.48
0.530000,0.791150,40,1000000,300000,4146,3.54358974e-4,1.38200000e-2,-0.143750,-2538.252500,1,39.21
0.570000,0.889430,40,1000000,300000,21587,1.84504274e-3,7.19566667e-2,-0.166250,-1011.185000,1,36.50
0.670000,0.882930,40,1000000,300000,5577,4.76666667e-4,1.85900000e-2,0.140000,-966.350000,1,31.56
0.470000,0.781960,40,1000000,300000,29502,2.52153846e-3,9.83400000e-2,-0.211250,-2811.170000,1,43.37
0.850000,0.969430,40,1000000,300000,7626,6.51794872e-4,2.54200000e-2,0.125000,-92.815000,1,28.49
1.050000,0.929520,40,1000000,300000,30,2.56410256e-6,1.00000000e-4,-0.037500,-339.180000,1,30.26
0.530000,0.793150,40,1000000,300000,-2396,-2.04786325e-4,-7.98666667e-3,-0.295000,-2477.227500,0,35.93
0.570000,0.891430,40,1000000,300000,15309,1.30846154e-3,5.10300000e-2,-0.150000,-974.167500,1,33.63
0.670000,0.884930,40,1000000,300000,7264,6.20854701e-4,2.42133333e-2,0.015000,-905.187500,1,30.52
0.850000,0.971430,40,1000000,300000,7361,6.29145299e-4,2.45366667e-2,-0.020000,-92.430000,1,27.68
1.050000,0.931520,40,1000000,300000,989,8.45299145e-5,3.29666667e-3,-0.067500,-318.350000,1,30.26
0.470000,0.783960,40,1000000,300000,27405,2.34230769e-3,9.13500000e-2,0.097500,-2629.527500,1,41.77
0.570000,0.893430,40,1000000,300000,24866,2.12529915e-3,8.28866667e-2,-0.078750,-909.735000,1,34.17
0.530000,0.795150,40,1000000,300000,4803,4.10512821e-4,1.60100000e-2,-0.057500,-2550.012500,1,36.94
0.670000,0.886930,40,1000000,300000,8885,7.59401709e-4,2.96166667e-2,-0.147500,-839.080000,1,33.71
0.850000,0.973430,40,1000000,300000,7409,6.33247863e-4,2.46966667e-2,-0.083750,-69.090000,1,32.08
1.050000,0.933520,40,1000000,300000,1017,8.69230769e-5,3.39000000e-3,0.098750,-302.870000,1,36.80
0.570000,0.895430,40,1000000,300000,17703,1.51307692e-3,5.90100000e-2,-0.087500,-873.117500,1,44.74
0.470000,0.785960,40,1000000,300000,26134,2.23367521e-3,8.71133333e-2,0.085000,-2684.420000,1,56.12
0.530000,0.797150,40,1000000,300000,-7869,-6.72564103e-4,-2.62300000e-2,0.280000,-2443.400000,0,50.20
0.670000,0.888930,40,1000000,300000,7240,6.18803419e-4,2.41333333e-2,0.191250,-878.640000,1,43.13
0.850000,0.975430,40,1000000,300000,8396,7.17606838e-4,2.79866667e-2,-0.040000,-66.597500,1,41.36
1.050000,0.935520,40,1000000,300000,315,2.69230769e-5,1.05000000e-3,0.072500,-338.007500,1,44.16
0.570000,0.897430,40,1000000,300000,19191,1.64025641e-3,6.39700000e-2,-0.002500,-908.170000,1,48.43
0.850000,0.977430,40,1000000,300000,6240,5.33333333e-4,2.08000000e-2,0.016250,-48.492500,1,42.67
0.670000,0.890930,40,1000000,300000,11489,9.81965812e-4,3.82966667e-2,0.100000,-862.955000,1,44.81
0.530000,0.799150,40,1000000,300000,749,6.40170940e-5,2.49666667e-3,-0.025000,-2373.637500,1,53.02
0.470000,0.787960,40,1000000,300000,31268,2.67247863e-3,1.04226667e-1,-0.186250,-2669.207500,1,60.89
1.050000,0.937520,40,1000000,300000,1281,1.09487179e-4,4.27000000e-3,0.025000,-296.015000,1,44.81
0.850000,0.979430,40,1000000,300000,7741,6.61623932e-4,2.58033333e-2,0.078750,-54.297500,1,40.36
0.570000,0.899430,40,1000000,300000,19760,1.68888889e-3,6.58666667e-2,-0.003750,-869.480000,1,48.01
0.670000,0.892930,40,1000000,300000,9111,7.78717949e-4,3.03700000e-2,-0.076250,-810.037500,1,44.16
1.050000,0.939520,40,1000000,300000,872,7.45299145e-5,2.90666667e-3,0.291250,-271.800000,1,43.96
0.530000,0.801150,40,1000000,300000,6448,5.51111111e-4,2.14933333e-2,0.227500,-2383.792500,1,52.57
0.470000,0.789960,40,1000000,300000,33558,2.86820513e-3,1.11860000e-1,-0.235000,-2590.487500,1,60.04
0.850000,0.981430,40,1000000,300000,7104,6.07179487e-4,2.36800000e-2,-0.052500,-40.460000,1,41.61
0.670000,0.894930,40,1000000,300000,8316,7.10769231e-4,2.77200000e-2,0.023750,-803.650000,1,43.06
0.570000,0.901430,40,1000000,300000,16099,1.37598291e-3,5.36633333e-2,-0.198750,-815.575000,1,47.66
1.050000,0.941520,40,1000000,300000,1205,1.02991453e-4,4.01666667e-3,-0.108750,-271.045000,1,44.17
0.530000,0.803150,40,1000000,300000,331,2.82905983e-5,1.10333333e-3,-0.246250,-2322.562500,1,52.74
0.850000,0.983430,40,1000000,300000,6449,5.51196581e-4,2.14966667e-2,-0.053750,-31.625000,1,41.27
0.670000,0.896930,40,1000000,300000,6258,5.34871795e-4,2.08600000e-2,0.257500,-742.985000,1,42.93
0.470000,0.791960,40,1000000,300000,31944,2.73025641e-3,1.06480000e-1,0.101250,-2581.850000,1,60.38
0.570000,0.903430,40,1000000,300000,21410,1.82991453e-3,7.13666667e-2,0.087500,-810.097500,1,46.96
1.050000,0.943520,40,1000000,300000,-424,-3.62393162e-5,-1.41333333e-3,0.092500,-258.502500,0,43.28
0.530000,0.805150,40,1000000,300000,7306,6.24444444e-4,2.43533333e-2,0.343750,-2322.060000,1,52.62
0.850000,0.985430,40,1000000,300000,7873,6.72905983e-4,2.62433333e-2,-0.016250,-25.025000,1,42.41
0.670000,0.898930,40,1000000,300000,5038,4.30598291e-4,1.67933333e-2,0.041250,-697.092500,1,43.42
0.570000,0.905430,40,1000000,300000,19736,1.68683761e-3,6.57866667e-2,-0.002500,-768.715000,1,48.11
1.050000,0.945520,40,1000000,300000,319,2.72649573e-5,1.06333333e-3,0.187500,-234.445000,1,43.58
0.470000,0.793960,40,1000000,300000,24963,2.13358974e-3,8.32100000e-2,-0.037500,-2551.915000,1,59.49
0.850000,0.987430,40,1000000,300000,6132,5.24102564e-4,2.04400000e-2,0.120000,-14.685000,1,39.23
0.530000,0.807150,40,1000000,300000,2867,2.45042735e-4,9.55666667e-3,-0.297500,-2331.012500,1,51.73
0.670000,0.900930,40,1000000,300000,9864,8.43076923e-4,3.28800000e-2,-0.018750,-708.677500,1,44.55
1.050000,0.947520,40,1000000,300000,723,6.17948718e-5,2.41000000e-3,-0.157500,-222.880000,1,79.96
0.570000,0.907430,40,1000000,300000,21795,1.86282051e-3,7.26500000e-2,0.140000,-758.217500,1,83.97
0.850000,0.989430,40,1000000,300000,6324,5.40512821e-4,2.10800000e-2,0.003750,-13.747500,1,77.25
0.470000,0.795960,40,1000000,300000,35725,3.05341880e-3,1.19083333e-1,0.113750,-2592.977500,1,96.61
0.670000,0.902930,40,1000000,300000,10384,8.87521368e-4,3.46133333e-2,-0.228750,-716.530000,1,81.74
0.530000,0.809150,40,1000000,300000,2680,2.29059829e-4,8.93333333e-3,0.417500,-2248.482500,1,89.31
1.050000,0.949520,40,1000000,300000,1815,1.55128205e-4,6.05000000e-3,-0.015000,-196.567500,1,44.39
0.570000,0.909430,40,1000000,300000,17616,1.50564103e-3,5.87200000e-2,-0.202500,-747.240000,1,46.64
0.850000,0.991430,40,1000000,300000,7167,6.12564103e-4,2.38900000e-2,0.005000,-15.900000,1,37.87
0.670000,0.904930,40,1000000,300000,13820,1.18119658e-3,4.60666667e-2,-0.097500,-695.447500,1,32.06
0.470000,0.797960,40,1000000,300000,32793,2.80282051e-3,1.09310000e-1,-0.128750,-2454.420000,1,46.77
1.050000,0.951520,40,1000000,300000,1707,1.45897436e-4,5.69000000e-3,0.007500,-178.865000,1,27.74
0.530000,0.811150,40,1000000,300000,11384,9.72991453e-4,3.79466667e-2,0.505000,-2183.312500,1,36.09
0.850000,0.993430,40,1000000,300000,5372,4.59145299e-4,1.79066667e-2,0.078750,-7.982500,1,27.43
0.570000,0.911430,40,1000000,300000,17386,1.48598291e-3,5.79533333e-2,-0.050000,-704.927500,1,32.37
0.670000,0.906930,40,1000000,300000,10198,8.71623932e-4,3.39933333e-2,0.036250,-636.720000,1,34.48
1.050000,0.953520,40,1000000,300000,1271,1.08632479e-4,4.23666667e-3,-0.030000,-135.400000,1,34.48
0.850000,0.995430,40,1000000,300000,9694,8.28547009e-4,3.23133333e-2,0.921250,-10.162500,1,28.79
0.470000,0.799960,40,1000000,300000,24242,2.07196581e-3,8.08066667e-2,0.061250,-2397.217500,1,45.15
0.530000,0.813150,40,1000000,300000,-1622,-1.38632479e-4,-5.40666667e-3,-0.165000,-2174.405000,0,40.13
0.570000,0.913430,40,1000000,300000,20767,1.77495726e-3,6.92233333e-2,0.033750,-682.665000,1,36.01
0.670000,0.908930,40,1000000,300000,9182,7.84786325e-4,3.06066667e-2,-0.002500,-631.490000,1,30.23
0.850000,0.997430,40,1000000,300000,-6853,-5.85726496e-4,-2.28433333e-2,-0.573750,-2.872500,0,24.28
1.050000,0.955520,40,1000000,300000,1245,1.06410256e-4,4.15000000e-3,0.006250,-167.097500,1,29.51
0.530000,0.815150,40,1000000,300000,7129,6.09316239e-4,2.37633333e-2,-0.075000,-2166.992500,1,39.04
0.570000,0.915430,40,1000000,300000,27620,2.36068376e-3,9.20666667e-2,-0.075000,-653.197500,1,36.29
0.470000,0.801960,40,1000000,300000,26581,2.27188034e-3,8.86033333e-2,-0.071250,-2413.562500,1,46.43
0.850000,0.999430,40,1000000,300000,-15631,-1.33598291e-3,-5.21033333e-2,-0.058750,-1.962500,0,32.46
0.670000,0.910930,40,1000000,300000,11496,9.82564103e-4,3.83200000e-2,-0.007500,-673.287500,1,38.00
1.050000,0.957520,40,1000000,300000,1667,1.42478632e-4,5.55666667e-3,-0.055000,-159.325000,1,37.99
0.850000,1.000000,40,1000000,300000,-22298,-1.90581197e-3,-7.43266667e-2,0.005000,-1.935000,0,27.77
0.570000,0.917430,40,1000000,300000,22443,1.91820513e-3,7.48100000e-2,-0.088750,-628.530000,1,39.76
0.530000,0.817150,40,1000000,300000,2656,2.27008547e-4,8.85333333e-3,0.087500,-2140.257500,1,44.84
0.670000,0.912930,40,1000000,300000,14214,1.21487179e-3,4.73800000e-2,0.126250,-635.820000,1,37.47
0.470000,0.803960,40,1000000,300000,29771,2.54452991e-3,9.92366667e-2,-0.041250,-2384.035000,1,52.88
1.050000,0.959520,40,1000000,300000,1460,1.24786325e-4,4.86666667e-3,-0.211250,-152.172500,1,38.68
0.870000,0.847830,40,1000000,300000,353,3.01709402e-5,1.17666667e-3,0.007500,-1469.022500,1,37.44
0.570000,0.919430,40,1000000,300000,21802,1.86341880e-3,7.26733333e-2,0.025000,-589.092500,1,38.57
0.670000,0.914930,40,1000000,300000,14267,1.21940171e-3,4.75566667e-2,-0.073750,-535.080000,1,31.27
0.530000,0.819150,40,1000000,300000,9144,7.81538462e-4,3.04800000e-2,0.202500,-2134.250000,1,40.24
1.050000,0.961520,40,1000000,300000,2073,1.77179487e-4,6.91000000e-3,0.008750,-101.560000,1,29.08
0.470000,0.805960,40,1000000,300000,34434,2.94307692e-3,1.14780000e-1,0.123750,-2326.960000,1,40.13
0.870000,0.849830,40,1000000,300000,3049,2.60598291e-4,1.01633333e-2,-0.096250,-1491.625000,1,31.63
0.570000,0.921430,40,1000000,300000,16025,1.36965812e-3,5.34166667e-2,0.262500,-588.832500,1,33.39
0.670000,0.916930,40,1000000,300000,15461,1.32145299e-3,5.15366667e-2,0.013750,-558.717500,1,31.06
1.050000,0.963520,40,1000000,300000,1235,1.05555556e-4,4.11666667e-3,-0.127500,-130.832500,1,33.02
0.530000,0.821150,40,1000000,300000,11481,9.81282051e-4,3.82700000e-2,0.096250,-1970.282500,1,39.59
0.870000,0.851830,40,1000000,300000,1879,1.60598291e-4,6.26333333e-3,-0.220000,-1296.742500,1,34.87
0.470000,0.807960,40,1000000,300000,31820,2.71965812e-3,1.06066667e-1,0.126250,-2265.302500,1,44.91
0.670000,0.918930,40,1000000,300000,14079,1.20333333e-3,4.69300000e-2,0.217500,-545.875000,1,33.91
0.570000,0.923430,40,1000000,300000,27967,2.39034188e-3,9.32233333e-2,-0.068750,-545.725000,1,37.90
1.050000,0.965520,40,1000000,300000,3120,2.66666667e-4,1.04000000e-2,0.095000,-86.332500,1,33.54
0.530000,0.823150,40,1000000,300000,10670,9.11965812e-4,3.55666667e-2,0.073750,-1936.037500,1,43.25
0.870000,0.853830,40,1000000,300000,565,4.82905983e-5,1.88333333e-3,0.197500,-1337.650000,1,43.70
0.670000,0.920930,40,1000000,300000,17888,1.52888889e-3,5.96266667e-2,0.241250,-493.482500,1,43.51
0.570000,0.925430,40,1000000,300000,15491,1.32401709e-3,5.16366667e-2,0.036250,-545.710000,1,48.26
1.050000,0.967520,40,1000000,300000,1957,1.67264957e-4,6.52333333e-3,-0.007500,-72.792500,1,42.47
0.470000,0.809960,40,1000000,300000,34241,2.92658120e-3,1.14136667e-1,-0.020000,-2296.002500,1,57.14
0.530000,0.825150,40,1000000,300000,9601,8.20598291e-4,3.20033333e-2,-0.296250,-1936.367500,1,44.42
0.870000,0.855830,40,1000000,300000,-396,-3.38461538e-5,-1.32000000e-3,0.093750,-1303.167500,0,34.26
0.670000,0.922930,40,1000000,300000,17225,1.47222222e-3,5.74166667e-2,-0.098750,-468.860000,1,31.80
1.050000,0.969520,40,1000000,300000,2246,1.91965812e-4,7.48666667e-3,0.023750,-84.627500,1,28.22
0.570000,0.927430,40,1000000,300000,24068,2.05709402e-3,8.02266667e-2,0.145000,-533.115000,1,32.44
0.470000,0.811960,40,1000000,300000,32081,2.74196581e-3,1.06936667e-1,-0.086250,-2237.397500,1,41.43
0.530000,0.827150,40,1000000,300000,9889,8.45213675e-4,3.29633333e-2,0.116250,-1942.067500,1,37.11
0.870000,0.857830,40,1000000,300000,347,2.96581197e-5,1.15666667e-3,0.226250,-1240.665000,1,32.93
0.670000,0.924930,40,1000000,300000,22797,1.94846154e-3,7.59900000e-2,-0.066250,-470.275000,1,32.37
1.050000,0.971520,40,1000000,300000,1214,1.03760684e-4,4.04666667e-3,0.051250,-58.340000,1,32.83
0.570000,0.929430,40,1000000,300000,24073,2.05752137e-3,8.02433333e-2,-0.007500,-520.075000,1,39.08
0.470000,0.813960,40,1000000,300000,34521,2.95051282e-3,1.15070000e-1,-0.022500,-2159.145000,1,53.27
0.530000,0.829150,40,1000000,300000,15517,1.32623932e-3,5.17233333e-2,-0.170000,-1855.655000,1,48.82
0.870000,0.859830,40,1000000,300000,1562,1.33504274e-4,5.20666667e-3,-0.320000,-1271.430000,1,44.31
0.670000,0.926930,40,1000000,300000,14322,1.22410256e-3,4.77400000e-2,-0.182500,-450.610000,1,42.60
1.050000,0.973520,40,1000000,300000,2379,2.03333333e-4,7.93000000e-3,-0.012500,-61.867500,1,42.07
0.570000,0.931430,40,1000000,300000,14237,1.21683761e-3,4.74566667e-2,0.078750,-491.040000,1,48.75
0.670000,0.928930,40,1000000,300000,15862,1.35572650e-3,5.28733333e-2,0.170000,-456.570000,1,46.89
1.050000,0.975520,40,1000000,300000,2008,1.71623932e-4,6.69333333e-3,0.136250,-47.932500,1,45.16
0.870000,0.861830,40,1000000,300000,1412,1.20683761e-4,4.70666667e-3,-0.196250,-1265.850000,1,49.45
0.530000,0.831150,40,1000000,300000,17391,1.48641026e-3,5.79700000e-2,0.073750,-1888.702500,1,54.71
0.470000,0.815960,40,1000000,300000,39855,3.40641026e-3,1.32850000e-1,0.046250,-2219.525000,1,60.85
0.570000,0.933430,40,1000000,300000,14631,1.25051282e-3,4.87700000e-2,0.266250,-477.745000,1,46.96
1.050000,0.977520,40,1000000,300000,2183,1.86581197e-4,7.27666667e-3,-0.082500,-41.537500,1,35.16
0.670000,0.930930,40,1000000,300000,14822,1.26683761e-3,4.94066667e-2,-0.056250,-398.897500,1,36.92
0.870000,0.863830,40,1000000,300000,2022,1.72820513e-4,6.74000000e-3,-0.076250,-1136.905000,1,37.87
0.530000,0.833150,40,1000000,300000,12413,1.06094017e-3,4.13766667e-2,0.110000,-1789.005000,1,41.75
0.570000,0.935430,40,1000000,300000,24210,2.06923077e-3,8.07000000e-2,0.103750,-449.762500,1,39.33
0.470000,0.817960,40,1000000,300000,35923,3.07034188e-3,1.19743333e-1,0.020000,-2166.060000,1,47.44
1.050000,0.979520,40,1000000,300000,1940,1.65811966e-4,6.46666667e-3,-0.145000,-32.205000,1,36.11
0.670000,0.932930,40,1000000,300000,16052,1.37196581e-3,5.35066667e-2,-0.045000,-432.895000,1,37.32
0.870000,0.865830,40,1000000,300000,39,3.33333333e-6,1.30000000e-4,-0.036250,-1157.635000,1,38.79
0.530000,0.835150,40,1000000,300000,16154,1.38068376e-3,5.38466667e-2,0.173750,-1872.082500,1,42.95
0.570000,0.937430,40,1000000,300000,21971,1.87786325e-3,7.32366667e-2,-0.107500,-438.895000,1,40.34
0.470000,0.819960,40,1000000,300000,22803,1.94897436e-3,7.60100000e-2,0.083750,-2096.730000,1,48.31
1.050000,0.981520,40,1000000,300000,2083,1.78034188e-4,6.94333333e-3,0.032500,-33.912500,1,35.51
0.670000,0.934930,40,1000000,300000,16421,1.40350427e-3,5.47366667e-2,-0.083750,-364.120000,1,36.19
0.870000,0.867830,40,1000000,300000,677,5.78632479e-5,2.25666667e-3,0.060000,-1145.755000,1,36.51
0.530000,0.837150,40,1000000,300000,17706,1.51333333e-3,5.90200000e-2,-0.431250,-1770.522500,1,38.11
0.570000,0.939430,40,1000000,300000,19726,1.68598291e-3,6.57533333e-2,0.085000,-401.600000,1,34.54
1.050000,0.983520,40,1000000,300000,1654,1.41367521e-4,5.51333333e-3,0.072500,-24.592500,1,29.28
0.670000,0.936930,40,1000000,300000,15418,1.31777778e-3,5.13933333e-2,0.046250,-363.962500,1,30.22
0.870000,0.869830,40,1000000,300000,867,7.41025641e-5,2.89000000e-3,0.098750,-1095.395000,1,31.52
0.470000,0.821960,40,1000000,300000,34665,2.96282051e-3,1.15550000e-1,-0.047500,-2086.495000,1,41.61
0.530000,0.839150,40,1000000,300000,8090,6.91452991e-4,2.69666667e-2,0.027500,-1741.387500,1,37.74
1.050000,0.985520,40,1000000,300000,2602,2.22393162e-4,8.67333333e-3,0.057500,-20.125000,1,30.30
0.570000,0.941430,40,1000000,300000,17823,1.52333333e-3,5.94100000e-2,0.201250,-400.145000,1,34.63
0.670000,0.938930,40,1000000,300000,15794,1.34991453e-3,5.26466667e-2,0.011250,-328.365000,1,30.86
0.870000,0.871830,40,1000000,300000,679,5.80341880e-5,2.26333333e-3,-0.315000,-1105.637500,1,34.86
0.470000,0.823960,40,1000000,300000,41284,3.52854701e-3,1.37613333e-1,0.035000,-2018.072500,1,49.85
1.050000,0.987520,40,1000000,300000,2275,1.94444444e-4,7.58333333e-3,-0.040000,-19.575000,1,41.19
0.570000,0.943430,40,1000000,300000,19425,1.66025641e-3,6.47500000e-2,-0.031250,-383.990000,1,47.15
0.670000,0.940930,40,1000000,300000,19856,1.69709402e-3,6.61866667e-2,0.080000,-336.917500,1,44.64
0.530000,0.841150,40,1000000,300000,17038,1.45623932e-3,5.67933333e-2,0.228750,-1722.222500,1,51.21
0.870000,0.873830,40,1000000,300000,78,6.66666667e-6,2.60000000e-4,0.027500,-1060.190000,1,49.22
1.050000,0.989520,40,1000000,300000,2182,1.86495726e-4,7.27333333e-3,-0.041250,-15.630000,1,46.64
0.470000,0.825960,40,1000000,300000,41871,3.57871795e-3,1.39570000e-1,-0.283750,-2040.787500,1,64.38
0.670000,0.942930,40,1000000,300000,17388,1.48615385e-3,5.79600000e-2,-0.097500,-322.742500,1,48.31
0.570000,0.945430,40,1000000,300000,12844,1.09777778e-3,4.28133333e-2,0.066250,-365.377500,1,52.33
0.530000,0.843150,40,1000000,300000,19283,1.64811966e-3,6.42766667e-2,0.017500,-1650.917500,1,56.35
0.870000,0.875830,40,1000000,300000,750,6.41025641e-5,2.50000000e-3,-0.051250,-1076.300000,1,49.82
1.050000,0.991520,40,1000000,300000,1200,1.02564103e-4,4.00000000e-3,0.092500,-5.927500,1,45.41
0.670000,0.944930,40,1000000,300000,16185,1.38333333e-3,5.39500000e-2,-0.012500,-287.377500,1,46.96
0.570000,0.947430,40,1000000,300000,22521,1.92487179e-3,7.50700000e-2,0.086250,-344.817500,1,50.99
0.470000,0.827960,40,1000000,300000,47132,4.02837607e-3,1.57106667e-1,-0.130000,-2036.472500,1,62.82
0.870000,0.877830,40,1000000,300000,-803,-6.86324786e-5,-2.67666667e-3,-0.137500,-959.860000,0,49.67
0.530000,0.845150,40,1000000,300000,16688,1.42632479e-3,5.56266667e-2,0.141250,-1725.670000,1,56.04
1.050000,0.993520,40,1000000,300000,2075,1.77350427e-4,6.91666667e-3,-0.093750,-3.512500,1,46.22
0.670000,0.946930,40,1000000,300000,15034,1.28495726e-3,5.01133333e-2,0.010000,-303.825000,1,47.12
0.570000,0.949430,40,1000000,300000,18282,1.56256410e-3,6.09400000e-2,-0.007500,-332.062500,1,51.93
0.870000,0.879830,40,1000000,300000,707,6.04273504e-5,2.35666667e-3,-0.007500,-860.230000,1,49.20
0.530000,0.847150,40,1000000,300000,15739,1.34521368e-3,5.24633333e-2,-0.007500,-1616.640000,1,56.05
0.470000,0.829960,40,1000000,300000,38131,3.25905983e-3,1.27103333e-1,0.003750,-1942.472500,1,63.48
1.050000,0.995520,40,1000000,300000,1346,1.15042735e-4,4.48666667e-3,-0.223750,-2.280000,1,43.64
0.670000,0.948930,40,1000000,300000,14124,1.20717949e-3,4.70800000e-2,0.027500,-248.392500,1,46.98
0.570000,0.951430,40,1000000,300000,16914,1.44564103e-3,5.63800000e-2,-0.108750,-288.655000,1,51.75
0.870000,0.881830,40,1000000,300000,487,4.16239316e-5,1.62333333e-3,0.165000,-925.350000,1,49.14
1.050000,0.997520,40,1000000,300000,1467,1.25384615e-4,4.89000000e-3,-0.068750,-3.620000,1,43.26
0.530000,0.849150,40,1000000,300000,20781,1.77615385e-3,6.92700000e-2,0.152500,-1591.850000,1,55.80
0.670000,0.950930,40,1000000,300000,15494,1.32427350e-3,5.16466667e-2,-0.052500,-278.755000,1,46.94
0.470000,0.831960,40,1000000,300000,35686,3.05008547e-3,1.18953333e-1,0.028750,-1906.715000,1,63.61
1.050000,0.999520,40,1000000,300000,-2791,-2.38547009e-4,-9.30333333e-3,-0.498750,-1.935000,0,39.75
0.570000,0.953430,40,1000000,300000,23564,2.01401709e-3,7.85466667e-2,0.145000,-286.890000,1,52.31
0.870000,0.883830,40,1000000,300000,-911,-7.78632479e-5,-3.03666667e-3,0.285000,-916.460000,0,49.28
0.530000,0.851150,40,1000000,300000,22183,1.89598291e-3,7.39433333e-2,0.101250,-1618.432500,1,55.92
0.670000,0.952930,40,1000000,300000,14836,1.26803419e-3,4.94533333e-2,-0.157500,-218.725000,1,47.80
1.050000,1.000000,40,1000000,300000,-3875,-3.31196581e-4,-1.29166667e-2,-0.006250,-1.945000,0,38.82
0.470000,0.833960,40,1000000,300000,32373,2.76692308e-3,1.07910000e-1,0.196250,-1967.300000,1,63.24
0.870000,0.885830,40,1000000,300000,464,3.96581197e-5,1.54666667e-3,-0.150000,-804.422500,1,48.63
0.570000,0.955430,40,1000000,300000,18787,1.60572650e-3,6.26233333e-2,0.096250,-269.615000,1,52.14
0.670000,0.954930,40,1000000,300000,16402,1.40188034e-3,5.46733333e-2,0.075000,-193.737500,1,47.12
0.530000,0.853150,40,1000000,300000,20343,1.73871795e-3,6.78100000e-2,0.053750,-1507.135000,1,55.17
1.070000,0.849590,40,1000000,300000,2050,1.75213675e-4,6.83333333e-3,-0.235000,-1459.990000,1,47.59
0.870000,0.887830,40,1000000,300000,-1202,-1.02735043e-4,-4.00666667e-3,-0.178750,-875.480000,0,48.92
0.470000,0.835960,40,1000000,300000,37716,3.22358974e-3,1.25720000e-1,0.101250,-1862.280000,1,62.72
0.570000,0.957430,40,1000000,300000,16848,1.44000000e-3,5.61600000e-2,-0.046250,-229.505000,1,52.37
0.670000,0.956930,40,1000000,300000,15289,1.30675214e-3,5.09633333e-2,-0.027500,-200.090000,1,47.16
1.070000,0.851590,40,1000000,300000,2103,1.79743590e-4,7.01000000e-3,0.103750,-1393.847500,1,47.66
0.530000,0.855150,40,1000000,300000,18362,1.56940171e-3,6.12066667e-2,0.090000,-1463.512500,1,55.75
0.870000,0.889830,40,1000000,300000,-1782,-1.52307692e-4,-5.94000000e-3,-0.126250,-822.475000,0,50.12
0.570000,0.959430,40,1000000,300000,17032,1.45572650e-3,5.67733333e-2,-0.118750,-243.980000,1,52.23
0.670000,0.958930,40,1000000,300000,18515,1.58247863e-3,6.17166667e-2,0.041250,-208.600000,1,47.60
0.470000,0.837960,40,1000000,300000,30917,2.64247863e-3,1.03056667e-1,-0.125000,-1826.897500,1,63.82
1.070000,0.853590,40,1000000,300000,2568,2.19487179e-4,8.56000000e-3,0.072500,-1339.865000,1,47.68
0.530000,0.857150,40,1000000,300000,17067,1.45871795e-3,5.68900000e-2,-0.201250,-1499.030000,1,54.43
0.870000,0.891830,40,1000000,300000,-39,-3.33333333e-6,-1.30000000e-4,0.230000,-789.460000,0,48.07
0.570000,0.961430,40,1000000,300000,19744,1.68752137e-3,6.58133333e-2,0.096250,-208.382500,1,51.19
0.670000,0.960930,40,1000000,300000,13715,1.17222222e-3,4.57166667e-2,-0.031250,-177.742500,1,46.48
1.070000,0.855590,40,1000000,300000,2355,2.01282051e-4,7.85000000e-3,-0.178750,-1347.662500,1,42.77
0.470000,0.839960,40,1000000,300000,35143,3.00367521e-3,1.17143333e-1,0.015000,-1808.245000,1,57.64
0.530000,0.859150,40,1000000,300000,17148,1.46564103e-3,5.71600000e-2,-0.136250,-1441.947500,1,45.10
0.870000,0.893830,40,1000000,300000,-154,-1.31623932e-5,-5.13333333e-4,0.088750,-780.157500,0,37.75
0.570000,0.963430,40,1000000,300000,16625,1.42094017e-3,5.54166667e-2,-0.022500,-189.415000,1,36.85
0.670000,0.962930,40,1000000,300000,18762,1.60358974e-3,6.25400000e-2,-0.017500,-153.815000,1,31.42
1.070000,0.857590,40,1000000,300000,1337,1.14273504e-4,4.45666667e-3,0.053750,-1300.925000,1,31.41
0.470000,0.841960,40,1000000,300000,36568,3.12547009e-3,1.21893333e-1,-0.016250,-1796.347500,1,41.65
0.870000,0.895830,40,1000000,300000,1166,9.96581197e-5,3.88666667e-3,-0.032500,-747.137500,1,32.68
0.530000,0.861150,40,1000000,300000,24617,2.10401709e-3,8.20566667e-2,-0.033750,-1393.767500,1,37.04
0.670000,0.964930,40,1000000,300000,17431,1.48982906e-3,5.81033333e-2,0.051250,-161.010000,1,33.77
0.570000,0.965430,40,1000000,300000,12238,1.04598291e-3,4.07933333e-2,0.035000,-177.680000,1,38.30
1.070000,0.859590,40,1000000,300000,1365,1.16666667e-4,4.55000000e-3,-0.063750,-1373.190000,1,39.11
0.870000,0.897830,40,1000000,300000,-280,-2.39316239e-5,-9.33333333e-4,-0.132500,-798.675000,0,46.94
0.530000,0.863150,40,1000000,300000,17256,1.47487179e-3,5.75200000e-2,0.066250,-1360.837500,1,53.32
0.670000,0.966930,40,1000000,300000,15142,1.29418803e-3,5.04733333e-2,-0.117500,-148.655000,1,46.82
0.470000,0.843960,40,1000000,300000,32155,2.74829060e-3,1.07183333e-1,-0.053750,-1733.907500,1,59.77
0.570000,0.967430,40,1000000,300000,18750,1.60256410e-3,6.25000000e-2,-0.378750,-137.332500,1,50.55
1.070000,0.861590,40,1000000,300000,1584,1.35384615e-4,5.28000000e-3,-0.270000,-1276.520000,1,47.24
0.870000,0.899830,40,1000000,300000,360,3.07692308e-5,1.20000000e-3,-0.018750,-687.987500,1,49.32
0.670000,0.968930,40,1000000,300000,12997,1.11085470e-3,4.33233333e-2,-0.003750,-125.002500,1,47.87
0.530000,0.865150,40,1000000,300000,21318,1.82205128e-3,7.10600000e-2,-0.120000,-1337.627500,1,55.73
0.570000,0.969430,40,1000000,300000,8411,7.18888889e-4,2.80366667e-2,0.208750,-121.977500,1,52.23
1.070000,0.863590,40,1000000,300000,1387,1.18547009e-4,4.62333333e-3,0.251250,-1141.665000,1,47.94
0.470000,0.845960,40,1000000,300000,41844,3.57641026e-3,1.39480000e-1,-0.027500,-1722.732500,1,63.24
0.870000,0.901830,40,1000000,300000,2362,2.01880342e-4,7.87333333e-3,0.413750,-652.220000,1,47.46
0.670000,0.970930,40,1000000,300000,6517,5.57008547e-4,2.17233333e-2,0.118750,-102.942500,1,47.11
0.570000,0.971430,40,1000000,300000,24723,2.11307692e-3,8.24100000e-2,-0.760000,-89.005000,1,46.40
0.530000,0.867150,40,1000000,300000,21268,1.81777778e-3,7.08933333e-2,0.001250,-1313.627500,1,54.94
1.070000,0.865590,40,1000000,300000,1301,1.11196581e-4,4.33666667e-3,-0.156250,-1132.440000,1,47.58
0.470000,0.847960,40,1000000,300000,36316,3.10393162e-3,1.21053333e-1,0.003750,-1674.857500,1,57.44
0.870000,0.903830,40,1000000,300000,87,7.43589744e-6,2.90000000e-4,-0.600000,-649.615000,1,37.58
0.670000,0.972930,40,1000000,300000,14381,1.22914530e-3,4.79366667e-2,0.137500,-101.125000,1,35.32
0.570000,0.973430,40,1000000,300000,24262,2.07367521e-3,8.08733333e-2,0.818750,-78.662500,1,32.40
1.070000,0.867590,40,1000000,300000,687,5.87179487e-5,2.29000000e-3,0.131250,-1114.415000,1,29.51
0.530000,0.869150,40,1000000,300000,17560,1.50085470e-3,5.85333333e-2,-0.183750,-1347.555000,1,35.07
0.870000,0.905830,40,1000000,300000,826,7.05982906e-5,2.75333333e-3,-0.365000,-616.257500,1,30.22
0.670000,0.974930,40,1000000,300000,9599,8.20427350e-4,3.19966667e-2,-0.155000,-98.170000,1,29.17
0.470000,0.849960,40,1000000,300000,42237,3.61000000e-3,1.40790000e-1,-0.011250,-1642.612500,1,39.55
0.570000,1.000000,40,1000000,300000,-227455,-1.94405983e-2,-7.58183333e-1,-0.015000,-2.085000,0,26.27
1.070000,0.869590,40,1000000,300000,1065,9.10256410e-5,3.55000000e-3,0.067500,-1094.717500,1,29.71
0.530000,0.871150,40,1000000,300000,22653,1.93615385e-3,7.55100000e-2,-0.148750,-1243.025000,1,34.86
0.870000,0.907830,40,1000000,300000,832,7.11111111e-5,2.77333333e-3,0.045000,-568.605000,1,31.07
0.670000,0.976930,40,1000000,300000,6456,5.51794872e-4,2.15200000e-2,-0.066250,-91.005000,1,29.44
0.590000,0.820640,40,1000000,300000,-7449,-6.36666667e-4,-2.48300000e-2,0.561250,-1965.015000,0,32.63
1.070000,0.871590,40,1000000,300000,1306,1.11623932e-4,4.35333333e-3,-0.058750,-1067.820000,1,29.43
0.470000,0.851960,40,1000000,300000,42126,3.60051282e-3,1.40420000e-1,0.055000,-1555.400000,1,39.95
0.530000,0.873150,40,1000000,300000,22972,1.96341880e-3,7.65733333e-2,-0.002500,-1264.097500,1,34.52
0.870000,0.909830,40,1000000,300000,241,2.05982906e-5,8.03333333e-4,0.027500,-570.272500,1,29.63
0.670000,0.978930,40,1000000,300000,13388,1.14427350e-3,4.46266667e-2,0.112500,-81.447500,1,28.89
1.070000,0.873590,40,1000000,300000,1028,8.78632479e-5,3.42666667e-3,-0.078750,-1048.527500,1,29.50
0.590000,0.822640,40,1000000,300000,3918,3.34871795e-4,1.30600000e-2,0.526250,-1939.690000,1,31.46
0.470000,0.853960,40,1000000,300000,38991,3.33256410e-3,1.29970000e-1,0.007500,-1567.425000,1,39.64
0.870000,0.911830,40,1000000,300000,3433,2.93418803e-4,1.14433333e-2,0.170000,-565.565000,1,29.29
0.670000,0.980930,40,1000000,300000,6895,5.89316239e-4,2.29833333e-2,0.023750,-62.582500,1,29.11
0.530000,0.875150,40,1000000,300000,26279,2.24606838e-3,8.75966667e-2,0.011250,-1197.630000,1,34.70
1.070000,0.875590,40,1000000,300000,1396,1.19316239e-4,4.65333333e-3,-0.108750,-1003.397500,1,29.40
0.590000,0.824640,40,1000000,300000,-909,-7.76923077e-5,-3.03000000e-3,0.598750,-2024.475000,0,31.52
0.870000,0.913830,40,1000000,300000,1391,1.18888889e-4,4.63666667e-3,-0.275000,-539.490000,1,28.06
0.670000,0.982930,40,1000000,300000,5918,5.05811966e-4,1.97266667e-2,0.288750,-64.867500,1,28.71
0.470000,0.855960,40,1000000,300000,35427,3.02794872e-3,1.18090000e-1,0.337500,-1582.415000,1,39.75
0.530000,0.877150,40,1000000,300000,24688,2.11008547e-3,8.22933333e-2,-0.026250,-1207.227500,1,34.14
1.070000,0.877590,40,1000000,300000,230,1.96581197e-5,7.66666667e-4,0.011250,-1024.965000,1,28.95
0.590000,0.826640,40,1000000,300000,-4914,-4.20000000e-4,-1.63800000e-2,0.445000,-1847.192500,0,31.51
0.870000,0.915830,40,1000000,300000,2484,2.12307692e-4,8.28000000e-3,0.241250,-476.760000,1,27.46
0.670000,0.984930,40,1000000,300000,4832,4.12991453e-4,1.61066667e-2,0.023750,-45.285000,1,29.03
1.070000,0.879590,40,1000000,300000,366,3.12820513e-5,1.22000000e-3,0.032500,-968.955000,1,29.16
0.530000,0.879150,40,1000000,300000,23809,2.03495726e-3,7.93633333e-2,-0.132500,-1198.440000,1,34.53
0.470000,0.857960,40,1000000,300000,40983,3.50282051e-3,1.36610000e-1,0.218750,-1508.475000,1,39.03
0.590000,0.828640,40,1000000,300000,2282,1.95042735e-4,7.60666667e-3,-0.395000,-1835.652500,1,31.28
0.870000,0.917830,40,1000000,300000,2117,1.80940171e-4,7.05666667e-3,0.381250,-480.122500,1,27.73
0.670000,0.986930,40,1000000,300000,16291,1.39239316e-3,5.43033333e-2,0.855000,-26.080000,1,25.56
1.070000,0.881590,40,1000000,300000,1376,1.17606838e-4,4.58666667e-3,-0.166250,-1003.577500,1,28.92
0.530000,0.881150,40,1000000,300000,27767,2.37324786e-3,9.25566667e-2,0.071250,-1135.952500,1,34.19
0.590000,0.830640,40,1000000,300000,779,6.65811966e-5,2.59666667e-3,-0.388750,-1760.260000,1,31.35
0.670000,0.988930,40,1000000,300000,-1840,-1.57264957e-4,-6.13333333e-3,0.842500,-18.700000,0,25.50
0.870000,0.919830,40,1000000,300000,4758,4.06666667e-4,1.58600000e-2,-0.197500,-442.860000,1,28.27
0.470000,0.859960,40,1000000,300000,40975,3.50213675e-3,1.36583333e-1,-0.058750,-1450.685000,1,39.19
1.070000,0.883590,40,1000000,300000,99,8.46153846e-6,3.30000000e-4,0.016250,-958.995000,1,32.91
0.670000,0.990930,40,1000000,300000,-9003,-7.69487179e-4,-3.00100000e-2,-0.705000,-15.222500,0,31.16
0.870000,0.921830,40,1000000,300000,2721,2.32564103e-4,9.07000000e-3,0.235000,-470.465000,1,33.85
0.530000,0.883150,40,1000000,300000,28046,2.39709402e-3,9.34866667e-2,0.123750,-1109.182500,1,39.92
0.590000,0.832640,40,1000000,300000,1705,1.45726496e-4,5.68333333e-3,0.338750,-1812.235000,1,37.92
0.470000,0.861960,40,1000000,300000,42475,3.63034188e-3,1.41583333e-1,0.097500,-1425.917500,1,46.57
1.070000,0.885590,40,1000000,300000,909,7.76923077e-5,3.03000000e-3,0.015000,-895.490000,1,35.76
0.670000,0.992930,40,1000000,300000,-34877,-2.98094017e-3,-1.16256667e-1,-0.060000,-10.495000,0,31.00
0.870000,0.923830,40,1000000,300000,4510,3.85470085e-4,1.50333333e-2,0.010000,-479.497500,1,34.57
0.590000,0.834640,40,1000000,300000,6267,5.35641026e-4,2.08900000e-2,-0.207500,-1694.740000,1,38.81
0.530000,0.885150,40,1000000,300000,24018,2.05282051e-3,8.00600000e-2,0.102500,-1106.417500,1,41.55
0.470000,1.000000,40,1000000,300000,-510492,-4.36317949e-2,-1.70164000e0,0.011250,-2.340000,0,35.25
0.670000,0.994930,40,1000000,300000,-45642,-3.90102564e-3,-1.52140000e-1,-0.042500,-5.407500,0,31.19
1.070000,0.887590,40,1000000,300000,60,5.12820513e-6,2.00000000e-4,0.073750,-898.387500,1,35.59
0.870000,0.925830,40,1000000,300000,1760,1.50427350e-4,5.86666667e-3,0.035000,-404.402500,1,34.75
1.110000,0.865710,40,1000000,300000,1490,1.27350427e-4,4.96666667e-3,0.026250,-1157.192500,1,36.63
0.590000,0.836640,40,1000000,300000,-1015,-8.67521368e-5,-3.38333333e-3,-0.472500,-1723.880000,0,38.10
0.670000,0.996930,40,1000000,300000,-73210,-6.25726496e-3,-2.44033333e-1,0.012500,-3.272500,0,30.68
1.070000,0.889590,40,1000000,300000,638,5.45299145e-5,2.12666667e-3,-0.056250,-860.632500,1,36.02
0.490000,0.746520,40,1000000,300000,5511,4.71025641e-4,1.83700000e-2,0.038750,-3347.125000,1,45.41
0.870000,0.927830,40,1000000,300000,4579,3.91367521e-4,1.52633333e-2,0.062500,-414.402500,1,34.52
1.110000,0.867710,40,1000000,300000,1179,1.00769231e-4,3.93000000e-3,-0.271250,-1100.755000,1,36.17
0.590000,0.838640,40,1000000,300000,2643,2.25897436e-4,8.81000000e-3,0.211250,-1677.160000,1,38.42
0.670000,1.000000,40,1000000,300000,-101050,-8.63675214e-3,-3.36833333e-1,0.016250,-1.937500,0,30.10
1.070000,0.891590,40,1000000,300000,800,6.83760684e-5,2.66666667e-3,0.077500,-834.257500,1,34.47
0.870000,0.929830,40,1000000,300000,3072,2.62564103e-4,1.02400000e-2,-0.325000,-367.812500,1,32.75
0.490000,0.748520,40,1000000,300000,1196,1.02222222e-4,3.98666667e-3,-0.046250,-3296.445000,1,44.49
1.110000,0.869710,40,1000000,300000,1164,9.94871795e-5,3.88000000e-3,-0.016250,-1122.075000,1,34.61
0.590000,0.840640,40,1000000,300000,-1029,-8.79487179e-5,-3.43000000e-3,-0.025000,-1711.545000,0,36.44
0.690000,0.839190,40,1000000,300000,-1244,-1.06324786e-4,-4.14666667e-3,-0.683750,-1600.000000,0,35.84
1.070000,0.893590,40,1000000,300000,551,4.70940171e-5,1.83666667e-3,0.035000,-829.347500,1,33.76
0.870000,0.931830,40,1000000,300000,3787,3.23675214e-4,1.26233333e-2,-0.180000,-343.515000,1,31.56
1.110000,0.871710,40,1000000,300000,1071,9.15384615e-5,3.57000000e-3,-0.090000,-1123.290000,1,31.74
0.490000,0.750520,40,1000000,300000,8096,6.91965812e-4,2.69866667e-2,0.185000,-3214.100000,1,41.61
0.690000,0.841190,40,1000000,300000,-2079,-1.77692308e-4,-6.93000000e-3,-0.655000,-1570.662500,0,31.40
0.590000,0.842640,40,1000000,300000,-821,-7.01709402e-5,-2.73666667e-3,-0.030000,-1605.612500,0,33.22
1.070000,0.895590,40,1000000,300000,684,5.84615385e-5,2.28000000e-3,-0.065000,-710.667500,1,29.93
0.870000,0.933830,40,1000000,300000,5476,4.68034188e-4,1.82533333e-2,0.086250,-354.257500,1,27.73
1.110000,0.873710,40,1000000,300000,1075,9.18803419e-5,3.58333333e-3,0.056250,-1023.585000,1,29.65
0.690000,0.843190,40,1000000,300000,-8836,-7.55213675e-4,-2.94533333e-2,-0.657500,-1549.560000,0,30.71
0.590000,0.844640,40,1000000,300000,3153,2.69487179e-4,1.05100000e-2,0.272500,-1576.992500,1,31.93
0.490000,0.752520,40,1000000,300000,13957,1.19290598e-3,4.65233333e-2,-0.136250,-3253.812500,1,38.34
1.070000,0.897590,40,1000000,300000,317,2.70940171e-5,1.05666667e-3,-0.021250,-735.947500,1,30.23
0.870000,0.935830,40,1000000,300000,5571,4.76153846e-4,1.85700000e-2,0.005000,-316.937500,1,28.32
1.110000,0.875710,40,1000000,300000,743,6.35042735e-5,2.47666667e-3,-0.298750,-989.395000,1,30.31
0.690000,0.845190,40,1000000,300000,-5111,-4.36837607e-4,-1.70366667e-2,-0.526250,-1527.682500,0,32.11
0.590000,0.846640,40,1000000,300000,3990,3.41025641e-4,1.33000000e-2,-0.142500,-1518.855000,1,33.52
0.870000,0.937830,40,1000000,300000,4956,4.23589744e-4,1.65200000e-2,-0.100000,-301.115000,1,29.07
1.070000,0.899590,40,1000000,300000,-237,-2.02564103e-5,-7.90000000e-4,-0.027500,-717.200000,0,31.20
0.490000,0.754520,40,1000000,300000,4530,3.87179487e-4,1.51000000e-2,0.181250,-3236.170000,1,40.16
1.110000,0.877710,40,1000000,300000,882,7.53846154e-5,2.94000000e-3,0.136250,-971.577500,1,30.24
0.690000,0.847190,40,1000000,300000,-1691,-1.44529915e-4,-5.63666667e-3,-0.490000,-1411.435000,0,29.58
0.870000,0.939830,40,1000000,300000,6162,5.26666667e-4,2.05400000e-2,0.110000,-258.602500,1,27.24
1.070000,0.901590,40,1000000,300000,-546,-4.66666667e-5,-1.82000000e-3,0.047500,-679.697500,0,29.76
0.590000,0.848640,40,1000000,300000,7807,6.67264957e-4,2.60233333e-2,0.097500,-1496.272500,1,31.86
0.490000,0.756520,40,1000000,300000,10524,8.99487179e-4,3.50800000e-2,-0.337500,-3149.060000,1,38.14
1.110000,0.879710,40,1000000,300000,998,8.52991453e-5,3.32666667e-3,0.047500,-987.242500,1,29.34
0.870000,0.941830,40,1000000,300000,4653,3.97692308e-4,1.55100000e-2,0.138750,-270.622500,1,27.43
0.690000,0.849190,40,1000000,300000,-568,-4.85470085e-5,-1.89333333e-3,0.638750,-1476.512500,0,29.01
1.070000,0.903590,40,1000000,300000,707,6.04273504e-5,2.35666667e-3,-0.052500,-608.677500,1,29.04
0.590000,0.850640,40,1000000,300000,6318,5.40000000e-4,2.10600000e-2,0.100000,-1426.740000,1,30.98
1.110000,0.881710,40,1000000,300000,1222,1.04444444e-4,4.07333333e-3,0.003750,-969.445000,1,29.44
0.870000,0.943830,40,1000000,300000,6352,5.42905983e-4,2.11733333e-2,-0.087500,-272.155000,1,27.77
0.490000,0.758520,40,1000000,300000,6856,5.85982906e-4,2.28533333e-2,-0.297500,-3124.397500,1,37.97
0.690000,0.851190,40,1000000,300000,-1071,-9.15384615e-5,-3.57000000e-3,-0.671250,-1451.775000,0,30.19
1.070000,0.905590,40,1000000,300000,-26,-2.22222222e-6,-8.66666667e-5,-0.098750,-648.540000,0,29.22
0.590000,0.852640,40,1000000,300000,6685,5.71367521e-4,2.22833333e-2,-0.063750,-1433.750000,1,31.68
1.110000,0.883710,40,1000000,300000,1010,8.63247863e-5,3.36666667e-3,0.063750,-886.705000,1,28.98
0.870000,0.945830,40,1000000,300000,4787,4.09145299e-4,1.59566667e-2,-0.060000,-236.547500,1,27.30
0.690000,0.853190,40,1000000,300000,-5601,-4.78717949e-4,-1.86700000e-2,0.472500,-1344.360000,0,29.98
1.070000,0.907590,40,1000000,300000,1039,8.88034188e-5,3.46333333e-3,-0.013750,-645.435000,1,29.64
0.490000,0.760520,40,1000000,300000,3442,2.94188034e-4,1.14733333e-2,0.073750,-3070.500000,1,38.36
0.590000,0.854640,40,1000000,300000,8551,7.30854701e-4,2.85033333e-2,0.018750,-1437.192500,1,32.37
1.110000,0.885710,40,1000000,300000,567,4.84615385e-5,1.89000000e-3,-0.032500,-876.262500,1,30.60
0.870000,0.947830,40,1000000,300000,5322,4.54871795e-4,1.77400000e-2,-0.008750,-186.075000,1,28.55
0.690000,0.855190,40,1000000,300000,-6612,-5.65128205e-4,-2.20400000e-2,0.462500,-1424.670000,0,31.67
1.070000,0.909590,40,1000000,300000,-28,-2.39316239e-6,-9.33333333e-5,-0.025000,-551.137500,0,31.17
0.590000,0.856640,40,1000000,300000,7284,6.22564103e-4,2.42800000e-2,-0.142500,-1391.307500,1,33.51
0.490000,0.762520,40,1000000,300000,7571,6.47094017e-4,2.52366667e-2,0.268750,-3085.187500,1,40.53
0.870000,0.949830,40,1000000,300000,6152,5.25811966e-4,2.05066667e-2,0.000000,-223.812500,1,28.75
1.110000,0.887710,40,1000000,300000,348,2.97435897e-5,1.16000000e-3,-0.112500,-845.757500,1,30.65
0.690000,0.857190,40,1000000,300000,-4366,-3.73162393e-4,-1.45533333e-2,0.116250,-1308.575000,0,32.28
1.070000,0.911590,40,1000000,300000,652,5.57264957e-5,2.17333333e-3,-0.037500,-623.052500,1,30.28
0.590000,0.858640,40,1000000,300000,6138,5.24615385e-4,2.04600000e-2,-0.392500,-1412.755000,1,33.37
0.870000,0.951830,40,1000000,300000,6781,5.79572650e-4,2.26033333e-2,-0.033750,-175.405000,1,28.71
1.110000,0.889710,40,1000000,300000,558,4.76923077e-5,1.86000000e-3,0.187500,-771.860000,1,31.42
0.490000,0.764520,40,1000000,300000,12887,1.10145299e-3,4.29566667e-2,-0.045000,-3060.187500,1,39.65
1.070000,0.913590,40,1000000,300000,202,1.72649573e-5,6.73333333e-4,-0.037500,-526.782500,1,30.68
0.690000,0.859190,40,1000000,300000,-1035,-8.84615385e-5,-3.45000000e-3,0.330000,-1264.082500,0,32.54
0.870000,0.953830,40,1000000,300000,6772,5.78803419e-4,2.25733333e-2,0.073750,-197.605000,1,28.57
0.590000,0.860640,40,1000000,300000,11133,9.51538462e-4,3.71100000e-2,-0.093750,-1295.272500,1,32.87
1.110000,0.891710,40,1000000,300000,1034,8.83760684e-5,3.44666667e-3,-0.123750,-783.445000,1,30.97
0.490000,0.766520,40,1000000,300000,8958,7.65641026e-4,2.98600000e-2,-0.010000,-3031.445000,1,39.49
1.070000,0.915590,40,1000000,300000,-464,-3.96581197e-5,-1.54666667e-3,-0.061250,-565.670000,0,30.19
0.690000,0.861190,40,1000000,300000,719,6.14529915e-5,2.39666667e-3,-0.205000,-1267.617500,1,30.22
0.870000,0.955830,40,1000000,300000,6976,5.96239316e-4,2.32533333e-2,0.196250,-160.550000,1,28.91
0.590000,0.862640,40,1000000,300000,8334,7.12307692e-4,2.77800000e-2,-0.223750,-1344.600000,1,33.02
1.110000,0.893710,40,1000000,300000,629,5.37606838e-5,2.09666667e-3,0.096250,-816.100000,1,30.56
1.070000,0.917590,40,1000000,300000,-383,-3.27350427e-5,-1.27666667e-3,-0.176250,-461.340000,0,31.18
0.690000,0.863190,40,1000000,300000,-2483,-2.12222222e-4,-8.27666667e-3,-0.197500,-1220.630000,0,32.90
0.490000,0.768520,40,1000000,300000,15019,1.28367521e-3,5.00633333e-2,0.045000,-2951.760000,1,40.89
0.870000,0.957830,40,1000000,300000,5639,4.81965812e-4,1.87966667e-2,0.017500,-145.977500,1,29.50
1.110000,0.895710,40,1000000,300000,615,5.25641026e-5,2.05000000e-3,0.005000,-740.772500,1,30.88
0.590000,0.864640,40,1000000,300000,12919,1.10418803e-3,4.30633333e-2,0.077500,-1300.892500,1,33.60
1.070000,0.919590,40,1000000,300000,399,3.41025641e-5,1.33000000e-3,0.136250,-483.902500,1,33.30
0.690000,0.865190,40,1000000,300000,-3411,-2.91538462e-4,-1.13700000e-2,-0.176250,-1176.727500,0,35.29
0.870000,0.959830,40,1000000,300000,6037,5.15982906e-4,2.01233333e-2,0.060000,-125.520000,1,35.76
0.490000,0.770520,40,1000000,300000,11924,1.01914530e-3,3.97466667e-2,0.122500,-2960.337500,1,51.95
1.110000,0.897710,40,1000000,300000,604,5.16239316e-5,2.01333333e-3,-0.032500,-771.397500,1,44.30
0.590000,0.866640,40,1000000,300000,8613,7.36153846e-4,2.87100000e-2,-0.352500,-1283.647500,1,48.90
1.070000,0.921590,40,1000000,300000,335,2.86324786e-5,1.11666667e-3,0.167500,-498.295000,1,47.51
0.690000,0.867190,40,1000000,300000,-1834,-1.56752137e-4,-6.11333333e-3,0.576250,-1130.752500,0,47.43
0.870000,0.961830,40,1000000,300000,5991,5.12051282e-4,1.99700000e-2,-0.051250,-102.367500,1,47.64
1.110000,0.899710,40,1000000,300000,600,5.12820513e-5,2.00000000e-3,0.115000,-698.922500,1,47.17
0.590000,0.868640,40,1000000,300000,5656,4.83418803e-4,1.88533333e-2,-0.168750,-1228.780000,1,50.76
0.490000,0.772520,40,1000000,300000,8714,7.44786325e-4,2.90466667e-2,-0.083750,-2839.697500,1,59.01
1.070000,0.923590,40,1000000,300000,459,3.92307692e-5,1.53000000e-3,0.076250,-438.047500,1,47.01
0.690000,0.869190,40,1000000,300000,2622,2.24102564e-4,8.74000000e-3,-0.220000,-1166.125000,1,45.46
0.870000,0.963830,40,1000000,300000,7745,6.61965812e-4,2.58166667e-2,-0.032500,-106.090000,1,43.58
1.110000,0.901710,40,1000000,300000,-251,-2.14529915e-5,-8.36666667e-4,0.028750,-639.670000,0,46.60
0.590000,0.870640,40,1000000,300000,12810,1.09487179e-3,4.27000000e-2,0.043750,-1223.995000,1,49.49
1.070000,0.925590,40,1000000,300000,-426,-3.64102564e-5,-1.42000000e-3,-0.091250,-392.327500,0,46.76
0.690000,0.871190,40,1000000,300000,-5131,-4.38547009e-4,-1.71033333e-2,-0.098750,-1129.312500,0,46.54
0.490000,0.774520,40,1000000,300000,10362,8.85641026e-4,3.45400000e-2,-0.113750,-2879.650000,1,59.51
0.870000,0.965830,40,1000000,300000,8345,7.13247863e-4,2.78166667e-2,-0.070000,-104.120000,1,43.27
1.110000,0.903710,40,1000000,300000,214,1.82905983e-5,7.13333333e-4,0.056250,-636.097500,1,48.07
0.590000,0.872640,40,1000000,300000,6214,5.31111111e-4,2.07133333e-2,0.192500,-1188.500000,1,49.47
1.070000,0.927590,40,1000000,300000,-179,-1.52991453e-5,-5.96666667e-4,-0.016250,-375.322500,0,46.96
0.690000,0.873190,40,1000000,300000,1242,1.06153846e-4,4.14000000e-3,0.420000,-1119.750000,1,47.17
0.870000,0.967830,40,1000000,300000,6794,5.80683761e-4,2.26466667e-2,-0.075000,-88.382500,1,44.02
0.490000,0.776520,40,1000000,300000,11089,9.47777778e-4,3.69633333e-2,0.117500,-2892.025000,1,60.46
1.110000,0.905710,40,1000000,300000,140,1.19658120e-5,4.66666667e-4,0.043750,-648.152500,1,47.87
1.070000,0.929590,40,1000000,300000,585,5.00000000e-5,1.95000000e-3,0.108750,-392.265000,1,46.43
0.870000,0.969830,40,1000000,300000,7636,6.52649573e-4,2.54533333e-2,0.087500,-92.395000,1,44.10
0.590000,0.874640,40,1000000,300000,17350,1.48290598e-3,5.78333333e-2,-0.122500,-1137.270000,1,49.95
0.690000,0.875190,40,1000000,300000,3397,2.90341880e-4,1.13233333e-2,-0.281250,-1008.927500,1,46.86
1.110000,0.907710,40,1000000,300000,306,2.61538462e-5,1.02000000e-3,-0.022500,-556.892500,1,47.04
0.490000,0.778520,40,1000000,300000,16709,1.42811966e-3,5.56966667e-2,-0.203750,-2843.767500,1,60.27
0.870000,0.971830,40,1000000,300000,6846,5.85128205e-4,2.28200000e-2,-0.013750,-77.695000,1,44.40
1.070000,0.931590,40,1000000,300000,368,3.14529915e-5,1.22666667e-3,0.010000,-335.657500,1,46.21
0.690000,0.877190,40,1000000,300000,2249,1.92222222e-4,7.49666667e-3,0.478750,-1101.977500,1,47.55
0.590000,0.876640,40,1000000,300000,10811,9.24017094e-4,3.60366667e-2,0.012500,-1098.112500,1,51.02
1.110000,0.909710,40,1000000,300000,800,6.83760684e-5,2.66666667e-3,-0.047500,-562.770000,1,48.19
0.870000,0.973830,40,1000000,300000,7585,6.48290598e-4,2.52833333e-2,-0.082500,-67.315000,1,44.57
1.070000,0.933590,40,1000000,300000,-113,-9.65811966e-6,-3.76666667e-4,-0.086250,-349.565000,0,47.17
0.490000,0.780520,40,1000000,300000,14531,1.24196581e-3,4.84366667e-2,0.020000,-2742.192500,1,61.41
0.690000,0.879190,40,1000000,300000,4052,3.46324786e-4,1.35066667e-2,0.276250,-1004.805000,1,47.69
0.590000,0.878640,40,1000000,300000,2749,2.34957265e-4,9.16333333e-3,0.341250,-1125.742500,1,50.86
1.110000,0.911710,40,1000000,300000,490,4.18803419e-5,1.63333333e-3,-0.022500,-539.645000,1,47.75
0.870000,0.975830,40,1000000,300000,5929,5.06752137e-4,1.97633333e-2,-0.078750,-51.272500,1,44.51
1.070000,0.935590,40,1000000,300000,840,7.17948718e-5,2.80000000e-3,0.178750,-277.235000,1,47.53
0.690000,0.881190,40,1000000,300000,3127,2.67264957e-4,1.04233333e-2,-0.117500,-944.535000,1,47.81
0.590000,0.880640,40,1000000,300000,16364,1.39863248e-3,5.45466667e-2,-0.201250,-1075.617500,1,50.66
0.490000,0.782520,40,1000000,300000,16133,1.37888889e-3,5.37766667e-2,0.112500,-2734.480000,1,60.99
1.110000,0.913710,40,1000000,300000,1290,1.10256410e-4,4.30000000e-3,0.078750,-545.297500,1,47.99
0.870000,0.977830,40,1000000,300000,7100,6.06837607e-4,2.36666667e-2,-0.036250,-59.412500,1,45.15
1.070000,0.937590,40,1000000,300000,1692,1.44615385e-4,5.64000000e-3,-0.123750,-324.622500,1,46.51
0.690000,0.883190,40,1000000,300000,4225,3.61111111e-4,1.40833333e-2,0.167500,-960.310000,1,47.07
0.590000,0.882640,40,1000000,300000,11138,9.51965812e-4,3.71266667e-2,-0.012500,-981.460000,1,50.81
0.490000,0.784520,40,1000000,300000,11410,9.75213675e-4,3.80333333e-2,0.343750,-2706.607500,1,60.80
1.110000,0.915710,40,1000000,300000,-212,-1.81196581e-5,-7.06666667e-4,0.073750,-558.482500,0,48.73
0.870000,0.979830,40,1000000,300000,7109,6.07606838e-4,2.36966667e-2,-0.028750,-44.627500,1,45.13
1.070000,0.939590,40,1000000,300000,432,3.69230769e-5,1.44000000e-3,0.073750,-282.192500,1,47.87
0.690000,0.885190,40,1000000,300000,3425,2.92735043e-4,1.14166667e-2,0.001250,-916.430000,1,47.68
0.590000,0.884640,40,1000000,300000,16673,1.42504274e-3,5.55766667e-2,-0.102500,-1008.690000,1,51.27
0.870000,0.981830,40,1000000,300000,4681,4.00085470e-4,1.56033333e-2,-0.010000,-38.215000,1,45.37
1.110000,0.917710,40,1000000,300000,261,2.23076923e-5,8.70000000e-4,-0.045000,-453.125000,1,48.34
0.490000,0.786520,40,1000000,300000,12241,1.04623932e-3,4.08033333e-2,-0.206250,-2725.257500,1,60.98
1.070000,0.941590,40,1000000,300000,262,2.23931624e-5,8.73333333e-4,0.198750,-293.105000,1,47.80
0.690000,0.887190,40,1000000,300000,4785,4.08974359e-4,1.59500000e-2,0.048750,-941.430000,1,47.72
0.590000,0.886640,40,1000000,300000,14943,1.27717949e-3,4.98100000e-2,-0.210000,-1021.950000,1,50.62
0.870000,0.983830,40,1000000,300000,5373,4.59230769e-4,1.79100000e-2,-0.022500,-28.355000,1,45.00
1.110000,0.919710,40,1000000,300000,568,4.85470085e-5,1.89333333e-3,-0.055000,-476.220000,1,47.89
1.070000,0.943590,40,1000000,300000,-94,-8.03418803e-6,-3.13333333e-4,0.135000,-276.042500,0,47.10
0.690000,0.889190,40,1000000,300000,8541,7.30000000e-4,2.84700000e-2,-0.100000,-861.430000,1,47.42
0.490000,0.788520,40,1000000,300000,20186,1.72529915e-3,6.72866667e-2,0.093750,-2548.522500,1,60.81
0.590000,0.888640,40,1000000,300000,14257,1.21854701e-3,4.75233333e-2,0.001250,-945.475000,1,50.70
0.870000,0.985830,40,1000000,300000,6220,5.31623932e-4,2.07333333e-2,-0.030000,-20.577500,1,44.50
1.110000,0.921710,40,1000000,300000,-131,-1.11965812e-5,-4.36666667e-4,0.023750,-403.977500,0,48.74
1.070000,0.945590,40,1000000,300000,-428,-3.65811966e-5,-1.42666667e-3,0.225000,-232.530000,0,47.43
0.690000,0.891190,40,1000000,300000,4845,4.14102564e-4,1.61500000e-2,0.036250,-907.095000,1,47.45
0.490000,0.790520,40,1000000,300000,16821,1.43769231e-3,5.60700000e-2,0.102500,-2586.627500,1,61.67
0.870000,0.987830,40,1000000,300000,4822,4.12136752e-4,1.60733333e-2,-0.025000,-16.100000,1,45.13
0.590000,0.890640,40,1000000,300000,19499,1.66658120e-3,6.49966667e-2,-0.218750,-950.827500,1,51.53
1.110000,0.923710,40,1000000,300000,127,1.08547009e-5,4.23333333e-4,0.053750,-416.697500,1,47.93
1.070000,0.947590,40,1000000,300000,1387,1.18547009e-4,4.62333333e-3,0.033750,-219.070000,1,47.29
0.690000,0.893190,40,1000000,300000,9661,8.25726496e-4,3.22033333e-2,-0.190000,-774.942500,1,46.92
0.870000,0.989830,40,1000000,300000,5879,5.02478632e-4,1.95966667e-2,0.200000,-8.057500,1,44.51
0.590000,0.892640,40,1000000,300000,19096,1.63213675e-3,6.36533333e-2,0.042500,-931.547500,1,50.19
0.490000,0.792520,40,1000000,300000,29163,2.49256410e-3,9.72100000e-2,0.213750,-2560.035000,1,61.01
1.110000,0.925710,40,1000000,300000,49,4.18803419e-6,1.63333333e-4,-0.092500,-391.827500,1,48.14
1.070000,0.949590,40,1000000,300000,1162,9.93162393e-5,3.87333333e-3,-0.032500,-218.700000,1,47.95
0.690000,0.895190,40,1000000,300000,9174,7.84102564e-4,3.05800000e-2,0.006250,-794.860000,1,48.05
0.870000,0.991830,40,1000000,300000,4404,3.76410256e-4,1.46800000e-2,0.086250,-12.727500,1,44.01
1.070000,0.985590,40,1000000,300000,1350,1.15384615e-4,4.50000000e-3,0.046250,-29.035000,1,47.40
0.590000,0.894640,40,1000000,300000,16698,1.42717949e-3,5.56600000e-2,0.083750,-876.865000,1,50.24
1.110000,0.927710,40,1000000,300000,-32,-2.73504274e-6,-1.06666667e-4,-0.061250,-347.962500,0,48.16
1.070000,0.951590,40,1000000,300000,578,4.94017094e-5,1.92666667e-3,-0.210000,-188.935000,1,47.69
0.690000,0.897190,40,1000000,300000,7822,6.68547009e-4,2.60733333e-2,0.258750,-744.702500,1,47.54
0.870000,0.993830,40,1000000,300000,4328,3.69914530e-4,1.44266667e-2,-0.010000,-8.632500,1,44.15
1.070000,0.987590,40,1000000,300000,1674,1.43076923e-4,5.58000000e-3,-0.211250,-16.220000,1,46.72
0.590000,0.896640,40,1000000,300000,18929,1.61786325e-3,6.30966667e-2,0.178750,-840.140000,1,50.56
1.110000,0.929710,40,1000000,300000,-217,-1.85470085e-5,-7.23333333e-4,0.077500,-402.827500,0,47.97
1.070000,0.953590,40,1000000,300000,1248,1.06666667e-4,4.16000000e-3,-0.130000,-212.892500,1,46.73
0.690000,0.899190,40,1000000,300000,8288,7.08376068e-4,2.76266667e-2,0.003750,-780.515000,1,46.81
0.870000,0.995830,40,1000000,300000,3429,2.93076923e-4,1.14300000e-2,-0.092500,-5.112500,1,44.22
1.070000,0.989590,40,1000000,300000,2121,1.81282051e-4,7.07000000e-3,0.010000,-2.275000,1,47.39
1.110000,0.931710,40,1000000,300000,-362,-3.09401709e-5,-1.20666667e-3,-0.065000,-322.447500,0,47.86
0.590000,0.898640,40,1000000,300000,19749,1.68794872e-3,6.58300000e-2,0.000000,-821.320000,1,50.52
1.070000,0.955590,40,1000000,300000,804,6.87179487e-5,2.68000000e-3,-0.251250,-154.900000,1,46.79
0.690000,0.901190,40,1000000,300000,7405,6.32905983e-4,2.46833333e-2,0.150000,-715.042500,1,46.49
0.870000,0.997830,40,1000000,300000,1461,1.24871795e-4,4.87000000e-3,-0.771250,-5.200000,1,40.63
1.070000,0.991590,40,1000000,300000,1936,1.65470085e-4,6.45333333e-3,0.003750,-8.590000,1,48.24
1.110000,0.933710,40,1000000,300000,727,6.21367521e-5,2.42333333e-3,0.075000,-352.405000,1,47.21
0.590000,0.900640,40,1000000,300000,16905,1.44487179e-3,5.63500000e-2,0.046250,-835.380000,1,49.34
0.870000,0.999830,40,1000000,300000,-17835,-1.52435897e-3,-5.94500000e-2,0.012500,-1.942500,0,38.09
1.070000,0.957590,40,1000000,300000,818,6.99145299e-5,2.72666667e-3,-0.056250,-143.312500,1,46.70
0.690000,0.903190,40,1000000,300000,9966,8.51794872e-4,3.32200000e-2,0.020000,-686.065000,1,45.78
1.070000,0.993590,40,1000000,300000,1071,9.15384615e-5,3.57000000e-3,-0.081250,-6.985000,1,45.03
0.870000,1.000000,40,1000000,300000,-19147,-1.63649573e-3,-6.38233333e-2,0.028750,-1.935000,0,37.11
1.110000,0.935710,40,1000000,300000,568,4.85470085e-5,1.89333333e-3,0.127500,-326.172500,1,44.29
1.070000,0.959590,40,1000000,300000,1653,1.41282051e-4,5.51000000e-3,0.113750,-132.850000,1,44.15
0.590000,0.902640,40,1000000,300000,18653,1.59427350e-3,6.21766667e-2,0.092500,-746.152500,1,48.01
0.690000,0.905190,40,1000000,300000,7998,6.83589744e-4,2.66600000e-2,-0.046250,-689.750000,1,43.43
1.070000,0.995590,40,1000000,300000,1260,1.07692308e-4,4.20000000e-3,0.057500,-9.465000,1,44.86
0.890000,0.848170,40,1000000,300000,3460,2.95726496e-4,1.15333333e-2,-0.027500,-1460.502500,1,46.17
1.110000,0.937710,40,1000000,300000,247,2.11111111e-5,8.23333333e-4,-0.047500,-331.032500,1,43.74
1.070000,0.961590,40,1000000,300000,2081,1.77863248e-4,6.93666667e-3,0.073750,-99.855000,1,43.07
0.690000,0.907190,40,1000000,300000,10915,9.32905983e-4,3.63833333e-2,-0.117500,-636.095000,1,44.11
0.590000,0.904640,40,1000000,300000,17656,1.50905983e-3,5.88533333e-2,-0.090000,-759.372500,1,47.49
1.070000,0.997590,40,1000000,300000,1247,1.06581197e-4,4.15666667e-3,-0.011250,-2.037500,1,40.90
0.890000,0.850170,40,1000000,300000,2977,2.54444444e-4,9.92333333e-3,-0.175000,-1439.280000,1,46.44
1.110000,0.939710,40,1000000,300000,812,6.94017094e-5,2.70666667e-3,0.197500,-293.912500,1,45.23
1.070000,0.963590,40,1000000,300000,2095,1.79059829e-4,6.98333333e-3,0.035000,-119.292500,1,43.86
0.690000,0.909190,40,1000000,300000,11874,1.01487179e-3,3.95800000e-2,-0.171250,-657.100000,1,43.88
0.590000,0.906640,40,1000000,300000,19013,1.62504274e-3,6.33766667e-2,0.162500,-726.557500,1,46.50
1.070000,0.999590,40,1000000,300000,-2841,-2.42820513e-4,-9.47000000e-3,-0.686250,-1.932500,0,37.07
1.070000,0.965590,40,1000000,300000,2108,1.80170940e-4,7.02666667e-3,-0.217500,-89.917500,1,41.92
1.110000,0.941710,40,1000000,300000,-327,-2.79487179e-5,-1.09000000e-3,-0.005000,-244.552500,0,44.07
0.890000,0.852170,40,1000000,300000,2094,1.78974359e-4,6.98000000e-3,0.012500,-1391.215000,1,46.14
0.690000,0.911190,40,1000000,300000,13307,1.13735043e-3,4.43566667e-2,0.062500,-591.082500,1,43.04
0.590000,0.908640,40,1000000,300000,16333,1.39598291e-3,5.44433333e-2,0.136250,-749.462500,1,588.21
1.070000,1.000000,40,1000000,300000,-1978,-1.69059829e-4,-6.59333333e-3,0.006250,-1.940000,0,578.26
1.070000,0.967590,40,1000000,300000,2487,2.12564103e-4,8.29000000e-3,-0.148750,-95.450000,1,585.72
1.110000,0.943710,40,1000000,300000,-149,-1.27350427e-5,-4.96666667e-4,0.177500,-249.397500,0,587.12
0.890000,0.854170,40,1000000,300000,1013,8.65811966e-5,3.37666667e-3,-0.337500,-1480.912500,1,588.82
0.690000,0.913190,40,1000000,300000,10996,9.39829060e-4,3.66533333e-2,0.075000,-579.967500,1,586.86
0.590000,0.910640,40,1000000,300000,13622,1.16427350e-3,4.54066667e-2,-0.230000,-663.860000,1,48.80
1.090000,0.849660,40,1000000,300000,1442,1.23247863e-4,4.80666667e-3,0.131250,-1405.645000,1,46.67
1.070000,0.969590,40,1000000,300000,1938,1.65641026e-4,6.46000000e-3,0.057500,-87.337500,1,44.25
1.110000,0.945710,40,1000000,300000,1009,8.62393162e-5,3.36333333e-3,0.282500,-237.330000,1,45.34
0.690000,0.915190,40,1000000,300000,13752,1.17538462e-3,4.58400000e-2,-0.035000,-609.077500,1,44.19
0.890000,0.856170,40,1000000,300000,-4153,-3.54957265e-4,-1.38433333e-2,0.570000,-1312.872500,0,45.97
0.590000,0.912640,40,1000000,300000,14275,1.22008547e-3,4.75833333e-2,-0.132500,-682.450000,1,48.42
1.090000,0.851660,40,1000000,300000,1474,1.25982906e-4,4.91333333e-3,-0.016250,-1333.647500,1,46.72
1.070000,0.971590,40,1000000,300000,1763,1.50683761e-4,5.87666667e-3,-0.031250,-50.082500,1,44.34
1.110000,0.947710,40,1000000,300000,653,5.58119658e-5,2.17666667e-3,-0.272500,-219.990000,1,45.20
0.690000,0.917190,40,1000000,300000,11437,9.77521368e-4,3.81233333e-2,-0.068750,-578.442500,1,44.35
0.890000,0.858170,40,1000000,300000,928,7.93162393e-5,3.09333333e-3,-0.208750,-1298.105000,1,46.94
0.590000,0.914640,40,1000000,300000,18907,1.61598291e-3,6.30233333e-2,0.061250,-681.667500,1,47.44
1.090000,0.853660,40,1000000,300000,1787,1.52735043e-4,5.95666667e-3,0.145000,-1444.505000,1,46.44
1.070000,0.973590,40,1000000,300000,1761,1.50512821e-4,5.87000000e-3,0.025000,-68.512500,1,43.06
1.110000,0.949710,40,1000000,300000,922,7.88034188e-5,3.07333333e-3,0.163750,-195.937500,1,43.80
0.690000,0.919190,40,1000000,300000,12648,1.08102564e-3,4.21600000e-2,0.036250,-529.230000,1,43.87
0.890000,0.860170,40,1000000,300000,847,7.23931624e-5,2.82333333e-3,0.058750,-1236.262500,1,46.22
0.590000,0.916640,40,1000000,300000,20573,1.75837607e-3,6.85766667e-2,-0.073750,-623.275000,1,47.28
1.090000,0.855660,40,1000000,300000,1926,1.64615385e-4,6.42000000e-3,0.140000,-1344.410000,1,46.21
1.070000,0.975590,40,1000000,300000,1897,1.62136752e-4,6.32333333e-3,-0.003750,-75.047500,1,43.62
1.110000,0.951710,40,1000000,300000,353,3.01709402e-5,1.17666667e-3,0.197500,-166.210000,1,44.15
0.690000,0.921190,40,1000000,300000,12157,1.03905983e-3,4.05233333e-2,-0.160000,-434.262500,1,43.18
0.890000,0.862170,40,1000000,300000,2518,2.15213675e-4,8.39333333e-3,0.190000,-1224.035000,1,46.88
1.090000,0.857660,40,1000000,300000,2694,2.30256410e-4,8.98000000e-3,0.047500,-1276.070000,1,45.65
0.590000,0.918640,40,1000000,300000,18917,1.61683761e-3,6.30566667e-2,0.011250,-602.315000,1,47.44
1.070000,0.977590,40,1000000,300000,1688,1.44273504e-4,5.62666667e-3,-0.045000,-54.075000,1,44.01
1.110000,0.953710,40,1000000,300000,1136,9.70940171e-5,3.78666667e-3,-0.108750,-167.220000,1,44.94
0.690000,0.923190,40,1000000,300000,12238,1.04598291e-3,4.07933333e-2,0.061250,-501.790000,1,44.45
0.890000,0.864170,40,1000000,300000,2771,2.36837607e-4,9.23666667e-3,0.010000,-1174.472500,1,47.04
1.090000,0.859660,40,1000000,300000,2004,1.71282051e-4,6.68000000e-3,0.166250,-1236.242500,1,46.88
0.590000,0.920640,40,1000000,300000,17751,1.51717949e-3,5.91700000e-2,0.027500,-607.800000,1,48.72
1.070000,0.979590,40,1000000,300000,2085,1.78205128e-4,6.95000000e-3,0.003750,-38.917500,1,9425.30
1.110000,0.955710,40,1000000,300000,474,4.05128205e-5,1.58000000e-3,0.106250,-197.405000,1,9428.02
0.690000,0.925190,40,1000000,300000,14563,1.24470085e-3,4.85433333e-2,0.047500,-459.135000,1,9427.03
0.890000,0.866170,40,1000000,300000,1029,8.79487179e-5,3.43000000e-3,0.093750,-1155.327500,1,9432.24
1.090000,0.861660,40,1000000,300000,1480,1.26495726e-4,4.93333333e-3,-0.057500,-1248.312500,1,9429.47
0.590000,0.922640,40,1000000,300000,21406,1.82957265e-3,7.13533333e-2,-0.183750,-546.482500,1,9433.09
1.070000,0.981590,40,1000000,300000,2011,1.71880342e-4,6.70333333e-3,-0.070000,-42.180000,1,47.14
1.110000,0.957710,40,1000000,300000,1099,9.39316239e-5,3.66333333e-3,-0.052500,-153.292500,1,45.60
0.690000,0.927190,40,1000000,300000,13526,1.15606838e-3,4.50866667e-2,0.106250,-493.700000,1,44.96
0.890000,0.868170,40,1000000,300000,-248,-2.11965812e-5,-8.26666667e-4,-0.132500,-1128.085000,0,49.15
1.090000,0.863660,40,1000000,300000,1903,1.62649573e-4,6.34333333e-3,0.041250,-1187.737500,1,45.74
1.070000,0.983590,40,1000000,300000,1641,1.40256410e-4,5.47000000e-3,0.116250,-15.632500,1,42.94
0.590000,0.924640,40,1000000,300000,18115,1.54829060e-3,6.03833333e-2,0.102500,-548.667500,1,46.74
0.690000,0.929190,40,1000000,300000,11719,1.00162393e-3,3.90633333e-2,-0.081250,-404.142500,1,43.31
1.110000,0.959710,40,1000000,300000,1280,1.09401709e-4,4.26666667e-3,0.106250,-111.195000,1,44.35
0.890000,0.870170,40,1000000,300000,1254,1.07179487e-4,4.18000000e-3,-0.387500,-1147.310000,1,47.38
1.090000,0.865660,40,1000000,300000,1230,1.05128205e-4,4.10000000e-3,0.092500,-1142.152500,1,44.29
0.910000,0.900460,40,1000000,300000,445,3.80341880e-5,1.48333333e-3,-0.166250,-696.267500,1,44.11
0.590000,0.926640,40,1000000,300000,11424,9.76410256e-4,3.80800000e-2,0.113750,-534.537500,1,46.43
0.690000,0.931190,40,1000000,300000,12044,1.02940171e-3,4.01466667e-2,0.027500,-391.437500,1,43.74
1.110000,0.961710,40,1000000,300000,977,8.35042735e-5,3.25666667e-3,-0.006250,-139.170000,1,44.04
0.890000,0.872170,40,1000000,300000,-2199,-1.87948718e-4,-7.33000000e-3,0.091250,-1030.205000,0,45.52
1.090000,0.867660,40,1000000,300000,629,5.37606838e-5,2.09666667e-3,-0.030000,-1195.557500,1,45.44
0.910000,0.902460,40,1000000,300000,1205,1.02991453e-4,4.01666667e-3,0.011250,-738.912500,1,44.67
0.690000,0.933190,40,1000000,300000,14877,1.27153846e-3,4.95900000e-2,0.041250,-377.755000,1,41.92
1.110000,0.963710,40,1000000,300000,1044,8.92307692e-5,3.48000000e-3,0.005000,-140.862500,1,43.10
0.590000,0.928640,40,1000000,300000,18867,1.61256410e-3,6.28900000e-2,-0.088750,-493.635000,1,46.74
0.890000,0.874170,40,1000000,300000,-661,-5.64957265e-5,-2.20333333e-3,0.107500,-1074.050000,0,45.49
1.090000,0.869660,40,1000000,300000,1857,1.58717949e-4,6.19000000e-3,0.020000,-1086.957500,1,44.41
0.910000,0.904460,40,1000000,300000,997,8.52136752e-5,3.32333333e-3,0.047500,-663.620000,1,44.34
0.690000,0.935190,40,1000000,300000,15930,1.36153846e-3,5.31000000e-2,-0.055000,-334.560000,1,42.03
1.110000,0.965710,40,1000000,300000,1484,1.26837607e-4,4.94666667e-3,0.022500,-109.670000,1,43.34
0.590000,0.930640,40,1000000,300000,21765,1.86025641e-3,7.25500000e-2,0.028750,-446.285000,1,46.05
0.890000,0.876170,40,1000000,300000,-170,-1.45299145e-5,-5.66666667e-4,0.245000,-1081.967500,0,44.85
1.090000,0.871660,40,1000000,300000,1259,1.07606838e-4,4.19666667e-3,-0.022500,-1010.740000,1,45.15
0.910000,0.906460,40,1000000,300000,204,1.74358974e-5,6.80000000e-4,-0.613750,-617.140000,1,43.13
0.690000,0.937190,40,1000000,300000,15052,1.28649573e-3,5.01733333e-2,0.002500,-370.535000,1,42.14
1.110000,0.967710,40,1000000,300000,1718,1.46837607e-4,5.72666667e-3,0.063750,-86.210000,1,43.02
0.590000,0.932640,40,1000000,300000,18042,1.54205128e-3,6.01400000e-2,0.005000,-441.255000,1,45.66
0.890000,0.878170,40,1000000,300000,257,2.19658120e-5,8.56666667e-4,-0.060000,-998.670000,1,46.59
0.690000,0.939190,40,1000000,300000,13262,1.13350427e-3,4.42066667e-2,0.025000,-340.427500,1,43.65
0.910000,0.908460,40,1000000,300000,32,2.73504274e-6,1.06666667e-4,-0.062500,-583.825000,1,45.25
1.090000,0.873660,40,1000000,300000,553,4.72649573e-5,1.84333333e-3,0.008750,-1020.062500,1,46.95
1.110000,0.969710,40,1000000,300000,1232,1.05299145e-4,4.10666667e-3,-0.013750,-71.140000,1,44.66
0.590000,0.934640,40,1000000,300000,15597,1.33307692e-3,5.19900000e-2,0.051250,-436.112500,1,48.76
0.890000,0.880170,40,1000000,300000,445,3.80341880e-5,1.48333333e-3,-0.053750,-926.440000,1,46.86
0.690000,0.941190,40,1000000,300000,12707,1.08606838e-3,4.23566667e-2,-0.101250,-319.357500,1,43.68
0.910000,0.910460,40,1000000,300000,-249,-2.12820513e-5,-8.30000000e-4,0.056250,-610.385000,0,44.90
1.090000,0.875660,40,1000000,300000,1281,1.09487179e-4,4.27000000e-3,0.017500,-951.050000,1,46.21
1.110000,0.971710,40,1000000,300000,1349,1.15299145e-4,4.49666667e-3,0.002500,-72.492500,1,44.41
0.590000,0.936640,40,1000000,300000,20043,1.71307692e-3,6.68100000e-2,-0.027500,-425.912500,1,47.75
0.890000,0.882170,40,1000000,300000,-2985,-2.55128205e-4,-9.95000000e-3,-0.690000,-956.360000,0,44.69
0.690000,0.943190,40,1000000,300000,16960,1.44957265e-3,5.65333333e-2,-0.041250,-288.395000,1,42.97
0.910000,0.912460,40,1000000,300000,627,5.35897436e-5,2.09000000e-3,0.325000,-534.042500,1,44.27
1.090000,0.877660,40,1000000,300000,1043,8.91452991e-5,3.47666667e-3,0.128750,-1057.157500,1,45.43
1.110000,0.973710,40,1000000,300000,1380,1.17948718e-4,4.60000000e-3,0.188750,-70.562500,1,43.64
0.590000,0.938640,40,1000000,300000,14355,1.22692308e-3,4.78500000e-2,-0.108750,-415.037500,1,46.01
0.690000,0.945190,40,1000000,300000,19120,1.63418803e-3,6.37333333e-2,0.010000,-268.450000,1,42.95
0.890000,0.884170,40,1000000,300000,500,4.27350427e-5,1.66666667e-3,0.007500,-920.747500,1,45.88
0.910000,0.914460,40,1000000,300000,955,8.16239316e-5,3.18333333e-3,0.062500,-504.800000,1,44.08
1.110000,0.975710,40,1000000,300000,1248,1.06666667e-4,4.16000000e-3,-0.027500,-34.427500,1,44.23
1.090000,0.879660,40,1000000,300000,951,8.12820513e-5,3.17000000e-3,-0.011250,-1011.440000,1,45.59
0.590000,0.940640,40,1000000,300000,15591,1.33256410e-3,5.19700000e-2,0.172500,-418.917500,1,46.72
0.690000,0.947190,40,1000000,300000,17296,1.47829060e-3,5.76533333e-2,-0.071250,-262.030000,1,43.69
0.890000,0.886170,40,1000000,300000,924,7.89743590e-5,3.08000000e-3,0.212500,-884.685000,1,44.96
0.910000,0.916460,40,1000000,300000,993,8.48717949e-5,3.31000000e-3,-0.172500,-497.697500,1,44.69
1.110000,0.977710,40,1000000,300000,1145,9.78632479e-5,3.81666667e-3,0.103750,-27.530000,1,42.61
1.090000,0.881660,40,1000000,300000,1149,9.82051282e-5,3.83000000e-3,-0.173750,-955.575000,1,45.24
0.590000,0.942640,40,1000000,300000,18842,1.61042735e-3,6.28066667e-2,-0.235000,-349.897500,1,46.78
0.690000,0.949190,40,1000000,300000,15326,1.30991453e-3,5.10866667e-2,-0.065000,-249.242500,1,43.30
0.910000,0.918460,40,1000000,300000,1994,1.70427350e-4,6.64666667e-3,0.088750,-466.077500,1,42.39
0.890000,0.888170,40,1000000,300000,-845,-7.22222222e-5,-2.81666667e-3,-0.136250,-874.867500,0,45.44
1.110000,0.979710,40,1000000,300000,870,7.43589744e-5,2.90000000e-3,-0.066250,-40.755000,1,44.01
1.090000,0.883660,40,1000000,300000,873,7.46153846e-5,2.91000000e-3,0.077500,-911.227500,1,45.98
0.590000,0.944640,40,1000000,300000,19491,1.66589744e-3,6.49700000e-2,-0.177500,-347.852500,1,47.96
0.690000,0.951190,40,1000000,300000,14292,1.22153846e-3,4.76400000e-2,-0.026250,-220.037500,1,44.20
0.910000,0.920460,40,1000000,300000,2832,2.42051282e-4,9.44000000e-3,-0.180000,-483.827500,1,43.00
0.890000,0.890170,40,1000000,300000,-100,-8.54700855e-6,-3.33333333e-4,0.030000,-800.565000,0,46.74
1.110000,0.981710,40,1000000,300000,1326,1.13333333e-4,4.42000000e-3,0.050000,-42.490000,1,44.58
1.090000,0.885660,40,1000000,300000,-15,-1.28205128e-6,-5.00000000e-5,0.050000,-877.450000,0,46.05
0.590000,0.946640,40,1000000,300000,16750,1.43162393e-3,5.58333333e-2,0.097500,-299.985000,1,45.62
0.690000,0.953190,40,1000000,300000,14296,1.22188034e-3,4.76533333e-2,0.053750,-206.802500,1,43.34
0.910000,0.922460,40,1000000,300000,1251,1.06923077e-4,4.17000000e-3,0.421250,-472.975000,1,43.06
1.110000,0.983710,40,1000000,300000,1146,9.79487179e-5,3.82000000e-3,-0.011250,-15.010000,1,44.25
0.890000,0.892170,40,1000000,300000,206,1.76068376e-5,6.86666667e-4,0.073750,-803.682500,1,45.15
1.090000,0.887660,40,1000000,300000,1159,9.90598291e-5,3.86333333e-3,-0.062500,-894.250000,1,45.36
0.590000,0.948640,40,1000000,300000,19342,1.65316239e-3,6.44733333e-2,0.097500,-318.225000,1,46.42
0.690000,0.955190,40,1000000,300000,19067,1.62965812e-3,6.35566667e-2,-0.033750,-205.900000,1,42.71
0.910000,0.924460,40,1000000,300000,2518,2.15213675e-4,8.39333333e-3,0.232500,-483.087500,1,43.57
1.110000,0.985710,40,1000000,300000,1059,9.05128205e-5,3.53000000e-3,-0.071250,-26.827500,1,44.00
0.890000,0.894170,40,1000000,300000,-810,-6.92307692e-5,-2.70000000e-3,-0.095000,-865.060000,0,44.80
1.090000,0.889660,40,1000000,300000,1326,1.13333333e-4,4.42000000e-3,-0.045000,-875.665000,1,44.44
0.690000,0.957190,40,1000000,300000,15787,1.34931624e-3,5.26233333e-2,0.116250,-184.045000,1,41.97
0.590000,0.950640,40,1000000,300000,16139,1.37940171e-3,5.37966667e-2,0.042500,-285.232500,1,46.61
0.910000,0.926460,40,1000000,300000,1345,1.14957265e-4,4.48333333e-3,0.207500,-436.050000,1,41.40
1.110000,0.987710,40,1000000,300000,1228,1.04957265e-4,4.09333333e-3,-0.070000,-26.625000,1,42.82
0.890000,0.896170,40,1000000,300000,523,4.47008547e-5,1.74333333e-3,-0.127500,-796.027500,1,45.02
1.090000,0.891660,40,1000000,300000,-576,-4.92307692e-5,-1.92000000e-3,-0.003750,-810.215000,0,45.46
0.690000,0.959190,40,1000000,300000,13055,1.11581197e-3,4.35166667e-2,0.156250,-174.065000,1,43.37
0.910000,0.928460,40,1000000,300000,3583,3.06239316e-4,1.19433333e-2,-0.031250,-410.810000,1,41.17
0.590000,0.952640,40,1000000,300000,19338,1.65282051e-3,6.44600000e-2,-0.012500,-268.035000,1,45.51
1.110000,0.989710,40,1000000,300000,1381,1.18034188e-4,4.60333333e-3,0.158750,-10.500000,1,39.80
0.890000,0.898170,40,1000000,300000,793,6.77777778e-5,2.64333333e-3,0.103750,-681.130000,1,40.55
1.090000,0.893660,40,1000000,300000,842,7.19658120e-5,2.80666667e-3,-0.026250,-797.232500,1,37.18
0.690000,0.961190,40,1000000,300000,14581,1.24623932e-3,4.86033333e-2,-0.158750,-172.035000,1,29.16
0.910000,0.930460,40,1000000,300000,3400,2.90598291e-4,1.13333333e-2,0.210000,-376.980000,1,28.48
0.590000,0.954640,40,1000000,300000,19528,1.66905983e-3,6.50933333e-2,0.050000,-249.162500,1,31.27
1.110000,0.991710,40,1000000,300000,1028,8.78632479e-5,3.42666667e-3,-0.165000,-7.542500,1,28.91
0.890000,0.900170,40,1000000,300000,299,2.55555556e-5,9.96666667e-4,-0.105000,-677.977500,1,29.54
1.090000,0.895660,40,1000000,300000,814,6.95726496e-5,2.71333333e-3,0.090000,-725.620000,1,28.38
0.910000,0.932460,40,1000000,300000,3899,3.33247863e-4,1.29966667e-2,-0.145000,-313.065000,1,25.93
0.690000,0.963190,40,1000000,300000,11552,9.87350427e-4,3.85066667e-2,-0.077500,-145.292500,1,26.61
0.590000,0.956640,40,1000000,300000,13688,1.16991453e-3,4.56266667e-2,0.036250,-256.882500,1,28.63
1.110000,0.993710,40,1000000,300000,1388,1.18632479e-4,4.62666667e-3,0.043750,-4.722500,1,26.41
0.890000,0.902170,40,1000000,300000,702,6.00000000e-5,2.34000000e-3,0.481250,-727.157500,1,27.10
1.090000,0.897660,40,1000000,300000,124,1.05982906e-5,4.13333333e-4,-0.120000,-819.272500,1,26.62
0.910000,0.934460,40,1000000,300000,2317,1.98034188e-4,7.72333333e-3,-0.056250,-336.092500,1,25.88
0.690000,0.965190,40,1000000,300000,14264,1.21914530e-3,4.75466667e-2,0.017500,-138.330000,1,26.42
1.110000,0.995710,40,1000000,300000,1060,9.05982906e-5,3.53333333e-3,-0.263750,-3.015000,1,24.86
0.590000,0.958640,40,1000000,300000,18930,1.61794872e-3,6.31000000e-2,0.283750,-230.747500,1,28.46
0.890000,0.904170,40,1000000,300000,101,8.63247863e-6,3.36666667e-4,0.038750,-656.770000,1,27.37
1.090000,0.899660,40,1000000,300000,38,3.24786325e-6,1.26666667e-4,0.032500,-676.422500,1,26.85
0.910000,0.936460,40,1000000,300000,4044,3.45641026e-4,1.34800000e-2,-0.046250,-336.940000,1,25.64
0.690000,0.967190,40,1000000,300000,15534,1.32769231e-3,5.17800000e-2,0.187500,-129.837500,1,26.63
1.110000,0.997710,40,1000000,300000,983,8.40170940e-5,3.27666667e-3,-0.055000,-1.990000,1,23.91
0.590000,0.960640,40,1000000,300000,17197,1.46982906e-3,5.73233333e-2,-0.181250,-232.800000,1,28.76
0.890000,0.906170,40,1000000,300000,316,2.70085470e-5,1.05333333e-3,-0.300000,-676.057500,1,27.64
1.090000,0.901660,40,1000000,300000,797,6.81196581e-5,2.65666667e-3,0.061250,-724.430000,1,26.92
0.910000,0.938460,40,1000000,300000,4286,3.66324786e-4,1.42866667e-2,-0.125000,-309.210000,1,25.72
1.110000,0.999710,40,1000000,300000,-1784,-1.52478632e-4,-5.94666667e-3,-0.298750,-1.950000,0,21.37
0.690000,0.969190,40,1000000,300000,13091,1.11888889e-3,4.36366667e-2,-0.045000,-120.290000,1,26.30
0.590000,0.962640,40,1000000,300000,10603,9.06239316e-4,3.53433333e-2,-0.140000,-202.390000,1,28.97
0.890000,0.908170,40,1000000,300000,1868,1.59658120e-4,6.22666667e-3,-0.191250,-617.150000,1,27.40
1.090000,0.903660,40,1000000,300000,839,7.17094017e-5,2.79666667e-3,-0.137500,-677.172500,1,26.69
1.110000,1.000000,40,1000000,300000,-2562,-2.18974359e-4,-8.54000000e-3,-0.018750,-1.940000,0,21.08
0.910000,0.940460,40,1000000,300000,3614,3.08888889e-4,1.20466667e-2,-0.086250,-290.290000,1,25.83
0.690000,0.971190,40,1000000,300000,5591,4.77863248e-4,1.86366667e-2,0.010000,-103.980000,1,26.81
0.890000,0.910170,40,1000000,300000,-912,-7.79487179e-5,-3.04000000e-3,0.325000,-551.090000,0,27.61
0.590000,0.964640,40,1000000,300000,15621,1.33512821e-3,5.20700000e-2,-0.078750,-174.077500,1,29.56
1.090000,0.905660,40,1000000,300000,389,3.32478632e-5,1.29666667e-3,0.016250,-685.915000,1,27.28
1.130000,0.849750,40,1000000,300000,2359,2.01623932e-4,7.86333333e-3,-0.067500,-1381.670000,1,27.71
0.910000,0.942460,40,1000000,300000,3594,3.07179487e-4,1.19800000e-2,0.053750,-257.037500,1,25.58
0.690000,0.973190,40,1000000,300000,14676,1.25435897e-3,4.89200000e-2,-0.133750,-94.815000,1,26.62
0.890000,0.912170,40,1000000,300000,727,6.21367521e-5,2.42333333e-3,0.303750,-534.407500,1,25.88
1.090000,0.907660,40,1000000,300000,-315,-2.69230769e-5,-1.05000000e-3,0.037500,-495.177500,0,26.78
0.590000,0.966640,40,1000000,300000,12013,1.02675214e-3,4.00433333e-2,0.048750,-171.022500,1,28.93
0.910000,0.944460,40,1000000,300000,5556,4.74871795e-4,1.85200000e-2,0.243750,-239.587500,1,25.17
1.130000,0.851750,40,1000000,300000,2744,2.34529915e-4,9.14666667e-3,0.133750,-1414.815000,1,27.29
0.690000,0.975190,40,1000000,300000,12413,1.06094017e-3,4.13766667e-2,0.043750,-89.545000,1,26.45
0.890000,0.914170,40,1000000,300000,1138,9.72649573e-5,3.79333333e-3,-0.290000,-544.785000,1,27.11
1.090000,0.909660,40,1000000,300000,872,7.45299145e-5,2.90666667e-3,-0.057500,-522.027500,1,27.11
0.910000,0.946460,40,1000000,300000,5109,4.36666667e-4,1.70300000e-2,0.098750,-226.517500,1,25.41
0.590000,0.968640,40,1000000,300000,8430,7.20512821e-4,2.81000000e-2,0.260000,-142.160000,1,28.75
1.130000,0.853750,40,1000000,300000,2091,1.78717949e-4,6.97000000e-3,0.133750,-1345.570000,1,27.16
0.690000,0.977190,40,1000000,300000,11615,9.92735043e-4,3.87166667e-2,-0.083750,-83.642500,1,26.37
0.890000,0.916170,40,1000000,300000,1797,1.53589744e-4,5.99000000e-3,0.002500,-559.662500,1,27.36
1.090000,0.911660,40,1000000,300000,-317,-2.70940171e-5,-1.05666667e-3,0.045000,-569.510000,0,26.75
0.910000,0.948460,40,1000000,300000,3174,2.71282051e-4,1.05800000e-2,-0.262500,-216.885000,1,25.46
1.130000,0.855750,40,1000000,300000,1869,1.59743590e-4,6.23000000e-3,-0.102500,-1364.057500,1,27.57
0.590000,0.970640,40,1000000,300000,11167,9.54444444e-4,3.72233333e-2,0.182500,-138.307500,1,29.72
0.690000,0.979190,40,1000000,300000,7770,6.64102564e-4,2.59000000e-2,-0.091250,-72.517500,1,26.86
0.890000,0.918170,40,1000000,300000,2092,1.78803419e-4,6.97333333e-3,0.100000,-508.230000,1,25.70
0.910000,0.950460,40,1000000,300000,3248,2.77606838e-4,1.08266667e-2,-0.245000,-154.117500,1,25.77
1.090000,0.913660,40,1000000,300000,844,7.21367521e-5,2.81333333e-3,0.072500,-518.925000,1,27.60
1.130000,0.857750,40,1000000,300000,1287,1.10000000e-4,4.29000000e-3,0.166250,-1325.942500,1,27.34
0.690000,0.981190,40,1000000,300000,9497,8.11709402e-4,3.16566667e-2,0.067500,-70.687500,1,27.08
0.590000,0.972640,40,1000000,300000,14143,1.20880342e-3,4.71433333e-2,0.085000,-120.562500,1,30.44
0.910000,0.952460,40,1000000,300000,4010,3.42735043e-4,1.33666667e-2,-0.052500,-174.170000,1,26.33
0.890000,0.920170,40,1000000,300000,1937,1.65555556e-4,6.45666667e-3,0.035000,-527.512500,1,27.85
1.090000,0.915660,40,1000000,300000,-688,-5.88034188e-5,-2.29333333e-3,0.138750,-510.345000,0,28.02
1.130000,0.859750,40,1000000,300000,1795,1.53418803e-4,5.98333333e-3,0.006250,-1282.772500,1,28.22
0.690000,0.983190,40,1000000,300000,5333,4.55811966e-4,1.77766667e-2,-0.007500,-55.195000,1,27.37
0.590000,0.974640,40,1000000,300000,6992,5.97606838e-4,2.33066667e-2,-0.002500,-118.795000,1,29.67
0.910000,0.954460,40,1000000,300000,4486,3.83418803e-4,1.49533333e-2,-0.201250,-148.290000,1,25.92
0.890000,0.922170,40,1000000,300000,175,1.49572650e-5,5.83333333e-4,0.332500,-452.745000,1,27.12
1.090000,0.917660,40,1000000,300000,-325,-2.77777778e-5,-1.08333333e-3,-0.040000,-493.190000,0,27.21
1.130000,0.861750,40,1000000,300000,1608,1.37435897e-4,5.36000000e-3,-0.176250,-1251.107500,1,27.64
0.690000,0.985190,40,1000000,300000,4187,3.57863248e-4,1.39566667e-2,-0.098750,-41.572500,1,26.84
0.590000,0.976640,40,1000000,300000,26574,2.27128205e-3,8.85800000e-2,0.767500,-67.577500,1,26.26
0.910000,0.956460,40,1000000,300000,5829,4.98205128e-4,1.94300000e-2,-0.053750,-139.190000,1,25.78
0.890000,0.924170,40,1000000,300000,962,8.22222222e-5,3.20666667e-3,0.125000,-410.212500,1,29.42
1.090000,0.919660,40,1000000,300000,-89,-7.60683761e-6,-2.96666667e-4,-0.277500,-449.362500,0,27.77
1.130000,0.863750,40,1000000,300000,2081,1.77863248e-4,6.93666667e-3,0.095000,-1223.670000,1,27.69
0.690000,0.987190,40,1000000,300000,7848,6.70769231e-4,2.61600000e-2,0.073750,-34.620000,1,27.33
0.590000,0.978640,40,1000000,300000,14959,1.27854701e-3,4.98633333e-2,-0.635000,-63.265000,1,26.65
0.910000,0.958460,40,1000000,300000,7032,6.01025641e-4,2.34400000e-2,-0.146250,-163.482500,1,25.63
0.890000,0.926170,40,1000000,300000,2846,2.43247863e-4,9.48666667e-3,-0.216250,-430.585000,1,26.64
1.090000,0.921660,40,1000000,300000,122,1.04273504e-5,4.06666667e-4,0.042500,-470.050000,1,27.20
0.690000,0.989190,40,1000000,300000,14773,1.26264957e-3,4.92433333e-2,0.803750,-18.817500,1,24.36
1.130000,0.865750,40,1000000,300000,547,4.67521368e-5,1.82333333e-3,0.045000,-1165.365000,1,27.54
0.590000,0.980640,40,1000000,300000,-13527,-1.15615385e-3,-4.50900000e-2,-0.690000,-49.580000,0,26.07
0.910000,0.960460,40,1000000,300000,4905,4.19230769e-4,1.63500000e-2,0.018750,-128.890000,1,26.28
0.890000,0.928170,40,1000000,300000,3718,3.17777778e-4,1.23933333e-2,-0.145000,-336.010000,1,26.08
1.090000,0.923660,40,1000000,300000,-478,-4.08547009e-5,-1.59333333e-3,0.181250,-415.335000,0,27.28
0.690000,0.991190,40,1000000,300000,-4250,-3.63247863e-4,-1.41666667e-2,0.820000,-15.862500,0,23.91
0.590000,1.000000,40,1000000,300000,-193663,-1.65523932e-2,-6.45543333e-1,0.023750,-1.942500,0,23.94
1.130000,0.867750,40,1000000,300000,1787,1.52735043e-4,5.95666667e-3,-0.156250,-1188.120000,1,27.38
0.910000,0.962460,40,1000000,300000,5552,4.74529915e-4,1.85066667e-2,-0.100000,-115.240000,1,25.98
0.890000,0.930170,40,1000000,300000,4070,3.47863248e-4,1.35666667e-2,0.210000,-330.582500,1,26.14
0.690000,0.993190,40,1000000,300000,-15405,-1.31666667e-3,-5.13500000e-2,0.082500,-10.295000,0,23.68
1.090000,0.925660,40,1000000,300000,394,3.36752137e-5,1.31333333e-3,-0.078750,-431.840000,1,27.44
1.130000,0.869750,40,1000000,300000,1249,1.06752137e-4,4.16333333e-3,0.267500,-1107.020000,1,27.71
0.610000,0.826230,40,1000000,300000,-1738,-1.48547009e-4,-5.79333333e-3,-0.518750,-1826.475000,0,29.37
0.910000,0.964460,40,1000000,300000,6004,5.13162393e-4,2.00133333e-2,0.026250,-100.672500,1,25.35
0.690000,0.995190,40,1000000,300000,-31587,-2.69974359e-3,-1.05290000e-1,0.025000,-5.667500,0,23.92
0.890000,0.932170,40,1000000,300000,4786,4.09059829e-4,1.59533333e-2,-0.165000,-344.995000,1,26.11
1.090000,0.927660,40,1000000,300000,-168,-1.43589744e-5,-5.60000000e-4,-0.033750,-401.500000,0,27.41
1.130000,0.871750,40,1000000,300000,884,7.55555556e-5,2.94666667e-3,0.022500,-1140.490000,1,28.25
0.610000,0.828230,40,1000000,300000,539,4.60683761e-5,1.79666667e-3,-0.222500,-1827.305000,1,29.63
0.910000,0.966460,40,1000000,300000,5682,4.85641026e-4,1.89400000e-2,0.123750,-80.595000,1,25.96
0.690000,0.997190,40,1000000,300000,-63152,-5.39760684e-3,-2.10506667e-1,-0.168750,-4.952500,0,24.02
0.890000,0.934170,40,1000000,300000,4796,4.09914530e-4,1.59866667e-2,0.168750,-330.145000,1,26.31
1.090000,0.929660,40,1000000,300000,175,1.49572650e-5,5.83333333e-4,-0.023750,-394.195000,1,27.37
1.130000,0.873750,40,1000000,300000,1403,1.19914530e-4,4.67666667e-3,0.027500,-1000.522500,1,27.48
0.610000,0.830230,40,1000000,300000,-5324,-4.55042735e-4,-1.77466667e-2,-0.597500,-1764.497500,0,29.70
0.910000,0.968460,40,1000000,300000,3914,3.34529915e-4,1.30466667e-2,-0.087500,-78.032500,1,26.41
0.690000,0.999190,40,1000000,300000,-72502,-6.19675214e-3,-2.41673333e-1,0.031250,-2.050000,0,23.52
0.890000,0.936170,40,1000000,300000,4292,3.66837607e-4,1.43066667e-2,-0.093750,-322.090000,1,26.19
1.090000,0.931660,40,1000000,300000,818,6.99145299e-5,2.72666667e-3,0.226250,-335.547500,1,27.91
1.130000,0.875750,40,1000000,300000,1250,1.06837607e-4,4.16666667e-3,-0.058750,-1013.320000,1,27.88
0.690000,1.000000,40,1000000,300000,-87313,-7.46264957e-3,-2.91043333e-1,-0.028750,-1.927500,0,23.08
0.910000,0.970460,40,1000000,300000,4757,4.06581197e-4,1.58566667e-2,0.060000,-102.547500,1,25.34
0.610000,0.832230,40,1000000,300000,-986,-8.42735043e-5,-3.28666667e-3,-0.571250,-1795.350000,0,29.82
0.890000,0.938170,40,1000000,300000,3682,3.14700855e-4,1.22733333e-2,-0.138750,-253.850000,1,25.93
1.090000,0.933660,40,1000000,300000,863,7.37606838e-5,2.87666667e-3,-0.006250,-339.667500,1,27.87
1.130000,0.877750,40,1000000,300000,1383,1.18205128e-4,4.61000000e-3,-0.078750,-993.565000,1,27.75
0.910000,0.972460,40,1000000,300000,5889,5.03333333e-4,1.96300000e-2,0.083750,-73.222500,1,25.73
0.710000,0.841040,40,1000000,300000,-936,-8.00000000e-5,-3.12000000e-3,0.673750,-1669.580000,0,29.35
0.610000,0.834230,40,1000000,300000,-2769,-2.36666667e-4,-9.23000000e-3,0.468750,-1700.587500,0,29.57
0.890000,0.940170,40,1000000,300000,4928,4.21196581e-4,1.64266667e-2,-0.061250,-294.602500,1,26.14
1.090000,0.935660,40,1000000,300000,354,3.02564103e-5,1.18000000e-3,0.196250,-335.862500,1,27.93
0.910000,0.974460,40,1000000,300000,5794,4.95213675e-4,1.93133333e-2,-0.043750,-60.007500,1,25.84
1.130000,0.879750,40,1000000,300000,907,7.75213675e-5,3.02333333e-3,0.055000,-932.842500,1,27.57
0.710000,0.843040,40,1000000,300000,-2560,-2.18803419e-4,-8.53333333e-3,-0.667500,-1466.540000,0,30.97
0.890000,0.942170,40,1000000,300000,2470,2.11111111e-4,8.23333333e-3,0.027500,-250.812500,1,26.31
0.610000,0.836230,40,1000000,300000,-2963,-2.53247863e-4,-9.87666667e-3,0.266250,-1736.105000,0,29.75
1.090000,0.937660,40,1000000,300000,1110,9.48717949e-5,3.70000000e-3,0.377500,-331.805000,1,28.03
0.910000,0.976460,40,1000000,300000,4871,4.16324786e-4,1.62366667e-2,0.038750,-49.687500,1,25.95
1.130000,0.881750,40,1000000,300000,549,4.69230769e-5,1.83000000e-3,-0.005000,-937.387500,1,28.09
0.890000,0.944170,40,1000000,300000,5863,5.01111111e-4,1.95433333e-2,0.103750,-254.680000,1,26.16
0.710000,0.845040,40,1000000,300000,-6873,-5.87435897e-4,-2.29100000e-2,-0.643750,-1545.930000,0,29.77
0.610000,0.838230,40,1000000,300000,-6034,-5.15726496e-4,-2.01133333e-2,-0.426250,-1621.937500,0,29.62
1.090000,0.939660,40,1000000,300000,704,6.01709402e-5,2.34666667e-3,-0.188750,-319.960000,1,27.75
0.910000,0.978460,40,1000000,300000,4190,3.58119658e-4,1.39666667e-2,-0.041250,-17.805000,1,26.14
1.130000,0.883750,40,1000000,300000,589,5.03418803e-5,1.96333333e-3,-0.078750,-924.570000,1,27.92
0.890000,0.946170,40,1000000,300000,4055,3.46581197e-4,1.35166667e-2,-0.098750,-274.715000,1,25.98
0.710000,0.847040,40,1000000,300000,-7775,-6.64529915e-4,-2.59166667e-2,-0.660000,-1395.595000,0,28.31
0.610000,0.840230,40,1000000,300000,267,2.28205128e-5,8.90000000e-4,-0.518750,-1562.232500,1,29.15
1.090000,0.941660,40,1000000,300000,1282,1.09572650e-4,4.27333333e-3,0.131250,-247.517500,1,27.19
0.910000,0.980460,40,1000000,300000,5072,4.33504274e-4,1.69066667e-2,-0.007500,-30.062500,1,25.87
1.130000,0.885750,40,1000000,300000,1198,1.02393162e-4,3.99333333e-3,0.015000,-870.242500,1,28.12
0.890000,0.948170,40,1000000,300000,5361,4.58205128e-4,1.78700000e-2,-0.096250,-182.457500,1,26.58
0.710000,0.849040,40,1000000,300000,-4541,-3.88119658e-4,-1.51366667e-2,0.537500,-1401.312500,0,30.44
0.610000,0.842230,40,1000000,300000,1087,9.29059829e-5,3.62333333e-3,-0.541250,-1614.942500,1,29.58
0.910000,0.982460,40,1000000,300000,5597,4.78376068e-4,1.86566667e-2,0.005000,-42.207500,1,26.31
1.090000,0.943660,40,1000000,300000,673,5.75213675e-5,2.24333333e-3,-0.182500,-275.115000,1,27.56
1.130000,0.887750,40,1000000,300000,277,2.36752137e-5,9.23333333e-4,-0.056250,-829.350000,1,28.15
0.890000,0.950170,40,1000000,300000,5468,4.67350427e-4,1.82266667e-2,0.017500,-183.750000,1,26.28
0.710000,0.851040,40,1000000,300000,-4047,-3.45897436e-4,-1.34900000e-2,0.435000,-1371.712500,0,30.54
0.610000,0.844230,40,1000000,300000,-1481,-1.26581197e-4,-4.93666667e-3,-0.350000,-1588.065000,0,29.38
0.910000,0.984460,40,1000000,300000,5064,4.32820513e-4,1.68800000e-2,-0.012500,-25.810000,1,25.59
1.090000,0.945660,40,1000000,300000,843,7.20512821e-5,2.81000000e-3,-0.085000,-221.207500,1,27.22
1.130000,0.889750,40,1000000,300000,856,7.31623932e-5,2.85333333e-3,-0.006250,-796.702500,1,27.72
0.890000,0.952170,40,1000000,300000,5429,4.64017094e-4,1.80966667e-2,0.055000,-213.697500,1,27.98
0.910000,0.986460,40,1000000,300000,5237,4.47606838e-4,1.74566667e-2,0.017500,-13.702500,1,25.90
0.710000,0.853040,40,1000000,300000,-5348,-4.57094017e-4,-1.78266667e-2,-0.245000,-1387.777500,0,30.65
0.610000,0.846230,40,1000000,300000,6776,5.79145299e-4,2.25866667e-2,0.393750,-1520.470000,1,29.53
1.090000,0.947660,40,1000000,300000,732,6.25641026e-5,2.44000000e-3,-0.063750,-218.470000,1,27.90
0.890000,0.954170,40,1000000,300000,5970,5.10256410e-4,1.99000000e-2,-0.081250,-150.392500,1,26.11
1.130000,0.891750,40,1000000,300000,384,3.28205128e-5,1.28000000e-3,-0.132500,-715.015000,1,27.67
0.910000,0.988460,40,1000000,300000,4565,3.90170940e-4,1.52166667e-2,-0.038750,-21.105000,1,26.24
0.710000,0.855040,40,1000000,300000,-1833,-1.56666667e-4,-6.11000000e-3,-0.668750,-1264.240000,0,28.67
1.090000,0.949660,40,1000000,300000,1033,8.82905983e-5,3.44333333e-3,-0.177500,-206.750000,1,27.52
0.610000,0.848230,40,1000000,300000,4942,4.22393162e-4,1.64733333e-2,0.085000,-1496.242500,1,29.79
0.890000,0.956170,40,1000000,300000,7418,6.34017094e-4,2.47266667e-2,0.122500,-143.200000,1,26.12
1.130000,0.893750,40,1000000,300000,205,1.75213675e-5,6.83333333e-4,0.225000,-822.977500,1,28.24
0.910000,0.990460,40,1000000,300000,5888,5.03247863e-4,1.96266667e-2,-0.088750,-17.110000,1,25.52
1.090000,0.951660,40,1000000,300000,1520,1.29914530e-4,5.06666667e-3,-0.071250,-178.000000,1,27.18
0.610000,0.850230,40,1000000,300000,842,7.19658120e-5,2.80666667e-3,0.296250,-1474.110000,1,29.05
0.710000,0.857040,40,1000000,300000,2375,2.02991453e-4,7.91666667e-3,-0.322500,-1264.390000,1,31.12
0.890000,0.958170,40,1000000,300000,5733,4.90000000e-4,1.91100000e-2,-0.023750,-152.292500,1,26.14
1.130000,0.895750,40,1000000,300000,245,2.09401709e-5,8.16666667e-4,-0.028750,-729.100000,1,27.57
0.910000,0.992460,40,1000000,300000,2991,2.55641026e-4,9.97000000e-3,-0.108750,-10.925000,1,25.40
1.090000,0.953660,40,1000000,300000,1420,1.21367521e-4,4.73333333e-3,-0.047500,-160.800000,1,27.96
0.710000,0.859040,40,1000000,300000,-4639,-3.96495726e-4,-1.54633333e-2,-0.408750,-1378.905000,0,28.99
0.610000,0.852230,40,1000000,300000,2341,2.00085470e-4,7.80333333e-3,0.432500,-1485.202500,1,29.53
0.890000,0.960170,40,1000000,300000,5967,5.10000000e-4,1.98900000e-2,-0.101250,-133.025000,1,26.75
1.130000,0.897750,40,1000000,300000,183,1.56410256e-5,6.10000000e-4,-0.040000,-798.355000,1,27.93
0.910000,0.994460,40,1000000,300000,1994,1.70427350e-4,6.64666667e-3,0.101250,-5.052500,1,25.53
1.090000,0.955660,40,1000000,300000,-128,-1.09401709e-5,-4.26666667e-4,0.098750,-141.067500,0,27.36
0.890000,0.962170,40,1000000,300000,6237,5.33076923e-4,2.07900000e-2,0.030000,-114.952500,1,26.11
0.710000,0.861040,40,1000000,300000,-1148,-9.81196581e-5,-3.82666667e-3,-0.661250,-1272.025000,0,27.74
0.610000,0.854230,40,1000000,300000,5583,4.77179487e-4,1.86100000e-2,0.026250,-1363.592500,1,29.24
1.130000,0.899750,40,1000000,300000,453,3.87179487e-5,1.51000000e-3,-0.001250,-735.665000,1,27.93
0.910000,0.996460,40,1000000,300000,2210,1.88888889e-4,7.36666667e-3,-0.225000,-2.847500,1,25.24
1.090000,0.957660,40,1000000,300000,1635,1.39743590e-4,5.45000000e-3,-0.061250,-138.300000,1,27.46
0.890000,0.964170,40,1000000,300000,5010,4.28205128e-4,1.67000000e-2,0.093750,-100.547500,1,26.88
0.710000,0.863040,40,1000000,300000,-1623,-1.38717949e-4,-5.41000000e-3,-0.001250,-1258.052500,0,28.05
0.610000,0.856230,40,1000000,300000,3416,2.91965812e-4,1.13866667e-2,-0.316250,-1450.742500,1,29.70
0.910000,0.998460,40,1000000,300000,-5107,-4.36495726e-4,-1.70233333e-2,0.893750,-3.005000,0,22.91
1.130000,0.901750,40,1000000,300000,534,4.56410256e-5,1.78000000e-3,-0.018750,-720.245000,1,27.72
1.090000,0.959660,40,1000000,300000,1308,1.11794872e-4,4.36000000e-3,0.202500,-144.017500,1,69.57
0.890000,0.966170,40,1000000,300000,5680,4.85470085e-4,1.89333333e-2,0.115000,-104.155000,1,68.50
0.910000,1.000000,40,1000000,300000,-14572,-1.24547009e-3,-4.85733333e-2,0.011250,-1.930000,0,65.84
0.710000,0.865040,40,1000000,300000,-846,-7.23076923e-5,-2.82000000e-3,-0.500000,-1204.032500,0,71.90
0.610000,0.858230,40,1000000,300000,6471,5.53076923e-4,2.15700000e-2,-0.430000,-1408.267500,1,73.57
1.130000,0.903750,40,1000000,300000,130,1.11111111e-5,4.33333333e-4,0.015000,-577.675000,1,71.76
1.090000,0.961660,40,1000000,300000,1865,1.59401709e-4,6.21666667e-3,-0.051250,-151.292500,1,33.81
0.890000,0.968170,40,1000000,300000,5494,4.69572650e-4,1.83133333e-2,0.105000,-89.630000,1,32.63
0.930000,0.848700,40,1000000,300000,2055,1.75641026e-4,6.85000000e-3,-0.020000,-1436.127500,1,35.41
0.710000,0.867040,40,1000000,300000,-1361,-1.16324786e-4,-4.53666667e-3,0.256250,-1137.122500,0,34.21
1.130000,0.905750,40,1000000,300000,232,1.98290598e-5,7.73333333e-4,0.013750,-644.275000,1,34.55
0.610000,0.860230,40,1000000,300000,5128,4.38290598e-4,1.70933333e-2,-0.218750,-1337.055000,1,36.33
0.890000,0.970170,40,1000000,300000,5681,4.85555556e-4,1.89366667e-2,-0.021250,-91.760000,1,32.74
1.090000,0.963660,40,1000000,300000,1700,1.45299145e-4,5.66666667e-3,0.127500,-96.947500,1,34.34
0.710000,0.869040,40,1000000,300000,-2940,-2.51282051e-4,-9.80000000e-3,0.205000,-1112.527500,0,35.13
0.930000,0.850700,40,1000000,300000,281,2.40170940e-5,9.36666667e-4,-0.260000,-1405.322500,1,35.60
1.130000,0.907750,40,1000000,300000,-657,-5.61538462e-5,-2.19000000e-3,0.000000,-614.830000,0,34.70
0.610000,0.862230,40,1000000,300000,4992,4.26666667e-4,1.66400000e-2,0.140000,-1328.942500,1,36.27
0.890000,0.972170,40,1000000,300000,5991,5.12051282e-4,1.99700000e-2,0.086250,-60.442500,1,32.78
1.090000,0.965660,40,1000000,300000,2241,1.91538462e-4,7.47000000e-3,0.030000,-84.110000,1,34.02
0.710000,0.871040,40,1000000,300000,-1068,-9.12820513e-5,-3.56000000e-3,-0.336250,-1041.405000,0,34.63
0.930000,0.852700,40,1000000,300000,1955,1.67094017e-4,6.51666667e-3,0.141250,-1328.357500,1,35.21
1.130000,0.909750,40,1000000,300000,-26,-2.22222222e-6,-8.66666667e-5,0.080000,-552.587500,0,34.17
0.610000,0.864230,40,1000000,300000,4690,4.00854701e-4,1.56333333e-2,0.045000,-1254.907500,1,36.21
0.890000,0.974170,40,1000000,300000,5891,5.03504274e-4,1.96366667e-2,-0.107500,-60.532500,1,31.95
1.090000,0.967660,40,1000000,300000,1688,1.44273504e-4,5.62666667e-3,0.128750,-83.380000,1,34.06
0.710000,0.873040,40,1000000,300000,3047,2.60427350e-4,1.01566667e-2,0.193750,-1031.002500,1,34.03
0.930000,0.854700,40,1000000,300000,-4186,-3.57777778e-4,-1.39533333e-2,-0.610000,-1389.247500,0,35.12
1.130000,0.911750,40,1000000,300000,323,2.76068376e-5,1.07666667e-3,0.100000,-526.792500,1,34.20
0.610000,0.866230,40,1000000,300000,7980,6.82051282e-4,2.66000000e-2,0.067500,-1264.907500,1,35.87
0.890000,0.976170,40,1000000,300000,5599,4.78547009e-4,1.86633333e-2,0.161250,-57.147500,1,32.58
1.090000,0.969660,40,1000000,300000,1631,1.39401709e-4,5.43666667e-3,0.046250,-76.330000,1,33.69
0.710000,0.875040,40,1000000,300000,1970,1.68376068e-4,6.56666667e-3,-0.317500,-980.965000,1,34.68
0.930000,0.856700,40,1000000,300000,1328,1.13504274e-4,4.42666667e-3,0.025000,-1283.032500,1,35.29
1.130000,0.913750,40,1000000,300000,81,6.92307692e-6,2.70000000e-4,-0.001250,-516.117500,1,34.31
0.610000,0.868230,40,1000000,300000,8544,7.30256410e-4,2.84800000e-2,0.067500,-1214.962500,1,38.68
0.890000,0.978170,40,1000000,300000,6058,5.17777778e-4,2.01933333e-2,0.016250,-60.440000,1,35.70
1.090000,0.971660,40,1000000,300000,1864,1.59316239e-4,6.21333333e-3,-0.016250,-81.067500,1,39.94
0.710000,0.877040,40,1000000,300000,5900,5.04273504e-4,1.96666667e-2,-0.278750,-1015.107500,1,41.61
0.930000,0.858700,40,1000000,300000,923,7.88888889e-5,3.07666667e-3,-0.115000,-1245.435000,1,44.81
1.130000,0.915750,40,1000000,300000,119,1.01709402e-5,3.96666667e-4,-0.088750,-492.902500,1,45.48
0.890000,0.980170,40,1000000,300000,5512,4.71111111e-4,1.83733333e-2,0.087500,-39.937500,1,41.37
0.610000,0.870230,40,1000000,300000,11753,1.00452991e-3,3.91766667e-2,0.061250,-1164.567500,1,46.51
1.090000,0.973660,40,1000000,300000,1821,1.55641026e-4,6.07000000e-3,0.010000,-49.590000,1,45.52
0.710000,0.879040,40,1000000,300000,-796,-6.80341880e-5,-2.65333333e-3,0.116250,-1004.020000,0,44.02
0.930000,0.860700,40,1000000,300000,-913,-7.80341880e-5,-3.04333333e-3,0.023750,-1242.012500,0,45.80
1.130000,0.917750,40,1000000,300000,276,2.35897436e-5,9.20000000e-4,-0.081250,-459.400000,1,44.94
0.890000,0.982170,40,1000000,300000,6128,5.23760684e-4,2.04266667e-2,-0.081250,-31.637500,1,41.91
0.610000,0.872230,40,1000000,300000,4045,3.45726496e-4,1.34833333e-2,0.335000,-1197.135000,1,47.21
1.090000,0.975660,40,1000000,300000,1324,1.13162393e-4,4.41333333e-3,-0.055000,-37.935000,1,45.83
0.710000,0.881040,40,1000000,300000,1748,1.49401709e-4,5.82666667e-3,0.167500,-1044.490000,1,44.70
0.930000,0.862700,40,1000000,300000,1846,1.57777778e-4,6.15333333e-3,0.030000,-1209.227500,1,45.14
1.130000,0.919750,40,1000000,300000,284,2.42735043e-5,9.46666667e-4,-0.102500,-444.030000,1,47.45
0.890000,0.984170,40,1000000,300000,5347,4.57008547e-4,1.78233333e-2,-0.036250,-32.452500,1,41.84
0.610000,0.874230,40,1000000,300000,9652,8.24957265e-4,3.21733333e-2,-0.101250,-1115.070000,1,45.73
1.090000,0.977660,40,1000000,300000,1677,1.43333333e-4,5.59000000e-3,0.042500,-29.527500,1,44.96
0.710000,0.883040,40,1000000,300000,3003,2.56666667e-4,1.00100000e-2,0.366250,-944.805000,1,45.16
0.930000,0.864700,40,1000000,300000,1598,1.36581197e-4,5.32666667e-3,-0.313750,-1211.382500,1,46.91
0.890000,0.986170,40,1000000,300000,5001,4.27435897e-4,1.66700000e-2,-0.031250,-19.460000,1,43.45
1.130000,0.921750,40,1000000,300000,-370,-3.16239316e-5,-1.23333333e-3,0.048750,-440.282500,0,46.68
0.610000,0.876230,40,1000000,300000,4435,3.79059829e-4,1.47833333e-2,-0.040000,-1124.587500,1,49.65
1.090000,0.979660,40,1000000,300000,1564,1.33675214e-4,5.21333333e-3,-0.015000,-44.110000,1,48.34
0.710000,0.885040,40,1000000,300000,3583,3.06239316e-4,1.19433333e-2,0.233750,-921.317500,1,48.58
0.890000,0.988170,40,1000000,300000,5250,4.48717949e-4,1.75000000e-2,-0.063750,-14.845000,1,45.43
0.930000,0.866700,40,1000000,300000,-134,-1.14529915e-5,-4.46666667e-4,0.362500,-1127.395000,0,48.83
1.130000,0.923750,40,1000000,300000,-648,-5.53846154e-5,-2.16000000e-3,-0.068750,-479.195000,0,48.89
0.610000,0.878230,40,1000000,300000,7923,6.77179487e-4,2.64100000e-2,0.081250,-1097.055000,1,50.63
1.090000,0.981660,40,1000000,300000,1370,1.17094017e-4,4.56666667e-3,-0.006250,-22.505000,1,48.72
0.710000,0.887040,40,1000000,300000,5623,4.80598291e-4,1.87433333e-2,0.167500,-950.192500,1,47.66
0.890000,0.990170,40,1000000,300000,4668,3.98974359e-4,1.55600000e-2,-0.061250,-9.565000,1,45.92
0.930000,0.868700,40,1000000,300000,589,5.03418803e-5,1.96333333e-3,-0.031250,-1122.650000,1,50.25
1.130000,0.925750,40,1000000,300000,-55,-4.70085470e-6,-1.83333333e-4,0.021250,-384.232500,0,48.93
0.610000,0.880230,40,1000000,300000,14934,1.27641026e-3,4.97800000e-2,-0.045000,-1026.640000,1,50.11
1.090000,0.983660,40,1000000,300000,1777,1.51880342e-4,5.92333333e-3,-0.025000,-31.730000,1,48.67
0.710000,0.889040,40,1000000,300000,7667,6.55299145e-4,2.55566667e-2,0.308750,-828.872500,1,47.83
0.890000,0.992170,40,1000000,300000,3940,3.36752137e-4,1.31333333e-2,0.175000,-12.437500,1,45.02
0.930000,0.870700,40,1000000,300000,1625,1.38888889e-4,5.41666667e-3,-0.087500,-1057.670000,1,48.73
1.130000,0.927750,40,1000000,300000,697,5.95726496e-5,2.32333333e-3,-0.177500,-428.890000,1,49.39
0.610000,0.882230,40,1000000,300000,7224,6.17435897e-4,2.40800000e-2,0.176250,-1025.510000,1,50.67
1.090000,0.985660,40,1000000,300000,1504,1.28547009e-4,5.01333333e-3,0.007500,-27.020000,1,48.88
0.710000,0.891040,40,1000000,300000,4290,3.66666667e-4,1.43000000e-2,0.260000,-843.505000,1,47.21
0.890000,0.994170,40,1000000,300000,4611,3.94102564e-4,1.53700000e-2,0.023750,-8.582500,1,44.66
0.930000,0.872700,40,1000000,300000,565,4.82905983e-5,1.88333333e-3,-0.121250,-1123.467500,1,49.22
1.130000,0.929750,40,1000000,300000,168,1.43589744e-5,5.60000000e-4,0.238750,-353.282500,1,48.56
0.610000,0.884230,40,1000000,300000,7976,6.81709402e-4,2.65866667e-2,0.213750,-1012.812500,1,50.86
1.090000,0.987660,40,1000000,300000,1454,1.24273504e-4,4.84666667e-3,0.171250,-14.322500,1,48.26
0.890000,0.996170,40,1000000,300000,1431,1.22307692e-4,4.77000000e-3,0.092500,-4.622500,1,45.25
0.710000,0.893040,40,1000000,300000,3127,2.67264957e-4,1.04233333e-2,0.271250,-821.410000,1,48.67
0.930000,0.874700,40,1000000,300000,-191,-1.63247863e-5,-6.36666667e-4,-0.108750,-1102.215000,0,49.84
1.130000,0.931750,40,1000000,300000,-52,-4.44444444e-6,-1.73333333e-4,-0.038750,-380.972500,0,48.23
0.890000,0.998170,40,1000000,300000,-6872,-5.87350427e-4,-2.29066667e-2,-0.902500,-2.472500,0,40.67
0.610000,0.886230,40,1000000,300000,12912,1.10358974e-3,4.30400000e-2,0.050000,-949.532500,1,50.38
1.090000,0.989660,40,1000000,300000,908,7.76068376e-5,3.02666667e-3,-0.158750,-15.737500,1,48.61
0.710000,0.895040,40,1000000,300000,6166,5.27008547e-4,2.05533333e-2,-0.010000,-758.660000,1,47.93
1.130000,0.933750,40,1000000,300000,-408,-3.48717949e-5,-1.36000000e-3,-0.235000,-335.970000,0,49.21
0.930000,0.876700,40,1000000,300000,298,2.54700855e-5,9.93333333e-4,-0.023750,-1005.512500,1,50.05
0.890000,1.000000,40,1000000,300000,-16505,-1.41068376e-3,-5.50166667e-2,-0.023750,-1.937500,0,40.23
1.090000,0.991660,40,1000000,300000,928,7.93162393e-5,3.09333333e-3,0.010000,-5.607500,1,48.48
0.610000,0.888230,40,1000000,300000,10500,8.97435897e-4,3.50000000e-2,-0.091250,-936.615000,1,50.71
0.710000,0.897040,40,1000000,300000,6663,5.69487179e-4,2.22100000e-2,-0.120000,-708.062500,1,48.09
0.930000,0.878700,40,1000000,300000,2250,1.92307692e-4,7.50000000e-3,-0.096250,-1058.575000,1,49.13
1.130000,0.935750,40,1000000,300000,64,5.47008547e-6,2.13333333e-4,0.037500,-283.362500,1,49.91
0.910000,0.848460,40,1000000,300000,2427,2.07435897e-4,8.09000000e-3,0.047500,-1393.997500,1,50.07
1.090000,0.993660,40,1000000,300000,1431,1.22307692e-4,4.77000000e-3,-0.365000,-6.515000,1,44.60
0.610000,0.890230,40,1000000,300000,11390,9.73504274e-4,3.79666667e-2,-0.177500,-943.580000,1,50.79
0.710000,0.899040,40,1000000,300000,7006,5.98803419e-4,2.33533333e-2,0.155000,-742.857500,1,47.67
1.130000,0.937750,40,1000000,300000,400,3.41880342e-5,1.33333333e-3,0.075000,-279.787500,1,48.82
0.930000,0.880700,40,1000000,300000,539,4.60683761e-5,1.79666667e-3,0.228750,-929.960000,1,49.92
0.910000,0.850460,40,1000000,300000,2144,1.83247863e-4,7.14666667e-3,-0.331250,-1379.722500,1,49.94
1.090000,0.995660,40,1000000,300000,650,5.55555556e-5,2.16666667e-3,0.150000,-4.282500,1,44.94
0.710000,0.901040,40,1000000,300000,8674,7.41367521e-4,2.89133333e-2,-0.091250,-682.022500,1,48.94
0.610000,0.892230,40,1000000,300000,17130,1.46410256e-3,5.71000000e-2,0.211250,-882.997500,1,51.07
1.130000,0.939750,40,1000000,300000,596,5.09401709e-5,1.98666667e-3,0.350000,-251.337500,1,48.92
0.930000,0.882700,40,1000000,300000,68,5.81196581e-6,2.26666667e-4,0.237500,-917.100000,1,49.80
1.090000,0.997660,40,1000000,300000,931,7.95726496e-5,3.10333333e-3,0.047500,-3.665000,1,45.04
0.910000,0.852460,40,1000000,300000,1128,9.64102564e-5,3.76000000e-3,0.281250,-1316.402500,1,143.42
0.710000,0.903040,40,1000000,300000,4882,4.17264957e-4,1.62733333e-2,0.205000,-683.750000,1,141.09
0.610000,0.894230,40,1000000,300000,14635,1.25085470e-3,4.87833333e-2,-0.030000,-888.665000,1,143.53
1.130000,0.941750,40,1000000,300000,269,2.29914530e-5,8.96666667e-4,-0.032500,-234.007500,1,140.23
0.930000,0.884700,40,1000000,300000,659,5.63247863e-5,2.19666667e-3,-0.101250,-886.692500,1,140.37
1.090000,0.999660,40,1000000,300000,-2199,-1.87948718e-4,-7.33000000e-3,-0.250000,-2.862500,0,132.62
0.910000,0.854460,40,1000000,300000,19,1.62393162e-6,6.33333333e-5,0.150000,-1310.050000,1,48.34
0.710000,0.905040,40,1000000,300000,7369,6.29829060e-4,2.45633333e-2,-0.126250,-714.270000,1,46.58
0.610000,0.896230,40,1000000,300000,14395,1.23034188e-3,4.79833333e-2,-0.141250,-832.560000,1,46.99
1.090000,1.000000,40,1000000,300000,-2541,-2.17179487e-4,-8.47000000e-3,0.002500,-1.937500,0,38.01
1.130000,0.943750,40,1000000,300000,65,5.55555556e-6,2.16666667e-4,-0.115000,-240.580000,1,45.73
0.930000,0.886700,40,1000000,300000,1164,9.94871795e-5,3.88000000e-3,-0.081250,-949.245000,1,47.04
0.910000,0.856460,40,1000000,300000,513,4.38461538e-5,1.71000000e-3,-0.595000,-1342.700000,1,50.68
0.710000,0.907040,40,1000000,300000,10202,8.71965812e-4,3.40066667e-2,0.113750,-709.482500,1,45.89
0.610000,0.898230,40,1000000,300000,11042,9.43760684e-4,3.68066667e-2,0.051250,-786.817500,1,45.39
1.110000,0.849710,40,1000000,300000,3009,2.57179487e-4,1.00300000e-2,0.266250,-1396.550000,1,40.89
1.130000,0.945750,40,1000000,300000,277,2.36752137e-5,9.23333333e-4,-0.243750,-260.915000,1,38.36
0.930000,0.888700,40,1000000,300000,493,4.21367521e-5,1.64333333e-3,0.093750,-798.032500,1,37.93
0.910000,0.858460,40,1000000,300000,-1184,-1.01196581e-4,-3.94666667e-3,-0.002500,-1298.997500,0,28.10
0.710000,0.909040,40,1000000,300000,9059,7.74273504e-4,3.01966667e-2,0.073750,-645.025000,1,26.40
0.610000,0.900230,40,1000000,300000,11095,9.48290598e-4,3.69833333e-2,-0.125000,-771.390000,1,28.63
1.110000,0.851710,40,1000000,300000,2185,1.86752137e-4,7.28333333e-3,-0.242500,-1405.050000,1,27.59
1.130000,0.947750,40,1000000,300000,408,3.48717949e-5,1.36000000e-3,-0.193750,-186.637500,1,27.07
0.930000,0.890700,40,1000000,300000,-976,-8.34188034e-5,-3.25333333e-3,0.103750,-841.167500,0,27.47
0.710000,0.911040,40,1000000,300000,10257,8.76666667e-4,3.41900000e-2,0.057500,-609.590000,1,26.25
0.910000,0.860460,40,1000000,300000,596,5.09401709e-5,1.98666667e-3,-0.085000,-1332.577500,1,27.86
0.610000,0.902230,40,1000000,300000,14252,1.21811966e-3,4.75066667e-2,0.181250,-769.885000,1,27.40
1.110000,0.853710,40,1000000,300000,1928,1.64786325e-4,6.42666667e-3,-0.028750,-1307.550000,1,26.81
1.130000,0.949750,40,1000000,300000,383,3.27350427e-5,1.27666667e-3,-0.043750,-219.797500,1,26.63
0.930000,0.892700,40,1000000,300000,-1006,-8.59829060e-5,-3.35333333e-3,-0.058750,-877.557500,0,27.57
0.710000,0.913040,40,1000000,300000,11609,9.92222222e-4,3.86966667e-2,-0.127500,-584.875000,1,28.80
0.910000,0.862460,40,1000000,300000,2239,1.91367521e-4,7.46333333e-3,-0.143750,-1249.485000,1,30.20
0.610000,0.904230,40,1000000,300000,13425,1.14743590e-3,4.47500000e-2,-0.060000,-744.785000,1,33.11
1.130000,0.951750,40,1000000,300000,89,7.60683761e-6,2.96666667e-4,-0.185000,-181.087500,1,32.96
1.110000,0.855710,40,1000000,300000,1011,8.64102564e-5,3.37000000e-3,0.216250,-1277.600000,1,33.82
0.930000,0.894700,40,1000000,300000,78,6.66666667e-6,2.60000000e-4,-0.111250,-716.622500,1,35.04
0.710000,0.915040,40,1000000,300000,11500,9.82905983e-4,3.83333333e-2,0.138750,-522.865000,1,33.28
0.910000,0.864460,40,1000000,300000,410,3.50427350e-5,1.36666667e-3,-0.028750,-1220.800000,1,34.75
0.610000,0.906230,40,1000000,300000,16166,1.38170940e-3,5.38866667e-2,0.107500,-734.145000,1,35.56
1.130000,0.953750,40,1000000,300000,499,4.26495726e-5,1.66333333e-3,-0.265000,-158.457500,1,34.46
1.110000,0.857710,40,1000000,300000,1666,1.42393162e-4,5.55333333e-3,0.217500,-1277.160000,1,34.91
0.930000,0.896700,40,1000000,300000,327,2.79487179e-5,1.09000000e-3,-0.055000,-712.120000,1,34.98
0.710000,0.917040,40,1000000,300000,10810,9.23931624e-4,3.60333333e-2,-0.201250,-541.262500,1,33.30
0.910000,0.866460,40,1000000,300000,1735,1.48290598e-4,5.78333333e-3,-0.051250,-1277.330000,1,34.94
0.610000,0.908230,40,1000000,300000,17629,1.50675214e-3,5.87633333e-2,-0.032500,-677.455000,1,35.55
1.130000,0.955750,40,1000000,300000,1039,8.88034188e-5,3.46333333e-3,-0.136250,-163.465000,1,33.65
1.110000,0.859710,40,1000000,300000,2323,1.98547009e-4,7.74333333e-3,0.012500,-1399.652500,1,35.18
0.930000,0.898700,40,1000000,300000,818,6.99145299e-5,2.72666667e-3,-0.110000,-715.180000,1,34.69
0.710000,0.919040,40,1000000,300000,14471,1.23683761e-3,4.82366667e-2,0.047500,-509.637500,1,32.97
0.910000,0.868460,40,1000000,300000,1271,1.08632479e-4,4.23666667e-3,0.290000,-1101.440000,1,34.38
0.610000,0.910230,40,1000000,300000,19195,1.64059829e-3,6.39833333e-2,0.156250,-649.332500,1,36.43
1.130000,0.957750,40,1000000,300000,648,5.53846154e-5,2.16000000e-3,0.188750,-150.210000,1,34.23
1.110000,0.861710,40,1000000,300000,704,6.01709402e-5,2.34666667e-3,-0.273750,-1269.425000,1,34.78
0.930000,0.900700,40,1000000,300000,589,5.03418803e-5,1.96333333e-3,-0.118750,-699.970000,1,34.56
0.710000,0.921040,40,1000000,300000,13821,1.18128205e-3,4.60700000e-2,0.095000,-538.860000,1,33.27
0.910000,0.870460,40,1000000,300000,1816,1.55213675e-4,6.05333333e-3,-0.161250,-1063.622500,1,35.14
1.130000,0.959750,40,1000000,300000,833,7.11965812e-5,2.77666667e-3,0.028750,-137.722500,1,34.22
0.610000,0.912230,40,1000000,300000,19506,1.66717949e-3,6.50200000e-2,-0.062500,-680.487500,1,35.19
1.110000,0.863710,40,1000000,300000,1652,1.41196581e-4,5.50666667e-3,-0.193750,-1107.687500,1,34.13
0.930000,0.902700,40,1000000,300000,670,5.72649573e-5,2.23333333e-3,-0.081250,-646.917500,1,34.01
0.710000,0.923040,40,1000000,300000,13308,1.13743590e-3,4.43600000e-2,0.065000,-492.355000,1,33.46
0.910000,0.872460,40,1000000,300000,1355,1.15811966e-4,4.51666667e-3,0.011250,-1036.572500,1,34.88
1.130000,0.961750,40,1000000,300000,957,8.17948718e-5,3.19000000e-3,-0.140000,-142.082500,1,33.51
0.610000,0.914230,40,1000000,300000,16567,1.41598291e-3,5.52233333e-2,-0.040000,-625.302500,1,34.92
0.610000,0.924230,40,1000000,300000,28143,2.40538462e-3,9.38100000e-2,-0.123750,-552.845000,1,35.06
0.930000,0.904700,40,1000000,300000,-108,-9.23076923e-6,-3.60000000e-4,-0.080000,-650.457500,0,34.58
0.710000,0.925040,40,1000000,300000,14139,1.20846154e-3,4.71300000e-2,-0.022500,-407.057500,1,32.82
0.910000,0.874460,40,1000000,300000,1826,1.56068376e-4,6.08666667e-3,0.033750,-1140.822500,1,34.19
1.130000,0.963750,40,1000000,300000,469,4.00854701e-5,1.56333333e-3,0.070000,-89.582500,1,33.48
0.610000,0.916230,40,1000000,300000,18487,1.58008547e-3,6.16233333e-2,0.038750,-592.727500,1,34.85
0.610000,0.926230,40,1000000,300000,14537,1.24247863e-3,4.84566667e-2,-0.090000,-511.157500,1,35.46
0.930000,0.906700,40,1000000,300000,622,5.31623932e-5,2.07333333e-3,-0.237500,-541.897500,1,34.29
0.710000,0.927040,40,1000000,300000,11511,9.83846154e-4,3.83700000e-2,0.202500,-406.245000,1,32.55
0.910000,0.876460,40,1000000,300000,562,4.80341880e-5,1.87333333e-3,-0.068750,-986.957500,1,34.76
1.130000,0.965750,40,1000000,300000,1501,1.28290598e-4,5.00333333e-3,-0.038750,-66.275000,1,33.25
0.610000,0.918230,40,1000000,300000,15093,1.29000000e-3,5.03100000e-2,-0.137500,-583.182500,1,34.72
0.610000,0.928230,40,1000000,300000,17960,1.53504274e-3,5.98666667e-2,-0.080000,-463.235000,1,35.53
0.710000,0.929040,40,1000000,300000,12627,1.07923077e-3,4.20900000e-2,0.263750,-372.972500,1,32.48
0.930000,0.908700,40,1000000,300000,-56,-4.78632479e-6,-1.86666667e-4,-0.046250,-604.242500,0,34.12
0.910000,0.878460,40,1000000,300000,532,4.54700855e-5,1.77333333e-3,-0.043750,-975.350000,1,33.66
1.130000,0.967750,40,1000000,300000,581,4.96581197e-5,1.93666667e-3,-0.123750,-79.655000,1,33.91
0.610000,0.920230,40,1000000,300000,17035,1.45598291e-3,5.67833333e-2,0.118750,-576.810000,1,35.07
0.710000,0.931040,40,1000000,300000,16446,1.40564103e-3,5.48200000e-2,-0.020000,-409.037500,1,32.93
0.610000,0.930230,40,1000000,300000,17215,1.47136752e-3,5.73833333e-2,-0.077500,-449.707500,1,35.10
0.930000,0.910700,40,1000000,300000,486,4.15384615e-5,1.62000000e-3,-0.296250,-613.622500,1,34.98
0.910000,0.880460,40,1000000,300000,533,4.55555556e-5,1.77666667e-3,-0.133750,-1032.302500,1,34.63
1.130000,0.969750,40,1000000,300000,1202,1.02735043e-4,4.00666667e-3,-0.001250,-65.117500,1,33.47
0.610000,0.922230,40,1000000,300000,17766,1.51846154e-3,5.92200000e-2,0.022500,-523.582500,1,34.96
0.710000,0.933040,40,1000000,300000,12818,1.09555556e-3,4.27266667e-2,-0.013750,-412.037500,1,32.84
0.610000,0.932230,40,1000000,300000,16342,1.39675214e-3,5.44733333e-2,-0.093750,-412.090000,1,35.23
0.930000,0.912700,40,1000000,300000,1870,1.59829060e-4,6.23333333e-3,-0.015000,-514.532500,1,34.48
0.910000,0.882460,40,1000000,300000,-1190,-1.01709402e-4,-3.96666667e-3,-0.030000,-1001.002500,0,34.54
1.130000,0.971750,40,1000000,300000,1443,1.23333333e-4,4.81000000e-3,-0.002500,-68.710000,1,33.84
0.710000,0.935040,40,1000000,300000,15766,1.34752137e-3,5.25533333e-2,0.073750,-372.120000,1,33.32
0.610000,0.970230,40,1000000,300000,10758,9.19487179e-4,3.58600000e-2,-0.062500,-137.307500,1,35.91
0.930000,0.914700,40,1000000,300000,195,1.66666667e-5,6.50000000e-4,-0.200000,-512.597500,1,34.61
0.610000,0.934230,40,1000000,300000,19145,1.63632479e-3,6.38166667e-2,-0.032500,-401.472500,1,35.58
0.910000,0.884460,40,1000000,300000,-1603,-1.37008547e-4,-5.34333333e-3,0.066250,-911.582500,0,34.56
1.130000,0.973750,40,1000000,300000,390,3.33333333e-5,1.30000000e-3,0.060000,-40.057500,1,33.42
0.710000,0.937040,40,1000000,300000,9523,8.13931624e-4,3.17433333e-2,0.130000,-382.055000,1,32.59
0.610000,0.972230,40,1000000,300000,5508,4.70769231e-4,1.83600000e-2,-0.125000,-138.910000,1,35.89
0.930000,0.916700,40,1000000,300000,784,6.70085470e-5,2.61333333e-3,-0.068750,-438.877500,1,34.49
0.610000,0.936230,40,1000000,300000,19044,1.62769231e-3,6.34800000e-2,0.171250,-396.250000,1,35.21
0.910000,0.886460,40,1000000,300000,844,7.21367521e-5,2.81333333e-3,0.068750,-866.145000,1,34.72
1.130000,0.975750,40,1000000,300000,1114,9.52136752e-5,3.71333333e-3,-0.112500,-67.790000,1,33.22
0.710000,0.939040,40,1000000,300000,13469,1.15119658e-3,4.48966667e-2,0.036250,-312.737500,1,32.98
0.610000,0.974230,40,1000000,300000,31179,2.66487179e-3,1.03930000e-1,0.248750,-93.080000,1,33.07
0.930000,0.918700,40,1000000,300000,1551,1.32564103e-4,5.17000000e-3,0.011250,-436.455000,1,35.30
0.610000,0.938230,40,1000000,300000,17496,1.49538462e-3,5.83200000e-2,0.298750,-378.625000,1,35.80
0.910000,0.888460,40,1000000,300000,27,2.30769231e-6,9.00000000e-5,-0.131250,-833.575000,1,35.25
1.130000,0.977750,40,1000000,300000,1331,1.13760684e-4,4.43666667e-3,-0.075000,-47.960000,1,34.23
0.710000,0.941040,40,1000000,300000,11426,9.76581197e-4,3.80866667e-2,0.146250,-324.837500,1,33.25
0.610000,0.976230,40,1000000,300000,8519,7.28119658e-4,2.83966667e-2,-0.156250,-95.760000,1,35.70
0.930000,0.920700,40,1000000,300000,1966,1.68034188e-4,6.55333333e-3,-0.252500,-490.302500,1,33.66
0.610000,0.940230,40,1000000,300000,15075,1.28846154e-3,5.02500000e-2,0.067500,-374.987500,1,35.33
0.910000,0.890460,40,1000000,300000,619,5.29059829e-5,2.06333333e-3,0.103750,-733.795000,1,34.67
1.130000,0.979750,40,1000000,300000,1031,8.81196581e-5,3.43666667e-3,0.033750,-38.437500,1,33.33
0.710000,0.943040,40,1000000,300000,16549,1.41444444e-3,5.51633333e-2,0.030000,-281.047500,1,33.19
0.610000,0.978230,40,1000000,300000,34198,2.92290598e-3,1.13993333e-1,0.815000,-51.945000,1,32.09
0.930000,0.922700,40,1000000,300000,2285,1.95299145e-4,7.61666667e-3,0.181250,-463.080000,1,33.21
0.610000,0.942230,40,1000000,300000,20407,1.74418803e-3,6.80233333e-2,0.112500,-351.057500,1,35.14
0.910000,0.892460,40,1000000,300000,937,8.00854701e-5,3.12333333e-3,0.091250,-812.705000,1,35.03
1.130000,0.981750,40,1000000,300000,940,8.03418803e-5,3.13333333e-3,-0.030000,-34.545000,1,33.65
0.710000,0.945040,40,1000000,300000,14348,1.22632479e-3,4.78266667e-2,-0.047500,-284.602500,1,32.64
0.610000,0.980230,40,1000000,300000,17914,1.53111111e-3,5.97133333e-2,-0.842500,-50.575000,1,31.90
0.930000,0.924700,40,1000000,300000,731,6.24786325e-5,2.43666667e-3,-0.053750,-410.182500,1,34.25
0.610000,0.944230,40,1000000,300000,17224,1.47213675e-3,5.74133333e-2,-0.181250,-340.002500,1,35.56
0.910000,0.894460,40,1000000,300000,-944,-8.06837607e-5,-3.14666667e-3,-0.082500,-740.087500,0,34.54
1.130000,0.983750,40,1000000,300000,587,5.01709402e-5,1.95666667e-3,-0.138750,-25.047500,1,33.57
0.710000,0.947040,40,1000000,300000,14577,1.24589744e-3,4.85900000e-2,-0.107500,-270.117500,1,32.71
0.610000,0.982230,40,1000000,300000,7684,6.56752137e-4,2.56133333e-2,-0.692500,-47.392500,1,31.77
0.930000,0.926700,40,1000000,300000,1493,1.27606838e-4,4.97666667e-3,-0.233750,-410.965000,1,33.86
0.610000,0.946230,40,1000000,300000,23702,2.02581197e-3,7.90066667e-2,-0.027500,-305.575000,1,35.19
0.910000,0.896460,40,1000000,300000,-602,-5.14529915e-5,-2.00666667e-3,0.011250,-755.572500,0,34.52
1.130000,0.985750,40,1000000,300000,1524,1.30256410e-4,5.08000000e-3,0.092500,-21.352500,1,33.97
0.710000,0.949040,40,1000000,300000,14215,1.21495726e-3,4.73833333e-2,0.041250,-239.990000,1,33.02
0.610000,0.984230,40,1000000,300000,-844,-7.21367521e-5,-2.81333333e-3,0.716250,-31.965000,0,31.74
0.930000,0.928700,40,1000000,300000,1334,1.14017094e-4,4.44666667e-3,0.035000,-345.292500,1,33.62
0.610000,0.948230,40,1000000,300000,18315,1.56538462e-3,6.10500000e-2,-0.042500,-300.755000,1,35.38
1.130000,0.987750,40,1000000,300000,1344,1.14871795e-4,4.48000000e-3,-0.070000,-15.902500,1,33.45
0.910000,0.898460,40,1000000,300000,-191,-1.63247863e-5,-6.36666667e-4,0.021250,-737.252500,0,34.17
0.710000,0.951040,40,1000000,300000,15980,1.36581197e-3,5.32666667e-2,-0.056250,-200.007500,1,32.99
0.610000,0.986230,40,1000000,300000,-32427,-2.77153846e-3,-1.08090000e-1,-0.212500,-31.550000,0,30.82
0.930000,0.930700,40,1000000,300000,1645,1.40598291e-4,5.48333333e-3,-0.116250,-353.812500,1,33.28
0.610000,0.950230,40,1000000,300000,20110,1.71880342e-3,6.70333333e-2,0.013750,-292.082500,1,35.21
0.610000,1.000000,40,1000000,300000,-167492,-1.43155556e-2,-5.58306667e-1,0.053750,-1.960000,0,29.69
1.130000,0.989750,40,1000000,300000,1277,1.09145299e-4,4.25666667e-3,-0.043750,-2.920000,1,33.76
0.710000,0.953040,40,1000000,300000,16591,1.41803419e-3,5.53033333e-2,-0.001250,-238.077500,1,33.30
0.630000,0.834630,40,1000000,300000,-6705,-5.73076923e-4,-2.23500000e-2,0.556250,-1706.760000,0,38.05
0.930000,0.932700,40,1000000,300000,3097,2.64700855e-4,1.03233333e-2,-0.037500,-343.287500,1,33.52
0.610000,0.952230,40,1000000,300000,14911,1.27444444e-3,4.97033333e-2,-0.125000,-273.430000,1,35.52
1.130000,0.991750,40,1000000,300000,801,6.84615385e-5,2.67000000e-3,-0.010000,-4.727500,1,33.94
0.630000,0.830630,40,1000000,300000,-2945,-2.51709402e-4,-9.81666667e-3,-0.671250,-1822.952500,0,35.11
0.710000,0.955040,40,1000000,300000,14576,1.24581197e-3,4.85866667e-2,0.036250,-206.180000,1,33.30
0.630000,0.836630,40,1000000,300000,-8055,-6.88461538e-4,-2.68500000e-2,-0.607500,-1608.172500,0,36.22
0.930000,0.934700,40,1000000,300000,4229,3.61452991e-4,1.40966667e-2,0.097500,-319.807500,1,32.49
0.610000,0.954230,40,1000000,300000,16559,1.41529915e-3,5.51966667e-2,0.100000,-248.532500,1,35.57
1.130000,0.993750,40,1000000,300000,867,7.41025641e-5,2.89000000e-3,0.321250,-3.975000,1,32.03
0.710000,0.957040,40,1000000,300000,15942,1.36256410e-3,5.31400000e-2,-0.040000,-177.837500,1,32.67
0.630000,0.832630,40,1000000,300000,-2597,-2.21965812e-4,-8.65666667e-3,-0.465000,-1731.642500,0,35.35
0.630000,0.838630,40,1000000,300000,-5649,-4.82820513e-4,-1.88300000e-2,0.463750,-1541.245000,0,35.54
0.930000,0.936700,40,1000000,300000,2628,2.24615385e-4,8.76000000e-3,-0.091250,-317.615000,1,33.47
1.130000,0.995750,40,1000000,300000,969,8.28205128e-5,3.23000000e-3,0.007500,-2.932500,1,33.36
0.610000,0.956230,40,1000000,300000,26934,2.30205128e-3,8.97800000e-2,0.236250,-230.210000,1,35.59
0.710000,0.959040,40,1000000,300000,13810,1.18034188e-3,4.60333333e-2,0.052500,-157.010000,1,32.97
0.710000,0.965040,40,1000000,300000,16149,1.38025641e-3,5.38300000e-2,0.215000,-116.825000,1,33.25
0.630000,0.840630,40,1000000,300000,-4330,-3.70085470e-4,-1.44333333e-2,-0.498750,-1632.070000,0,35.03
0.930000,0.938700,40,1000000,300000,1700,1.45299145e-4,5.66666667e-3,0.207500,-299.880000,1,33.13
1.130000,0.997750,40,1000000,300000,897,7.66666667e-5,2.99000000e-3,-0.145000,-1.245000,1,31.39
0.710000,0.961040,40,1000000,300000,15368,1.31350427e-3,5.12266667e-2,0.027500,-130.220000,1,33.00
0.610000,0.958230,40,1000000,300000,16214,1.38581197e-3,5.40466667e-2,-0.017500,-221.350000,1,36.13
0.710000,0.967040,40,1000000,300000,11290,9.64957265e-4,3.76333333e-2,-0.086250,-130.645000,1,33.34
0.630000,0.842630,40,1000000,300000,-4177,-3.57008547e-4,-1.39233333e-2,-0.472500,-1567.835000,0,36.10
0.930000,0.940700,40,1000000,300000,2988,2.55384615e-4,9.96000000e-3,-0.027500,-288.660000,1,33.43
1.130000,0.999750,40,1000000,300000,-788,-6.73504274e-5,-2.62666667e-3,0.630000,-1.917500,0,28.24
0.710000,0.963040,40,1000000,300000,12898,1.10239316e-3,4.29933333e-2,0.031250,-155.110000,1,33.29
0.710000,0.969040,40,1000000,300000,13452,1.14974359e-3,4.48400000e-2,-0.068750,-123.830000,1,33.47
0.610000,0.960230,40,1000000,300000,19042,1.62752137e-3,6.34733333e-2,-0.027500,-218.262500,1,36.19
0.930000,0.942700,40,1000000,300000,3734,3.19145299e-4,1.24466667e-2,-0.143750,-274.477500,1,32.55
0.630000,0.844630,40,1000000,300000,-2863,-2.44700855e-4,-9.54333333e-3,-0.447500,-1570.055000,0,35.49
1.130000,1.000000,40,1000000,300000,-867,-7.41025641e-5,-2.89000000e-3,0.002500,-1.937500,0,28.19
0.610000,0.964230,40,1000000,300000,15473,1.32247863e-3,5.15766667e-2,-0.007500,-199.062500,1,36.10
0.710000,0.971040,40,1000000,300000,13289,1.13581197e-3,4.42966667e-2,-0.051250,-100.505000,1,33.40
0.610000,0.962230,40,1000000,300000,14621,1.24965812e-3,4.87366667e-2,0.023750,-208.892500,1,35.95
0.930000,0.944700,40,1000000,300000,4077,3.48461538e-4,1.35900000e-2,-0.032500,-230.910000,1,32.38
0.630000,0.846630,40,1000000,300000,-2029,-1.73418803e-4,-6.76333333e-3,-0.358750,-1542.002500,0,35.67
1.150000,0.849790,40,1000000,300000,1790,1.52991453e-4,5.96666667e-3,0.050000,-1455.627500,1,34.53
0.710000,0.973040,40,1000000,300000,10324,8.82393162e-4,3.44133333e-2,-0.153750,-105.717500,1,32.75
0.610000,0.966230,40,1000000,300000,16027,1.36982906e-3,5.34233333e-2,0.141250,-149.997500,1,35.41
0.770000,0.862810,40,1000000,300000,-973,-8.31623932e-5,-3.24333333e-3,-0.097500,-1207.790000,0,36.18
0.930000,0.946700,40,1000000,300000,5026,4.29572650e-4,1.67533333e-2,-0.016250,-231.345000,1,32.33
0.630000,0.848630,40,1000000,300000,-1700,-1.45299145e-4,-5.66666667e-3,-0.021250,-1515.655000,0,35.24
1.150000,0.851790,40,1000000,300000,1303,1.11367521e-4,4.34333333e-3,0.270000,-1359.205000,1,34.68
0.710000,0.975040,40,1000000,300000,12526,1.07059829e-3,4.17533333e-2,-0.015000,-72.617500,1,32.85
0.610000,0.968230,40,1000000,300000,13492,1.15316239e-3,4.49733333e-2,-0.121250,-144.710000,1,35.31
0.930000,0.948700,40,1000000,300000,2844,2.43076923e-4,9.48000000e-3,0.053750,-215.505000,1,32.43
0.770000,0.864810,40,1000000,300000,154,1.31623932e-5,5.13333333e-4,0.117500,-1104.447500,1,36.45
0.630000,0.850630,40,1000000,300000,2149,1.83675214e-4,7.16333333e-3,-0.058750,-1414.205000,1,34.84
1.150000,0.853790,40,1000000,300000,1872,1.60000000e-4,6.24000000e-3,-0.056250,-1320.125000,1,34.48
0.710000,0.977040,40,1000000,300000,10388,8.87863248e-4,3.46266667e-2,-0.220000,-69.192500,1,33.24
0.790000,0.893650,40,1000000,300000,2187,1.86923077e-4,7.29000000e-3,-0.166250,-818.270000,1,33.67
0.930000,0.950700,40,1000000,300000,3279,2.80256410e-4,1.09300000e-2,0.213750,-175.875000,1,31.72
0.770000,0.866810,40,1000000,300000,-16,-1.36752137e-6,-5.33333333e-5,-0.212500,-1139.585000,0,36.42
0.630000,0.852630,40,1000000,300000,1489,1.27264957e-4,4.96333333e-3,0.533750,-1370.525000,1,34.86
1.150000,0.855790,40,1000000,300000,1316,1.12478632e-4,4.38666667e-3,-0.037500,-1355.072500,1,34.82
0.710000,0.979040,40,1000000,300000,12279,1.04948718e-3,4.09300000e-2,-0.022500,-68.907500,1,32.55
0.930000,0.952700,40,1000000,300000,4481,3.82991453e-4,1.49366667e-2,0.142500,-193.452500,1,32.33
0.790000,0.895650,40,1000000,300000,-1632,-1.39487179e-4,-5.44000000e-3,0.318750,-753.507500,0,34.91
0.770000,0.868810,40,1000000,300000,-719,-6.14529915e-5,-2.39666667e-3,-0.173750,-1119.405000,0,36.74
0.630000,0.854630,40,1000000,300000,-3892,-3.32649573e-4,-1.29733333e-2,-0.375000,-1408.405000,0,35.40
1.150000,0.857790,40,1000000,300000,1890,1.61538462e-4,6.30000000e-3,-0.115000,-1215.955000,1,35.04
0.710000,0.981040,40,1000000,300000,10489,8.96495726e-4,3.49633333e-2,-0.007500,-60.250000,1,33.75
0.930000,0.954700,40,1000000,300000,4541,3.88119658e-4,1.51366667e-2,0.037500,-225.037500,1,32.28
0.790000,0.897650,40,1000000,300000,247,2.11111111e-5,8.23333333e-4,0.168750,-693.762500,1,33.17
0.770000,0.870810,40,1000000,300000,-3588,-3.06666667e-4,-1.19600000e-2,0.678750,-1114.870000,0,35.20
0.630000,0.856630,40,1000000,300000,5708,4.87863248e-4,1.90266667e-2,-0.502500,-1398.900000,1,34.96
1.150000,0.859790,40,1000000,300000,1258,1.07521368e-4,4.19333333e-3,0.195000,-1316.317500,1,34.58
0.710000,0.983040,40,1000000,300000,9306,7.95384615e-4,3.10200000e-2,-0.066250,-54.870000,1,33.32
0.930000,0.956700,40,1000000,300000,4974,4.25128205e-4,1.65800000e-2,0.026250,-145.430000,1,32.04
0.790000,0.899650,40,1000000,300000,3282,2.80512821e-4,1.09400000e-2,0.518750,-796.155000,1,33.85
0.770000,0.872810,40,1000000,300000,289,2.47008547e-5,9.63333333e-4,-0.667500,-1100.585000,1,34.14
0.950000,0.968900,40,1000000,300000,3765,3.21794872e-4,1.25500000e-2,-0.016250,-87.402500,1,33.14
1.150000,0.861790,40,1000000,300000,2258,1.92991453e-4,7.52666667e-3,0.233750,-1151.565000,1,34.42
0.710000,0.985040,40,1000000,300000,6436,5.50085470e-4,2.14533333e-2,0.012500,-44.895000,1,33.34
0.930000,0.958700,40,1000000,300000,4342,3.71111111e-4,1.44733333e-2,0.002500,-129.150000,1,32.48
0.790000,0.901650,40,1000000,300000,3688,3.15213675e-4,1.22933333e-2,-0.725000,-678.145000,1,33.48
0.770000,0.874810,40,1000000,300000,-2659,-2.27264957e-4,-8.86333333e-3,-0.607500,-1061.582500,0,35.35
0.950000,0.970900,40,1000000,300000,4533,3.87435897e-4,1.51100000e-2,0.012500,-71.140000,1,31.90
1.150000,0.863790,40,1000000,300000,2226,1.90256410e-4,7.42000000e-3,-0.021250,-1186.815000,1,34.37
0.710000,0.987040,40,1000000,300000,4046,3.45811966e-4,1.34866667e-2,0.158750,-31.685000,1,33.68
0.930000,0.960700,40,1000000,300000,5966,5.09914530e-4,1.98866667e-2,0.002500,-116.650000,1,32.10
0.790000,0.903650,40,1000000,300000,2222,1.89914530e-4,7.40666667e-3,0.545000,-623.920000,1,33.01
0.950000,0.972900,40,1000000,300000,5814,4.96923077e-4,1.93800000e-2,0.158750,-65.512500,1,32.78
0.770000,0.876810,40,1000000,300000,-3209,-2.74273504e-4,-1.06966667e-2,-0.581250,-1066.535000,0,34.99
1.150000,0.865790,40,1000000,300000,1889,1.61452991e-4,6.29666667e-3,0.022500,-1199.950000,1,34.75
0.710000,0.989040,40,1000000,300000,8841,7.55641026e-4,2.94700000e-2,-0.292500,-29.495000,1,33.99
0.930000,0.962700,40,1000000,300000,5068,4.33162393e-4,1.68933333e-2,-0.021250,-142.822500,1,32.57
0.790000,0.905650,40,1000000,300000,2577,2.20256410e-4,8.59000000e-3,0.170000,-643.632500,1,33.53
0.950000,0.974900,40,1000000,300000,4364,3.72991453e-4,1.45466667e-2,-0.076250,-51.072500,1,32.37
0.770000,0.878810,40,1000000,300000,1382,1.18119658e-4,4.60666667e-3,-0.580000,-985.360000,1,33.99
0.710000,0.991040,40,1000000,300000,19453,1.66264957e-3,6.48433333e-2,0.822500,-15.857500,1,29.95
1.150000,0.867790,40,1000000,300000,1648,1.40854701e-4,5.49333333e-3,0.276250,-1157.815000,1,34.54
0.930000,0.964700,40,1000000,300000,5707,4.87777778e-4,1.90233333e-2,0.076250,-116.362500,1,32.30
0.790000,0.907650,40,1000000,300000,3032,2.59145299e-4,1.01066667e-2,0.360000,-603.092500,1,34.31
0.950000,0.976900,40,1000000,300000,4808,4.10940171e-4,1.60266667e-2,-0.122500,-35.547500,1,275.62
0.770000,0.880810,40,1000000,300000,-797,-6.81196581e-5,-2.65666667e-3,0.456250,-908.022500,0,276.21
0.710000,0.993040,40,1000000,300000,-6173,-5.27606838e-4,-2.05766667e-2,0.751250,-10.080000,0,272.36
1.150000,0.869790,40,1000000,300000,642,5.48717949e-5,2.14000000e-3,-0.131250,-1134.815000,1,276.60
0.930000,0.966700,40,1000000,300000,3786,3.23589744e-4,1.26200000e-2,0.078750,-101.210000,1,274.83
0.790000,0.909650,40,1000000,300000,6694,5.72136752e-4,2.23133333e-2,0.021250,-644.457500,1,273.04
0.950000,0.978900,40,1000000,300000,3563,3.04529915e-4,1.18766667e-2,0.131250,-44.065000,1,30.60
0.710000,0.995040,40,1000000,300000,-24373,-2.08316239e-3,-8.12433333e-2,0.163750,-8.665000,0,28.26
0.770000,0.882810,40,1000000,300000,3725,3.18376068e-4,1.24166667e-2,-0.265000,-959.457500,1,31.78
0.930000,0.968700,40,1000000,300000,6905,5.90170940e-4,2.30166667e-2,0.045000,-69.865000,1,31.44
1.150000,0.871790,40,1000000,300000,509,4.35042735e-5,1.69666667e-3,-0.018750,-1075.277500,1,32.63
0.790000,0.911650,40,1000000,300000,7089,6.05897436e-4,2.36300000e-2,-0.112500,-565.890000,1,31.49
0.950000,0.980900,40,1000000,300000,4441,3.79572650e-4,1.48033333e-2,-0.078750,-31.177500,1,31.04
0.710000,0.997040,40,1000000,300000,-37425,-3.19871795e-3,-1.24750000e-1,0.240000,-3.255000,0,28.44
0.770000,0.884810,40,1000000,300000,588,5.02564103e-5,1.96000000e-3,-0.175000,-877.460000,1,34.11
0.930000,0.970700,40,1000000,300000,4599,3.93076923e-4,1.53300000e-2,-0.055000,-97.810000,1,31.25
1.150000,0.873790,40,1000000,300000,715,6.11111111e-5,2.38333333e-3,0.000000,-1047.637500,1,33.49
0.790000,0.913650,40,1000000,300000,5875,5.02136752e-4,1.95833333e-2,-0.253750,-515.472500,1,31.35
0.710000,0.999040,40,1000000,300000,-65532,-5.60102564e-3,-2.18440000e-1,0.056250,-2.007500,0,28.17
0.950000,0.982900,40,1000000,300000,4296,3.67179487e-4,1.43200000e-2,0.046250,-30.270000,1,31.31
0.770000,0.886810,40,1000000,300000,1451,1.24017094e-4,4.83666667e-3,-0.328750,-828.392500,1,33.06
0.930000,0.972700,40,1000000,300000,5623,4.80598291e-4,1.87433333e-2,-0.036250,-67.337500,1,31.35
1.150000,0.875790,40,1000000,300000,1664,1.42222222e-4,5.54666667e-3,0.023750,-997.662500,1,33.54
0.790000,0.915650,40,1000000,300000,5156,4.40683761e-4,1.71866667e-2,0.017500,-543.945000,1,31.24
0.710000,1.000000,40,1000000,300000,-74326,-6.35264957e-3,-2.47753333e-1,-0.021250,-1.927500,0,28.40
0.950000,0.984900,40,1000000,300000,4266,3.64615385e-4,1.42200000e-2,0.041250,-17.275000,1,31.58
0.770000,0.888810,40,1000000,300000,1981,1.69316239e-4,6.60333333e-3,0.453750,-840.800000,1,32.98
0.930000,0.974700,40,1000000,300000,4465,3.81623932e-4,1.48833333e-2,0.023750,-44.820000,1,31.88
0.790000,0.917650,40,1000000,300000,3402,2.90769231e-4,1.13400000e-2,0.135000,-526.332500,1,31.72
1.150000,0.877790,40,1000000,300000,530,4.52991453e-5,1.76666667e-3,-0.203750,-988.002500,1,33.88
0.730000,0.842550,40,1000000,300000,-2445,-2.08974359e-4,-8.15000000e-3,0.665000,-1521.680000,0,34.73
0.950000,0.986900,40,1000000,300000,3440,2.94017094e-4,1.14666667e-2,0.157500,-13.472500,1,31.53
0.930000,0.976700,40,1000000,300000,4495,3.84188034e-4,1.49833333e-2,-0.002500,-65.295000,1,31.39
0.770000,0.890810,40,1000000,300000,1450,1.23931624e-4,4.83333333e-3,-0.282500,-848.957500,1,32.16
0.790000,0.919650,40,1000000,300000,6016,5.14188034e-4,2.00533333e-2,-0.293750,-489.205000,1,31.88
1.150000,0.879790,40,1000000,300000,1371,1.17179487e-4,4.57000000e-3,-0.007500,-1019.452500,1,34.20
0.950000,0.988900,40,1000000,300000,4040,3.45299145e-4,1.34666667e-2,-0.090000,-11.620000,1,31.36
0.730000,0.844550,40,1000000,300000,-7009,-5.99059829e-4,-2.33633333e-2,-0.717500,-1588.827500,0,34.63
0.930000,0.978700,40,1000000,300000,5219,4.46068376e-4,1.73966667e-2,-0.043750,-33.695000,1,30.72
0.770000,0.892810,40,1000000,300000,5013,4.28461538e-4,1.67100000e-2,0.097500,-749.355000,1,32.82
0.790000,0.921650,40,1000000,300000,6315,5.39743590e-4,2.10500000e-2,0.148750,-472.257500,1,31.90
1.150000,0.881790,40,1000000,300000,853,7.29059829e-5,2.84333333e-3,0.021250,-894.982500,1,34.04
0.950000,0.990900,40,1000000,300000,3396,2.90256410e-4,1.13200000e-2,-0.110000,-8.175000,1,31.23
0.730000,0.846550,40,1000000,300000,-1461,-1.24871795e-4,-4.87000000e-3,0.262500,-1468.175000,0,36.44
0.930000,0.980700,40,1000000,300000,3886,3.32136752e-4,1.29533333e-2,0.070000,-25.697500,1,32.19
0.770000,0.894810,40,1000000,300000,-2784,-2.37948718e-4,-9.28000000e-3,0.140000,-766.705000,0,34.02
0.790000,0.923650,40,1000000,300000,5680,4.85470085e-4,1.89333333e-2,-0.073750,-438.070000,1,31.86
1.150000,0.883790,40,1000000,300000,1167,9.97435897e-5,3.89000000e-3,-0.055000,-952.875000,1,34.15
0.950000,0.992900,40,1000000,300000,3171,2.71025641e-4,1.05700000e-2,0.008750,-4.290000,1,31.90
0.730000,0.848550,40,1000000,300000,-4571,-3.90683761e-4,-1.52366667e-2,0.710000,-1422.990000,0,33.80
0.930000,0.982700,40,1000000,300000,5042,4.30940171e-4,1.68066667e-2,0.018750,-34.530000,1,32.00
0.770000,0.896810,40,1000000,300000,3164,2.70427350e-4,1.05466667e-2,0.323750,-738.845000,1,32.75
0.790000,0.925650,40,1000000,300000,8132,6.95042735e-4,2.71066667e-2,0.153750,-432.727500,1,32.34
1.150000,0.885790,40,1000000,300000,539,4.60683761e-5,1.79666667e-3,-0.088750,-888.295000,1,33.40
0.950000,0.994900,40,1000000,300000,2605,2.22649573e-4,8.68333333e-3,0.003750,-3.285000,1,30.41
0.730000,0.850550,40,1000000,300000,-7674,-6.55897436e-4,-2.55800000e-2,-0.746250,-1344.855000,0,35.29
0.930000,0.984700,40,1000000,300000,5373,4.59230769e-4,1.79100000e-2,0.141250,-18.625000,1,31.34
0.770000,0.898810,40,1000000,300000,4650,3.97435897e-4,1.55000000e-2,-0.205000,-669.567500,1,32.63
0.790000,0.927650,40,1000000,300000,7489,6.40085470e-4,2.49633333e-2,0.067500,-414.095000,1,32.24
0.950000,0.996900,40,1000000,300000,2136,1.82564103e-4,7.12000000e-3,0.055000,-3.560000,1,30.48
1.150000,0.887790,40,1000000,300000,1567,1.33931624e-4,5.22333333e-3,0.051250,-903.530000,1,34.19
0.930000,0.986700,40,1000000,300000,4597,3.92905983e-4,1.53233333e-2,-0.105000,-14.392500,1,31.61
0.730000,0.852550,40,1000000,300000,-1894,-1.61880342e-4,-6.31333333e-3,0.681250,-1345.270000,0,35.78
0.770000,0.900810,40,1000000,300000,5184,4.43076923e-4,1.72800000e-2,-0.237500,-718.862500,1,33.11
0.790000,0.929650,40,1000000,300000,8921,7.62478632e-4,2.97366667e-2,-0.073750,-361.992500,1,31.43
0.950000,0.998900,40,1000000,300000,-1089,-9.30769231e-5,-3.63000000e-3,0.052500,-1.960000,0,29.17
1.150000,0.889790,40,1000000,300000,959,8.19658120e-5,3.19666667e-3,0.035000,-810.542500,1,34.53
0.930000,0.988700,40,1000000,300000,4208,3.59658120e-4,1.40266667e-2,0.070000,-13.275000,1,32.01
0.730000,0.854550,40,1000000,300000,-2425,-2.07264957e-4,-8.08333333e-3,-0.666250,-1355.817500,0,34.59
0.790000,0.931650,40,1000000,300000,7630,6.52136752e-4,2.54333333e-2,0.033750,-366.947500,1,32.23
0.770000,0.902810,40,1000000,300000,1903,1.62649573e-4,6.34333333e-3,0.403750,-703.002500,1,33.36
0.950000,1.000000,40,1000000,300000,-9917,-8.47606838e-4,-3.30566667e-2,-0.001250,-1.947500,0,28.45
1.150000,0.891790,40,1000000,300000,746,6.37606838e-5,2.48666667e-3,0.057500,-783.630000,1,34.18
0.930000,0.990700,40,1000000,300000,3413,2.91709402e-4,1.13766667e-2,0.147500,-9.265000,1,32.07
0.790000,0.933650,40,1000000,300000,9214,7.87521368e-4,3.07133333e-2,0.043750,-329.250000,1,32.44
0.730000,0.856550,40,1000000,300000,0,0.00000000e0,0.00000000e0,0.715000,-1284.960000,0,35.52
0.770000,0.904810,40,1000000,300000,3221,2.75299145e-4,1.07366667e-2,0.327500,-653.687500,1,32.89
0.970000,0.849070,40,1000000,300000,1608,1.37435897e-4,5.36000000e-3,0.248750,-1438.380000,1,34.56
1.150000,0.893790,40,1000000,300000,682,5.82905983e-5,2.27333333e-3,0.151250,-721.237500,1,34.13
0.930000,0.992700,40,1000000,300000,3194,2.72991453e-4,1.06466667e-2,0.007500,-8.122500,1,32.06
0.790000,0.935650,40,1000000,300000,8459,7.22991453e-4,2.81966667e-2,0.021250,-279.367500,1,32.34
0.770000,0.906810,40,1000000,300000,6802,5.81367521e-4,2.26733333e-2,-0.143750,-604.520000,1,33.12
0.730000,0.858550,40,1000000,300000,-2635,-2.25213675e-4,-8.78333333e-3,-0.097500,-1181.717500,0,36.85
0.970000,0.851070,40,1000000,300000,1040,8.88888889e-5,3.46666667e-3,0.113750,-1395.332500,1,34.92
1.150000,0.895790,40,1000000,300000,1045,8.93162393e-5,3.48333333e-3,0.077500,-757.992500,1,34.14
0.930000,0.994700,40,1000000,300000,3764,3.21709402e-4,1.25466667e-2,0.158750,-4.070000,1,31.55
0.790000,0.937650,40,1000000,300000,10877,9.29658120e-4,3.62566667e-2,0.130000,-289.825000,1,31.97
0.770000,0.908810,40,1000000,300000,4859,4.15299145e-4,1.61966667e-2,0.493750,-621.940000,1,33.25
0.730000,0.860550,40,1000000,300000,-4696,-4.01367521e-4,-1.56533333e-2,-0.683750,-1247.307500,0,33.56
0.970000,0.853070,40,1000000,300000,2723,2.32735043e-4,9.07666667e-3,-0.306250,-1306.577500,1,34.30
0.930000,0.996700,40,1000000,300000,1885,1.61111111e-4,6.28333333e-3,-0.173750,-6.075000,1,30.45
1.150000,0.897790,40,1000000,300000,866,7.40170940e-5,2.88666667e-3,0.092500,-734.605000,1,34.14
0.790000,0.939650,40,1000000,300000,9961,8.51367521e-4,3.32033333e-2,0.065000,-277.237500,1,32.12
0.770000,0.910810,40,1000000,300000,5457,4.66410256e-4,1.81900000e-2,0.212500,-562.382500,1,32.84
0.730000,0.862550,40,1000000,300000,-5215,-4.45726496e-4,-1.73833333e-2,-0.123750,-1215.327500,0,33.16
0.970000,0.855070,40,1000000,300000,830,7.09401709e-5,2.76666667e-3,0.057500,-1341.427500,1,34.60
0.930000,0.998700,40,1000000,300000,3755,3.20940171e-4,1.25166667e-2,0.248750,-1.950000,1,29.87
1.150000,0.899790,40,1000000,300000,-57,-4.87179487e-6,-1.90000000e-4,-0.125000,-695.187500,0,34.15
0.790000,0.941650,40,1000000,300000,6327,5.40769231e-4,2.10900000e-2,-0.077500,-300.355000,1,31.72
0.770000,0.912810,40,1000000,300000,8716,7.44957265e-4,2.90533333e-2,0.050000,-573.155000,1,32.55
0.730000,0.864550,40,1000000,300000,272,2.32478632e-5,9.06666667e-4,0.638750,-1247.622500,1,34.15
0.970000,0.857070,40,1000000,300000,2256,1.92820513e-4,7.52000000e-3,-0.197500,-1352.665000,1,34.41
0.930000,1.000000,40,1000000,300000,-12101,-1.03427350e-3,-4.03366667e-2,0.010000,-1.927500,0,28.03
1.150000,0.901790,40,1000000,300000,101,8.63247863e-6,3.36666667e-4,0.093750,-623.375000,1,33.69
0.790000,0.943650,40,1000000,300000,10766,9.20170940e-4,3.58866667e-2,0.011250,-268.207500,1,31.68
0.770000,0.914810,40,1000000,300000,7038,6.01538462e-4,2.34600000e-2,-0.420000,-505.105000,1,32.56
0.730000,0.866550,40,1000000,300000,688,5.88034188e-5,2.29333333e-3,-0.101250,-1211.227500,1,35.25
0.970000,0.859070,40,1000000,300000,1382,1.18119658e-4,4.60666667e-3,0.153750,-1291.112500,1,34.02
0.950000,0.848900,40,1000000,300000,2430,2.07692308e-4,8.10000000e-3,-0.175000,-1367.590000,1,34.44
1.150000,0.903790,40,1000000,300000,893,7.63247863e-5,2.97666667e-3,0.020000,-647.487500,1,33.47
0.790000,0.945650,40,1000000,300000,8062,6.89059829e-4,2.68733333e-2,-0.032500,-265.620000,1,31.39
0.770000,0.916810,40,1000000,300000,6003,5.13076923e-4,2.00100000e-2,-0.403750,-508.520000,1,32.49
0.730000,0.868550,40,1000000,300000,1354,1.15726496e-4,4.51333333e-3,-0.266250,-1111.025000,1,36.96
0.970000,0.861070,40,1000000,300000,2792,2.38632479e-4,9.30666667e-3,0.048750,-1288.790000,1,34.65
0.950000,0.850900,40,1000000,300000,1103,9.42735043e-5,3.67666667e-3,0.198750,-1338.887500,1,34.56
1.150000,0.905790,40,1000000,300000,586,5.00854701e-5,1.95333333e-3,0.103750,-638.270000,1,34.32
0.790000,0.947650,40,1000000,300000,9890,8.45299145e-4,3.29666667e-2,0.000000,-249.657500,1,32.40
0.770000,0.918810,40,1000000,300000,7267,6.21111111e-4,2.42233333e-2,0.053750,-478.815000,1,32.62
0.730000,0.870550,40,1000000,300000,-1798,-1.53675214e-4,-5.99333333e-3,-0.480000,-1145.837500,0,34.26
0.970000,0.863070,40,1000000,300000,3405,2.91025641e-4,1.13500000e-2,-0.042500,-1226.812500,1,34.73
0.950000,0.852900,40,1000000,300000,2349,2.00769231e-4,7.83000000e-3,-0.180000,-1343.152500,1,34.89
1.150000,0.907790,40,1000000,300000,192,1.64102564e-5,6.40000000e-4,0.016250,-567.075000,1,33.81
0.790000,0.949650,40,1000000,300000,11286,9.64615385e-4,3.76200000e-2,-0.010000,-228.787500,1,32.40
0.770000,0.920810,40,1000000,300000,9657,8.25384615e-4,3.21900000e-2,0.137500,-496.020000,1,32.77
0.730000,0.872550,40,1000000,300000,-1355,-1.15811966e-4,-4.51666667e-3,0.622500,-1043.997500,0,33.72
0.970000,0.865070,40,1000000,300000,-411,-3.51282051e-5,-1.37000000e-3,-0.083750,-1168.787500,0,34.80
0.950000,0.854900,40,1000000,300000,1088,9.29914530e-5,3.62666667e-3,-0.080000,-1339.255000,1,34.75
0.790000,0.951650,40,1000000,300000,12102,1.03435897e-3,4.03400000e-2,0.057500,-202.190000,1,32.40
1.150000,0.909790,40,1000000,300000,-23,-1.96581197e-6,-7.66666667e-5,-0.030000,-548.742500,0,33.74
0.770000,0.922810,40,1000000,300000,10765,9.20085470e-4,3.58833333e-2,0.143750,-496.820000,1,32.94
0.730000,0.874550,40,1000000,300000,-734,-6.27350427e-5,-2.44666667e-3,-0.263750,-1045.337500,0,33.46
0.970000,0.867070,40,1000000,300000,671,5.73504274e-5,2.23666667e-3,0.041250,-1221.785000,1,34.88
0.950000,0.856900,40,1000000,300000,1731,1.47948718e-4,5.77000000e-3,-0.211250,-1354.630000,1,34.87
0.790000,0.953650,40,1000000,300000,11559,9.87948718e-4,3.85300000e-2,0.045000,-177.800000,1,32.30
1.150000,0.911790,40,1000000,300000,163,1.39316239e-5,5.43333333e-4,-0.152500,-523.462500,1,33.68
0.770000,0.924810,40,1000000,300000,7523,6.42991453e-4,2.50766667e-2,0.070000,-436.725000,1,32.73
0.730000,0.876550,40,1000000,300000,-871,-7.44444444e-5,-2.90333333e-3,-0.403750,-1064.372500,0,35.25
0.970000,0.869070,40,1000000,300000,343,2.93162393e-5,1.14333333e-3,0.060000,-1181.225000,1,35.00
0.950000,0.858900,40,1000000,300000,1316,1.12478632e-4,4.38666667e-3,-0.156250,-1272.250000,1,34.66
0.790000,0.955650,40,1000000,300000,10383,8.87435897e-4,3.46100000e-2,0.006250,-196.500000,1,32.03
1.150000,0.913790,40,1000000,300000,130,1.11111111e-5,4.33333333e-4,-0.011250,-510.205000,1,34.03
0.770000,0.926810,40,1000000,300000,8976,7.67179487e-4,2.99200000e-2,0.016250,-403.905000,1,33.13
0.730000,0.878550,40,1000000,300000,3500,2.99145299e-4,1.16666667e-2,-0.510000,-1035.160000,1,34.27
0.790000,0.957650,40,1000000,300000,10107,8.63846154e-4,3.36900000e-2,-0.017500,-144.967500,1,33.34
0.970000,0.871070,40,1000000,300000,1179,1.00769231e-4,3.93000000e-3,0.012500,-1090.292500,1,35.89
0.950000,0.860900,40,1000000,300000,-113,-9.65811966e-6,-3.76666667e-4,0.018750,-1242.082500,0,36.00
1.150000,0.915790,40,1000000,300000,219,1.87179487e-5,7.30000000e-4,-0.058750,-520.857500,1,34.71
0.770000,0.928810,40,1000000,300000,7871,6.72735043e-4,2.62366667e-2,0.040000,-342.947500,1,34.16
0.730000,0.880550,40,1000000,300000,3556,3.03931624e-4,1.18533333e-2,-0.612500,-992.320000,1,32.92
0.790000,0.959650,40,1000000,300000,11795,1.00811966e-3,3.93166667e-2,0.041250,-135.872500,1,30.33
0.970000,0.873070,40,1000000,300000,980,8.37606838e-5,3.26666667e-3,-0.191250,-1084.862500,1,33.10
0.950000,0.862900,40,1000000,300000,1442,1.23247863e-4,4.80666667e-3,-0.233750,-1139.190000,1,33.21
1.150000,0.917790,40,1000000,300000,324,2.76923077e-5,1.08000000e-3,0.016250,-467.637500,1,31.14
0.770000,0.930810,40,1000000,300000,9351,7.99230769e-4,3.11700000e-2,-0.068750,-374.342500,1,28.66
0.730000,0.882550,40,1000000,300000,805,6.88034188e-5,2.68333333e-3,0.442500,-942.412500,1,27.93
0.790000,0.961650,40,1000000,300000,10910,9.32478632e-4,3.63666667e-2,-0.016250,-122.257500,1,26.92
0.970000,0.875070,40,1000000,300000,587,5.01709402e-5,1.95666667e-3,0.210000,-1013.730000,1,28.82
0.950000,0.864900,40,1000000,300000,888,7.58974359e-5,2.96000000e-3,-0.047500,-1127.730000,1,28.66
1.150000,0.919790,40,1000000,300000,283,2.41880342e-5,9.43333333e-4,0.146250,-473.887500,1,27.59
0.770000,0.932810,40,1000000,300000,9240,7.89743590e-4,3.08000000e-2,0.038750,-335.217500,1,26.16
0.790000,0.963650,40,1000000,300000,9130,7.80341880e-4,3.04333333e-2,-0.072500,-113.860000,1,26.08
0.730000,0.884550,40,1000000,300000,2772,2.36923077e-4,9.24000000e-3,-0.116250,-905.932500,1,27.15
0.970000,0.877070,40,1000000,300000,591,5.05128205e-5,1.97000000e-3,0.135000,-958.042500,1,28.21
0.770000,0.934810,40,1000000,300000,9567,8.17692308e-4,3.18900000e-2,-0.068750,-372.922500,1,26.20
0.950000,0.866900,40,1000000,300000,1055,9.01709402e-5,3.51666667e-3,-0.073750,-1160.332500,1,28.24
1.150000,0.921790,40,1000000,300000,11,9.40170940e-7,3.66666667e-5,0.061250,-405.695000,1,27.61
0.790000,0.965650,40,1000000,300000,10442,8.92478632e-4,3.48066667e-2,0.025000,-101.505000,1,26.48
0.730000,0.886550,40,1000000,300000,5569,4.75982906e-4,1.85633333e-2,-0.086250,-944.627500,1,26.90
0.770000,0.936810,40,1000000,300000,11417,9.75811966e-4,3.80566667e-2,0.158750,-298.702500,1,26.55
0.970000,0.879070,40,1000000,300000,2106,1.80000000e-4,7.02000000e-3,0.063750,-898.355000,1,28.38
0.950000,0.868900,40,1000000,300000,-351,-3.00000000e-5,-1.17000000e-3,0.035000,-1082.387500,0,28.11
1.150000,0.923790,40,1000000,300000,299,2.55555556e-5,9.96666667e-4,-0.126250,-418.250000,1,27.79
0.790000,0.967650,40,1000000,300000,12415,1.06111111e-3,4.13833333e-2,0.021250,-89.772500,1,25.61
0.730000,0.888550,40,1000000,300000,1108,9.47008547e-5,3.69333333e-3,-0.098750,-925.237500,1,27.37
0.770000,0.938810,40,1000000,300000,9643,8.24188034e-4,3.21433333e-2,-0.002500,-293.035000,1,27.78
1.150000,0.925790,40,1000000,300000,485,4.14529915e-5,1.61666667e-3,0.125000,-352.697500,1,28.75
0.970000,0.881070,40,1000000,300000,-339,-2.89743590e-5,-1.13000000e-3,0.156250,-909.645000,0,29.33
0.950000,0.870900,40,1000000,300000,-238,-2.03418803e-5,-7.93333333e-4,0.165000,-1087.455000,0,29.68
0.790000,0.969650,40,1000000,300000,11574,9.89230769e-4,3.85800000e-2,0.026250,-93.560000,1,28.97
0.730000,0.890550,40,1000000,300000,3688,3.15213675e-4,1.22933333e-2,-0.197500,-849.755000,1,28.67
0.770000,0.940810,40,1000000,300000,10693,9.13931624e-4,3.56433333e-2,0.126250,-297.052500,1,27.52
1.150000,0.927790,40,1000000,300000,94,8.03418803e-6,3.13333333e-4,-0.152500,-385.585000,1,28.59
0.970000,0.883070,40,1000000,300000,1419,1.21282051e-4,4.73000000e-3,-0.133750,-937.510000,1,29.16
0.950000,0.872900,40,1000000,300000,1502,1.28376068e-4,5.00666667e-3,-0.152500,-1068.402500,1,29.72
0.790000,0.971650,40,1000000,300000,12865,1.09957265e-3,4.28833333e-2,0.067500,-78.982500,1,25.92
0.730000,0.892550,40,1000000,300000,2976,2.54358974e-4,9.92000000e-3,0.623750,-799.885000,1,26.93
0.770000,0.942810,40,1000000,300000,11206,9.57777778e-4,3.73533333e-2,0.162500,-285.835000,1,25.75
1.150000,0.929790,40,1000000,300000,177,1.51282051e-5,5.90000000e-4,-0.057500,-331.265000,1,26.82
0.970000,0.885070,40,1000000,300000,1458,1.24615385e-4,4.86000000e-3,0.083750,-868.502500,1,28.33
0.950000,0.874900,40,1000000,300000,138,1.17948718e-5,4.60000000e-4,0.077500,-1098.642500,1,27.79
0.790000,0.973650,40,1000000,300000,9572,8.18119658e-4,3.19066667e-2,-0.012500,-84.717500,1,25.60
0.730000,0.894550,40,1000000,300000,3454,2.95213675e-4,1.15133333e-2,0.228750,-817.627500,1,26.25
0.770000,0.944810,40,1000000,300000,11757,1.00487179e-3,3.91900000e-2,0.073750,-244.715000,1,25.53
1.150000,0.931790,40,1000000,300000,168,1.43589744e-5,5.60000000e-4,-0.033750,-370.137500,1,26.83
0.950000,0.876900,40,1000000,300000,833,7.11965812e-5,2.77666667e-3,-0.031250,-1027.000000,1,27.49
0.970000,0.887070,40,1000000,300000,1546,1.32136752e-4,5.15333333e-3,0.158750,-906.040000,1,28.05
0.790000,0.975650,40,1000000,300000,11292,9.65128205e-4,3.76400000e-2,0.033750,-67.462500,1,25.87
0.730000,0.896550,40,1000000,300000,5757,4.92051282e-4,1.91900000e-2,-0.256250,-724.370000,1,26.12
0.770000,0.946810,40,1000000,300000,12878,1.10068376e-3,4.29266667e-2,-0.006250,-254.410000,1,25.34
1.150000,0.933790,40,1000000,300000,184,1.57264957e-5,6.13333333e-4,0.057500,-333.392500,1,26.71
0.970000,0.889070,40,1000000,300000,120,1.02564103e-5,4.00000000e-4,0.102500,-837.927500,1,27.38
0.950000,0.878900,40,1000000,300000,1249,1.06752137e-4,4.16333333e-3,-0.091250,-1096.375000,1,27.81
0.790000,0.977650,40,1000000,300000,8780,7.50427350e-4,2.92666667e-2,0.016250,-52.857500,1,25.43
0.730000,0.898550,40,1000000,300000,3767,3.21965812e-4,1.25566667e-2,-0.255000,-750.382500,1,26.34
0.770000,0.948810,40,1000000,300000,11183,9.55811966e-4,3.72766667e-2,0.211250,-225.355000,1,25.67
1.150000,0.935790,40,1000000,300000,523,4.47008547e-5,1.74333333e-3,-0.040000,-325.287500,1,26.89
0.970000,0.891070,40,1000000,300000,139,1.18803419e-5,4.63333333e-4,0.038750,-788.895000,1,27.78
0.950000,0.880900,40,1000000,300000,541,4.62393162e-5,1.80333333e-3,-0.021250,-930.220000,1,27.70
0.790000,0.979650,40,1000000,300000,11363,9.71196581e-4,3.78766667e-2,-0.053750,-42.315000,1,25.38
0.730000,0.900550,40,1000000,300000,3544,3.02905983e-4,1.18133333e-2,-0.043750,-732.105000,1,26.43
0.770000,0.950810,40,1000000,300000,12650,1.08119658e-3,4.21666667e-2,-0.040000,-197.600000,1,26.09
1.150000,0.937790,40,1000000,300000,163,1.39316239e-5,5.43333333e-4,-0.125000,-290.725000,1,27.40
0.950000,0.882900,40,1000000,300000,118,1.00854701e-5,3.93333333e-4,0.128750,-851.932500,1,27.89
0.790000,0.981650,40,1000000,300000,10234,8.74700855e-4,3.41133333e-2,-0.003750,-39.967500,1,25.65
0.970000,0.893070,40,1000000,300000,392,3.35042735e-5,1.30666667e-3,-0.146250,-810.252500,1,30.05
0.730000,0.902550,40,1000000,300000,7433,6.35299145e-4,2.47766667e-2,-0.290000,-729.467500,1,26.77
0.770000,0.952810,40,1000000,300000,11665,9.97008547e-4,3.88833333e-2,0.117500,-183.627500,1,25.99
1.150000,0.939790,40,1000000,300000,-519,-4.43589744e-5,-1.73000000e-3,-0.151250,-249.807500,0,28.41
0.790000,0.983650,40,1000000,300000,9549,8.16153846e-4,3.18300000e-2,-0.136250,-34.222500,1,28.33
0.950000,0.884900,40,1000000,300000,-145,-1.23931624e-5,-4.83333333e-4,-0.077500,-918.370000,0,30.45
0.970000,0.895070,40,1000000,300000,304,2.59829060e-5,1.01333333e-3,-0.070000,-772.742500,1,31.20
0.730000,0.904550,40,1000000,300000,5219,4.46068376e-4,1.73966667e-2,-0.031250,-685.330000,1,30.91
0.770000,0.954810,40,1000000,300000,9678,8.27179487e-4,3.22600000e-2,0.131250,-168.302500,1,31.45
1.150000,0.941790,40,1000000,300000,-272,-2.32478632e-5,-9.06666667e-4,-0.147500,-302.362500,0,34.19
0.790000,0.985650,40,1000000,300000,8399,7.17863248e-4,2.79966667e-2,-0.118750,-25.537500,1,32.39
0.950000,0.886900,40,1000000,300000,607,5.18803419e-5,2.02333333e-3,0.168750,-841.982500,1,34.57
0.970000,0.897070,40,1000000,300000,-636,-5.43589744e-5,-2.12000000e-3,-0.005000,-739.232500,0,34.81
0.730000,0.906550,40,1000000,300000,7382,6.30940171e-4,2.46066667e-2,-0.167500,-638.952500,1,33.13
0.770000,0.956810,40,1000000,300000,9124,7.79829060e-4,3.04133333e-2,-0.018750,-163.855000,1,32.55
1.150000,0.943790,40,1000000,300000,472,4.03418803e-5,1.57333333e-3,0.047500,-271.887500,1,33.79
0.790000,0.987650,40,1000000,300000,9744,8.32820513e-4,3.24800000e-2,0.130000,-24.440000,1,32.35
0.950000,0.888900,40,1000000,300000,1026,8.76923077e-5,3.42000000e-3,-0.063750,-852.332500,1,34.89
0.970000,0.899070,40,1000000,300000,1165,9.95726496e-5,3.88333333e-3,-0.158750,-679.530000,1,34.36
0.730000,0.908550,40,1000000,300000,4518,3.86153846e-4,1.50600000e-2,-0.128750,-589.950000,1,33.27
0.770000,0.958810,40,1000000,300000,11694,9.99487179e-4,3.89800000e-2,0.021250,-145.147500,1,33.07
1.150000,0.945790,40,1000000,300000,186,1.58974359e-5,6.20000000e-4,0.057500,-203.150000,1,33.61
0.790000,0.989650,40,1000000,300000,7111,6.07777778e-4,2.37033333e-2,-0.113750,-21.585000,1,32.17
0.950000,0.890900,40,1000000,300000,71,6.06837607e-6,2.36666667e-4,0.077500,-830.922500,1,34.71
0.970000,0.901070,40,1000000,300000,551,4.70940171e-5,1.83666667e-3,-0.065000,-688.085000,1,34.57
0.730000,0.910550,40,1000000,300000,7955,6.79914530e-4,2.65166667e-2,0.018750,-587.632500,1,33.12
0.770000,0.960810,40,1000000,300000,14263,1.21905983e-3,4.75433333e-2,0.001250,-117.322500,1,32.71
0.790000,0.991650,40,1000000,300000,22596,1.93128205e-3,7.53200000e-2,-0.921250,-12.170000,1,29.05
1.150000,0.947790,40,1000000,300000,54,4.61538462e-6,1.80000000e-4,-0.148750,-216.990000,1,33.87
0.950000,0.892900,40,1000000,300000,-1768,-1.51111111e-4,-5.89333333e-3,-0.066250,-779.272500,0,34.85
0.730000,0.912550,40,1000000,300000,9476,8.09914530e-4,3.15866667e-2,0.062500,-550.480000,1,32.61
0.970000,0.903070,40,1000000,300000,667,5.70085470e-5,2.22333333e-3,0.098750,-650.300000,1,34.50
0.770000,0.962810,40,1000000,300000,10401,8.88974359e-4,3.46700000e-2,0.065000,-142.890000,1,32.17
0.790000,0.993650,40,1000000,300000,10619,9.07606838e-4,3.53966667e-2,-0.656250,-13.112500,1,31.32
1.150000,0.949790,40,1000000,300000,129,1.10256410e-5,4.30000000e-4,0.132500,-214.860000,1,33.44
0.730000,0.914550,40,1000000,300000,11454,9.78974359e-4,3.81800000e-2,0.023750,-549.327500,1,32.87
0.950000,0.894900,40,1000000,300000,77,6.58119658e-6,2.56666667e-4,-0.227500,-753.650000,1,34.58
0.770000,0.964810,40,1000000,300000,11533,9.85726496e-4,3.84433333e-2,0.037500,-94.042500,1,32.85
0.970000,0.905070,40,1000000,300000,-69,-5.89743590e-6,-2.30000000e-4,-0.301250,-684.430000,0,34.39
0.790000,0.995650,40,1000000,300000,5877,5.02307692e-4,1.95900000e-2,0.828750,-7.527500,1,29.20
1.150000,0.951790,40,1000000,300000,464,3.96581197e-5,1.54666667e-3,-0.047500,-207.445000,1,33.30
0.730000,0.916550,40,1000000,300000,7217,6.16837607e-4,2.40566667e-2,-0.108750,-521.600000,1,32.89
0.770000,0.966810,40,1000000,300000,12441,1.06333333e-3,4.14700000e-2,0.041250,-129.735000,1,32.27
0.950000,0.896900,40,1000000,300000,799,6.82905983e-5,2.66333333e-3,0.051250,-729.965000,1,34.54
0.970000,0.907070,40,1000000,300000,-743,-6.35042735e-5,-2.47666667e-3,-0.145000,-579.512500,0,34.58
0.790000,0.997650,40,1000000,300000,-17941,-1.53341880e-3,-5.98033333e-2,-0.101250,-2.967500,0,28.78
1.150000,0.953790,40,1000000,300000,117,1.00000000e-5,3.90000000e-4,-0.066250,-191.300000,1,33.71
0.770000,0.968810,40,1000000,300000,12263,1.04811966e-3,4.08766667e-2,0.097500,-92.890000,1,32.57
0.730000,0.918550,40,1000000,300000,9258,7.91282051e-4,3.08600000e-2,-0.226250,-483.225000,1,32.88
0.790000,0.999650,40,1000000,300000,-34488,-2.94769231e-3,-1.14960000e-1,-0.128750,-1.945000,0,28.41
0.950000,0.898900,40,1000000,300000,288,2.46153846e-5,9.60000000e-4,-0.045000,-676.332500,1,34.36
0.970000,0.909070,40,1000000,300000,457,3.90598291e-5,1.52333333e-3,-0.003750,-637.437500,1,34.34
1.150000,0.955790,40,1000000,300000,536,4.58119658e-5,1.78666667e-3,0.036250,-137.662500,1,29.95
0.790000,1.000000,40,1000000,300000,-35858,-3.06478632e-3,-1.19526667e-1,-0.018750,-1.932500,0,22.85
0.770000,0.970810,40,1000000,300000,11215,9.58547009e-4,3.73833333e-2,0.063750,-92.240000,1,27.17
0.730000,0.920550,40,1000000,300000,11639,9.94786325e-4,3.87966667e-2,0.038750,-479.732500,1,27.28
0.950000,0.900900,40,1000000,300000,1029,8.79487179e-5,3.43000000e-3,0.013750,-718.830000,1,28.01
0.970000,0.911070,40,1000000,300000,-286,-2.44444444e-5,-9.53333333e-4,0.185000,-636.837500,0,28.24
1.150000,0.957790,40,1000000,300000,529,4.52136752e-5,1.76333333e-3,-0.031250,-131.347500,1,27.12
0.770000,0.972810,40,1000000,300000,10333,8.83162393e-4,3.44433333e-2,-0.015000,-106.690000,1,26.26
0.730000,0.922550,40,1000000,300000,14470,1.23675214e-3,4.82333333e-2,-0.105000,-464.567500,1,26.41
0.810000,0.846350,40,1000000,300000,3158,2.69914530e-4,1.05266667e-2,0.217500,-1367.872500,1,29.44
0.950000,0.902900,40,1000000,300000,299,2.55555556e-5,9.96666667e-4,-0.033750,-590.680000,1,27.90
0.970000,0.913070,40,1000000,300000,597,5.10256410e-5,1.99000000e-3,-0.202500,-516.062500,1,28.16
1.150000,0.959790,40,1000000,300000,570,4.87179487e-5,1.90000000e-3,-0.032500,-138.857500,1,27.31
0.770000,0.974810,40,1000000,300000,12109,1.03495726e-3,4.03633333e-2,0.005000,-65.085000,1,25.64
0.730000,0.924550,40,1000000,300000,10214,8.72991453e-4,3.40466667e-2,-0.017500,-416.490000,1,26.17
0.810000,0.848350,40,1000000,300000,1963,1.67777778e-4,6.54333333e-3,-0.117500,-1450.502500,1,29.00
0.950000,0.904900,40,1000000,300000,-138,-1.17948718e-5,-4.60000000e-4,0.147500,-672.447500,0,27.62
0.970000,0.915070,40,1000000,300000,462,3.94871795e-5,1.54000000e-3,-0.187500,-503.107500,1,28.09
1.150000,0.961790,40,1000000,300000,580,4.95726496e-5,1.93333333e-3,-0.242500,-123.425000,1,26.33
0.770000,0.976810,40,1000000,300000,11723,1.00196581e-3,3.90766667e-2,-0.015000,-42.950000,1,26.03
0.730000,0.926550,40,1000000,300000,10418,8.90427350e-4,3.47266667e-2,0.032500,-411.725000,1,26.29
0.810000,0.850350,40,1000000,300000,-148,-1.26495726e-5,-4.93333333e-4,-0.082500,-1439.732500,0,29.33
0.950000,0.906900,40,1000000,300000,481,4.11111111e-5,1.60333333e-3,-0.110000,-616.335000,1,27.46
0.970000,0.917070,40,1000000,300000,478,4.08547009e-5,1.59333333e-3,-0.138750,-520.667500,1,27.50
1.150000,0.963790,40,1000000,300000,963,8.23076923e-5,3.21000000e-3,0.046250,-109.852500,1,27.05
0.770000,0.978810,40,1000000,300000,10066,8.60341880e-4,3.35533333e-2,-0.047500,-61.292500,1,25.51
0.730000,0.928550,40,1000000,300000,10912,9.32649573e-4,3.63733333e-2,0.128750,-448.880000,1,26.34
0.950000,0.908900,40,1000000,300000,-515,-4.40170940e-5,-1.71666667e-3,0.121250,-589.260000,0,27.54
0.810000,0.852350,40,1000000,300000,-3989,-3.40940171e-4,-1.32966667e-2,-0.705000,-1353.067500,0,28.41
0.970000,0.919070,40,1000000,300000,612,5.23076923e-5,2.04000000e-3,-0.217500,-475.292500,1,27.21
1.150000,0.965790,40,1000000,300000,720,6.15384615e-5,2.40000000e-3,0.075000,-84.670000,1,26.55
0.770000,0.980810,40,1000000,300000,10191,8.71025641e-4,3.39700000e-2,-0.048750,-55.245000,1,25.80
0.730000,0.930550,40,1000000,300000,9758,8.34017094e-4,3.25266667e-2,-0.041250,-428.052500,1,26.12
0.950000,0.910900,40,1000000,300000,222,1.89743590e-5,7.40000000e-4,0.171250,-556.877500,1,28.21
0.810000,0.854350,40,1000000,300000,-743,-6.35042735e-5,-2.47666667e-3,-0.162500,-1342.687500,0,29.74
0.970000,0.921070,40,1000000,300000,477,4.07692308e-5,1.59000000e-3,-0.203750,-453.387500,1,27.94
1.150000,0.967790,40,1000000,300000,594,5.07692308e-5,1.98000000e-3,-0.156250,-60.375000,1,26.94
0.770000,0.982810,40,1000000,300000,9484,8.10598291e-4,3.16133333e-2,-0.153750,-36.077500,1,26.60
0.730000,0.932550,40,1000000,300000,14644,1.25162393e-3,4.88133333e-2,0.025000,-342.445000,1,26.33
0.950000,0.912900,40,1000000,300000,-616,-5.26495726e-5,-2.05333333e-3,0.173750,-516.025000,0,27.72
0.970000,0.923070,40,1000000,300000,688,5.88034188e-5,2.29333333e-3,-0.321250,-412.222500,1,27.81
0.810000,0.856350,40,1000000,300000,1902,1.62564103e-4,6.34000000e-3,0.608750,-1324.102500,1,28.92
1.150000,0.969790,40,1000000,300000,613,5.23931624e-5,2.04333333e-3,0.002500,-80.827500,1,26.38
0.770000,0.984810,40,1000000,300000,6530,5.58119658e-4,2.17666667e-2,0.021250,-32.297500,1,25.80
0.730000,0.934550,40,1000000,300000,15020,1.28376068e-3,5.00666667e-2,0.042500,-369.875000,1,25.91
0.950000,0.914900,40,1000000,300000,-181,-1.54700855e-5,-6.03333333e-4,0.006250,-533.647500,0,28.13
0.970000,0.925070,40,1000000,300000,307,2.62393162e-5,1.02333333e-3,-0.105000,-424.982500,1,27.58
0.810000,0.858350,40,1000000,300000,-2274,-1.94358974e-4,-7.58000000e-3,-0.483750,-1256.960000,0,28.87
1.150000,0.971790,40,1000000,300000,887,7.58119658e-5,2.95666667e-3,-0.033750,-45.190000,1,27.17
0.770000,0.986810,40,1000000,300000,6143,5.25042735e-4,2.04766667e-2,-0.010000,-30.500000,1,25.98
0.730000,0.936550,40,1000000,300000,15293,1.30709402e-3,5.09766667e-2,0.023750,-359.092500,1,26.21
0.950000,0.916900,40,1000000,300000,217,1.85470085e-5,7.23333333e-4,0.250000,-485.027500,1,29.41
0.970000,0.927070,40,1000000,300000,-12,-1.02564103e-6,-4.00000000e-5,-0.036250,-424.152500,0,29.53
0.810000,0.860350,40,1000000,300000,1411,1.20598291e-4,4.70333333e-3,-0.056250,-1325.982500,1,32.40
1.150000,0.973790,40,1000000,300000,597,5.10256410e-5,1.99000000e-3,0.270000,-55.210000,1,30.62
0.770000,0.988810,40,1000000,300000,5267,4.50170940e-4,1.75566667e-2,-0.062500,-24.160000,1,29.93
0.730000,0.938550,40,1000000,300000,15672,1.33948718e-3,5.22400000e-2,0.026250,-312.710000,1,31.09
0.950000,0.918900,40,1000000,300000,1039,8.88034188e-5,3.46333333e-3,-0.316250,-536.722500,1,34.98
0.970000,0.929070,40,1000000,300000,1136,9.70940171e-5,3.78666667e-3,-0.116250,-369.225000,1,34.69
0.770000,0.990810,40,1000000,300000,4164,3.55897436e-4,1.38800000e-2,0.325000,-23.242500,1,32.74
0.810000,0.862350,40,1000000,300000,-4737,-4.04871795e-4,-1.57900000e-2,0.027500,-1229.507500,0,36.14
1.150000,0.975790,40,1000000,300000,1175,1.00427350e-4,3.91666667e-3,0.003750,-68.362500,1,33.98
0.730000,0.940550,40,1000000,300000,12217,1.04418803e-3,4.07233333e-2,0.047500,-274.770000,1,32.77
0.950000,0.920900,40,1000000,300000,1608,1.37435897e-4,5.36000000e-3,0.141250,-520.970000,1,34.12
0.970000,0.931070,40,1000000,300000,1258,1.07521368e-4,4.19333333e-3,-0.346250,-382.367500,1,34.05
0.770000,0.992810,40,1000000,300000,4797,4.10000000e-4,1.59900000e-2,-0.148750,-14.665000,1,33.54
1.150000,0.977790,40,1000000,300000,1183,1.01111111e-4,3.94333333e-3,0.092500,-43.382500,1,34.17
0.730000,0.942550,40,1000000,300000,13713,1.17205128e-3,4.57100000e-2,-0.071250,-231.217500,1,33.05
0.810000,0.864350,40,1000000,300000,-1500,-1.28205128e-4,-5.00000000e-3,-0.477500,-1232.297500,0,36.30
0.950000,0.922900,40,1000000,300000,935,7.99145299e-5,3.11666667e-3,0.288750,-447.242500,1,34.55
0.970000,0.933070,40,1000000,300000,976,8.34188034e-5,3.25333333e-3,0.122500,-337.490000,1,34.62
0.770000,0.994810,40,1000000,300000,13460,1.15042735e-3,4.48666667e-2,-0.037500,-3.262500,1,31.28
1.150000,0.979790,40,1000000,300000,1058,9.04273504e-5,3.52666667e-3,-0.010000,-34.307500,1,33.91
0.730000,0.944550,40,1000000,300000,9047,7.73247863e-4,3.01566667e-2,-0.182500,-271.860000,1,33.20
0.810000,0.866350,40,1000000,300000,1788,1.52820513e-4,5.96000000e-3,-0.282500,-1230.207500,1,36.64
0.770000,0.996810,40,1000000,300000,-10702,-9.14700855e-4,-3.56733333e-2,-0.460000,-2.485000,0,29.06
0.950000,0.924900,40,1000000,300000,1448,1.23760684e-4,4.82666667e-3,-0.405000,-434.222500,1,33.98
0.970000,0.935070,40,1000000,300000,1144,9.77777778e-5,3.81333333e-3,0.211250,-351.712500,1,33.91
1.150000,0.981790,40,1000000,300000,1081,9.23931624e-5,3.60333333e-3,-0.023750,-29.575000,1,33.34
0.730000,0.946550,40,1000000,300000,13517,1.15529915e-3,4.50566667e-2,0.068750,-241.900000,1,32.77
0.810000,0.868350,40,1000000,300000,830,7.09401709e-5,2.76666667e-3,0.232500,-1245.760000,1,36.26
0.770000,0.998810,40,1000000,300000,-30694,-2.62341880e-3,-1.02313333e-1,-0.142500,-1.997500,0,28.90
0.950000,0.926900,40,1000000,300000,2664,2.27692308e-4,8.88000000e-3,0.262500,-374.522500,1,33.14
0.970000,0.937070,40,1000000,300000,1833,1.56666667e-4,6.11000000e-3,0.122500,-317.245000,1,33.01
0.730000,0.948550,40,1000000,300000,11278,9.63931624e-4,3.75933333e-2,0.137500,-249.587500,1,33.01
1.150000,0.983790,40,1000000,300000,435,3.71794872e-5,1.45000000e-3,-0.121250,-38.207500,1,33.48
0.810000,0.870350,40,1000000,300000,999,8.53846154e-5,3.33000000e-3,-0.096250,-1092.445000,1,36.02
0.770000,1.000000,40,1000000,300000,-44857,-3.83393162e-3,-1.49523333e-1,-0.016250,-1.935000,0,29.17
0.950000,0.928900,40,1000000,300000,953,8.14529915e-5,3.17666667e-3,0.200000,-350.635000,1,34.53
0.970000,0.939070,40,1000000,300000,2068,1.76752137e-4,6.89333333e-3,-0.202500,-296.952500,1,33.47
0.730000,0.950550,40,1000000,300000,14219,1.21529915e-3,4.73966667e-2,0.117500,-192.047500,1,33.15
1.150000,0.985790,40,1000000,300000,679,5.80341880e-5,2.26333333e-3,0.002500,-18.345000,1,33.53
0.810000,0.872350,40,1000000,300000,881,7.52991453e-5,2.93666667e-3,0.197500,-1079.957500,1,35.93
0.790000,0.845650,40,1000000,300000,504,4.30769231e-5,1.68000000e-3,0.535000,-1426.405000,1,36.49
0.950000,0.930900,40,1000000,300000,1966,1.68034188e-4,6.55333333e-3,-0.170000,-364.232500,1,33.58
0.970000,0.941070,40,1000000,300000,2328,1.98974359e-4,7.76000000e-3,0.067500,-285.277500,1,33.62
0.730000,0.952550,40,1000000,300000,14903,1.27376068e-3,4.96766667e-2,0.067500,-192.230000,1,33.01
1.150000,0.987790,40,1000000,300000,929,7.94017094e-5,3.09666667e-3,0.021250,-20.225000,1,33.33
0.810000,0.874350,40,1000000,300000,-3084,-2.63589744e-4,-1.02800000e-2,0.681250,-1050.235000,0,34.11
0.790000,0.847650,40,1000000,300000,2065,1.76495726e-4,6.88333333e-3,-0.062500,-1490.547500,1,35.55
0.970000,0.943070,40,1000000,300000,992,8.47863248e-5,3.30666667e-3,-0.031250,-284.885000,1,33.25
0.950000,0.932900,40,1000000,300000,2503,2.13931624e-4,8.34333333e-3,0.091250,-329.247500,1,33.90
0.730000,0.954550,40,1000000,300000,14311,1.22316239e-3,4.77033333e-2,0.042500,-181.147500,1,33.16
1.150000,0.989790,40,1000000,300000,713,6.09401709e-5,2.37666667e-3,0.017500,-6.522500,1,34.12
0.810000,0.876350,40,1000000,300000,-291,-2.48717949e-5,-9.70000000e-4,0.663750,-1013.737500,0,659.91
0.790000,0.849650,40,1000000,300000,-3809,-3.25555556e-4,-1.26966667e-2,-0.518750,-1413.785000,0,659.01
0.950000,0.934900,40,1000000,300000,2945,2.51709402e-4,9.81666667e-3,0.008750,-317.527500,1,655.08
0.970000,0.945070,40,1000000,300000,2328,1.98974359e-4,7.76000000e-3,0.506250,-253.170000,1,655.78
0.730000,0.956550,40,1000000,300000,15607,1.33393162e-3,5.20233333e-2,-0.073750,-168.217500,1,653.81
1.150000,0.991790,40,1000000,300000,605,5.17094017e-5,2.01666667e-3,-0.037500,-7.522500,1,653.87
0.810000,0.878350,40,1000000,300000,-3382,-2.89059829e-4,-1.12733333e-2,0.362500,-1024.790000,0,27.90
0.790000,0.851650,40,1000000,300000,1981,1.69316239e-4,6.60333333e-3,-0.420000,-1404.665000,1,28.11
0.950000,0.936900,40,1000000,300000,1702,1.45470085e-4,5.67333333e-3,0.207500,-299.300000,1,25.47
0.970000,0.947070,40,1000000,300000,2235,1.91025641e-4,7.45000000e-3,-0.026250,-232.157500,1,25.44
0.730000,0.958550,40,1000000,300000,13668,1.16820513e-3,4.55600000e-2,-0.012500,-150.100000,1,26.00
1.150000,0.993790,40,1000000,300000,1030,8.80341880e-5,3.43333333e-3,-0.201250,-4.725000,1,26.83
0.810000,0.880350,40,1000000,300000,-926,-7.91452991e-5,-3.08666667e-3,-0.095000,-882.720000,0,28.87
0.970000,0.949070,40,1000000,300000,2196,1.87692308e-4,7.32000000e-3,0.076250,-165.517500,1,26.37
0.950000,0.938900,40,1000000,300000,2211,1.88974359e-4,7.37000000e-3,0.190000,-256.302500,1,27.50
0.730000,0.960550,40,1000000,300000,14883,1.27205128e-3,4.96100000e-2,0.050000,-148.420000,1,25.88
0.790000,0.853650,40,1000000,300000,-96,-8.20512821e-6,-3.20000000e-4,0.095000,-1370.515000,0,29.58
1.150000,0.995790,40,1000000,300000,426,3.64102564e-5,1.42000000e-3,0.083750,-3.897500,1,26.49
0.810000,0.882350,40,1000000,300000,565,4.82905983e-5,1.88333333e-3,0.001250,-860.310000,1,30.77
0.970000,0.951070,40,1000000,300000,2956,2.52649573e-4,9.85333333e-3,-0.117500,-193.520000,1,28.07
0.950000,0.940900,40,1000000,300000,3841,3.28290598e-4,1.28033333e-2,-0.185000,-276.510000,1,29.04
0.730000,0.962550,40,1000000,300000,13372,1.14290598e-3,4.45733333e-2,-0.016250,-145.097500,1,29.40
1.150000,0.997790,40,1000000,300000,778,6.64957265e-5,2.59333333e-3,0.410000,-2.530000,1,29.28
0.790000,0.855650,40,1000000,300000,2120,1.81196581e-4,7.06666667e-3,0.173750,-1367.355000,1,33.83
0.970000,0.953070,40,1000000,300000,2938,2.51111111e-4,9.79333333e-3,0.016250,-167.647500,1,29.83
0.950000,0.942900,40,1000000,300000,2675,2.28632479e-4,8.91666667e-3,-0.081250,-234.047500,1,28.22
1.150000,0.999790,40,1000000,300000,274,2.34188034e-5,9.13333333e-4,0.002500,-1.930000,1,23.40
0.810000,0.884350,40,1000000,300000,1921,1.64188034e-4,6.40333333e-3,-0.141250,-921.265000,1,33.50
0.730000,0.964550,40,1000000,300000,12083,1.03273504e-3,4.02766667e-2,-0.121250,-131.152500,1,28.25
0.790000,0.857650,40,1000000,300000,-5201,-4.44529915e-4,-1.73366667e-2,0.607500,-1367.875000,0,30.33
1.150000,1.000000,40,1000000,300000,-2126,-1.81709402e-4,-7.08666667e-3,-0.013750,-1.940000,0,21.62
0.970000,0.955070,40,1000000,300000,3151,2.69316239e-4,1.05033333e-2,0.065000,-203.022500,1,25.66
0.950000,0.944900,40,1000000,300000,2219,1.89658120e-4,7.39666667e-3,-0.182500,-247.760000,1,26.17
0.730000,0.966550,40,1000000,300000,14189,1.21273504e-3,4.72966667e-2,0.163750,-114.510000,1,26.26
0.810000,0.886350,40,1000000,300000,1001,8.55555556e-5,3.33666667e-3,0.320000,-871.412500,1,28.24
0.790000,0.859650,40,1000000,300000,-1319,-1.12735043e-4,-4.39666667e-3,0.012500,-1330.712500,0,31.15
1.170000,0.849820,40,1000000,300000,2816,2.40683761e-4,9.38666667e-3,0.132500,-1422.547500,1,31.94
0.970000,0.957070,40,1000000,300000,3632,3.10427350e-4,1.21066667e-2,0.140000,-153.335000,1,31.34
0.950000,0.946900,40,1000000,300000,2739,2.34102564e-4,9.13000000e-3,0.148750,-234.275000,1,31.14
0.730000,0.968550,40,1000000,300000,11935,1.02008547e-3,3.97833333e-2,-0.076250,-133.002500,1,31.26
0.810000,0.888350,40,1000000,300000,1245,1.06410256e-4,4.15000000e-3,-0.065000,-829.137500,1,32.37
0.790000,0.861650,40,1000000,300000,759,6.48717949e-5,2.53000000e-3,0.167500,-1232.152500,1,32.36
0.970000,0.959070,40,1000000,300000,2837,2.42478632e-4,9.45666667e-3,0.021250,-156.952500,1,25.85
1.170000,0.851820,40,1000000,300000,1558,1.33162393e-4,5.19333333e-3,0.036250,-1425.147500,1,28.81
0.950000,0.948900,40,1000000,300000,2039,1.74273504e-4,6.79666667e-3,0.005000,-218.280000,1,26.68
0.730000,0.970550,40,1000000,300000,12483,1.06692308e-3,4.16100000e-2,-0.006250,-114.022500,1,26.35
0.810000,0.890350,40,1000000,300000,2554,2.18290598e-4,8.51333333e-3,-0.156250,-833.612500,1,28.45
0.790000,0.863650,40,1000000,300000,59,5.04273504e-6,1.96666667e-4,-0.050000,-1206.182500,1,29.60
0.970000,0.961070,40,1000000,300000,3758,3.21196581e-4,1.25266667e-2,-0.022500,-135.755000,1,26.13
0.950000,0.950900,40,1000000,300000,3005,2.56837607e-4,1.00166667e-2,0.093750,-185.135000,1,25.99
1.170000,0.853820,40,1000000,300000,1626,1.38974359e-4,5.42000000e-3,-0.180000,-1319.372500,1,28.30
0.730000,0.972550,40,1000000,300000,13968,1.19384615e-3,4.65600000e-2,-0.035000,-84.387500,1,27.16
0.810000,0.892350,40,1000000,300000,1711,1.46239316e-4,5.70333333e-3,-0.623750,-806.252500,1,29.72
0.790000,0.865650,40,1000000,300000,131,1.11965812e-5,4.36666667e-4,0.026250,-1095.915000,1,35.07
0.970000,0.963070,40,1000000,300000,4510,3.85470085e-4,1.50333333e-2,-0.018750,-109.982500,1,31.36
0.950000,0.952900,40,1000000,300000,2856,2.44102564e-4,9.52000000e-3,0.058750,-197.667500,1,31.15
0.730000,0.974550,40,1000000,300000,11192,9.56581197e-4,3.73066667e-2,0.017500,-75.637500,1,30.46
1.170000,0.855820,40,1000000,300000,1345,1.14957265e-4,4.48333333e-3,-0.068750,-1282.587500,1,32.38
0.810000,0.894350,40,1000000,300000,1806,1.54358974e-4,6.02000000e-3,0.083750,-797.377500,1,30.06
0.790000,0.867650,40,1000000,300000,-6380,-5.45299145e-4,-2.12666667e-2,0.725000,-1168.510000,0,31.59
0.970000,0.965070,40,1000000,300000,3934,3.36239316e-4,1.31133333e-2,-0.128750,-88.785000,1,30.16
0.950000,0.954900,40,1000000,300000,3554,3.03760684e-4,1.18466667e-2,0.048750,-148.222500,1,30.81
0.730000,0.976550,40,1000000,300000,13008,1.11179487e-3,4.33600000e-2,0.207500,-61.110000,1,32.14
1.170000,0.857820,40,1000000,300000,2435,2.08119658e-4,8.11666667e-3,-0.196250,-1386.607500,1,33.25
0.810000,0.896350,40,1000000,300000,2220,1.89743590e-4,7.40000000e-3,-0.130000,-745.125000,1,33.79
0.790000,0.869650,40,1000000,300000,-3168,-2.70769231e-4,-1.05600000e-2,0.705000,-1121.105000,0,30.88
0.970000,0.967070,40,1000000,300000,3064,2.61880342e-4,1.02133333e-2,-0.035000,-101.310000,1,30.17
0.950000,0.956900,40,1000000,300000,3534,3.02051282e-4,1.17800000e-2,0.028750,-140.147500,1,29.73
0.730000,0.978550,40,1000000,300000,8385,7.16666667e-4,2.79500000e-2,-0.067500,-68.887500,1,29.44
1.170000,0.859820,40,1000000,300000,1484,1.26837607e-4,4.94666667e-3,-0.140000,-1279.450000,1,30.58
0.810000,0.898350,40,1000000,300000,2421,2.06923077e-4,8.07000000e-3,0.105000,-738.150000,1,29.68
0.970000,0.969070,40,1000000,300000,4233,3.61794872e-4,1.41100000e-2,-0.143750,-89.840000,1,28.52
0.950000,0.958900,40,1000000,300000,4468,3.81880342e-4,1.48933333e-2,0.071250,-144.590000,1,27.99
0.790000,0.871650,40,1000000,300000,-1164,-9.94871795e-5,-3.88000000e-3,0.007500,-1153.540000,0,32.21
0.730000,0.980550,40,1000000,300000,9505,8.12393162e-4,3.16833333e-2,0.037500,-57.670000,1,28.15
1.170000,0.861820,40,1000000,300000,2230,1.90598291e-4,7.43333333e-3,0.116250,-1209.267500,1,29.86
0.810000,0.900350,40,1000000,300000,505,4.31623932e-5,1.68333333e-3,0.355000,-707.142500,1,28.57
0.970000,0.971070,40,1000000,300000,3152,2.69401709e-4,1.05066667e-2,-0.011250,-80.357500,1,26.46
0.950000,0.960900,40,1000000,300000,3519,3.00769231e-4,1.17300000e-2,-0.053750,-125.707500,1,27.36
0.790000,0.873650,40,1000000,300000,-1068,-9.12820513e-5,-3.56000000e-3,-0.553750,-1088.737500,0,28.28
0.730000,0.982550,40,1000000,300000,9299,7.94786325e-4,3.09966667e-2,-0.130000,-53.347500,1,26.84
1.170000,0.863820,40,1000000,300000,1348,1.15213675e-4,4.49333333e-3,-0.071250,-1224.502500,1,27.66
0.810000,0.902350,40,1000000,300000,1151,9.83760684e-5,3.83666667e-3,0.428750,-641.005000,1,28.53
0.970000,0.973070,40,1000000,300000,3801,3.24871795e-4,1.26700000e-2,-0.071250,-68.185000,1,28.13
0.950000,0.962900,40,1000000,300000,4864,4.15726496e-4,1.62133333e-2,-0.046250,-109.590000,1,28.17
0.730000,0.984550,40,1000000,300000,8813,7.53247863e-4,2.93766667e-2,-0.055000,-44.447500,1,29.74
0.790000,0.875650,40,1000000,300000,234,2.00000000e-5,7.80000000e-4,-0.081250,-990.770000,1,31.88
1.170000,0.865820,40,1000000,300000,1683,1.43846154e-4,5.61000000e-3,-0.066250,-1217.230000,1,30.10
0.810000,0.904350,40,1000000,300000,3914,3.34529915e-4,1.30466667e-2,0.156250,-635.162500,1,28.51
0.970000,0.975070,40,1000000,300000,4741,4.05213675e-4,1.58033333e-2,0.050000,-57.012500,1,27.00
0.950000,0.964900,40,1000000,300000,5050,4.31623932e-4,1.68333333e-2,0.020000,-91.150000,1,26.84
0.730000,0.986550,40,1000000,300000,6009,5.13589744e-4,2.00300000e-2,0.061250,-36.392500,1,26.67
0.790000,0.877650,40,1000000,300000,1646,1.40683761e-4,5.48666667e-3,0.156250,-1049.385000,1,29.24
1.170000,0.867820,40,1000000,300000,1492,1.27521368e-4,4.97333333e-3,-0.036250,-1131.140000,1,28.11
0.810000,0.906350,40,1000000,300000,-153,-1.30769231e-5,-5.10000000e-4,0.402500,-682.857500,0,28.24
0.970000,0.977070,40,1000000,300000,3622,3.09572650e-4,1.20733333e-2,0.026250,-72.695000,1,27.30
0.950000,0.966900,40,1000000,300000,3972,3.39487179e-4,1.32400000e-2,-0.031250,-101.970000,1,27.48
0.730000,0.988550,40,1000000,300000,6555,5.60256410e-4,2.18500000e-2,-0.132500,-32.595000,1,27.85
0.790000,0.879650,40,1000000,300000,928,7.93162393e-5,3.09333333e-3,-0.013750,-946.702500,1,30.91
1.170000,0.869820,40,1000000,300000,968,8.27350427e-5,3.22666667e-3,-0.082500,-1054.042500,1,29.11
0.810000,0.908350,40,1000000,300000,1963,1.67777778e-4,6.54333333e-3,-0.147500,-654.347500,1,29.62
0.970000,0.979070,40,1000000,300000,3945,3.37179487e-4,1.31500000e-2,0.001250,-37.075000,1,28.29
1.170000,0.967820,40,1000000,300000,723,6.17948718e-5,2.41000000e-3,0.110000,-76.415000,1,29.26
0.730000,0.990550,40,1000000,300000,15086,1.28940171e-3,5.02866667e-2,0.893750,-18.110000,1,26.36
0.790000,0.881650,40,1000000,300000,260,2.22222222e-5,8.66666667e-4,0.527500,-957.682500,1,30.44
1.170000,0.871820,40,1000000,300000,910,7.77777778e-5,3.03333333e-3,0.000000,-1093.712500,1,30.21
0.810000,0.910350,40,1000000,300000,4629,3.95641026e-4,1.54300000e-2,0.201250,-589.152500,1,29.36
0.970000,0.981070,40,1000000,300000,2809,2.40085470e-4,9.36333333e-3,-0.002500,-53.290000,1,27.68
0.730000,0.992550,40,1000000,300000,4390,3.75213675e-4,1.46333333e-2,0.868750,-8.792500,1,25.18
1.170000,0.969820,40,1000000,300000,587,5.01709402e-5,1.95666667e-3,-0.237500,-50.680000,1,28.20
1.170000,0.873820,40,1000000,300000,1364,1.16581197e-4,4.54666667e-3,-0.123750,-1021.087500,1,28.52
0.790000,0.883650,40,1000000,300000,-2030,-1.73504274e-4,-6.76666667e-3,-0.143750,-938.090000,0,30.01
0.810000,0.912350,40,1000000,300000,3536,3.02222222e-4,1.17866667e-2,0.322500,-552.680000,1,26.97
0.730000,0.994550,40,1000000,300000,-7131,-6.09487179e-4,-2.37700000e-2,0.831250,-5.732500,0,23.22
0.970000,0.983070,40,1000000,300000,3149,2.69145299e-4,1.04966667e-2,0.022500,-23.190000,1,26.38
1.170000,0.971820,40,1000000,300000,165,1.41025641e-5,5.50000000e-4,0.167500,-61.637500,1,26.79
1.170000,0.875820,40,1000000,300000,495,4.23076923e-5,1.65000000e-3,0.133750,-1058.752500,1,27.42
0.810000,0.914350,40,1000000,300000,6932,5.92478632e-4,2.31066667e-2,-0.057500,-508.825000,1,26.31
0.790000,0.885650,40,1000000,300000,3167,2.70683761e-4,1.05566667e-2,-0.353750,-831.760000,1,27.42
0.730000,0.996550,40,1000000,300000,-26341,-2.25136752e-3,-8.78033333e-2,0.111250,-6.565000,0,22.95
0.970000,0.985070,40,1000000,300000,3194,2.72991453e-4,1.06466667e-2,0.045000,-18.492500,1,25.38
1.170000,0.973820,40,1000000,300000,606,5.17948718e-5,2.02000000e-3,0.067500,-70.832500,1,26.56
0.730000,0.998550,40,1000000,300000,-48224,-4.12170940e-3,-1.60746667e-1,0.067500,-1.885000,0,22.54
1.170000,0.877820,40,1000000,300000,935,7.99145299e-5,3.11666667e-3,-0.032500,-1015.535000,1,27.01
0.810000,0.916350,40,1000000,300000,5350,4.57264957e-4,1.78333333e-2,-0.033750,-553.527500,1,27.23
0.790000,0.887650,40,1000000,300000,-190,-1.62393162e-5,-6.33333333e-4,0.225000,-865.082500,0,28.96
0.970000,0.987070,40,1000000,300000,2938,2.51111111e-4,9.79333333e-3,0.020000,-12.107500,1,25.75
1.170000,0.975820,40,1000000,300000,998,8.52991453e-5,3.32666667e-3,0.050000,-65.545000,1,26.84
0.730000,1.000000,40,1000000,300000,-61297,-5.23905983e-3,-2.04323333e-1,-0.022500,-1.940000,0,22.93
1.170000,0.879820,40,1000000,300000,728,6.22222222e-5,2.42666667e-3,0.046250,-933.897500,1,27.47
0.810000,0.918350,40,1000000,300000,5328,4.55384615e-4,1.77600000e-2,0.175000,-500.415000,1,27.26
0.970000,0.989070,40,1000000,300000,3640,3.11111111e-4,1.21333333e-2,0.000000,-13.182500,1,25.82
0.790000,0.889650,40,1000000,300000,833,7.11965812e-5,2.77666667e-3,0.360000,-745.747500,1,28.79
1.170000,0.977820,40,1000000,300000,811,6.93162393e-5,2.70333333e-3,0.008750,-44.392500,1,27.06
0.750000,0.843790,40,1000000,300000,-2875,-2.45726496e-4,-9.58333333e-3,-0.640000,-1565.907500,0,27.44
1.170000,0.881820,40,1000000,300000,1366,1.16752137e-4,4.55333333e-3,-0.057500,-902.667500,1,27.65
0.810000,0.920350,40,1000000,300000,5092,4.35213675e-4,1.69733333e-2,0.198750,-461.492500,1,27.02
0.970000,0.991070,40,1000000,300000,3161,2.70170940e-4,1.05366667e-2,0.122500,-9.012500,1,26.03
0.790000,0.891650,40,1000000,300000,-1440,-1.23076923e-4,-4.80000000e-3,-0.235000,-796.430000,0,27.70
1.170000,0.979820,40,1000000,300000,766,6.54700855e-5,2.55333333e-3,0.003750,-27.890000,1,27.10
0.750000,0.845790,40,1000000,300000,-164,-1.40170940e-5,-5.46666667e-4,-0.021250,-1448.742500,0,29.36
0.810000,0.922350,40,1000000,300000,5255,4.49145299e-4,1.75166667e-2,-0.090000,-486.095000,1,26.62
0.970000,0.993070,40,1000000,300000,2836,2.42393162e-4,9.45333333e-3,-0.246250,-7.232500,1,24.91
1.170000,0.883820,40,1000000,300000,827,7.06837607e-5,2.75666667e-3,-0.203750,-891.782500,1,27.45
1.190000,0.907850,40,1000000,300000,59,5.04273504e-6,1.96666667e-4,0.020000,-578.787500,1,27.60
1.170000,0.981820,40,1000000,300000,411,3.51282051e-5,1.37000000e-3,0.027500,-18.662500,1,27.30
0.970000,0.995070,40,1000000,300000,2384,2.03760684e-4,7.94666667e-3,0.083750,-4.637500,1,24.93
0.750000,0.847790,40,1000000,300000,-3748,-3.20341880e-4,-1.24933333e-2,-0.720000,-1511.122500,0,28.78
1.170000,0.885820,40,1000000,300000,926,7.91452991e-5,3.08666667e-3,-0.080000,-909.000000,1,27.40
0.990000,0.849210,40,1000000,300000,1013,8.65811966e-5,3.37666667e-3,0.006250,-1376.697500,1,28.59
1.190000,0.909850,40,1000000,300000,380,3.24786325e-5,1.26666667e-3,-0.028750,-629.912500,1,26.88
1.170000,0.983820,40,1000000,300000,452,3.86324786e-5,1.50666667e-3,0.028750,-24.990000,1,27.30
0.970000,0.997070,40,1000000,300000,1253,1.07094017e-4,4.17666667e-3,0.125000,-3.307500,1,27.61
0.750000,0.849790,40,1000000,300000,-1657,-1.41623932e-4,-5.52333333e-3,0.031250,-1407.887500,0,29.98
1.170000,0.887820,40,1000000,300000,789,6.74358974e-5,2.63000000e-3,-0.025000,-771.772500,1,27.97
0.990000,0.851210,40,1000000,300000,580,4.95726496e-5,1.93333333e-3,-0.091250,-1330.657500,1,28.44
1.190000,0.911850,40,1000000,300000,47,4.01709402e-6,1.56666667e-4,-0.001250,-577.147500,1,27.04
1.170000,0.985820,40,1000000,300000,521,4.45299145e-5,1.73666667e-3,0.185000,-22.260000,1,27.34
0.970000,0.999070,40,1000000,300000,5682,4.85641026e-4,1.89400000e-2,0.170000,-1.940000,1,22.41
1.170000,0.889820,40,1000000,300000,514,4.39316239e-5,1.71333333e-3,0.007500,-857.097500,1,27.84
0.750000,0.851790,40,1000000,300000,-3317,-2.83504274e-4,-1.10566667e-2,0.707500,-1371.630000,0,28.77
0.990000,0.853210,40,1000000,300000,-139,-1.18803419e-5,-4.63333333e-4,0.031250,-1369.815000,0,28.12
1.190000,0.913850,40,1000000,300000,486,4.15384615e-5,1.62000000e-3,-0.001250,-550.845000,1,26.75
1.170000,0.987820,40,1000000,300000,652,5.57264957e-5,2.17333333e-3,-0.011250,-21.072500,1,26.33
0.970000,1.000000,40,1000000,300000,-7478,-6.39145299e-4,-2.49266667e-2,0.006250,-1.937500,0,21.63
1.170000,0.891820,40,1000000,300000,481,4.11111111e-5,1.60333333e-3,-0.070000,-858.777500,1,26.87
0.750000,0.853790,40,1000000,300000,-6891,-5.88974359e-4,-2.29700000e-2,-0.710000,-1404.340000,0,28.42
1.190000,0.915850,40,1000000,300000,474,4.05128205e-5,1.58000000e-3,0.016250,-577.065000,1,26.82
0.990000,0.855210,40,1000000,300000,2805,2.39743590e-4,9.35000000e-3,0.015000,-1334.090000,1,28.37
1.170000,0.989820,40,1000000,300000,844,7.21367521e-5,2.81333333e-3,-0.042500,-1.960000,1,26.97
0.990000,0.943210,40,1000000,300000,2388,2.04102564e-4,7.96000000e-3,-0.127500,-214.402500,1,27.38
1.170000,0.893820,40,1000000,300000,1059,9.05128205e-5,3.53000000e-3,-0.046250,-771.105000,1,27.30
1.190000,0.917850,40,1000000,300000,130,1.11111111e-5,4.33333333e-4,0.053750,-474.490000,1,26.81
0.990000,0.857210,40,1000000,300000,1038,8.87179487e-5,3.46000000e-3,-0.185000,-1280.970000,1,27.93
0.750000,0.855790,40,1000000,300000,1499,1.28119658e-4,4.99666667e-3,0.138750,-1318.242500,1,29.79
1.170000,0.991820,40,1000000,300000,658,5.62393162e-5,2.19333333e-3,-0.003750,-11.735000,1,26.92
0.990000,0.945210,40,1000000,300000,1099,9.39316239e-5,3.66333333e-3,-0.202500,-251.975000,1,26.90
1.170000,0.895820,40,1000000,300000,586,5.00854701e-5,1.95333333e-3,0.028750,-780.122500,1,27.44
1.190000,0.919850,40,1000000,300000,265,2.26495726e-5,8.83333333e-4,-0.013750,-481.902500,1,26.88
0.990000,0.859210,40,1000000,300000,1488,1.27179487e-4,4.96000000e-3,-0.151250,-1363.590000,1,28.77
0.750000,0.857790,40,1000000,300000,-5125,-4.38034188e-4,-1.70833333e-2,-0.693750,-1335.840000,0,28.04
1.170000,0.993820,40,1000000,300000,769,6.57264957e-5,2.56333333e-3,0.011250,-1.907500,1,26.91
0.990000,0.947210,40,1000000,300000,3228,2.75897436e-4,1.07600000e-2,0.198750,-236.735000,1,26.86
1.170000,0.897820,40,1000000,300000,917,7.83760684e-5,3.05666667e-3,-0.045000,-678.067500,1,27.34
1.190000,0.921850,40,1000000,300000,411,3.51282051e-5,1.37000000e-3,0.055000,-396.645000,1,26.93
1.170000,0.995820,40,1000000,300000,552,4.71794872e-5,1.84000000e-3,-0.427500,-2.705000,1,25.16
0.990000,0.861210,40,1000000,300000,1243,1.06239316e-4,4.14333333e-3,-0.041250,-1332.372500,1,28.59
0.750000,0.859790,40,1000000,300000,-2866,-2.44957265e-4,-9.55333333e-3,0.218750,-1283.852500,0,31.17
0.990000,0.949210,40,1000000,300000,2648,2.26324786e-4,8.82666667e-3,-0.253750,-202.855000,1,28.16
1.170000,0.899820,40,1000000,300000,213,1.82051282e-5,7.10000000e-4,-0.005000,-674.020000,1,29.32
1.190000,0.923850,40,1000000,300000,87,7.43589744e-6,2.90000000e-4,0.066250,-406.167500,1,29.42
1.170000,0.997820,40,1000000,300000,614,5.24786325e-5,2.04666667e-3,0.163750,-1.292500,1,27.13
0.990000,0.863210,40,1000000,300000,613,5.23931624e-5,2.04333333e-3,-0.060000,-1195.090000,1,30.20
0.750000,0.861790,40,1000000,300000,73,6.23931624e-6,2.43333333e-4,0.220000,-1213.737500,1,32.35
0.990000,0.951210,40,1000000,300000,1672,1.42905983e-4,5.57333333e-3,0.411250,-213.925000,1,28.38
1.170000,0.999820,40,1000000,300000,-1427,-1.21965812e-4,-4.75666667e-3,0.562500,-1.917500,0,25.50
1.170000,0.901820,40,1000000,300000,884,7.55555556e-5,2.94666667e-3,0.013750,-755.532500,1,31.26
1.190000,0.925850,40,1000000,300000,15,1.28205128e-6,5.00000000e-5,0.018750,-398.572500,1,30.76
0.990000,0.865210,40,1000000,300000,2909,2.48632479e-4,9.69666667e-3,0.025000,-1215.542500,1,31.91
0.990000,0.953210,40,1000000,300000,3009,2.57179487e-4,1.00300000e-2,0.012500,-182.822500,1,29.44
0.750000,0.863790,40,1000000,300000,718,6.13675214e-5,2.39333333e-3,-0.690000,-1164.555000,1,31.97
1.170000,1.000000,40,1000000,300000,-273,-2.33333333e-5,-9.10000000e-4,0.000000,-1.950000,0,23.86
1.170000,0.903820,40,1000000,300000,946,8.08547009e-5,3.15333333e-3,-0.040000,-629.087500,1,29.66
1.190000,0.927850,40,1000000,300000,404,3.45299145e-5,1.34666667e-3,-0.030000,-405.212500,1,29.50
0.990000,0.867210,40,1000000,300000,711,6.07692308e-5,2.37000000e-3,0.040000,-1168.585000,1,29.74
0.990000,0.955210,40,1000000,300000,2973,2.54102564e-4,9.91000000e-3,-0.068750,-158.540000,1,28.32
0.750000,0.865790,40,1000000,300000,958,8.18803419e-5,3.19333333e-3,-0.085000,-1183.807500,1,32.04
1.190000,0.849850,40,1000000,300000,2109,1.80256410e-4,7.03000000e-3,0.061250,-1467.990000,1,29.92
1.190000,0.929850,40,1000000,300000,68,5.81196581e-6,2.26666667e-4,0.011250,-438.925000,1,28.71
1.170000,0.905820,40,1000000,300000,427,3.64957265e-5,1.42333333e-3,0.038750,-650.325000,1,29.46
0.990000,0.957210,40,1000000,300000,3414,2.91794872e-4,1.13800000e-2,-0.066250,-147.805000,1,27.96
0.990000,0.869210,40,1000000,300000,1290,1.10256410e-4,4.30000000e-3,-0.053750,-1152.012500,1,30.02
0.750000,0.867790,40,1000000,300000,-4599,-3.93076923e-4,-1.53300000e-2,-0.627500,-1192.282500,0,30.85
1.190000,0.851850,40,1000000,300000,2914,2.49059829e-4,9.71333333e-3,0.177500,-1350.740000,1,30.30
1.190000,0.931850,40,1000000,300000,229,1.95726496e-5,7.63333333e-4,-0.138750,-347.775000,1,29.00
1.170000,0.907820,40,1000000,300000,-33,-2.82051282e-6,-1.10000000e-4,-0.002500,-601.022500,0,29.30
0.990000,0.959210,40,1000000,300000,2213,1.89145299e-4,7.37666667e-3,-0.003750,-118.905000,1,27.04
0.990000,0.871210,40,1000000,300000,365,3.11965812e-5,1.21666667e-3,-0.023750,-1162.555000,1,28.79
0.750000,0.869790,40,1000000,300000,-1,-8.54700855e-8,-3.33333333e-6,-0.370000,-1084.765000,0,28.54
1.190000,0.853850,40,1000000,300000,1027,8.77777778e-5,3.42333333e-3,-0.126250,-1357.212500,1,27.72
1.190000,0.933850,40,1000000,300000,-313,-2.67521368e-5,-1.04333333e-3,-0.002500,-313.257500,0,28.02
1.170000,0.909820,40,1000000,300000,-27,-2.30769231e-6,-9.00000000e-5,0.045000,-563.850000,0,27.22
0.990000,0.961210,40,1000000,300000,2964,2.53333333e-4,9.88000000e-3,0.007500,-123.605000,1,26.18
0.990000,0.873210,40,1000000,300000,535,4.57264957e-5,1.78333333e-3,0.103750,-1122.327500,1,28.06
0.750000,0.871790,40,1000000,300000,1522,1.30085470e-4,5.07333333e-3,-0.210000,-1086.065000,1,29.67
1.190000,0.855850,40,1000000,300000,2434,2.08034188e-4,8.11333333e-3,-0.303750,-1259.557500,1,27.70
1.190000,0.935850,40,1000000,300000,-213,-1.82051282e-5,-7.10000000e-4,-0.003750,-332.777500,0,27.26
1.170000,0.911820,40,1000000,300000,1133,9.68376068e-5,3.77666667e-3,-0.023750,-584.982500,1,27.55
0.990000,0.963210,40,1000000,300000,4062,3.47179487e-4,1.35400000e-2,-0.032500,-114.770000,1,26.28
0.990000,0.875210,40,1000000,300000,1361,1.16324786e-4,4.53666667e-3,-0.012500,-1001.082500,1,27.77
0.750000,0.873790,40,1000000,300000,-2711,-2.31709402e-4,-9.03666667e-3,-0.656250,-1063.027500,0,27.82
1.190000,0.857850,40,1000000,300000,1263,1.07948718e-4,4.21000000e-3,0.197500,-1226.647500,1,27.66
1.190000,0.937850,40,1000000,300000,223,1.90598291e-5,7.43333333e-4,0.045000,-278.685000,1,27.46
1.170000,0.913820,40,1000000,300000,188,1.60683761e-5,6.26666667e-4,-0.041250,-580.357500,1,28.05
0.990000,0.965210,40,1000000,300000,2862,2.44615385e-4,9.54000000e-3,-0.022500,-102.725000,1,26.24
0.990000,0.877210,40,1000000,300000,-112,-9.57264957e-6,-3.73333333e-4,-0.058750,-1057.452500,0,28.34
0.750000,0.875790,40,1000000,300000,1943,1.66068376e-4,6.47666667e-3,0.572500,-1011.515000,1,28.27
1.190000,0.859850,40,1000000,300000,1847,1.57863248e-4,6.15666667e-3,0.202500,-1247.665000,1,27.74
1.190000,0.939850,40,1000000,300000,559,4.77777778e-5,1.86333333e-3,-0.023750,-283.025000,1,27.13
1.170000,0.915820,40,1000000,300000,-135,-1.15384615e-5,-4.50000000e-4,-0.031250,-505.727500,0,27.80
0.990000,0.967210,40,1000000,300000,2936,2.50940171e-4,9.78666667e-3,0.016250,-93.775000,1,26.36
0.990000,0.879210,40,1000000,300000,1547,1.32222222e-4,5.15666667e-3,-0.026250,-960.370000,1,28.24
0.750000,0.877790,40,1000000,300000,-751,-6.41880342e-5,-2.50333333e-3,0.688750,-1015.987500,0,28.10
1.190000,0.861850,40,1000000,300000,1900,1.62393162e-4,6.33333333e-3,0.032500,-1217.212500,1,29.11
1.190000,0.941850,40,1000000,300000,41,3.50427350e-6,1.36666667e-4,0.142500,-285.980000,1,28.21
0.990000,0.969210,40,1000000,300000,2659,2.27264957e-4,8.86333333e-3,0.015000,-102.287500,1,26.39
1.170000,0.917820,40,1000000,300000,103,8.80341880e-6,3.43333333e-4,-0.006250,-504.680000,1,27.75
0.990000,0.881210,40,1000000,300000,57,4.87179487e-6,1.90000000e-4,0.051250,-998.152500,1,31.21
0.750000,0.879790,40,1000000,300000,1938,1.65641026e-4,6.46000000e-3,-0.083750,-953.830000,1,30.32
1.190000,0.863850,40,1000000,300000,1648,1.40854701e-4,5.49333333e-3,-0.112500,-1199.340000,1,31.31
1.190000,0.943850,40,1000000,300000,678,5.79487179e-5,2.26000000e-3,-0.143750,-280.600000,1,30.83
0.990000,0.971210,40,1000000,300000,4133,3.53247863e-4,1.37766667e-2,0.091250,-56.407500,1,31.23
1.170000,0.919820,40,1000000,300000,-277,-2.36752137e-5,-9.23333333e-4,-0.026250,-475.657500,0,30.93
0.990000,0.883210,40,1000000,300000,1531,1.30854701e-4,5.10333333e-3,-0.146250,-928.292500,1,27.89
0.750000,0.881790,40,1000000,300000,989,8.45299145e-5,3.29666667e-3,0.156250,-899.675000,1,27.67
1.190000,0.865850,40,1000000,300000,1877,1.60427350e-4,6.25666667e-3,-0.060000,-1187.462500,1,28.95
0.990000,0.973210,40,1000000,300000,3463,2.95982906e-4,1.15433333e-2,-0.092500,-67.197500,1,27.09
1.190000,0.945850,40,1000000,300000,-23,-1.96581197e-6,-7.66666667e-5,0.010000,-229.060000,0,28.78
1.170000,0.921820,40,1000000,300000,132,1.12820513e-5,4.40000000e-4,0.028750,-447.110000,1,28.64
0.990000,0.885210,40,1000000,300000,279,2.38461538e-5,9.30000000e-4,-0.043750,-811.775000,1,31.29
0.750000,0.883790,40,1000000,300000,1874,1.60170940e-4,6.24666667e-3,0.361250,-961.500000,1,29.84
1.190000,0.867850,40,1000000,300000,1116,9.53846154e-5,3.72000000e-3,0.046250,-1195.615000,1,30.06
0.990000,0.975210,40,1000000,300000,2562,2.18974359e-4,8.54000000e-3,-0.020000,-59.557500,1,28.49
1.190000,0.947850,40,1000000,300000,347,2.96581197e-5,1.15666667e-3,0.011250,-220.242500,1,29.45
1.170000,0.923820,40,1000000,300000,558,4.76923077e-5,1.86000000e-3,0.153750,-389.167500,1,29.67
0.990000,0.887210,40,1000000,300000,461,3.94017094e-5,1.53666667e-3,0.036250,-924.330000,1,28.48
0.750000,0.885790,40,1000000,300000,-733,-6.26495726e-5,-2.44333333e-3,-0.193750,-921.082500,0,27.79
0.990000,0.977210,40,1000000,300000,3542,3.02735043e-4,1.18066667e-2,0.096250,-44.650000,1,26.53
1.190000,0.869850,40,1000000,300000,887,7.58119658e-5,2.95666667e-3,0.100000,-1137.290000,1,27.88
1.190000,0.949850,40,1000000,300000,220,1.88034188e-5,7.33333333e-4,-0.038750,-183.920000,1,27.91
1.170000,0.925820,40,1000000,300000,420,3.58974359e-5,1.40000000e-3,-0.047500,-352.760000,1,27.85
0.990000,0.889210,40,1000000,300000,92,7.86324786e-6,3.06666667e-4,0.136250,-869.535000,1,28.37
0.750000,0.887790,40,1000000,300000,2541,2.17179487e-4,8.47000000e-3,-0.493750,-852.355000,1,27.57
0.990000,0.979210,40,1000000,300000,3467,2.96324786e-4,1.15566667e-2,0.017500,-58.205000,1,26.42
1.190000,0.871850,40,1000000,300000,1571,1.34273504e-4,5.23666667e-3,-0.030000,-1106.177500,1,28.02
1.190000,0.951850,40,1000000,300000,193,1.64957265e-5,6.43333333e-4,-0.156250,-204.997500,1,27.56
1.170000,0.927820,40,1000000,300000,-86,-7.35042735e-6,-2.86666667e-4,-0.065000,-365.500000,0,27.87
0.990000,0.891210,40,1000000,300000,-64,-5.47008547e-6,-2.13333333e-4,-0.132500,-848.195000,0,28.97
0.750000,0.889790,40,1000000,300000,5241,4.47948718e-4,1.74700000e-2,0.256250,-814.532500,1,27.23
0.990000,0.981210,40,1000000,300000,2362,2.01880342e-4,7.87333333e-3,0.133750,-35.290000,1,27.47
1.190000,0.873850,40,1000000,300000,1284,1.09743590e-4,4.28000000e-3,0.017500,-1088.295000,1,28.48
1.190000,0.953850,40,1000000,300000,478,4.08547009e-5,1.59333333e-3,-0.052500,-168.762500,1,28.16
1.170000,0.929820,40,1000000,300000,216,1.84615385e-5,7.20000000e-4,0.081250,-424.650000,1,28.42
0.990000,0.893210,40,1000000,300000,-740,-6.32478632e-5,-2.46666667e-3,0.073750,-813.200000,0,29.15
0.750000,0.891790,40,1000000,300000,1493,1.27606838e-4,4.97666667e-3,-0.095000,-822.620000,1,28.06
0.990000,0.983210,40,1000000,300000,3542,3.02735043e-4,1.18066667e-2,-0.197500,-34.282500,1,27.67
1.190000,0.875850,40,1000000,300000,816,6.97435897e-5,2.72000000e-3,0.090000,-1043.765000,1,28.75
1.190000,0.955850,40,1000000,300000,297,2.53846154e-5,9.90000000e-4,0.026250,-171.022500,1,29.14
1.170000,0.931820,40,1000000,300000,-144,-1.23076923e-5,-4.80000000e-4,-0.038750,-373.012500,0,28.69
0.990000,0.895210,40,1000000,300000,1339,1.14444444e-4,4.46333333e-3,-0.081250,-784.327500,1,30.53
0.750000,0.893790,40,1000000,300000,2255,1.92735043e-4,7.51666667e-3,0.350000,-853.865000,1,29.73
0.990000,0.985210,40,1000000,300000,2735,2.33760684e-4,9.11666667e-3,-0.005000,-18.027500,1,28.68
1.190000,0.877850,40,1000000,300000,1683,1.43846154e-4,5.61000000e-3,0.105000,-1004.235000,1,29.99
1.190000,0.957850,40,1000000,300000,88,7.52136752e-6,2.93333333e-4,0.120000,-145.270000,1,29.60
1.170000,0.933820,40,1000000,300000,385,3.29059829e-5,1.28333333e-3,-0.203750,-293.870000,1,30.30
0.990000,0.897210,40,1000000,300000,845,7.22222222e-5,2.81666667e-3,0.195000,-693.992500,1,32.55
0.750000,0.895790,40,1000000,300000,3457,2.95470085e-4,1.15233333e-2,-0.410000,-784.412500,1,30.96
0.990000,0.987210,40,1000000,300000,3108,2.65641026e-4,1.03600000e-2,0.025000,-15.280000,1,30.37
1.190000,0.879850,40,1000000,300000,166,1.41880342e-5,5.53333333e-4,0.017500,-976.782500,1,31.23
1.190000,0.959850,40,1000000,300000,489,4.17948718e-5,1.63000000e-3,0.066250,-140.132500,1,30.73
1.170000,0.935820,40,1000000,300000,-214,-1.82905983e-5,-7.13333333e-4,-0.091250,-343.370000,0,30.06
0.750000,0.897790,40,1000000,300000,3312,2.83076923e-4,1.10400000e-2,-0.087500,-690.205000,1,27.55
0.990000,0.899210,40,1000000,300000,-646,-5.52136752e-5,-2.15333333e-3,0.028750,-651.597500,0,28.79
0.990000,0.989210,40,1000000,300000,2252,1.92478632e-4,7.50666667e-3,0.055000,-17.902500,1,26.70
1.190000,0.881850,40,1000000,300000,312,2.66666667e-5,1.04000000e-3,-0.123750,-973.152500,1,28.81
1.190000,0.961850,40,1000000,300000,429,3.66666667e-5,1.43000000e-3,-0.011250,-102.132500,1,27.92
1.170000,0.937820,40,1000000,300000,242,2.06837607e-5,8.06666667e-4,0.057500,-319.535000,1,28.00
0.750000,0.899790,40,1000000,300000,4588,3.92136752e-4,1.52933333e-2,0.070000,-699.210000,1,27.25
0.990000,0.991210,40,1000000,300000,3400,2.90598291e-4,1.13333333e-2,0.023750,-9.720000,1,26.47
0.990000,0.901210,40,1000000,300000,977,8.35042735e-5,3.25666667e-3,0.131250,-637.720000,1,29.24
1.190000,0.883850,40,1000000,300000,1162,9.93162393e-5,3.87333333e-3,-0.127500,-899.722500,1,28.19
1.190000,0.963850,40,1000000,300000,392,3.35042735e-5,1.30666667e-3,0.235000,-114.805000,1,27.61
1.170000,0.939820,40,1000000,300000,406,3.47008547e-5,1.35333333e-3,-0.132500,-233.917500,1,28.65
0.990000,0.993210,40,1000000,300000,2858,2.44273504e-4,9.52666667e-3,0.173750,-8.745000,1,25.88
0.750000,0.901790,40,1000000,300000,4012,3.42905983e-4,1.33733333e-2,-0.122500,-695.437500,1,27.46
0.990000,0.903210,40,1000000,300000,403,3.44444444e-5,1.34333333e-3,0.086250,-649.147500,1,29.67
1.190000,0.965850,40,1000000,300000,282,2.41025641e-5,9.40000000e-4,-0.067500,-106.925000,1,28.74
1.190000,0.885850,40,1000000,300000,834,7.12820513e-5,2.78000000e-3,-0.158750,-869.452500,1,29.74
1.170000,0.941820,40,1000000,300000,206,1.76068376e-5,6.86666667e-4,0.120000,-241.140000,1,29.29
0.990000,0.995210,40,1000000,300000,2801,2.39401709e-4,9.33666667e-3,0.271250,-4.700000,1,28.20
0.750000,0.903790,40,1000000,300000,8550,7.30769231e-4,2.85000000e-2,0.073750,-681.147500,1,29.99
0.990000,0.905210,40,1000000,300000,489,4.17948718e-5,1.63000000e-3,0.068750,-658.002500,1,31.03
1.190000,0.967850,40,1000000,300000,311,2.65811966e-5,1.03666667e-3,0.045000,-71.687500,1,29.93
1.190000,0.887850,40,1000000,300000,1337,1.14273504e-4,4.45666667e-3,0.002500,-839.765000,1,30.18
1.170000,0.943820,40,1000000,300000,294,2.51282051e-5,9.80000000e-4,-0.176250,-234.327500,1,30.03
0.990000,0.997210,40,1000000,300000,1677,1.43333333e-4,5.59000000e-3,0.005000,-2.370000,1,27.61
0.750000,0.905790,40,1000000,300000,5788,4.94700855e-4,1.92933333e-2,0.103750,-653.215000,1,30.05
0.990000,0.907210,40,1000000,300000,-1108,-9.47008547e-5,-3.69333333e-3,-0.121250,-643.040000,0,30.93
1.190000,0.969850,40,1000000,300000,937,8.00854701e-5,3.12333333e-3,-0.048750,-83.670000,1,29.74
1.190000,0.889850,40,1000000,300000,664,5.67521368e-5,2.21333333e-3,0.163750,-822.517500,1,29.90
1.170000,0.945820,40,1000000,300000,437,3.73504274e-5,1.45666667e-3,-0.155000,-250.790000,1,29.04
0.990000,0.999210,40,1000000,300000,-1094,-9.35042735e-5,-3.64666667e-3,-0.815000,-1.997500,0,24.29
0.750000,0.907790,40,1000000,300000,5092,4.35213675e-4,1.69733333e-2,-0.053750,-623.295000,1,29.21
0.990000,0.909210,40,1000000,300000,-686,-5.86324786e-5,-2.28666667e-3,-0.087500,-547.577500,0,30.90
1.190000,0.971850,40,1000000,300000,788,6.73504274e-5,2.62666667e-3,-0.010000,-69.512500,1,29.00
0.990000,1.000000,40,1000000,300000,-5887,-5.03162393e-4,-1.96233333e-2,0.000000,-1.950000,0,23.97
1.190000,0.891850,40,1000000,300000,171,1.46153846e-5,5.70000000e-4,-0.010000,-867.277500,1,29.95
1.170000,0.947820,40,1000000,300000,342,2.92307692e-5,1.14000000e-3,0.155000,-200.180000,1,30.07
0.750000,0.909790,40,1000000,300000,6739,5.75982906e-4,2.24633333e-2,0.023750,-609.780000,1,27.95
0.990000,0.911210,40,1000000,300000,6,5.12820513e-7,2.00000000e-5,0.017500,-589.757500,1,30.07
1.190000,0.973850,40,1000000,300000,564,4.82051282e-5,1.88000000e-3,-0.056250,-64.680000,1,28.95
1.190000,0.893850,40,1000000,300000,813,6.94871795e-5,2.71000000e-3,-0.112500,-776.250000,1,29.40
1.010000,0.849330,40,1000000,300000,2638,2.25470085e-4,8.79333333e-3,-0.051250,-1461.082500,1,29.72
1.170000,0.949820,40,1000000,300000,-55,-4.70085470e-6,-1.83333333e-4,0.090000,-200.507500,0,29.05
0.750000,0.911790,40,1000000,300000,6017,5.14273504e-4,2.00566667e-2,0.058750,-625.705000,1,29.01
0.990000,0.913210,40,1000000,300000,202,1.72649573e-5,6.73333333e-4,0.043750,-567.237500,1,30.20
1.190000,0.975850,40,1000000,300000,874,7.47008547e-5,2.91333333e-3,-0.061250,-55.740000,1,29.64
1.190000,0.895850,40,1000000,300000,816,6.97435897e-5,2.72000000e-3,-0.020000,-729.015000,1,30.36
1.170000,0.951820,40,1000000,300000,496,4.23931624e-5,1.65333333e-3,-0.098750,-201.637500,1,29.49
1.010000,0.851330,40,1000000,300000,2325,1.98717949e-4,7.75000000e-3,-0.081250,-1334.612500,1,31.27
0.750000,0.913790,40,1000000,300000,6525,5.57692308e-4,2.17500000e-2,-0.403750,-615.420000,1,28.70
0.990000,0.915210,40,1000000,300000,-570,-4.87179487e-5,-1.90000000e-3,0.247500,-483.835000,0,31.82
1.190000,0.977850,40,1000000,300000,20,1.70940171e-6,6.66666667e-5,0.225000,-37.847500,1,30.75
1.190000,0.897850,40,1000000,300000,841,7.18803419e-5,2.80333333e-3,0.032500,-738.680000,1,30.99
1.170000,0.953820,40,1000000,300000,543,4.64102564e-5,1.81000000e-3,-0.018750,-167.867500,1,30.92
1.010000,0.853330,40,1000000,300000,1458,1.24615385e-4,4.86000000e-3,-0.118750,-1279.770000,1,32.51
0.750000,0.915790,40,1000000,300000,8184,6.99487179e-4,2.72800000e-2,-0.220000,-577.032500,1,30.40
1.190000,0.979850,40,1000000,300000,799,6.82905983e-5,2.66333333e-3,0.005000,-50.975000,1,29.45
0.990000,0.917210,40,1000000,300000,685,5.85470085e-5,2.28333333e-3,0.046250,-492.690000,1,30.33
1.170000,0.955820,40,1000000,300000,358,3.05982906e-5,1.19333333e-3,-0.170000,-167.172500,1,29.15
1.190000,0.899850,40,1000000,300000,972,8.30769231e-5,3.24000000e-3,-0.016250,-692.062500,1,29.63
1.010000,0.855330,40,1000000,300000,988,8.44444444e-5,3.29333333e-3,0.033750,-1252.175000,1,30.29
0.750000,0.917790,40,1000000,300000,9548,8.16068376e-4,3.18266667e-2,-0.017500,-527.055000,1,28.75
1.190000,0.981850,40,1000000,300000,720,6.15384615e-5,2.40000000e-3,-0.058750,-24.972500,1,32.01
0.990000,0.919210,40,1000000,300000,528,4.51282051e-5,1.76000000e-3,0.380000,-491.002500,1,32.69
1.170000,0.957820,40,1000000,300000,463,3.95726496e-5,1.54333333e-3,-0.180000,-154.202500,1,31.78
1.190000,0.901850,40,1000000,300000,117,1.00000000e-5,3.90000000e-4,0.037500,-722.970000,1,32.10
1.010000,0.857330,40,1000000,300000,1628,1.39145299e-4,5.42666667e-3,-0.100000,-1263.237500,1,32.93
0.750000,0.919790,40,1000000,300000,9072,7.75384615e-4,3.02400000e-2,0.171250,-509.902500,1,30.85
1.190000,0.983850,40,1000000,300000,548,4.68376068e-5,1.82666667e-3,0.008750,-19.125000,1,30.38
0.990000,0.921210,40,1000000,300000,974,8.32478632e-5,3.24666667e-3,0.260000,-492.307500,1,32.24
1.170000,0.959820,40,1000000,300000,525,4.48717949e-5,1.75000000e-3,0.006250,-127.327500,1,32.00
1.190000,0.903850,40,1000000,300000,901,7.70085470e-5,3.00333333e-3,-0.028750,-638.830000,1,32.12
1.010000,0.859330,40,1000000,300000,1859,1.58888889e-4,6.19666667e-3,-0.230000,-1205.477500,1,32.67
0.750000,0.921790,40,1000000,300000,9893,8.45555556e-4,3.29766667e-2,0.143750,-455.892500,1,31.29
1.190000,0.985850,40,1000000,300000,655,5.59829060e-5,2.18333333e-3,0.010000,-23.052500,1,31.32
0.990000,0.923210,40,1000000,300000,2232,1.90769231e-4,7.44000000e-3,-0.265000,-446.672500,1,31.24
1.170000,0.961820,40,1000000,300000,717,6.12820513e-5,2.39000000e-3,0.032500,-147.827500,1,30.56
1.190000,0.905850,40,1000000,300000,391,3.34188034e-5,1.30333333e-3,-0.012500,-655.520000,1,30.66
1.010000,0.861330,40,1000000,300000,1030,8.80341880e-5,3.43333333e-3,0.228750,-1263.660000,1,30.40
0.750000,0.923790,40,1000000,300000,8137,6.95470085e-4,2.71233333e-2,-0.201250,-442.992500,1,28.90
1.190000,0.987850,40,1000000,300000,586,5.00854701e-5,1.95333333e-3,0.050000,-5.655000,1,28.69
0.990000,0.925210,40,1000000,300000,1442,1.23247863e-4,4.80666667e-3,0.488750,-434.832500,1,29.14
1.170000,0.963820,40,1000000,300000,705,6.02564103e-5,2.35000000e-3,0.017500,-87.325000,1,28.72
1.190000,0.991850,40,1000000,300000,19,1.62393162e-6,6.33333333e-5,0.221250,-12.000000,1,28.33
1.010000,0.863330,40,1000000,300000,1373,1.17350427e-4,4.57666667e-3,-0.123750,-1316.667500,1,29.32
0.750000,0.925790,40,1000000,300000,11155,9.53418803e-4,3.71833333e-2,-0.003750,-418.700000,1,28.00
1.190000,0.989850,40,1000000,300000,614,5.24786325e-5,2.04666667e-3,0.036250,-5.777500,1,27.84
0.990000,0.927210,40,1000000,300000,798,6.82051282e-5,2.66000000e-3,-0.016250,-368.480000,1,28.26
1.170000,0.965820,40,1000000,300000,488,4.17094017e-5,1.62666667e-3,0.202500,-108.755000,1,27.89
1.190000,0.993850,40,1000000,300000,617,5.27350427e-5,2.05666667e-3,-0.068750,-7.265000,1,27.78
0.750000,0.927790,40,1000000,300000,8541,7.30000000e-4,2.84700000e-2,-0.011250,-411.002500,1,26.94
1.010000,0.865330,40,1000000,300000,1848,1.57948718e-4,6.16000000e-3,-0.230000,-1122.100000,1,28.93
0.990000,0.931210,40,1000000,300000,500,4.27350427e-5,1.66666667e-3,0.418750,-446.302500,1,31.38
1.190000,0.995850,40,1000000,300000,618,5.28205128e-5,2.06000000e-3,-0.457500,-5.615000,1,29.50
0.990000,0.929210,40,1000000,300000,983,8.40170940e-5,3.27666667e-3,0.092500,-388.755000,1,31.92
0.990000,0.937210,40,1000000,300000,1214,1.03760684e-4,4.04666667e-3,-0.270000,-299.950000,1,31.99
0.750000,0.929790,40,1000000,300000,10658,9.10940171e-4,3.55266667e-2,-0.238750,-412.167500,1,31.36
1.010000,0.867330,40,1000000,300000,1464,1.25128205e-4,4.88000000e-3,-0.147500,-1122.895000,1,32.04
1.190000,0.999850,40,1000000,300000,-1269,-1.08461538e-4,-4.23000000e-3,-0.413750,-1.915000,0,30.84
1.190000,0.997850,40,1000000,300000,557,4.76068376e-5,1.85666667e-3,-0.016250,-2.700000,1,35.35
0.990000,0.933210,40,1000000,300000,1369,1.17008547e-4,4.56333333e-3,0.013750,-329.300000,1,38.16
0.990000,0.939210,40,1000000,300000,2462,2.10427350e-4,8.20666667e-3,-0.116250,-275.442500,1,38.42
0.750000,0.931790,40,1000000,300000,9994,8.54188034e-4,3.33133333e-2,0.053750,-408.315000,1,39.73
1.010000,0.869330,40,1000000,300000,2459,2.10170940e-4,8.19666667e-3,-0.117500,-1075.737500,1,43.93
1.190000,1.000000,40,1000000,300000,-1685,-1.44017094e-4,-5.61666667e-3,0.020000,-1.945000,0,38.62
0.750000,0.973790,40,1000000,300000,11500,9.82905983e-4,3.83333333e-2,0.032500,-72.992500,1,44.82
0.990000,0.935210,40,1000000,300000,1822,1.55726496e-4,6.07333333e-3,-0.043750,-375.510000,1,47.13
0.990000,0.941210,40,1000000,300000,1735,1.48290598e-4,5.78333333e-3,-0.115000,-276.542500,1,47.94
0.750000,0.933790,40,1000000,300000,11176,9.55213675e-4,3.72533333e-2,0.127500,-329.570000,1,45.73
1.010000,0.871330,40,1000000,300000,1488,1.27179487e-4,4.96000000e-3,-0.058750,-1080.597500,1,47.43
0.750000,0.997790,40,1000000,300000,-29321,-2.50606838e-3,-9.77366667e-2,-0.180000,-2.917500,0,40.62
0.750000,0.975790,40,1000000,300000,10663,9.11367521e-4,3.55433333e-2,-0.070000,-70.057500,1,45.45
1.010000,0.877330,40,1000000,300000,165,1.41025641e-5,5.50000000e-4,0.092500,-893.852500,1,48.67
1.010000,0.879330,40,1000000,300000,1137,9.71794872e-5,3.79000000e-3,0.020000,-956.547500,1,47.75
0.750000,0.935790,40,1000000,300000,11865,1.01410256e-3,3.95500000e-2,-0.043750,-354.862500,1,45.35
1.010000,0.873330,40,1000000,300000,589,5.03418803e-5,1.96333333e-3,0.031250,-1088.715000,1,47.84
0.750000,0.999790,40,1000000,300000,-53094,-4.53794872e-3,-1.76980000e-1,-0.017500,-1.942500,0,39.38
0.750000,0.977790,40,1000000,300000,11434,9.77264957e-4,3.81133333e-2,-0.146250,-55.925000,1,44.31
0.770000,0.850810,40,1000000,300000,-8420,-7.19658120e-4,-2.80666667e-2,-0.470000,-1421.605000,0,50.67
0.750000,0.937790,40,1000000,300000,11990,1.02478632e-3,3.99666667e-2,0.030000,-337.290000,1,45.02
1.010000,0.881330,40,1000000,300000,-694,-5.93162393e-5,-2.31333333e-3,0.025000,-919.730000,0,47.43
0.750000,1.000000,40,1000000,300000,-53928,-4.60923077e-3,-1.79760000e-1,0.000000,-1.910000,0,38.95
1.010000,0.875330,40,1000000,300000,1813,1.54957265e-4,6.04333333e-3,0.133750,-1056.870000,1,47.28
0.750000,0.979790,40,1000000,300000,10054,8.59316239e-4,3.35133333e-2,0.037500,-50.812500,1,43.44
0.750000,0.939790,40,1000000,300000,14066,1.20222222e-3,4.68866667e-2,0.042500,-280.702500,1,44.65
0.770000,0.852810,40,1000000,300000,288,2.46153846e-5,9.60000000e-4,-0.187500,-1395.715000,1,51.01
0.770000,0.844810,40,1000000,300000,953,8.14529915e-5,3.17666667e-3,-0.015000,-1521.815000,1,50.42
0.770000,0.856810,40,1000000,300000,-473,-4.04273504e-5,-1.57666667e-3,0.048750,-1264.522500,0,49.69
0.770000,0.858810,40,1000000,300000,18,1.53846154e-6,6.00000000e-5,0.126250,-1203.927500,1,49.86
0.750000,0.981790,40,1000000,300000,9728,8.31452991e-4,3.24266667e-2,-0.063750,-47.412500,1,44.89
0.750000,0.941790,40,1000000,300000,12888,1.10153846e-3,4.29600000e-2,0.142500,-278.555000,1,44.87
0.770000,0.846810,40,1000000,300000,-2113,-1.80598291e-4,-7.04333333e-3,-0.687500,-1404.760000,0,47.97
0.770000,0.854810,40,1000000,300000,-289,-2.47008547e-5,-9.63333333e-4,0.158750,-1293.062500,0,51.06
0.750000,0.985790,40,1000000,300000,8148,6.96410256e-4,2.71600000e-2,-0.001250,-36.097500,1,45.51
0.770000,0.860810,40,1000000,300000,-1440,-1.23076923e-4,-4.80000000e-3,0.136250,-1254.620000,0,50.52
0.750000,0.983790,40,1000000,300000,7714,6.59316239e-4,2.57133333e-2,-0.055000,-38.300000,1,44.65
0.750000,0.943790,40,1000000,300000,10404,8.89230769e-4,3.46800000e-2,-0.060000,-308.757500,1,45.42
0.750000,0.991790,40,1000000,300000,732,6.25641026e-5,2.44000000e-3,-0.047500,-17.990000,1,45.12
0.750000,0.987790,40,1000000,300000,4785,4.08974359e-4,1.59500000e-2,0.031250,-29.245000,1,45.62
0.770000,0.848810,40,1000000,300000,3432,2.93333333e-4,1.14400000e-2,0.175000,-1409.320000,1,50.50
0.750000,0.993790,40,1000000,300000,2127,1.81794872e-4,7.09000000e-3,0.877500,-10.072500,1,40.66
0.750000,0.989790,40,1000000,300000,6278,5.36581197e-4,2.09266667e-2,0.433750,-18.797500,1,41.12
0.750000,0.945790,40,1000000,300000,13836,1.18256410e-3,4.61200000e-2,0.140000,-272.330000,1,44.03
0.750000,0.995790,40,1000000,300000,-13550,-1.15811966e-3,-4.51666667e-2,-0.601250,-5.847500,0,38.91
0.750000,0.947790,40,1000000,300000,13956,1.19282051e-3,4.65200000e-2,0.140000,-227.370000,1,33.59
0.750000,0.949790,40,1000000,300000,10474,8.95213675e-4,3.49133333e-2,0.001250,-193.712500,1,31.91
0.750000,0.951790,40,1000000,300000,12889,1.10162393e-3,4.29633333e-2,-0.030000,-181.752500,1,31.53
0.750000,0.953790,40,1000000,300000,8266,7.06495726e-4,2.75533333e-2,0.088750,-176.567500,1,31.57
0.750000,0.955790,40,1000000,300000,11249,9.61452991e-4,3.74966667e-2,0.145000,-184.965000,1,31.93
0.750000,0.957790,40,1000000,300000,12377,1.05786325e-3,4.12566667e-2,0.036250,-182.647500,1,31.84
0.750000,0.959790,40,1000000,300000,12549,1.07256410e-3,4.18300000e-2,0.040000,-163.245000,1,31.82
0.750000,0.961790,40,1000000,300000,14410,1.23162393e-3,4.80333333e-2,-0.051250,-103.047500,1,30.82
0.750000,0.963790,40,1000000,300000,11655,9.96153846e-4,3.88500000e-2,-0.041250,-127.230000,1,31.11
0.750000,0.965790,40,1000000,300000,11982,1.02410256e-3,3.99400000e-2,-0.017500,-132.220000,1,32.03
0.750000,0.967790,40,1000000,300000,10260,8.76923077e-4,3.42000000e-2,0.000000,-102.060000,1,30.93
0.750000,0.969790,40,1000000,300000,13364,1.14222222e-3,4.45466667e-2,-0.046250,-96.287500,1,31.76
0.750000,0.971790,40,1000000,300000,14776,1.26290598e-3,4.92533333e-2,0.045000,-78.637500,1,31.80
