beta,m_plus,l,therm_sweeps,meas_sweeps,sum_current,j_flux,j_per_sweep,final_mag,mean_mag,final_energy,zero_crossings,phase,is_metastable,is_uphill,elapsed_sec
0.870000,0.989830,40,3000000,1000000,18852,4.83384615e-4,1.88520000e-2,-0.013750,-0.005643,-45.240000,3,weakly_unstable,0,1,63.91
0.730000,0.975550,40,3000000,1000000,38810,9.95128205e-4,3.88100000e-2,0.220000,0.014932,-246.357500,3,weakly_unstable,0,1,66.57
0.670000,0.966430,40,3000000,1000000,48842,1.25235897e-3,4.88420000e-2,0.035000,0.139878,-444.127500,3,weakly_unstable,0,1,70.03
0.530000,0.980150,40,3000000,1000000,-369118,-9.46456410e-3,-3.69118000e-1,-0.033750,-0.007728,-144.130000,1,stable,0,0,70.40
0.690000,0.988690,40,3000000,1000000,16469,4.22282051e-4,1.64690000e-2,0.017500,-0.065653,-86.270000,3,weakly_unstable,0,1,71.63
0.490000,0.984020,40,3000000,1000000,-852172,-2.18505641e-2,-8.52172000e-1,-0.043750,-0.045478,-84.782500,1,stable,0,0,72.39
0.610000,0.978230,40,3000000,1000000,20898,5.35846154e-4,2.08980000e-2,0.138750,0.158266,-254.775000,3,weakly_unstable,0,1,76.90
0.450000,0.976320,40,3000000,1000000,-1198069,-3.07197179e-2,-1.19806900e0,0.033750,0.009769,-187.197500,1,stable,0,0,80.18
0.490000,0.952020,40,3000000,1000000,-831,-2.13076923e-5,-8.31000000e-4,-0.512500,-0.538133,-732.855000,1,chaotic,0,0,85.09
0.510000,0.908710,40,3000000,1000000,91521,2.34669231e-3,9.15210000e-2,0.013750,0.027627,-2420.537500,3,weakly_unstable,0,1,89.53
0.510000,0.941210,40,3000000,1000000,74369,1.90689744e-3,7.43690000e-2,0.005000,0.107445,-1173.227500,3,weakly_unstable,0,1,91.28
0.490000,0.928020,40,3000000,1000000,76250,1.95512821e-3,7.62500000e-2,-0.182500,-0.046528,-1732.452500,3,weakly_unstable,0,1,95.08
0.490000,0.920020,40,3000000,1000000,97845,2.50884615e-3,9.78450000e-2,-0.015000,-0.010980,-1935.852500,3,weakly_unstable,0,1,96.00
0.490000,0.936020,40,3000000,1000000,70981,1.82002564e-3,7.09810000e-2,0.038750,0.050322,-1261.312500,3,weakly_unstable,0,1,96.24
0.470000,0.925960,40,3000000,1000000,93756,2.40400000e-3,9.37560000e-2,-0.001250,0.043887,-1596.352500,3,weakly_unstable,0,1,112.10
0.450000,0.719320,40,3000000,1000000,82494,2.11523077e-3,8.24940000e-2,0.137500,0.050737,-11951.992500,3,weakly_unstable,0,1,117.73
0.870000,0.990330,40,3000000,1000000,16158,4.14307692e-4,1.61580000e-2,0.123750,0.107542,-37.440000,3,weakly_unstable,0,1,71.56
0.690000,0.989190,40,3000000,1000000,11180,2.86666667e-4,1.11800000e-2,-0.861250,-0.847978,-63.380000,1,metastable,1,1,69.15
0.730000,0.976050,40,3000000,1000000,38803,9.94948718e-4,3.88030000e-2,-0.031250,0.056777,-246.502500,3,weakly_unstable,0,1,76.63
0.530000,0.980650,40,3000000,1000000,-387053,-9.92443590e-3,-3.87053000e-1,0.098750,0.011420,-131.655000,1,stable,0,0,78.30
0.670000,0.966930,40,3000000,1000000,51400,1.31794872e-3,5.14000000e-2,0.090000,0.104200,-440.312500,3,weakly_unstable,0,1,80.20
0.610000,0.978730,40,3000000,1000000,68185,1.74833333e-3,6.81850000e-2,0.817500,0.823854,-220.990000,1,metastable,1,1,74.50
0.490000,0.984520,40,3000000,1000000,-917881,-2.35354103e-2,-9.17881000e-1,0.008750,0.025533,-87.160000,1,stable,0,0,80.69
0.450000,0.976820,40,3000000,1000000,-1236972,-3.17172308e-2,-1.23697200e0,-0.006250,0.023578,-187.347500,1,stable,0,0,88.15
0.490000,0.952520,40,3000000,1000000,-27519,-7.05615385e-4,-2.75190000e-2,-0.562500,-0.485754,-676.287500,1,chaotic,0,0,93.10
0.510000,0.909210,40,3000000,1000000,95464,2.44779487e-3,9.54640000e-2,-0.150000,-0.043774,-2335.102500,3,weakly_unstable,0,1,100.33
0.510000,0.941710,40,3000000,1000000,81041,2.07797436e-3,8.10410000e-2,0.131250,0.036608,-1201.747500,3,weakly_unstable,0,1,102.84
0.870000,0.990830,40,3000000,1000000,16012,4.10564103e-4,1.60120000e-2,-0.017500,-0.046508,-27.090000,3,weakly_unstable,0,1,65.01
0.490000,0.928520,40,3000000,1000000,71081,1.82258974e-3,7.10810000e-2,0.245000,0.009300,-1618.242500,3,weakly_unstable,0,1,105.60
0.490000,0.920520,40,3000000,1000000,83063,2.12982051e-3,8.30630000e-2,0.203750,0.110502,-2021.070000,3,weakly_unstable,0,1,106.47
0.490000,0.936520,40,3000000,1000000,89497,2.29479487e-3,8.94970000e-2,-0.128750,-0.002208,-1309.960000,3,weakly_unstable,0,1,107.92
0.690000,0.989690,40,3000000,1000000,62834,1.61112821e-3,6.28340000e-2,-0.863750,-0.839129,-69.915000,1,metastable,1,1,65.53
0.730000,0.976550,40,3000000,1000000,36718,9.41487179e-4,3.67180000e-2,-0.033750,-0.073192,-215.910000,3,weakly_unstable,0,1,68.50
0.470000,0.926460,40,3000000,1000000,84804,2.17446154e-3,8.48040000e-2,0.110000,0.173285,-1596.467500,3,weakly_unstable,0,1,106.14
0.610000,0.979230,40,3000000,1000000,82370,2.11205128e-3,8.23700000e-2,-0.837500,-0.833352,-220.160000,1,metastable,1,1,68.17
0.530000,0.981150,40,3000000,1000000,-381869,-9.79151282e-3,-3.81869000e-1,-0.028750,0.000838,-175.455000,1,stable,0,0,73.50
0.670000,0.967430,40,3000000,1000000,39558,1.01430769e-3,3.95580000e-2,-0.118750,-0.082240,-392.622500,3,weakly_unstable,0,1,73.25
0.490000,0.985020,40,3000000,1000000,-943069,-2.41812564e-2,-9.43069000e-1,-0.007500,0.021535,-81.415000,1,stable,0,0,73.93
0.450000,0.719820,40,3000000,1000000,96171,2.46592308e-3,9.61710000e-2,-0.028750,0.029352,-12088.317500,3,weakly_unstable,0,1,113.41
0.450000,0.977320,40,3000000,1000000,-1216101,-3.11820769e-2,-1.21610100e0,-0.028750,-0.026468,-208.795000,1,stable,0,0,81.11
0.490000,0.953020,40,3000000,1000000,-39804,-1.02061538e-3,-3.98040000e-2,-0.545000,-0.490908,-707.332500,1,chaotic,0,0,85.88
0.870000,0.991330,40,3000000,1000000,17135,4.39358974e-4,1.71350000e-2,0.000000,-0.052835,-35.265000,3,weakly_unstable,0,1,65.56
0.690000,0.990190,40,3000000,1000000,23855,6.11666667e-4,2.38550000e-2,0.843750,0.815407,-39.135000,1,metastable,1,1,63.44
0.730000,0.977050,40,3000000,1000000,37087,9.50948718e-4,3.70870000e-2,-0.065000,-0.055552,-228.655000,3,weakly_unstable,0,1,69.50
0.510000,0.909710,40,3000000,1000000,89826,2.30323077e-3,8.98260000e-2,0.016250,-0.072003,-2392.252500,3,weakly_unstable,0,1,93.70
0.610000,0.979730,40,3000000,1000000,51975,1.33269231e-3,5.19750000e-2,0.817500,0.822165,-153.782500,1,metastable,1,1,67.83
0.510000,0.942210,40,3000000,1000000,59109,1.51561538e-3,5.91090000e-2,0.131250,-0.000130,-1251.880000,3,weakly_unstable,0,1,93.79
0.530000,0.981650,40,3000000,1000000,-442908,-1.13566154e-2,-4.42908000e-1,-0.077500,0.053030,-140.045000,1,stable,0,0,71.18
0.670000,0.967930,40,3000000,1000000,47691,1.22284615e-3,4.76910000e-2,0.002500,-0.002626,-426.397500,3,weakly_unstable,0,1,72.91
0.490000,0.929020,40,3000000,1000000,99364,2.54779487e-3,9.93640000e-2,-0.161250,0.011538,-1645.360000,3,weakly_unstable,0,1,101.01
0.490000,0.985520,40,3000000,1000000,-917720,-2.35312821e-2,-9.17720000e-1,0.006250,-0.014451,-117.610000,1,stable,0,0,74.71
0.490000,0.921020,40,3000000,1000000,105134,2.69574359e-3,1.05134000e-1,0.276250,-0.007941,-1935.680000,3,weakly_unstable,0,1,100.48
0.490000,0.937020,40,3000000,1000000,69660,1.78615385e-3,6.96600000e-2,0.165000,0.035548,-1358.405000,3,weakly_unstable,0,1,101.73
0.470000,0.926960,40,3000000,1000000,88165,2.26064103e-3,8.81650000e-2,-0.062500,0.066436,-1626.947500,3,weakly_unstable,0,1,108.17
0.870000,0.991830,40,3000000,1000000,17320,4.44102564e-4,1.73200000e-2,-0.003750,0.002430,-35.267500,3,weakly_unstable,0,1,65.90
0.690000,0.990690,40,3000000,1000000,18012,4.61846154e-4,1.80120000e-2,0.785000,0.762685,-51.820000,1,metastable,1,1,62.78
0.450000,0.977820,40,3000000,1000000,-1243148,-3.18755897e-2,-1.24314800e0,-0.017500,-0.016674,-181.457500,1,stable,0,0,83.28
0.450000,0.720320,40,3000000,1000000,92664,2.37600000e-3,9.26640000e-2,-0.035000,0.048789,-11978.197500,3,weakly_unstable,0,1,114.21
0.490000,0.953520,40,3000000,1000000,-33975,-8.71153846e-4,-3.39750000e-2,-0.503750,-0.539484,-636.687500,1,chaotic,0,0,85.97
0.730000,0.977550,40,3000000,1000000,33846,8.67846154e-4,3.38460000e-2,0.006250,-0.023015,-204.472500,3,weakly_unstable,0,1,70.39
0.610000,0.980230,40,3000000,1000000,57836,1.48297436e-3,5.78360000e-2,-0.802500,-0.804740,-173.112500,1,metastable,1,1,68.70
0.530000,0.982150,40,3000000,1000000,-428964,-1.09990769e-2,-4.28964000e-1,-0.025000,-0.009393,-142.027500,1,stable,0,0,72.03
0.670000,0.968430,40,3000000,1000000,38371,9.83871795e-4,3.83710000e-2,0.043750,0.054959,-378.285000,3,weakly_unstable,0,1,73.28
0.490000,0.986020,40,3000000,1000000,-976120,-2.50287179e-2,-9.76120000e-1,-0.042500,-0.014691,-93.407500,1,stable,0,0,75.65
0.510000,0.910210,40,3000000,1000000,93647,2.40120513e-3,9.36470000e-2,-0.061250,-0.037086,-2349.870000,3,weakly_unstable,0,1,95.39
0.510000,0.942710,40,3000000,1000000,77090,1.97666667e-3,7.70900000e-2,-0.055000,-0.001440,-1095.292500,3,weakly_unstable,0,1,95.14
0.690000,0.991190,40,3000000,1000000,-17869,-4.58179487e-4,-1.78690000e-2,0.693750,0.751556,-53.420000,1,chaotic,0,0,62.69
0.870000,0.992330,40,3000000,1000000,15544,3.98564103e-4,1.55440000e-2,-0.083750,-0.067415,-26.200000,3,weakly_unstable,0,1,65.48
0.490000,0.921520,40,3000000,1000000,90717,2.32607692e-3,9.07170000e-2,-0.026250,-0.015084,-1998.680000,3,weakly_unstable,0,1,100.44
0.490000,0.929520,40,3000000,1000000,86546,2.21912821e-3,8.65460000e-2,-0.131250,0.030272,-1676.597500,3,weakly_unstable,0,1,102.24
0.490000,0.937520,40,3000000,1000000,85176,2.18400000e-3,8.51760000e-2,0.126250,-0.078068,-1181.927500,3,weakly_unstable,0,1,99.56
0.450000,0.978320,40,3000000,1000000,-1227342,-3.14703077e-2,-1.22734200e0,-0.023750,0.023361,-137.212500,1,stable,0,0,82.34
0.730000,0.978050,40,3000000,1000000,36368,9.32512821e-4,3.63680000e-2,0.085000,0.084601,-245.332500,3,weakly_unstable,0,1,70.16
0.610000,0.980730,40,3000000,1000000,89833,2.30341026e-3,8.98330000e-2,-0.817500,-0.799609,-175.925000,1,metastable,1,1,72.03
0.470000,0.927460,40,3000000,1000000,78624,2.01600000e-3,7.86240000e-2,0.281250,0.049565,-1549.680000,3,weakly_unstable,0,1,109.21
0.490000,0.954020,40,3000000,1000000,-11404,-2.92410256e-4,-1.14040000e-2,-0.640000,-0.404723,-689.107500,1,chaotic,0,0,86.58
0.530000,0.982650,40,3000000,1000000,-473484,-1.21406154e-2,-4.73484000e-1,0.043750,-0.029723,-130.212500,1,stable,0,0,72.50
0.670000,0.968930,40,3000000,1000000,37527,9.62230769e-4,3.75270000e-2,0.093750,0.005931,-357.975000,3,weakly_unstable,0,1,73.73
0.490000,0.986520,40,3000000,1000000,-965075,-2.47455128e-2,-9.65075000e-1,0.058750,0.052045,-72.772500,1,stable,0,0,75.27
0.690000,0.991690,40,3000000,1000000,6494,1.66512821e-4,6.49400000e-3,-0.353750,-0.309691,-25.697500,1,weakly_unstable,0,1,62.56
0.450000,0.720820,40,3000000,1000000,87292,2.23825641e-3,8.72920000e-2,-0.318750,0.060354,-11744.800000,3,weakly_unstable,0,1,114.41
0.870000,0.992830,40,3000000,1000000,13758,3.52769231e-4,1.37580000e-2,0.092500,0.040003,-29.317500,3,weakly_unstable,0,1,65.69
0.510000,0.910710,40,3000000,1000000,88783,2.27648718e-3,8.87830000e-2,-0.113750,0.002979,-2332.195000,3,weakly_unstable,0,1,95.79
0.510000,0.943210,40,3000000,1000000,69184,1.77394872e-3,6.91840000e-2,0.017500,0.034171,-1090.125000,3,weakly_unstable,0,1,95.06
0.730000,0.978550,40,3000000,1000000,31217,8.00435897e-4,3.12170000e-2,-0.007500,0.025571,-188.065000,3,weakly_unstable,0,1,70.52
0.610000,0.981230,40,3000000,1000000,47715,1.22346154e-3,4.77150000e-2,0.818750,0.812094,-129.955000,1,metastable,1,1,69.22
0.450000,0.978820,40,3000000,1000000,-1278181,-3.27738718e-2,-1.27818100e0,0.002500,0.002997,-169.942500,1,stable,0,0,82.55
0.490000,0.922020,40,3000000,1000000,92032,2.35979487e-3,9.20320000e-2,0.006250,-0.047011,-1820.810000,3,weakly_unstable,0,1,100.35
0.490000,0.930020,40,3000000,1000000,89010,2.28230769e-3,8.90100000e-2,0.072500,0.043570,-1599.742500,3,weakly_unstable,0,1,102.52
0.490000,0.938020,40,3000000,1000000,72075,1.84807692e-3,7.20750000e-2,-0.360000,-0.193284,-1267.580000,3,weakly_unstable,0,1,101.56
0.530000,0.983150,40,3000000,1000000,-497122,-1.27467179e-2,-4.97122000e-1,-0.073750,-0.024926,-72.427500,1,stable,0,0,72.53
0.670000,0.969430,40,3000000,1000000,39911,1.02335897e-3,3.99110000e-2,-0.057500,-0.015354,-358.070000,3,weakly_unstable,0,1,73.85
0.690000,0.992190,40,3000000,1000000,-24156,-6.19384615e-4,-2.41560000e-2,-0.682500,-0.643724,-37.090000,1,chaotic,0,0,62.11
0.490000,0.954520,40,3000000,1000000,-12552,-3.21846154e-4,-1.25520000e-2,0.096250,0.080138,-635.587500,1,stable,0,0,86.95
0.490000,0.987020,40,3000000,1000000,-988143,-2.53370000e-2,-9.88143000e-1,-0.035000,0.019985,-77.102500,1,stable,0,0,74.54
0.870000,0.993330,40,3000000,1000000,13888,3.56102564e-4,1.38880000e-2,-0.183750,-0.122024,-22.912500,3,weakly_unstable,0,1,65.66
0.470000,0.927960,40,3000000,1000000,95905,2.45910256e-3,9.59050000e-2,-0.102500,-0.142076,-1647.635000,3,weakly_unstable,0,1,109.36
0.730000,0.979050,40,3000000,1000000,43345,1.11141026e-3,4.33450000e-2,-0.038750,0.037155,-172.287500,3,weakly_unstable,0,1,70.35
0.610000,0.981730,40,3000000,1000000,46788,1.19969231e-3,4.67880000e-2,0.782500,0.788280,-118.892500,1,metastable,1,1,69.48
0.510000,0.911210,40,3000000,1000000,100477,2.57633333e-3,1.00477000e-1,0.281250,0.119449,-2349.387500,3,weakly_unstable,0,1,94.61
0.510000,0.943710,40,3000000,1000000,70413,1.80546154e-3,7.04130000e-2,-0.216250,-0.001163,-1128.252500,3,weakly_unstable,0,1,95.64
0.450000,0.721320,40,3000000,1000000,90972,2.33261538e-3,9.09720000e-2,0.177500,-0.066789,-11947.730000,3,weakly_unstable,0,1,115.78
0.450000,0.979320,40,3000000,1000000,-1358913,-3.48439231e-2,-1.35891300e0,-0.008750,-0.004606,-124.780000,1,stable,0,0,81.82
0.690000,0.992690,40,3000000,1000000,-78031,-2.00079487e-3,-7.80310000e-2,-0.115000,-0.132978,-25.417500,1,stable,0,0,63.10
0.530000,0.983650,40,3000000,1000000,-474011,-1.21541282e-2,-4.74011000e-1,-0.026250,-0.032083,-135.260000,1,stable,0,0,72.67
0.870000,0.993830,40,3000000,1000000,53531,1.37258974e-3,5.35310000e-2,0.942500,0.935243,-23.690000,1,metastable,1,1,58.32
0.670000,0.969930,40,3000000,1000000,43872,1.12492308e-3,4.38720000e-2,0.016250,0.012165,-366.925000,3,weakly_unstable,0,1,72.89
0.490000,0.987520,40,3000000,1000000,-1039475,-2.66532051e-2,-1.03947500e0,0.007500,0.003246,-42.185000,1,stable,0,0,76.48
0.490000,0.922520,40,3000000,1000000,95002,2.43594872e-3,9.50020000e-2,0.126250,0.102697,-1951.370000,3,weakly_unstable,0,1,100.43
0.490000,0.938520,40,3000000,1000000,70979,1.81997436e-3,7.09790000e-2,0.273750,0.127589,-1219.882500,3,weakly_unstable,0,1,101.47
0.490000,0.930520,40,3000000,1000000,76883,1.97135897e-3,7.68830000e-2,-0.131250,-0.045901,-1532.690000,3,weakly_unstable,0,1,103.38
0.490000,0.955020,40,3000000,1000000,-37810,-9.69487179e-4,-3.78100000e-2,-0.511250,-0.538607,-650.692500,1,chaotic,0,0,88.23
0.730000,0.979550,40,3000000,1000000,42566,1.09143590e-3,4.25660000e-2,-0.048750,-0.076428,-158.222500,3,weakly_unstable,0,1,71.55
0.610000,0.982230,40,3000000,1000000,6375,1.63461538e-4,6.37500000e-3,-0.811250,-0.804553,-149.910000,1,metastable,1,1,67.90
0.690000,0.993190,40,3000000,1000000,-58149,-1.49100000e-3,-5.81490000e-2,0.117500,0.268191,-24.852500,1,stable,0,0,63.07
0.870000,0.994330,40,3000000,1000000,10364,2.65743590e-4,1.03640000e-2,0.042500,0.058515,-27.162500,3,weakly_unstable,0,1,67.37
0.470000,0.928460,40,3000000,1000000,80754,2.07061538e-3,8.07540000e-2,0.157500,0.033328,-1512.900000,3,weakly_unstable,0,1,109.60
0.530000,0.984150,40,3000000,1000000,-501110,-1.28489744e-2,-5.01110000e-1,0.040000,-0.009176,-111.535000,1,stable,0,0,73.59
0.450000,0.979820,40,3000000,1000000,-1296348,-3.32396923e-2,-1.29634800e0,-0.018750,-0.018160,-158.670000,1,stable,0,0,82.85
0.510000,0.911710,40,3000000,1000000,92591,2.37412821e-3,9.25910000e-2,0.045000,-0.007954,-2326.052500,3,weakly_unstable,0,1,94.11
0.670000,0.970430,40,3000000,1000000,46769,1.19920513e-3,4.67690000e-2,-0.018750,0.002921,-349.062500,3,weakly_unstable,0,1,75.02
0.510000,0.944210,40,3000000,1000000,71654,1.83728205e-3,7.16540000e-2,0.016250,-0.025352,-1101.200000,3,weakly_unstable,0,1,96.97
0.490000,0.988020,40,3000000,1000000,-1048877,-2.68942821e-2,-1.04887700e0,0.048750,0.016969,-38.457500,1,stable,0,0,74.64
0.450000,0.721820,40,3000000,1000000,83010,2.12846154e-3,8.30100000e-2,-0.115000,-0.040471,-11919.807500,3,weakly_unstable,0,1,114.76
0.490000,0.955520,40,3000000,1000000,-75735,-1.94192308e-3,-7.57350000e-2,-0.495000,-0.509891,-667.155000,1,chaotic,0,0,86.64
0.610000,0.982730,40,3000000,1000000,2096,5.37435897e-5,2.09600000e-3,-0.763750,-0.767291,-119.922500,1,metastable,1,1,69.68
0.730000,0.980050,40,3000000,1000000,31439,8.06128205e-4,3.14390000e-2,-0.055000,-0.021122,-191.025000,3,weakly_unstable,0,1,70.87
0.490000,0.923020,40,3000000,1000000,93012,2.38492308e-3,9.30120000e-2,0.038750,0.080895,-1886.862500,3,weakly_unstable,0,1,101.53
0.690000,0.993690,40,3000000,1000000,-44327,-1.13658974e-3,-4.43270000e-2,0.642500,0.629848,-17.572500,1,chaotic,0,0,62.65
0.490000,0.931020,40,3000000,1000000,84454,2.16548718e-3,8.44540000e-2,-0.067500,-0.013194,-1625.062500,3,weakly_unstable,0,1,100.22
0.490000,0.939020,40,3000000,1000000,66954,1.71676923e-3,6.69540000e-2,-0.066250,0.058320,-1133.412500,3,weakly_unstable,0,1,103.23
0.870000,0.994830,40,3000000,1000000,11505,2.95000000e-4,1.15050000e-2,-0.042500,0.031892,-14.307500,3,weakly_unstable,0,1,67.87
0.530000,0.984650,40,3000000,1000000,-518166,-1.32863077e-2,-5.18166000e-1,0.012500,-0.002436,-82.035000,1,stable,0,0,73.23
0.670000,0.970930,40,3000000,1000000,46582,1.19441026e-3,4.65820000e-2,-0.137500,0.022062,-349.077500,3,weakly_unstable,0,1,74.36
0.450000,0.980320,40,3000000,1000000,-1365148,-3.50037949e-2,-1.36514800e0,0.013750,-0.012262,-130.050000,1,stable,0,0,83.13
0.490000,0.988520,40,3000000,1000000,-1018549,-2.61166410e-2,-1.01854900e0,-0.053750,-0.017503,-41.962500,1,stable,0,0,75.10
0.510000,0.912210,40,3000000,1000000,96990,2.48692308e-3,9.69900000e-2,-0.187500,0.078593,-2334.750000,3,weakly_unstable,0,1,95.08
0.470000,0.928960,40,3000000,1000000,81896,2.09989744e-3,8.18960000e-2,0.047500,0.199509,-1474.907500,3,weakly_unstable,0,1,109.61
0.510000,0.944710,40,3000000,1000000,57546,1.47553846e-3,5.75460000e-2,-0.162500,-0.036602,-1132.625000,3,weakly_unstable,0,1,97.07
0.690000,0.994190,40,3000000,1000000,-82616,-2.11835897e-3,-8.26160000e-2,-0.410000,-0.405682,-7.677500,1,chaotic,0,0,62.25
0.610000,0.983230,40,3000000,1000000,3941,1.01051282e-4,3.94100000e-3,0.790000,0.785297,-131.292500,1,metastable,1,1,68.81
0.730000,0.980550,40,3000000,1000000,32232,8.26461538e-4,3.22320000e-2,0.042500,-0.032946,-167.832500,3,weakly_unstable,0,1,70.25
0.490000,0.956020,40,3000000,1000000,-52817,-1.35428205e-3,-5.28170000e-2,-0.295000,-0.267636,-551.287500,1,stable,0,0,86.91
0.870000,0.995330,40,3000000,1000000,13483,3.45717949e-4,1.34830000e-2,-0.183750,-0.193189,-17.495000,3,weakly_unstable,0,1,67.23
0.530000,0.985150,40,3000000,1000000,-522106,-1.33873333e-2,-5.22106000e-1,-0.066250,-0.023492,-82.647500,1,stable,0,0,71.71
0.450000,0.722320,40,3000000,1000000,87017,2.23120513e-3,8.70170000e-2,0.057500,-0.086154,-11628.045000,3,weakly_unstable,0,1,114.23
0.490000,0.923520,40,3000000,1000000,83903,2.15135897e-3,8.39030000e-2,0.012500,-0.001524,-1921.485000,3,weakly_unstable,0,1,101.18
0.490000,0.931520,40,3000000,1000000,82136,2.10605128e-3,8.21360000e-2,-0.173750,-0.081248,-1400.045000,3,weakly_unstable,0,1,102.03
0.490000,0.939520,40,3000000,1000000,86567,2.21966667e-3,8.65670000e-2,-0.085000,0.255944,-1154.310000,3,weakly_unstable,0,1,100.62
0.670000,0.971430,40,3000000,1000000,47883,1.22776923e-3,4.78830000e-2,-0.107500,-0.023904,-328.027500,3,weakly_unstable,0,1,73.40
0.450000,0.980820,40,3000000,1000000,-1293697,-3.31717179e-2,-1.29369700e0,0.080000,0.021547,-124.590000,1,stable,0,0,81.96
0.490000,0.989020,40,3000000,1000000,-1053994,-2.70254872e-2,-1.05399400e0,0.056250,0.008791,-52.882500,1,stable,0,0,74.76
0.690000,0.994690,40,3000000,1000000,-109004,-2.79497436e-3,-1.09004000e-1,-0.067500,-0.120984,-6.592500,1,stable,0,0,61.16
0.610000,0.983730,40,3000000,1000000,-25726,-6.59641026e-4,-2.57260000e-2,-0.782500,-0.765339,-116.105000,1,chaotic,0,0,67.11
0.730000,0.981050,40,3000000,1000000,26594,6.81897436e-4,2.65940000e-2,-0.006250,0.060403,-157.995000,3,weakly_unstable,0,1,68.78
0.870000,0.995830,40,3000000,1000000,36619,9.38948718e-4,3.66190000e-2,-0.917500,-0.916993,-14.920000,1,metastable,1,1,57.79
0.510000,0.912710,40,3000000,1000000,100310,2.57205128e-3,1.00310000e-1,-0.046250,0.023974,-2252.400000,3,weakly_unstable,0,1,93.60
0.510000,0.945210,40,3000000,1000000,76567,1.96325641e-3,7.65670000e-2,0.240000,0.018875,-1107.355000,3,weakly_unstable,0,1,95.37
0.470000,0.929460,40,3000000,1000000,90237,2.31376923e-3,9.02370000e-2,-0.021250,-0.266579,-1527.842500,3,weakly_unstable,0,1,108.31
0.490000,0.956520,40,3000000,1000000,-63591,-1.63053846e-3,-6.35910000e-2,0.486250,0.434138,-551.787500,1,chaotic,0,0,87.20
0.530000,0.985650,40,3000000,1000000,-503054,-1.28988205e-2,-5.03054000e-1,0.083750,0.070391,-54.560000,1,stable,0,0,72.60
0.670000,0.971930,40,3000000,1000000,40140,1.02923077e-3,4.01400000e-2,-0.222500,-0.029834,-354.870000,3,weakly_unstable,0,1,72.71
0.690000,0.995190,40,3000000,1000000,-153794,-3.94343590e-3,-1.53794000e-1,-0.090000,-0.010972,-15.782500,1,stable,0,0,61.72
0.490000,0.989520,40,3000000,1000000,-1117211,-2.86464359e-2,-1.11721100e0,-0.006250,-0.010179,-40.817500,1,stable,0,0,73.94
0.870000,0.996330,40,3000000,1000000,16073,4.12128205e-4,1.60730000e-2,0.922500,0.917555,-15.500000,1,metastable,1,1,57.78
0.490000,0.924020,40,3000000,1000000,117371,3.00951282e-3,1.17371000e-1,0.132500,0.000397,-1752.192500,3,weakly_unstable,0,1,100.57
0.610000,0.984230,40,3000000,1000000,18693,4.79307692e-4,1.86930000e-2,-0.663750,-0.554918,-80.955000,1,metastable,1,1,68.38
0.450000,0.981320,40,3000000,1000000,-1367141,-3.50548974e-2,-1.36714100e0,-0.007500,0.026654,-133.572500,1,stable,0,0,81.30
0.490000,0.940020,40,3000000,1000000,93270,2.39153846e-3,9.32700000e-2,-0.142500,0.255337,-1117.657500,3,weakly_unstable,0,1,100.77
0.490000,0.932020,40,3000000,1000000,79459,2.03741026e-3,7.94590000e-2,-0.142500,-0.108590,-1454.765000,3,weakly_unstable,0,1,102.42
0.730000,0.981550,40,3000000,1000000,28691,7.35666667e-4,2.86910000e-2,-0.182500,-0.094560,-155.015000,3,weakly_unstable,0,1,70.87
0.450000,0.722820,40,3000000,1000000,104119,2.66971795e-3,1.04119000e-1,-0.065000,0.023357,-11319.967500,3,weakly_unstable,0,1,114.70
0.530000,0.986150,40,3000000,1000000,-552568,-1.41684103e-2,-5.52568000e-1,0.077500,0.055864,-66.712500,1,stable,0,0,71.25
0.510000,0.913210,40,3000000,1000000,84256,2.16041026e-3,8.42560000e-2,-0.087500,-0.009299,-2193.540000,3,weakly_unstable,0,1,94.65
0.690000,0.995690,40,3000000,1000000,-165576,-4.24553846e-3,-1.65576000e-1,0.066250,0.011771,-13.670000,1,stable,0,0,61.47
0.510000,0.945710,40,3000000,1000000,69148,1.77302564e-3,6.91480000e-2,0.147500,-0.010484,-1019.495000,3,weakly_unstable,0,1,96.18
0.490000,0.957020,40,3000000,1000000,-77866,-1.99656410e-3,-7.78660000e-2,-0.631250,-0.595223,-642.167500,1,chaotic,0,0,87.11
0.670000,0.972430,40,3000000,1000000,42850,1.09871795e-3,4.28500000e-2,-0.072500,-0.046883,-363.665000,3,weakly_unstable,0,1,74.87
0.870000,0.996830,40,3000000,1000000,5155,1.32179487e-4,5.15500000e-3,0.922500,0.917816,-7.302500,1,metastable,1,1,57.58
0.490000,0.990020,40,3000000,1000000,-1157234,-2.96726667e-2,-1.15723400e0,-0.016250,-0.010612,-39.395000,1,stable,0,0,74.22
0.610000,0.984730,40,3000000,1000000,-45405,-1.16423077e-3,-4.54050000e-2,-0.623750,-0.632114,-74.740000,1,chaotic,0,0,68.01
0.470000,0.929960,40,3000000,1000000,85794,2.19984615e-3,8.57940000e-2,0.171250,0.096950,-1468.967500,3,weakly_unstable,0,1,107.85
0.730000,0.982050,40,3000000,1000000,35224,9.03179487e-4,3.52240000e-2,-0.173750,-0.101342,-151.642500,3,weakly_unstable,0,1,71.86
0.450000,0.981820,40,3000000,1000000,-1385773,-3.55326410e-2,-1.38577300e0,-0.010000,-0.021951,-115.960000,1,stable,0,0,83.25
0.490000,0.924520,40,3000000,1000000,93483,2.39700000e-3,9.34830000e-2,0.092500,0.044765,-1672.395000,3,weakly_unstable,0,1,100.85
0.490000,0.940520,40,3000000,1000000,70767,1.81453846e-3,7.07670000e-2,-0.231250,0.007071,-1166.485000,3,weakly_unstable,0,1,102.83
0.690000,0.996190,40,3000000,1000000,-157358,-4.03482051e-3,-1.57358000e-1,-0.080000,-0.077790,-6.147500,1,stable,0,0,61.41
0.530000,0.986650,40,3000000,1000000,-566223,-1.45185385e-2,-5.66223000e-1,0.018750,0.052768,-97.760000,1,stable,0,0,71.49
0.490000,0.932520,40,3000000,1000000,72246,1.85246154e-3,7.22460000e-2,0.131250,0.087199,-1403.927500,3,weakly_unstable,0,1,103.46
0.870000,0.997330,40,3000000,1000000,-5513,-1.41358974e-4,-5.51300000e-3,0.645000,0.633083,-10.342500,1,chaotic,0,0,60.43
0.450000,0.723320,40,3000000,1000000,77464,1.98625641e-3,7.74640000e-2,-0.042500,-0.091206,-11588.335000,3,weakly_unstable,0,1,114.77
0.670000,0.972930,40,3000000,1000000,33625,8.62179487e-4,3.36250000e-2,0.193750,0.100043,-331.972500,3,weakly_unstable,0,1,73.94
0.510000,0.913710,40,3000000,1000000,83219,2.13382051e-3,8.32190000e-2,0.065000,0.074741,-2210.005000,3,weakly_unstable,0,1,95.39
0.610000,0.985230,40,3000000,1000000,-80582,-2.06620513e-3,-8.05820000e-2,-0.671250,-0.499727,-76.542500,1,chaotic,0,0,68.55
0.490000,0.957520,40,3000000,1000000,-114240,-2.92923077e-3,-1.14240000e-1,0.212500,0.124848,-525.435000,1,stable,0,0,87.38
0.490000,0.990520,40,3000000,1000000,-1130635,-2.89906410e-2,-1.13063500e0,0.017500,0.020379,-37.965000,1,stable,0,0,75.16
0.510000,0.946210,40,3000000,1000000,63404,1.62574359e-3,6.34040000e-2,-0.166250,0.020676,-1028.855000,3,weakly_unstable,0,1,98.09
0.730000,0.982550,40,3000000,1000000,23964,6.14461538e-4,2.39640000e-2,-0.190000,-0.108393,-178.982500,3,weakly_unstable,0,1,70.72
0.450000,0.982320,40,3000000,1000000,-1420747,-3.64294103e-2,-1.42074700e0,0.010000,0.010067,-125.797500,1,stable,0,0,83.83
0.690000,0.996690,40,3000000,1000000,-162470,-4.16589744e-3,-1.62470000e-1,0.052500,0.017352,-8.000000,1,stable,0,0,62.01
0.870000,0.997830,40,3000000,1000000,5792,1.48512821e-4,5.79200000e-3,-0.512500,-0.537756,-2.660000,1,metastable,1,1,60.21
0.470000,0.930460,40,3000000,1000000,59833,1.53417949e-3,5.98330000e-2,0.461250,0.030103,-1578.022500,3,weakly_unstable,0,1,107.32
0.530000,0.987150,40,3000000,1000000,-616875,-1.58173077e-2,-6.16875000e-1,0.072500,0.065916,-56.782500,1,stable,0,0,72.19
0.490000,0.925020,40,3000000,1000000,104313,2.67469231e-3,1.04313000e-1,0.193750,0.020169,-1794.470000,3,weakly_unstable,0,1,100.15
0.670000,0.973430,40,3000000,1000000,41419,1.06202564e-3,4.14190000e-2,-0.168750,-0.029522,-312.260000,3,weakly_unstable,0,1,74.79
0.610000,0.985730,40,3000000,1000000,-38335,-9.82948718e-4,-3.83350000e-2,0.266250,0.166181,-56.222500,1,stable,0,0,67.05
0.490000,0.941020,40,3000000,1000000,61798,1.58456410e-3,6.17980000e-2,0.130000,0.041735,-1144.022500,3,weakly_unstable,0,1,102.57
0.490000,0.933020,40,3000000,1000000,70844,1.81651282e-3,7.08440000e-2,0.116250,0.053394,-1472.070000,3,weakly_unstable,0,1,101.67
0.490000,0.991020,40,3000000,1000000,-1155156,-2.96193846e-2,-1.15515600e0,0.025000,0.018242,-49.700000,1,stable,0,0,73.37
0.730000,0.983050,40,3000000,1000000,26531,6.80282051e-4,2.65310000e-2,0.057500,0.020035,-135.015000,3,weakly_unstable,0,1,70.81
0.490000,0.958020,40,3000000,1000000,-110548,-2.83456410e-3,-1.10548000e-1,-0.050000,-0.087491,-523.307500,1,stable,0,0,87.92
0.510000,0.914210,40,3000000,1000000,94029,2.41100000e-3,9.40290000e-2,-0.092500,-0.077119,-2234.935000,3,weakly_unstable,0,1,95.33
0.690000,0.997190,40,3000000,1000000,-163976,-4.20451282e-3,-1.63976000e-1,-0.141250,-0.197543,-3.172500,1,stable,0,0,60.66
0.870000,0.998330,40,3000000,1000000,-16228,-4.16102564e-4,-1.62280000e-2,-0.128750,-0.104316,-4.842500,1,stable,0,0,57.61
0.450000,0.723820,40,3000000,1000000,102784,2.63548718e-3,1.02784000e-1,0.057500,0.100413,-11521.950000,3,weakly_unstable,0,1,117.55
0.510000,0.946710,40,3000000,1000000,61275,1.57115385e-3,6.12750000e-2,-0.065000,-0.078143,-1029.700000,3,weakly_unstable,0,1,96.39
0.450000,0.982820,40,3000000,1000000,-1424235,-3.65188462e-2,-1.42423500e0,0.000000,0.008651,-125.197500,1,stable,0,0,80.04
0.530000,0.987650,40,3000000,1000000,-647787,-1.66099231e-2,-6.47787000e-1,-0.051250,-0.009581,-65.167500,1,stable,0,0,69.19
0.610000,0.986230,40,3000000,1000000,-67703,-1.73597436e-3,-6.77030000e-2,-0.431250,-0.465189,-89.802500,1,chaotic,0,0,66.89
0.670000,0.973930,40,3000000,1000000,33973,8.71102564e-4,3.39730000e-2,0.005000,0.111435,-296.567500,3,weakly_unstable,0,1,72.92
0.470000,0.930960,40,3000000,1000000,103086,2.64323077e-3,1.03086000e-1,-0.043750,0.070653,-1356.937500,3,weakly_unstable,0,1,106.44
0.490000,0.991520,40,3000000,1000000,-1160416,-2.97542564e-2,-1.16041600e0,0.011250,-0.007559,-32.182500,1,stable,0,0,73.01
0.870000,0.998830,40,3000000,1000000,-30503,-7.82128205e-4,-3.05030000e-2,-0.028750,-0.046470,-2.002500,1,stable,0,0,56.93
0.730000,0.983550,40,3000000,1000000,26347,6.75564103e-4,2.63470000e-2,0.031250,-0.064984,-137.590000,3,weakly_unstable,0,1,69.83
0.690000,0.997690,40,3000000,1000000,-203940,-5.22923077e-3,-2.03940000e-1,0.065000,0.032195,-5.062500,1,stable,0,0,59.13
0.490000,0.925520,40,3000000,1000000,81653,2.09366667e-3,8.16530000e-2,-0.265000,-0.018869,-1738.990000,3,weakly_unstable,0,1,98.73
0.490000,0.933520,40,3000000,1000000,77301,1.98207692e-3,7.73010000e-2,0.011250,0.017636,-1515.232500,3,weakly_unstable,0,1,99.81
0.490000,0.941520,40,3000000,1000000,88903,2.27956410e-3,8.89030000e-2,0.037500,-0.299595,-1025.225000,3,weakly_unstable,0,1,101.16
0.490000,0.958520,40,3000000,1000000,-135316,-3.46964103e-3,-1.35316000e-1,0.146250,0.092622,-457.527500,1,stable,0,0,84.95
0.530000,0.988150,40,3000000,1000000,-608121,-1.55928462e-2,-6.08121000e-1,0.041250,-0.001720,-68.722500,1,stable,0,0,69.49
0.510000,0.914710,40,3000000,1000000,92620,2.37487179e-3,9.26200000e-2,-0.036250,-0.059945,-2215.820000,3,weakly_unstable,0,1,93.26
0.450000,0.983320,40,3000000,1000000,-1479023,-3.79236667e-2,-1.47902300e0,-0.008750,0.003140,-111.602500,1,stable,0,0,80.46
0.610000,0.986730,40,3000000,1000000,-68799,-1.76407692e-3,-6.87990000e-2,0.353750,0.407130,-65.072500,1,chaotic,0,0,67.01
0.510000,0.947210,40,3000000,1000000,45618,1.16969231e-3,4.56180000e-2,0.012500,-0.031633,-972.062500,3,weakly_unstable,0,1,96.81
0.670000,0.974430,40,3000000,1000000,36786,9.43230769e-4,3.67860000e-2,-0.106250,0.029455,-344.037500,3,weakly_unstable,0,1,73.22
0.870000,0.999330,40,3000000,1000000,-45774,-1.17369231e-3,-4.57740000e-2,-0.013750,0.002709,-2.005000,1,stable,0,0,57.71
0.690000,0.998190,40,3000000,1000000,-179156,-4.59374359e-3,-1.79156000e-1,-0.011250,-0.023087,-5.155000,1,stable,0,0,60.54
0.450000,0.724320,40,3000000,1000000,95671,2.45310256e-3,9.56710000e-2,-0.030000,-0.036468,-11571.387500,3,weakly_unstable,0,1,117.99
0.730000,0.984050,40,3000000,1000000,21205,5.43717949e-4,2.12050000e-2,0.070000,0.008700,-134.990000,3,weakly_unstable,0,1,72.24
0.490000,0.992020,40,3000000,1000000,-1137760,-2.91733333e-2,-1.13776000e0,0.043750,0.029930,-26.575000,1,stable,0,0,73.94
0.530000,0.988650,40,3000000,1000000,-631419,-1.61902308e-2,-6.31419000e-1,-0.080000,-0.071072,-61.445000,1,stable,0,0,71.42
0.470000,0.931460,40,3000000,1000000,89119,2.28510256e-3,8.91190000e-2,0.021250,-0.192510,-1426.217500,3,weakly_unstable,0,1,109.92
0.490000,0.959020,40,3000000,1000000,-159643,-4.09341026e-3,-1.59643000e-1,-0.103750,-0.020033,-481.247500,1,stable,0,0,86.10
0.490000,0.926020,40,3000000,1000000,94718,2.42866667e-3,9.47180000e-2,-0.076250,0.026935,-1845.925000,3,weakly_unstable,0,1,100.54
0.870000,0.999830,40,3000000,1000000,-59809,-1.53356410e-3,-5.98090000e-2,0.082500,0.059410,-1.945000,1,stable,0,0,57.61
0.610000,0.987230,40,3000000,1000000,-107320,-2.75179487e-3,-1.07320000e-1,-0.118750,-0.078179,-75.565000,1,stable,0,0,68.11
0.690000,0.998690,40,3000000,1000000,-252168,-6.46584615e-3,-2.52168000e-1,-0.032500,-0.033743,-5.125000,1,stable,0,0,60.12
0.450000,0.983820,40,3000000,1000000,-1400121,-3.59005385e-2,-1.40012100e0,-0.002500,0.035296,-126.442500,1,stable,0,0,82.99
0.490000,0.942020,40,3000000,1000000,67903,1.74110256e-3,6.79030000e-2,-0.206250,-0.087110,-1046.010000,3,weakly_unstable,0,1,101.30
0.490000,0.934020,40,3000000,1000000,86802,2.22569231e-3,8.68020000e-2,-0.088750,-0.028554,-1391.907500,3,weakly_unstable,0,1,102.08
0.510000,0.915210,40,3000000,1000000,93101,2.38720513e-3,9.31010000e-2,0.046250,-0.072688,-2168.652500,3,weakly_unstable,0,1,95.26
0.670000,0.974930,40,3000000,1000000,40069,1.02741026e-3,4.00690000e-2,-0.052500,-0.005533,-330.755000,3,weakly_unstable,0,1,74.14
0.730000,0.984550,40,3000000,1000000,29284,7.50871795e-4,2.92840000e-2,-0.156250,-0.154904,-133.857500,3,weakly_unstable,0,1,71.94
0.490000,0.992520,40,3000000,1000000,-1185486,-3.03970769e-2,-1.18548600e0,0.030000,-0.004740,-35.062500,1,stable,0,0,74.94
0.510000,0.947710,40,3000000,1000000,57989,1.48689744e-3,5.79890000e-2,0.127500,0.098866,-977.845000,3,weakly_unstable,0,1,97.19
0.530000,0.989150,40,3000000,1000000,-708971,-1.81787436e-2,-7.08971000e-1,-0.025000,0.006409,-46.920000,1,stable,0,0,70.82
0.870000,1.000000,40,3000000,1000000,-65893,-1.68956410e-3,-6.58930000e-2,-0.028750,0.006780,-1.940000,1,stable,0,0,57.61
0.690000,0.999190,40,3000000,1000000,-254222,-6.51851282e-3,-2.54222000e-1,0.047500,0.021522,-2.160000,1,stable,0,0,61.17
0.610000,0.987730,40,3000000,1000000,-104682,-2.68415385e-3,-1.04682000e-1,-0.248750,-0.178973,-30.030000,1,stable,0,0,68.23
0.450000,0.724820,40,3000000,1000000,93805,2.40525641e-3,9.38050000e-2,-0.096250,-0.057763,-11634.075000,3,weakly_unstable,0,1,118.42
0.490000,0.959520,40,3000000,1000000,-224402,-5.75389744e-3,-2.24402000e-1,-0.133750,-0.047866,-528.232500,1,stable,0,0,84.77
0.450000,0.984320,40,3000000,1000000,-1480937,-3.79727436e-2,-1.48093700e0,0.056250,0.016904,-127.600000,1,stable,0,0,81.23
0.670000,0.975430,40,3000000,1000000,38517,9.87615385e-4,3.85170000e-2,0.240000,0.104925,-314.860000,3,weakly_unstable,0,1,74.55
0.490000,0.926520,40,3000000,1000000,86776,2.22502564e-3,8.67760000e-2,-0.157500,-0.075663,-1705.557500,3,weakly_unstable,0,1,99.30
0.730000,0.985050,40,3000000,1000000,24253,6.21871795e-4,2.42530000e-2,0.086250,0.034283,-119.150000,3,weakly_unstable,0,1,70.95
0.470000,0.931960,40,3000000,1000000,83822,2.14928205e-3,8.38220000e-2,0.183750,-0.173015,-1415.702500,3,weakly_unstable,0,1,109.62
0.510000,0.915710,40,3000000,1000000,88248,2.26276923e-3,8.82480000e-2,-0.092500,0.016115,-2152.857500,3,weakly_unstable,0,1,94.58
0.490000,0.993020,40,3000000,1000000,-1205425,-3.09083333e-2,-1.20542500e0,0.012500,-0.002711,-26.690000,1,stable,0,0,74.69
0.490000,0.942520,40,3000000,1000000,66924,1.71600000e-3,6.69240000e-2,-0.248750,0.048559,-1027.505000,3,weakly_unstable,0,1,101.61
0.490000,0.934520,40,3000000,1000000,87407,2.24120513e-3,8.74070000e-2,0.063750,-0.064760,-1422.630000,3,weakly_unstable,0,1,102.54
0.890000,0.968170,40,3000000,1000000,20650,5.29487179e-4,2.06500000e-2,0.000000,-0.002448,-275.660000,3,weakly_unstable,0,1,67.74
0.690000,0.999690,40,3000000,1000000,-274652,-7.04235897e-3,-2.74652000e-1,-0.003750,-0.005683,-2.057500,1,stable,0,0,60.90
0.530000,0.989650,40,3000000,1000000,-651353,-1.67013590e-2,-6.51353000e-1,-0.001250,-0.014559,-48.592500,1,stable,0,0,71.27
0.510000,0.948210,40,3000000,1000000,52839,1.35484615e-3,5.28390000e-2,0.015000,-0.019151,-917.912500,3,weakly_unstable,0,1,97.70
0.610000,0.988230,40,3000000,1000000,-126974,-3.25574359e-3,-1.26974000e-1,0.080000,0.019408,-71.982500,1,stable,0,0,68.06
0.490000,0.960020,40,3000000,1000000,-191417,-4.90812821e-3,-1.91417000e-1,0.105000,0.080563,-544.625000,1,stable,0,0,85.42
0.670000,0.975930,40,3000000,1000000,34046,8.72974359e-4,3.40460000e-2,-0.020000,-0.015873,-302.742500,3,weakly_unstable,0,1,75.91
0.450000,0.984820,40,3000000,1000000,-1488464,-3.81657436e-2,-1.48846400e0,-0.042500,-0.004675,-102.187500,1,stable,0,0,80.25
0.730000,0.985550,40,3000000,1000000,21641,5.54897436e-4,2.16410000e-2,0.075000,0.004638,-130.320000,3,weakly_unstable,0,1,71.80
0.490000,0.993520,40,3000000,1000000,-1252297,-3.21101795e-2,-1.25229700e0,-0.035000,-0.018848,-17.760000,1,stable,0,0,73.82
0.690000,1.000000,40,3000000,1000000,-292448,-7.49866667e-3,-2.92448000e-1,0.008750,-0.010735,-1.972500,1,stable,0,0,60.22
0.890000,0.968670,40,3000000,1000000,22839,5.85615385e-4,2.28390000e-2,-0.023750,0.005363,-241.940000,3,weakly_unstable,0,1,65.97
0.450000,0.725320,40,3000000,1000000,102879,2.63792308e-3,1.02879000e-1,0.168750,-0.061153,-11448.142500,3,weakly_unstable,0,1,117.53
0.490000,0.927020,40,3000000,1000000,84338,2.16251282e-3,8.43380000e-2,-0.165000,-0.035425,-1731.545000,3,weakly_unstable,0,1,103.31
0.530000,0.990150,40,3000000,1000000,-726885,-1.86380769e-2,-7.26885000e-1,0.093750,0.060825,-58.420000,1,stable,0,0,69.69
0.510000,0.916210,40,3000000,1000000,92620,2.37487179e-3,9.26200000e-2,0.281250,0.065030,-2092.290000,3,weakly_unstable,0,1,95.18
0.610000,0.988730,40,3000000,1000000,-197491,-5.06387179e-3,-1.97491000e-1,-0.168750,-0.144768,-62.485000,1,stable,0,0,67.41
0.470000,0.932460,40,3000000,1000000,75439,1.93433333e-3,7.54390000e-2,0.246250,-0.168558,-1346.712500,3,weakly_unstable,0,1,109.51
0.490000,0.943020,40,3000000,1000000,62000,1.58974359e-3,6.20000000e-2,-0.013750,0.112717,-1059.510000,3,weakly_unstable,0,1,102.98
0.490000,0.935020,40,3000000,1000000,82463,2.11443590e-3,8.24630000e-2,0.136250,-0.063681,-1462.715000,3,weakly_unstable,0,1,102.08
0.510000,0.948710,40,3000000,1000000,67048,1.71917949e-3,6.70480000e-2,0.131250,0.151515,-913.077500,3,weakly_unstable,0,1,96.16
0.670000,0.976430,40,3000000,1000000,36922,9.46717949e-4,3.69220000e-2,-0.040000,-0.060034,-284.327500,3,weakly_unstable,0,1,75.13
0.730000,0.986050,40,3000000,1000000,20948,5.37128205e-4,2.09480000e-2,-0.072500,-0.088591,-113.647500,3,weakly_unstable,0,1,71.78
0.450000,0.985320,40,3000000,1000000,-1471336,-3.77265641e-2,-1.47133600e0,0.033750,0.025641,-86.657500,1,stable,0,0,79.93
0.490000,0.960520,40,3000000,1000000,-122817,-3.14915385e-3,-1.22817000e-1,-0.013750,0.084197,-509.420000,1,stable,0,0,86.24
0.490000,0.994020,40,3000000,1000000,-1208903,-3.09975128e-2,-1.20890300e0,0.013750,0.025738,-20.912500,1,stable,0,0,73.55
0.890000,0.969170,40,3000000,1000000,19601,5.02589744e-4,1.96010000e-2,-0.068750,-0.108920,-232.457500,3,weakly_unstable,0,1,67.36
0.710000,0.961040,40,3000000,1000000,51249,1.31407692e-3,5.12490000e-2,-0.033750,-0.072748,-491.522500,3,weakly_unstable,0,1,72.31
0.530000,0.990650,40,3000000,1000000,-740590,-1.89894872e-2,-7.40590000e-1,0.017500,0.001499,-35.735000,1,stable,0,0,69.92
0.610000,0.989230,40,3000000,1000000,-193028,-4.94943590e-3,-1.93028000e-1,-0.066250,0.002046,-31.205000,1,stable,0,0,67.98
0.510000,0.916710,40,3000000,1000000,90420,2.31846154e-3,9.04200000e-2,0.267500,0.026736,-2147.722500,3,weakly_unstable,0,1,94.64
0.490000,0.927520,40,3000000,1000000,89911,2.30541026e-3,8.99110000e-2,-0.165000,-0.121894,-1711.100000,3,weakly_unstable,0,1,102.91
0.450000,0.725820,40,3000000,1000000,92843,2.38058974e-3,9.28430000e-2,-0.207500,-0.039597,-11485.787500,3,weakly_unstable,0,1,116.23
0.470000,0.932960,40,3000000,1000000,117179,3.00458974e-3,1.17179000e-1,-0.696250,-0.630605,-1277.207500,1,metastable,1,1,103.01
0.490000,0.943520,40,3000000,1000000,70464,1.80676923e-3,7.04640000e-2,0.236250,0.077793,-1059.477500,3,weakly_unstable,0,1,103.19
0.730000,0.986550,40,3000000,1000000,15940,4.08717949e-4,1.59400000e-2,0.300000,0.089509,-121.437500,3,weakly_unstable,0,1,71.94
0.490000,0.935520,40,3000000,1000000,79560,2.04000000e-3,7.95600000e-2,0.031250,0.045086,-1373.150000,3,weakly_unstable,0,1,103.21
0.670000,0.976930,40,3000000,1000000,33019,8.46641026e-4,3.30190000e-2,-0.017500,0.037560,-276.450000,3,weakly_unstable,0,1,75.51
0.890000,0.969670,40,3000000,1000000,21444,5.49846154e-4,2.14440000e-2,-0.093750,-0.088579,-266.482500,3,weakly_unstable,0,1,66.85
0.510000,0.949210,40,3000000,1000000,64287,1.64838462e-3,6.42870000e-2,-0.051250,-0.040012,-871.192500,3,weakly_unstable,0,1,97.76
0.450000,0.985820,40,3000000,1000000,-1515082,-3.88482564e-2,-1.51508200e0,-0.080000,0.004929,-92.405000,1,stable,0,0,80.39
0.490000,0.994520,40,3000000,1000000,-1264106,-3.24129744e-2,-1.26410600e0,0.035000,0.022226,-13.927500,1,stable,0,0,73.48
0.710000,0.961540,40,3000000,1000000,47671,1.22233333e-3,4.76710000e-2,-0.032500,0.008681,-474.527500,3,weakly_unstable,0,1,72.80
0.490000,0.961020,40,3000000,1000000,-193064,-4.95035897e-3,-1.93064000e-1,0.100000,0.070947,-524.562500,1,stable,0,0,85.74
0.530000,0.991150,40,3000000,1000000,-760642,-1.95036410e-2,-7.60642000e-1,0.026250,0.043652,-39.240000,1,stable,0,0,70.19
0.610000,0.989730,40,3000000,1000000,-151079,-3.87382051e-3,-1.51079000e-1,0.206250,0.221907,-51.992500,1,stable,0,0,67.48
0.730000,0.987050,40,3000000,1000000,14627,3.75051282e-4,1.46270000e-2,0.031250,0.061245,-107.312500,3,weakly_unstable,0,1,71.70
0.490000,1.000000,40,3000000,1000000,-1453179,-3.72610000e-2,-1.45317900e0,0.038750,-0.002964,-3.137500,1,stable,0,0,71.97
0.890000,0.970170,40,3000000,1000000,20911,5.36179487e-4,2.09110000e-2,0.061250,-0.005434,-198.925000,3,weakly_unstable,0,1,67.04
0.670000,0.977430,40,3000000,1000000,32550,8.34615385e-4,3.25500000e-2,0.055000,0.105531,-291.237500,3,weakly_unstable,0,1,75.41
0.510000,0.917210,40,3000000,1000000,84797,2.17428205e-3,8.47970000e-2,-0.052500,-0.064503,-2134.602500,3,weakly_unstable,0,1,97.84
0.490000,0.995020,40,3000000,1000000,-1265778,-3.24558462e-2,-1.26577800e0,0.010000,-0.010512,-25.910000,1,stable,0,0,72.84
0.710000,0.962040,40,3000000,1000000,47569,1.21971795e-3,4.75690000e-2,-0.062500,-0.065904,-503.065000,3,weakly_unstable,0,1,71.80
0.610000,0.990230,40,3000000,1000000,-206165,-5.28628205e-3,-2.06165000e-1,0.122500,0.121554,-36.985000,1,stable,0,0,66.79
0.450000,0.986320,40,3000000,1000000,-1550035,-3.97444872e-2,-1.55003500e0,-0.006250,0.006179,-70.110000,1,stable,0,0,79.95
0.530000,0.991650,40,3000000,1000000,-749197,-1.92101795e-2,-7.49197000e-1,0.040000,-0.014405,-34.602500,1,stable,0,0,69.98
0.470000,0.861460,40,3000000,1000000,127668,3.27353846e-3,1.27668000e-1,0.113750,-0.035908,-4348.985000,3,weakly_unstable,0,1,108.00
0.490000,0.944020,40,3000000,1000000,111973,2.87110256e-3,1.11973000e-1,0.653750,0.422298,-952.617500,1,metastable,1,1,98.52
0.490000,0.961520,40,3000000,1000000,-177320,-4.54666667e-3,-1.77320000e-1,0.088750,0.123865,-456.042500,1,stable,0,0,86.73
0.510000,0.949710,40,3000000,1000000,45691,1.17156410e-3,4.56910000e-2,-0.243750,-0.037147,-889.635000,3,weakly_unstable,0,1,95.98
0.470000,0.933460,40,3000000,1000000,68760,1.76307692e-3,6.87600000e-2,0.072500,0.033134,-1306.042500,3,weakly_unstable,0,1,111.59
0.450000,0.726320,40,3000000,1000000,93231,2.39053846e-3,9.32310000e-2,0.161250,0.025982,-11182.447500,3,weakly_unstable,0,1,117.16
0.890000,0.970670,40,3000000,1000000,21189,5.43307692e-4,2.11890000e-2,0.040000,0.076999,-229.925000,3,weakly_unstable,0,1,67.08
0.730000,0.987550,40,3000000,1000000,21264,5.45230769e-4,2.12640000e-2,-0.088750,-0.029755,-97.975000,3,weakly_unstable,0,1,73.42
0.670000,0.977930,40,3000000,1000000,28106,7.20666667e-4,2.81060000e-2,0.121250,0.016573,-234.102500,3,weakly_unstable,0,1,76.40
0.610000,0.990730,40,3000000,1000000,-201677,-5.17120513e-3,-2.01677000e-1,-0.145000,-0.092232,-27.420000,1,stable,0,0,66.72
0.490000,0.995520,40,3000000,1000000,-1298229,-3.32879231e-2,-1.29822900e0,0.007500,0.010833,-19.220000,1,stable,0,0,73.62
0.710000,0.962540,40,3000000,1000000,44312,1.13620513e-3,4.43120000e-2,-0.035000,-0.085261,-456.770000,3,weakly_unstable,0,1,71.08
0.530000,0.992150,40,3000000,1000000,-745787,-1.91227436e-2,-7.45787000e-1,-0.008750,0.032667,-19.777500,1,stable,0,0,71.70
0.510000,0.893210,40,3000000,1000000,102861,2.63746154e-3,1.02861000e-1,-0.015000,-0.009033,-2945.167500,3,weakly_unstable,0,1,97.04
0.450000,0.986820,40,3000000,1000000,-1524008,-3.90771282e-2,-1.52400800e0,0.013750,-0.001382,-51.227500,1,stable,0,0,80.69
0.510000,0.917710,40,3000000,1000000,83100,2.13076923e-3,8.31000000e-2,0.175000,0.185024,-2044.150000,3,weakly_unstable,0,1,96.25
0.490000,0.962020,40,3000000,1000000,-247509,-6.34638462e-3,-2.47509000e-1,-0.118750,-0.092733,-448.850000,1,stable,0,0,85.15
0.490000,0.944520,40,3000000,1000000,105837,2.71376923e-3,1.05837000e-1,-0.711250,-0.592078,-965.840000,1,metastable,1,1,94.56
0.470000,0.861960,40,3000000,1000000,123321,3.16207692e-3,1.23321000e-1,-0.005000,0.002067,-4549.645000,3,weakly_unstable,0,1,106.49
0.510000,0.950210,40,3000000,1000000,61553,1.57828205e-3,6.15530000e-2,-0.073750,-0.112893,-960.472500,3,weakly_unstable,0,1,98.45
0.730000,0.988050,40,3000000,1000000,80137,2.05479487e-3,8.01370000e-2,0.903750,0.901135,-69.930000,1,metastable,1,1,62.66
0.890000,0.971170,40,3000000,1000000,21871,5.60794872e-4,2.18710000e-2,0.036250,0.026948,-228.225000,3,weakly_unstable,0,1,66.62
0.470000,0.933960,40,3000000,1000000,110255,2.82705128e-3,1.10255000e-1,-0.396250,-0.427059,-1326.320000,1,metastable,1,1,105.12
0.610000,0.991230,40,3000000,1000000,-230822,-5.91851282e-3,-2.30822000e-1,0.112500,0.076712,-35.342500,1,stable,0,0,65.44
0.450000,0.726820,40,3000000,1000000,106863,2.74007692e-3,1.06863000e-1,0.181250,0.021760,-11466.635000,3,weakly_unstable,0,1,119.52
0.670000,0.978430,40,3000000,1000000,30670,7.86410256e-4,3.06700000e-2,-0.160000,-0.021186,-256.705000,3,weakly_unstable,0,1,76.31
0.710000,0.963040,40,3000000,1000000,48439,1.24202564e-3,4.84390000e-2,-0.020000,-0.038720,-387.872500,3,weakly_unstable,0,1,70.99
0.490000,0.996020,40,3000000,1000000,-1282622,-3.28877436e-2,-1.28262200e0,0.010000,-0.024529,-15.660000,1,stable,0,0,73.15
0.530000,0.992650,40,3000000,1000000,-803946,-2.06140000e-2,-8.03946000e-1,-0.002500,0.017077,-16.565000,1,stable,0,0,70.05
0.450000,0.987320,40,3000000,1000000,-1551429,-3.97802308e-2,-1.55142900e0,-0.007500,0.011780,-106.377500,1,stable,0,0,79.70
0.510000,0.893710,40,3000000,1000000,99630,2.55461538e-3,9.96300000e-2,-0.112500,0.011442,-3003.717500,3,weakly_unstable,0,1,95.25
0.730000,0.988550,40,3000000,1000000,73777,1.89171795e-3,7.37770000e-2,0.910000,0.900343,-75.142500,1,metastable,1,1,62.09
0.510000,0.918210,40,3000000,1000000,95215,2.44141026e-3,9.52150000e-2,-0.157500,0.084084,-2082.210000,3,weakly_unstable,0,1,95.77
0.490000,0.962520,40,3000000,1000000,-268901,-6.89489744e-3,-2.68901000e-1,-0.048750,0.046790,-454.742500,1,stable,0,0,85.70
0.890000,0.971670,40,3000000,1000000,20008,5.13025641e-4,2.00080000e-2,0.055000,0.029896,-226.872500,3,weakly_unstable,0,1,67.32
0.610000,0.991730,40,3000000,1000000,-273859,-7.02202564e-3,-2.73859000e-1,0.033750,0.024055,-20.615000,1,stable,0,0,65.26
0.490000,0.945020,40,3000000,1000000,92418,2.36969231e-3,9.24180000e-2,-0.630000,-0.608794,-964.675000,1,metastable,1,1,98.87
0.510000,0.950710,40,3000000,1000000,68951,1.76797436e-3,6.89510000e-2,0.005000,0.066351,-863.550000,3,weakly_unstable,0,1,96.41
0.710000,0.963540,40,3000000,1000000,43996,1.12810256e-3,4.39960000e-2,-0.086250,0.043958,-446.035000,3,weakly_unstable,0,1,70.28
0.530000,0.993150,40,3000000,1000000,-803288,-2.05971282e-2,-8.03288000e-1,-0.028750,0.025874,-8.547500,1,stable,0,0,68.69
0.670000,0.978930,40,3000000,1000000,40464,1.03753846e-3,4.04640000e-2,-0.113750,-0.067407,-247.247500,3,weakly_unstable,0,1,74.84
0.490000,0.996520,40,3000000,1000000,-1340570,-3.43735897e-2,-1.34057000e0,-0.047500,-0.001473,-4.522500,1,stable,0,0,72.54
0.470000,0.862460,40,3000000,1000000,130948,3.35764103e-3,1.30948000e-1,0.046250,0.004983,-4380.485000,3,weakly_unstable,0,1,107.50
0.470000,0.934460,40,3000000,1000000,84010,2.15410256e-3,8.40100000e-2,-0.500000,-0.438524,-1245.410000,1,metastable,1,1,106.33
0.450000,0.987820,40,3000000,1000000,-1560040,-4.00010256e-2,-1.56004000e0,-0.052500,0.009063,-66.950000,1,stable,0,0,80.17
0.730000,0.989050,40,3000000,1000000,18626,4.77589744e-4,1.86260000e-2,0.023750,0.035297,-96.482500,3,weakly_unstable,0,1,72.36
0.890000,0.972170,40,3000000,1000000,18501,4.74384615e-4,1.85010000e-2,-0.028750,-0.090189,-259.572500,3,weakly_unstable,0,1,68.66
0.450000,0.727320,40,3000000,1000000,84374,2.16343590e-3,8.43740000e-2,0.056250,-0.049698,-11349.485000,3,weakly_unstable,0,1,118.67
0.610000,0.992230,40,3000000,1000000,-277662,-7.11953846e-3,-2.77662000e-1,0.045000,0.081589,-22.860000,1,stable,0,0,65.99
0.510000,0.894210,40,3000000,1000000,91355,2.34243590e-3,9.13550000e-2,0.160000,0.047616,-3001.667500,3,weakly_unstable,0,1,95.86
0.490000,0.963020,40,3000000,1000000,-233673,-5.99161538e-3,-2.33673000e-1,-0.095000,-0.182083,-391.920000,1,stable,0,0,85.49
0.510000,0.918710,40,3000000,1000000,96477,2.47376923e-3,9.64770000e-2,-0.193750,0.050626,-2008.707500,3,weakly_unstable,0,1,97.02
0.530000,0.993650,40,3000000,1000000,-813148,-2.08499487e-2,-8.13148000e-1,0.023750,0.004934,-13.232500,1,stable,0,0,70.36
0.710000,0.964040,40,3000000,1000000,48361,1.24002564e-3,4.83610000e-2,0.013750,-0.054251,-405.637500,3,weakly_unstable,0,1,71.65
0.490000,0.997020,40,3000000,1000000,-1316573,-3.37582821e-2,-1.31657300e0,-0.015000,-0.006438,-9.552500,1,stable,0,0,72.72
0.670000,0.979430,40,3000000,1000000,25458,6.52769231e-4,2.54580000e-2,0.025000,0.018443,-253.137500,3,weakly_unstable,0,1,75.66
0.510000,0.951210,40,3000000,1000000,106728,2.73661538e-3,1.06728000e-1,0.722500,0.677195,-829.332500,1,metastable,1,1,87.07
0.490000,0.945520,40,3000000,1000000,101312,2.59774359e-3,1.01312000e-1,-0.115000,0.110652,-913.325000,3,weakly_unstable,0,1,99.68
0.470000,0.862960,40,3000000,1000000,126120,3.23384615e-3,1.26120000e-1,0.072500,0.022058,-4502.762500,3,weakly_unstable,0,1,107.63
0.890000,0.972670,40,3000000,1000000,21260,5.45128205e-4,2.12600000e-2,-0.008750,0.022688,-232.130000,3,weakly_unstable,0,1,68.41
0.450000,0.988320,40,3000000,1000000,-1565574,-4.01429231e-2,-1.56557400e0,-0.038750,0.003538,-53.222500,1,stable,0,0,82.35
0.730000,0.989550,40,3000000,1000000,15877,4.07102564e-4,1.58770000e-2,-0.110000,-0.081487,-86.125000,3,weakly_unstable,0,1,73.41
0.470000,0.934960,40,3000000,1000000,97520,2.50051282e-3,9.75200000e-2,-0.605000,-0.602529,-1241.200000,1,metastable,1,1,100.46
0.610000,0.992730,40,3000000,1000000,-266832,-6.84184615e-3,-2.66832000e-1,-0.110000,-0.060611,-18.802500,1,stable,0,0,66.31
0.530000,0.994150,40,3000000,1000000,-849112,-2.17721026e-2,-8.49112000e-1,-0.051250,-0.023117,-19.965000,1,stable,0,0,70.15
0.710000,0.964540,40,3000000,1000000,41273,1.05828205e-3,4.12730000e-2,0.076250,0.127843,-383.287500,3,weakly_unstable,0,1,72.10
0.490000,0.963520,40,3000000,1000000,-321526,-8.24425641e-3,-3.21526000e-1,0.112500,0.121283,-436.135000,1,stable,0,0,84.82
0.490000,0.997520,40,3000000,1000000,-1364452,-3.49859487e-2,-1.36445200e0,0.027500,0.024352,-6.692500,1,stable,0,0,72.35
0.670000,0.979930,40,3000000,1000000,30452,7.80820513e-4,3.04520000e-2,0.162500,0.059632,-220.450000,3,weakly_unstable,0,1,75.37
0.510000,0.894710,40,3000000,1000000,95853,2.45776923e-3,9.58530000e-2,-0.053750,0.046746,-2990.342500,3,weakly_unstable,0,1,97.49
0.510000,0.919210,40,3000000,1000000,94903,2.43341026e-3,9.49030000e-2,0.232500,0.012922,-1992.260000,3,weakly_unstable,0,1,97.20
0.450000,0.727820,40,3000000,1000000,99104,2.54112821e-3,9.91040000e-2,0.035000,0.002960,-11463.352500,3,weakly_unstable,0,1,117.54
0.890000,0.973170,40,3000000,1000000,21791,5.58743590e-4,2.17910000e-2,-0.043750,0.019077,-134.515000,3,weakly_unstable,0,1,67.08
0.490000,0.946020,40,3000000,1000000,84050,2.15512821e-3,8.40500000e-2,0.665000,0.644270,-856.160000,1,metastable,1,1,90.54
0.510000,0.951710,40,3000000,1000000,56896,1.45887179e-3,5.68960000e-2,-0.118750,-0.044472,-832.327500,3,weakly_unstable,0,1,97.32
0.610000,0.993230,40,3000000,1000000,-308376,-7.90707692e-3,-3.08376000e-1,-0.035000,-0.040689,-10.727500,1,stable,0,0,65.89
0.730000,0.990050,40,3000000,1000000,12596,3.22974359e-4,1.25960000e-2,-0.056250,-0.095241,-86.900000,3,weakly_unstable,0,1,73.39
0.450000,0.988820,40,3000000,1000000,-1595704,-4.09154872e-2,-1.59570400e0,-0.005000,-0.002360,-41.772500,1,stable,0,0,81.55
0.530000,0.994650,40,3000000,1000000,-854487,-2.19099231e-2,-8.54487000e-1,0.015000,0.003517,-19.350000,1,stable,0,0,68.63
0.710000,0.965040,40,3000000,1000000,46724,1.19805128e-3,4.67240000e-2,0.022500,-0.018486,-408.912500,3,weakly_unstable,0,1,72.09
0.490000,0.998020,40,3000000,1000000,-1399195,-3.58767949e-2,-1.39919500e0,-0.003750,-0.008865,-5.632500,1,stable,0,0,71.21
0.470000,0.863460,40,3000000,1000000,136501,3.50002564e-3,1.36501000e-1,-0.092500,-0.012277,-4467.165000,3,weakly_unstable,0,1,108.14
0.470000,0.935460,40,3000000,1000000,83357,2.13735897e-3,8.33570000e-2,0.256250,-0.001574,-1296.975000,3,weakly_unstable,0,1,108.15
0.670000,0.980430,40,3000000,1000000,29320,7.51794872e-4,2.93200000e-2,-0.101250,0.034876,-206.372500,3,weakly_unstable,0,1,74.57
0.490000,0.964020,40,3000000,1000000,-259456,-6.65271795e-3,-2.59456000e-1,0.048750,0.052908,-368.937500,1,stable,0,0,84.63
0.890000,0.973670,40,3000000,1000000,21062,5.40051282e-4,2.10620000e-2,0.068750,-0.008860,-190.622500,3,weakly_unstable,0,1,68.14
0.730000,0.990550,40,3000000,1000000,54013,1.38494872e-3,5.40130000e-2,0.872500,0.886887,-53.140000,1,metastable,1,1,61.93
0.610000,0.993730,40,3000000,1000000,-320920,-8.22871795e-3,-3.20920000e-1,0.036250,0.033967,-8.775000,1,stable,0,0,65.15
0.510000,0.895210,40,3000000,1000000,93930,2.40846154e-3,9.39300000e-2,0.027500,-0.046630,-2819.682500,3,weakly_unstable,0,1,96.35
0.510000,0.919710,40,3000000,1000000,80988,2.07661538e-3,8.09880000e-2,-0.037500,-0.011048,-1969.297500,3,weakly_unstable,0,1,95.89
0.490000,0.946520,40,3000000,1000000,69142,1.77287179e-3,6.91420000e-2,0.753750,0.624156,-845.220000,1,metastable,1,1,92.92
0.450000,0.989320,40,3000000,1000000,-1624901,-4.16641282e-2,-1.62490100e0,0.035000,-0.006417,-51.735000,1,stable,0,0,80.32
0.530000,0.995150,40,3000000,1000000,-867740,-2.22497436e-2,-8.67740000e-1,-0.005000,-0.024971,-13.340000,1,stable,0,0,68.55
0.510000,0.952210,40,3000000,1000000,80594,2.06651282e-3,8.05940000e-2,-0.140000,-0.223171,-890.257500,3,weakly_unstable,0,1,96.35
0.450000,0.728320,40,3000000,1000000,89346,2.29092308e-3,8.93460000e-2,0.313750,-0.000915,-11548.347500,3,weakly_unstable,0,1,117.17
0.710000,0.965540,40,3000000,1000000,48712,1.24902564e-3,4.87120000e-2,0.170000,0.108425,-361.482500,3,weakly_unstable,0,1,72.40
0.490000,0.998520,40,3000000,1000000,-1411802,-3.62000513e-2,-1.41180200e0,-0.010000,-0.007428,-4.725000,1,stable,0,0,71.22
0.670000,0.980930,40,3000000,1000000,32411,8.31051282e-4,3.24110000e-2,-0.010000,-0.023926,-193.702500,3,weakly_unstable,0,1,77.09
0.730000,0.991050,40,3000000,1000000,57020,1.46205128e-3,5.70200000e-2,-0.881250,-0.880080,-49.927500,1,metastable,1,1,62.53
0.490000,0.964520,40,3000000,1000000,-340192,-8.72287179e-3,-3.40192000e-1,0.098750,0.062323,-378.230000,1,stable,0,0,83.81
0.610000,0.994230,40,3000000,1000000,-379541,-9.73182051e-3,-3.79541000e-1,-0.042500,-0.028990,-29.922500,1,stable,0,0,64.72
0.890000,0.974170,40,3000000,1000000,18450,4.73076923e-4,1.84500000e-2,-0.096250,-0.114211,-172.582500,3,weakly_unstable,0,1,68.19
0.470000,0.863960,40,3000000,1000000,129317,3.31582051e-3,1.29317000e-1,-0.038750,-0.030839,-4362.357500,3,weakly_unstable,0,1,106.43
0.470000,0.935960,40,3000000,1000000,98577,2.52761538e-3,9.85770000e-2,-0.680000,-0.559111,-1271.850000,1,metastable,1,1,103.61
0.530000,0.995650,40,3000000,1000000,-894910,-2.29464103e-2,-8.94910000e-1,-0.028750,0.015450,-14.272500,1,stable,0,0,68.34
0.510000,0.895710,40,3000000,1000000,107591,2.75874359e-3,1.07591000e-1,-0.091250,-0.048972,-2836.930000,3,weakly_unstable,0,1,97.03
0.450000,0.989820,40,3000000,1000000,-1620912,-4.15618462e-2,-1.62091200e0,-0.028750,0.003679,-36.270000,1,stable,0,0,79.96
0.510000,0.920210,40,3000000,1000000,83237,2.13428205e-3,8.32370000e-2,-0.142500,-0.095658,-1921.805000,3,weakly_unstable,0,1,96.11
0.710000,0.966040,40,3000000,1000000,47560,1.21948718e-3,4.75600000e-2,-0.001250,-0.018107,-343.090000,3,weakly_unstable,0,1,72.44
0.490000,0.999020,40,3000000,1000000,-1417608,-3.63489231e-2,-1.41760800e0,0.012500,0.001655,-3.980000,1,stable,0,0,71.35
0.490000,0.947020,40,3000000,1000000,86050,2.20641026e-3,8.60500000e-2,0.658750,0.654874,-944.430000,1,metastable,1,1,93.33
0.730000,0.991550,40,3000000,1000000,26242,6.72871795e-4,2.62420000e-2,-0.888750,-0.882678,-53.120000,1,metastable,1,1,61.56
0.510000,0.952710,40,3000000,1000000,58585,1.50217949e-3,5.85850000e-2,0.047500,0.326603,-795.550000,3,weakly_unstable,0,1,98.23
0.610000,0.994730,40,3000000,1000000,-362025,-9.28269231e-3,-3.62025000e-1,-0.032500,0.020968,-10.830000,1,stable,0,0,65.29
0.670000,0.981430,40,3000000,1000000,31490,8.07435897e-4,3.14900000e-2,-0.040000,0.096982,-208.750000,3,weakly_unstable,0,1,75.67
0.890000,0.974670,40,3000000,1000000,21490,5.51025641e-4,2.14900000e-2,-0.016250,-0.064201,-136.325000,3,weakly_unstable,0,1,67.82
0.450000,0.728820,40,3000000,1000000,102207,2.62069231e-3,1.02207000e-1,0.071250,-0.004568,-11330.355000,3,weakly_unstable,0,1,115.51
0.490000,0.965020,40,3000000,1000000,-300210,-7.69769231e-3,-3.00210000e-1,0.006250,0.028893,-457.082500,1,stable,0,0,83.77
0.530000,0.996150,40,3000000,1000000,-938559,-2.40656154e-2,-9.38559000e-1,0.041250,0.031675,-7.420000,1,stable,0,0,69.16
0.710000,0.966540,40,3000000,1000000,48186,1.23553846e-3,4.81860000e-2,0.155000,0.058344,-366.642500,3,weakly_unstable,0,1,73.33
0.490000,0.999520,40,3000000,1000000,-1434234,-3.67752308e-2,-1.43423400e0,-0.015000,0.009275,-3.622500,1,stable,0,0,71.81
0.730000,0.992050,40,3000000,1000000,42494,1.08958974e-3,4.24940000e-2,-0.865000,-0.874028,-37.720000,1,metastable,1,1,61.85
0.450000,0.990320,40,3000000,1000000,-1655570,-4.24505128e-2,-1.65557000e0,-0.027500,-0.000608,-32.135000,1,stable,0,0,80.03
0.470000,0.864460,40,3000000,1000000,130559,3.34766667e-3,1.30559000e-1,0.005000,0.037144,-4326.612500,3,weakly_unstable,0,1,109.79
0.470000,0.936460,40,3000000,1000000,118164,3.02984615e-3,1.18164000e-1,0.170000,-0.295104,-1134.480000,1,weakly_unstable,0,1,108.75
0.510000,0.896210,40,3000000,1000000,82068,2.10430769e-3,8.20680000e-2,-0.128750,-0.051487,-2854.737500,3,weakly_unstable,0,1,95.93
0.610000,0.995230,40,3000000,1000000,-425927,-1.09212051e-2,-4.25927000e-1,0.008750,-0.000768,-12.487500,1,stable,0,0,65.29
0.890000,0.975170,40,3000000,1000000,16687,4.27871795e-4,1.66870000e-2,-0.051250,-0.072465,-140.197500,3,weakly_unstable,0,1,67.59
0.510000,0.920710,40,3000000,1000000,85071,2.18130769e-3,8.50710000e-2,-0.076250,-0.027164,-1966.900000,3,weakly_unstable,0,1,97.14
0.670000,0.981930,40,3000000,1000000,27171,6.96692308e-4,2.71710000e-2,-0.111250,-0.094347,-197.562500,3,weakly_unstable,0,1,75.80
0.490000,0.947520,40,3000000,1000000,101274,2.59676923e-3,1.01274000e-1,0.648750,0.590608,-824.150000,1,metastable,1,1,94.14
0.510000,0.953210,40,3000000,1000000,100152,2.56800000e-3,1.00152000e-1,0.667500,0.708980,-713.522500,1,metastable,1,1,86.94
0.490000,0.965520,40,3000000,1000000,-387279,-9.93023077e-3,-3.87279000e-1,-0.010000,0.000299,-380.317500,1,stable,0,0,82.58
0.530000,0.996650,40,3000000,1000000,-927340,-2.37779487e-2,-9.27340000e-1,0.028750,0.028380,-6.090000,1,stable,0,0,68.50
0.730000,0.992550,40,3000000,1000000,2623,6.72564103e-5,2.62300000e-3,0.841250,0.852472,-24.582500,1,metastable,1,1,61.62
1.030000,0.991940,40,3000000,1000000,7006,1.79641026e-4,7.00600000e-3,0.090000,0.090834,-33.187500,3,weakly_unstable,0,1,68.81
0.710000,0.967040,40,3000000,1000000,46651,1.19617949e-3,4.66510000e-2,-0.043750,-0.054837,-415.702500,3,weakly_unstable,0,1,73.18
0.610000,0.995730,40,3000000,1000000,-360802,-9.25133333e-3,-3.60802000e-1,0.020000,0.076320,-6.897500,1,stable,0,0,66.04
0.450000,0.729320,40,3000000,1000000,104754,2.68600000e-3,1.04754000e-1,-0.046250,0.082317,-11137.565000,3,weakly_unstable,0,1,117.81
0.450000,0.990820,40,3000000,1000000,-1707097,-4.37717179e-2,-1.70709700e0,-0.035000,-0.000725,-31.550000,1,stable,0,0,79.57
0.890000,0.975670,40,3000000,1000000,20966,5.37589744e-4,2.09660000e-2,0.016250,0.000376,-155.635000,3,weakly_unstable,0,1,67.41
0.670000,0.982430,40,3000000,1000000,24180,6.20000000e-4,2.41800000e-2,-0.105000,0.030208,-211.860000,3,weakly_unstable,0,1,76.50
0.470000,0.936960,40,3000000,1000000,64671,1.65823077e-3,6.46710000e-2,-0.485000,-0.586551,-1055.370000,1,metastable,1,1,100.25
0.510000,0.896710,40,3000000,1000000,95249,2.44228205e-3,9.52490000e-2,-0.026250,0.058650,-2792.580000,3,weakly_unstable,0,1,95.91
0.470000,0.864960,40,3000000,1000000,131490,3.37153846e-3,1.31490000e-1,-0.068750,-0.019755,-4267.867500,3,weakly_unstable,0,1,108.04
0.510000,0.921210,40,3000000,1000000,80758,2.07071795e-3,8.07580000e-2,-0.028750,0.031667,-1887.097500,3,weakly_unstable,0,1,96.25
0.490000,0.948020,40,3000000,1000000,76477,1.96094872e-3,7.64770000e-2,-0.260000,-0.559161,-880.955000,1,metastable,1,1,91.49
0.530000,0.997150,40,3000000,1000000,-941386,-2.41381026e-2,-9.41386000e-1,0.031250,0.002389,-7.422500,1,stable,0,0,68.27
0.510000,0.953710,40,3000000,1000000,95560,2.45025641e-3,9.55600000e-2,-0.707500,-0.706756,-700.357500,1,metastable,1,1,87.63
0.730000,0.993050,40,3000000,1000000,4982,1.27743590e-4,4.98200000e-3,0.826250,0.821627,-15.060000,1,metastable,1,1,61.81
0.490000,0.966020,40,3000000,1000000,-265999,-6.82048718e-3,-2.65999000e-1,-0.051250,-0.029080,-381.772500,1,stable,0,0,84.87
1.030000,0.992440,40,3000000,1000000,6865,1.76025641e-4,6.86500000e-3,0.005000,-0.002566,-20.550000,3,weakly_unstable,0,1,67.80
0.610000,0.996230,40,3000000,1000000,-415451,-1.06525897e-2,-4.15451000e-1,0.050000,0.019738,-6.682500,1,stable,0,0,65.47
0.710000,0.967540,40,3000000,1000000,45344,1.16266667e-3,4.53440000e-2,-0.066250,-0.008772,-371.792500,3,weakly_unstable,0,1,73.36
0.890000,0.976170,40,3000000,1000000,19494,4.99846154e-4,1.94940000e-2,-0.068750,-0.027883,-171.055000,3,weakly_unstable,0,1,67.09
0.450000,0.991320,40,3000000,1000000,-1730214,-4.43644615e-2,-1.73021400e0,-0.001250,0.020352,-34.402500,1,stable,0,0,80.29
0.670000,0.982930,40,3000000,1000000,24444,6.26769231e-4,2.44440000e-2,-0.147500,-0.073260,-137.502500,3,weakly_unstable,0,1,69.65
0.730000,0.993550,40,3000000,1000000,11901,3.05153846e-4,1.19010000e-2,-0.827500,-0.830882,-24.205000,1,metastable,1,1,61.94
0.530000,0.997650,40,3000000,1000000,-975476,-2.50122051e-2,-9.75476000e-1,-0.035000,-0.012763,-4.935000,1,stable,0,0,68.20
0.450000,0.729820,40,3000000,1000000,99346,2.54733333e-3,9.93460000e-2,-0.072500,0.009376,-11415.272500,3,weakly_unstable,0,1,116.07
0.510000,0.897210,40,3000000,1000000,92497,2.37171795e-3,9.24970000e-2,-0.093750,-0.070285,-2980.660000,3,weakly_unstable,0,1,94.59
1.030000,0.992940,40,3000000,1000000,6778,1.73794872e-4,6.77800000e-3,0.045000,0.019933,-31.292500,3,weakly_unstable,0,1,68.37
0.470000,0.937460,40,3000000,1000000,87286,2.23810256e-3,8.72860000e-2,0.592500,0.611177,-1210.455000,1,metastable,1,1,100.31
0.610000,0.996730,40,3000000,1000000,-453684,-1.16329231e-2,-4.53684000e-1,0.015000,0.011131,-9.187500,1,stable,0,0,64.26
0.510000,0.954210,40,3000000,1000000,83683,2.14571795e-3,8.36830000e-2,-0.737500,-0.620621,-670.690000,1,metastable,1,1,89.64
0.490000,0.948520,40,3000000,1000000,82485,2.11500000e-3,8.24850000e-2,-0.532500,-0.606256,-832.425000,1,metastable,1,1,91.96
0.510000,0.921710,40,3000000,1000000,90368,2.31712821e-3,9.03680000e-2,0.121250,0.049569,-1866.402500,3,weakly_unstable,0,1,96.41
0.490000,0.966520,40,3000000,1000000,-359175,-9.20961538e-3,-3.59175000e-1,0.018750,0.013835,-373.072500,1,stable,0,0,82.63
0.470000,0.865460,40,3000000,1000000,125747,3.22428205e-3,1.25747000e-1,-0.078750,-0.073371,-4224.472500,3,weakly_unstable,0,1,106.31
0.710000,0.968040,40,3000000,1000000,43713,1.12084615e-3,4.37130000e-2,-0.037500,-0.040411,-368.885000,3,weakly_unstable,0,1,72.32
0.890000,0.976670,40,3000000,1000000,21817,5.59410256e-4,2.18170000e-2,-0.157500,-0.061902,-141.692500,3,weakly_unstable,0,1,66.66
0.450000,0.991820,40,3000000,1000000,-1737851,-4.45602821e-2,-1.73785100e0,-0.015000,-0.001473,-27.665000,1,stable,0,0,79.39
0.670000,0.983430,40,3000000,1000000,25296,6.48615385e-4,2.52960000e-2,-0.131250,-0.022963,-204.735000,3,weakly_unstable,0,1,74.99
0.730000,0.994050,40,3000000,1000000,-39171,-1.00438462e-3,-3.91710000e-2,-0.323750,-0.402785,-18.435000,1,chaotic,0,0,61.63
0.530000,0.998150,40,3000000,1000000,-989699,-2.53768974e-2,-9.89699000e-1,-0.027500,0.014056,-4.172500,1,stable,0,0,67.58
0.610000,0.997230,40,3000000,1000000,-442843,-1.13549487e-2,-4.42843000e-1,0.016250,0.043200,-10.430000,1,stable,0,0,64.52
1.030000,0.993440,40,3000000,1000000,6740,1.72820513e-4,6.74000000e-3,0.007500,0.005830,-22.567500,3,weakly_unstable,0,1,67.83
0.890000,0.977170,40,3000000,1000000,21573,5.53153846e-4,2.15730000e-2,-0.033750,-0.009082,-137.330000,3,weakly_unstable,0,1,68.11
0.710000,0.968540,40,3000000,1000000,45237,1.15992308e-3,4.52370000e-2,-0.012500,0.008819,-335.212500,3,weakly_unstable,0,1,72.51
0.510000,0.897710,40,3000000,1000000,108641,2.78566667e-3,1.08641000e-1,0.138750,0.100029,-2876.682500,3,weakly_unstable,0,1,95.24
0.490000,0.967020,40,3000000,1000000,-388366,-9.95810256e-3,-3.88366000e-1,-0.067500,0.020518,-360.935000,1,stable,0,0,84.39
0.490000,0.949020,40,3000000,1000000,72092,1.84851282e-3,7.20920000e-2,-0.595000,-0.603195,-846.727500,1,metastable,1,1,91.61
0.510000,0.954710,40,3000000,1000000,85915,2.20294872e-3,8.59150000e-2,-0.503750,-0.278162,-624.235000,1,weakly_unstable,0,1,93.74
0.470000,0.937960,40,3000000,1000000,47653,1.22187179e-3,4.76530000e-2,-0.407500,-0.547484,-1110.592500,1,metastable,1,1,100.58
0.510000,0.922210,40,3000000,1000000,94574,2.42497436e-3,9.45740000e-2,-0.066250,0.121109,-1919.582500,3,weakly_unstable,0,1,96.45
0.730000,0.994550,40,3000000,1000000,-34612,-8.87487179e-4,-3.46120000e-2,0.505000,0.511239,-14.782500,1,chaotic,0,0,62.01
0.450000,0.730320,40,3000000,1000000,106483,2.73033333e-3,1.06483000e-1,0.207500,0.086685,-11212.992500,3,weakly_unstable,0,1,117.23
0.670000,0.983930,40,3000000,1000000,17361,4.45153846e-4,1.73610000e-2,0.231250,0.242295,-182.557500,3,weakly_unstable,0,1,75.34
0.450000,0.992320,40,3000000,1000000,-1768448,-4.53448205e-2,-1.76844800e0,0.017500,0.010295,-42.787500,1,stable,0,0,79.16
0.530000,0.998650,40,3000000,1000000,-995224,-2.55185641e-2,-9.95224000e-1,0.023750,0.003247,-4.457500,1,stable,0,0,68.20
0.470000,0.865960,40,3000000,1000000,132389,3.39458974e-3,1.32389000e-1,-0.012500,0.041379,-4471.052500,3,weakly_unstable,0,1,107.77
0.610000,0.997730,40,3000000,1000000,-480844,-1.23293333e-2,-4.80844000e-1,-0.041250,-0.035057,-13.195000,1,stable,0,0,63.65
1.030000,0.993940,40,3000000,1000000,7020,1.80000000e-4,7.02000000e-3,-0.072500,-0.037204,-16.395000,3,weakly_unstable,0,1,65.52
0.890000,0.977670,40,3000000,1000000,22234,5.70102564e-4,2.22340000e-2,-0.003750,0.019816,-128.280000,3,weakly_unstable,0,1,67.50
0.710000,0.969040,40,3000000,1000000,44003,1.12828205e-3,4.40030000e-2,0.042500,0.057030,-333.792500,3,weakly_unstable,0,1,71.37
0.730000,0.995050,40,3000000,1000000,-62469,-1.60176923e-3,-6.24690000e-2,-0.503750,-0.592218,-4.632500,1,chaotic,0,0,61.22
0.490000,0.967520,40,3000000,1000000,-414438,-1.06266154e-2,-4.14438000e-1,-0.093750,-0.090792,-338.425000,1,stable,0,0,81.38
0.510000,0.955210,40,3000000,1000000,107439,2.75484615e-3,1.07439000e-1,0.693750,0.699829,-676.822500,1,metastable,1,1,86.17
0.530000,0.999150,40,3000000,1000000,-1023075,-2.62326923e-2,-1.02307500e0,-0.063750,-0.025626,-3.407500,1,stable,0,0,67.88
0.490000,0.949520,40,3000000,1000000,22176,5.68615385e-4,2.21760000e-2,0.588750,0.576263,-760.372500,1,metastable,1,1,89.21
0.510000,0.898210,40,3000000,1000000,98457,2.52453846e-3,9.84570000e-2,0.013750,0.001403,-2911.160000,3,weakly_unstable,0,1,95.33
0.670000,0.984430,40,3000000,1000000,19621,5.03102564e-4,1.96210000e-2,0.043750,0.279718,-151.387500,3,weakly_unstable,0,1,76.32
0.450000,0.992820,40,3000000,1000000,-1728905,-4.43308974e-2,-1.72890500e0,0.030000,0.014573,-29.912500,1,stable,0,0,78.70
0.610000,0.998230,40,3000000,1000000,-500085,-1.28226923e-2,-5.00085000e-1,0.006250,0.026753,-0.117500,1,stable,0,0,63.28
0.510000,0.922710,40,3000000,1000000,85973,2.20443590e-3,8.59730000e-2,0.048750,-0.006774,-1978.237500,3,weakly_unstable,0,1,95.31
1.030000,0.994440,40,3000000,1000000,5730,1.46923077e-4,5.73000000e-3,-0.123750,-0.141291,-2.702500,3,weakly_unstable,0,1,65.95
0.470000,0.938460,40,3000000,1000000,66347,1.70120513e-3,6.63470000e-2,-0.487500,-0.508376,-1130.325000,1,metastable,1,1,100.70
0.890000,0.978170,40,3000000,1000000,22489,5.76641026e-4,2.24890000e-2,-0.055000,-0.030947,-143.250000,3,weakly_unstable,0,1,67.72
0.450000,0.730820,40,3000000,1000000,115342,2.95748718e-3,1.15342000e-1,0.250000,-0.097959,-11336.902500,3,weakly_unstable,0,1,117.89
0.730000,0.995550,40,3000000,1000000,-77708,-1.99251282e-3,-7.77080000e-2,-0.336250,-0.212682,-8.570000,1,stable,0,0,60.79
0.470000,0.866460,40,3000000,1000000,137582,3.52774359e-3,1.37582000e-1,0.200000,-0.016431,-4331.560000,3,weakly_unstable,0,1,107.84
0.710000,0.969540,40,3000000,1000000,49382,1.26620513e-3,4.93820000e-2,0.132500,0.023208,-321.402500,3,weakly_unstable,0,1,71.16
0.530000,0.999650,40,3000000,1000000,-1042591,-2.67331026e-2,-1.04259100e0,-0.010000,-0.012244,-2.762500,1,stable,0,0,67.63
0.610000,0.998730,40,3000000,1000000,-499866,-1.28170769e-2,-4.99866000e-1,0.001250,-0.002168,-2.837500,1,stable,0,0,63.46
0.490000,0.968020,40,3000000,1000000,-386560,-9.91179487e-3,-3.86560000e-1,0.050000,-0.009236,-340.822500,1,stable,0,0,83.04
1.030000,0.994940,40,3000000,1000000,6327,1.62230769e-4,6.32700000e-3,-0.088750,-0.091524,-3.382500,3,weakly_unstable,0,1,65.83
0.670000,0.984930,40,3000000,1000000,21420,5.49230769e-4,2.14200000e-2,0.023750,-0.042113,-142.890000,3,weakly_unstable,0,1,75.66
0.510000,0.955710,40,3000000,1000000,79984,2.05087179e-3,7.99840000e-2,0.722500,0.620077,-586.075000,1,metastable,1,1,86.37
0.450000,0.993320,40,3000000,1000000,-1769155,-4.53629487e-2,-1.76915500e0,-0.015000,-0.025820,-23.417500,1,stable,0,0,79.58
0.490000,0.950020,40,3000000,1000000,61500,1.57692308e-3,6.15000000e-2,0.421250,0.465954,-749.157500,1,metastable,1,1,90.00
0.510000,0.898710,40,3000000,1000000,101328,2.59815385e-3,1.01328000e-1,0.083750,-0.011595,-2767.765000,3,weakly_unstable,0,1,95.09
0.890000,0.978670,40,3000000,1000000,20729,5.31512821e-4,2.07290000e-2,-0.043750,-0.073529,-163.185000,3,weakly_unstable,0,1,68.01
0.730000,0.996050,40,3000000,1000000,-82021,-2.10310256e-3,-8.20210000e-2,0.005000,-0.076384,-0.427500,1,stable,0,0,60.48
0.510000,0.923210,40,3000000,1000000,82775,2.12243590e-3,8.27750000e-2,0.097500,0.050365,-1825.572500,3,weakly_unstable,0,1,95.79
0.710000,0.970040,40,3000000,1000000,50636,1.29835897e-3,5.06360000e-2,0.118750,0.090539,-332.277500,3,weakly_unstable,0,1,71.56
0.470000,0.938960,40,3000000,1000000,68064,1.74523077e-3,6.80640000e-2,-0.491250,-0.411234,-1113.615000,1,metastable,1,1,99.48
0.610000,0.999230,40,3000000,1000000,-519083,-1.33098205e-2,-5.19083000e-1,0.022500,0.019250,-2.467500,1,stable,0,0,62.90
0.530000,1.000000,40,3000000,1000000,-1049378,-2.69071282e-2,-1.04937800e0,-0.025000,0.002797,-2.505000,1,stable,0,0,67.92
1.030000,0.995440,40,3000000,1000000,4985,1.27820513e-4,4.98500000e-3,-0.022500,-0.021226,-19.162500,3,weakly_unstable,0,1,65.34
0.470000,0.866960,40,3000000,1000000,131085,3.36115385e-3,1.31085000e-1,-0.012500,0.029654,-4201.237500,3,weakly_unstable,0,1,106.77
0.490000,0.968520,40,3000000,1000000,-423798,-1.08666154e-2,-4.23798000e-1,-0.113750,-0.114704,-299.645000,1,stable,0,0,81.95
0.670000,0.985430,40,3000000,1000000,23436,6.00923077e-4,2.34360000e-2,0.076250,0.141210,-166.695000,3,weakly_unstable,0,1,76.63
0.450000,0.731320,40,3000000,1000000,111986,2.87143590e-3,1.11986000e-1,-0.210000,-0.076993,-11155.870000,3,weakly_unstable,0,1,116.64
0.730000,0.996550,40,3000000,1000000,-88465,-2.26833333e-3,-8.84650000e-2,0.012500,0.032301,0.165000,1,stable,0,0,61.49
0.450000,0.993820,40,3000000,1000000,-1797401,-4.60872051e-2,-1.79740100e0,0.010000,-0.001996,-29.020000,1,stable,0,0,78.97
0.890000,0.979170,40,3000000,1000000,18801,4.82076923e-4,1.88010000e-2,0.061250,0.039842,-154.510000,3,weakly_unstable,0,1,67.19
0.510000,0.956210,40,3000000,1000000,46327,1.18787179e-3,4.63270000e-2,0.723750,0.695411,-681.575000,1,metastable,1,1,84.70
0.490000,0.950520,40,3000000,1000000,69133,1.77264103e-3,6.91330000e-2,-0.670000,-0.614180,-803.737500,1,metastable,1,1,89.23
0.710000,0.970540,40,3000000,1000000,38804,9.94974359e-4,3.88040000e-2,-0.006250,0.031486,-322.265000,3,weakly_unstable,0,1,72.14
0.510000,0.899210,40,3000000,1000000,92074,2.36087179e-3,9.20740000e-2,-0.046250,-0.015796,-2803.435000,3,weakly_unstable,0,1,94.63
0.610000,0.999730,40,3000000,1000000,-546994,-1.40254872e-2,-5.46994000e-1,0.031250,0.011574,-2.167500,1,stable,0,0,62.65
0.510000,0.923710,40,3000000,1000000,100342,2.57287179e-3,1.00342000e-1,0.143750,0.005781,-1833.380000,3,weakly_unstable,0,1,96.20
1.030000,0.995940,40,3000000,1000000,6207,1.59153846e-4,6.20700000e-3,0.001250,0.023856,-15.432500,3,weakly_unstable,0,1,65.64
0.470000,0.939460,40,3000000,1000000,855,2.19230769e-5,8.55000000e-4,-0.535000,-0.493160,-1111.797500,1,metastable,1,1,96.75
0.670000,0.985930,40,3000000,1000000,63818,1.63635897e-3,6.38180000e-2,-0.870000,-0.859767,-85.917500,1,metastable,1,1,64.46
0.550000,0.923940,40,3000000,1000000,77091,1.97669231e-3,7.70910000e-2,0.141250,0.052154,-1803.510000,3,weakly_unstable,0,1,87.03
0.730000,0.997050,40,3000000,1000000,-105293,-2.69982051e-3,-1.05293000e-1,-0.143750,-0.136967,-2.972500,1,stable,0,0,61.46
0.890000,0.979670,40,3000000,1000000,23388,5.99692308e-4,2.33880000e-2,0.041250,0.029504,-105.760000,3,weakly_unstable,0,1,67.94
0.490000,0.969020,40,3000000,1000000,-410426,-1.05237436e-2,-4.10426000e-1,-0.120000,-0.030854,-344.270000,1,stable,0,0,83.42
0.450000,0.994320,40,3000000,1000000,-1814826,-4.65340000e-2,-1.81482600e0,0.020000,0.003031,-22.562500,1,stable,0,0,77.85
0.510000,0.956710,40,3000000,1000000,51553,1.32187179e-3,5.15530000e-2,-0.651250,-0.673943,-544.830000,1,metastable,1,1,84.24
0.470000,0.867460,40,3000000,1000000,127774,3.27625641e-3,1.27774000e-1,-0.190000,-0.074046,-4208.945000,3,weakly_unstable,0,1,106.86
0.710000,0.971040,40,3000000,1000000,41102,1.05389744e-3,4.11020000e-2,0.102500,-0.017003,-310.625000,3,weakly_unstable,0,1,72.29
0.610000,1.000000,40,3000000,1000000,-548932,-1.40751795e-2,-5.48932000e-1,-0.023750,-0.016854,-2.107500,1,stable,0,0,62.31
0.490000,0.951020,40,3000000,1000000,12610,3.23333333e-4,1.26100000e-2,-0.518750,-0.468875,-728.185000,1,metastable,1,1,89.81
0.450000,0.731820,40,3000000,1000000,108038,2.77020513e-3,1.08038000e-1,-0.058750,0.017941,-11034.377500,3,weakly_unstable,0,1,117.40
1.030000,0.996440,40,3000000,1000000,5044,1.29333333e-4,5.04400000e-3,0.145000,0.132738,-8.670000,3,weakly_unstable,0,1,64.73
0.730000,0.997550,40,3000000,1000000,-85759,-2.19894872e-3,-8.57590000e-2,-0.001250,0.000265,-2.027500,1,stable,0,0,60.93
0.670000,0.986430,40,3000000,1000000,56370,1.44538462e-3,5.63700000e-2,0.857500,0.849325,-101.182500,1,metastable,1,1,65.68
0.510000,0.899710,40,3000000,1000000,85144,2.18317949e-3,8.51440000e-2,0.007500,0.039991,-2844.972500,3,weakly_unstable,0,1,97.90
0.510000,0.924210,40,3000000,1000000,85008,2.17969231e-3,8.50080000e-2,0.213750,0.037489,-1814.785000,3,weakly_unstable,0,1,94.61
0.890000,0.980170,40,3000000,1000000,18610,4.77179487e-4,1.86100000e-2,-0.023750,-0.068033,-106.287500,3,weakly_unstable,0,1,67.00
0.550000,0.924440,40,3000000,1000000,66747,1.71146154e-3,6.67470000e-2,0.067500,0.106480,-1834.665000,3,weakly_unstable,0,1,86.58
0.470000,0.939960,40,3000000,1000000,40884,1.04830769e-3,4.08840000e-2,0.443750,0.315274,-1034.500000,1,weakly_unstable,0,1,97.71
0.490000,0.969520,40,3000000,1000000,-452030,-1.15905128e-2,-4.52030000e-1,0.040000,-0.023139,-298.300000,1,stable,0,0,80.78
0.450000,0.994820,40,3000000,1000000,-1773653,-4.54782821e-2,-1.77365300e0,-0.021250,0.005442,-18.670000,1,stable,0,0,78.59
0.710000,0.971540,40,3000000,1000000,39737,1.01889744e-3,3.97370000e-2,0.106250,0.072305,-338.772500,3,weakly_unstable,0,1,72.62
0.630000,0.950630,40,3000000,1000000,47451,1.21669231e-3,4.74510000e-2,0.090000,0.022427,-807.392500,3,weakly_unstable,0,1,76.95
0.510000,0.957210,40,3000000,1000000,42207,1.08223077e-3,4.22070000e-2,-0.720000,-0.696482,-584.445000,1,metastable,1,1,84.02
1.030000,0.996940,40,3000000,1000000,4633,1.18794872e-4,4.63300000e-3,0.120000,0.123986,-2.860000,3,weakly_unstable,0,1,64.05
0.730000,0.998050,40,3000000,1000000,-149635,-3.83679487e-3,-1.49635000e-1,-0.145000,-0.152767,-5.325000,1,stable,0,0,60.26
0.670000,0.986930,40,3000000,1000000,75171,1.92746154e-3,7.51710000e-2,-0.858750,-0.839093,-74.695000,1,metastable,1,1,65.25
0.490000,0.951520,40,3000000,1000000,44049,1.12946154e-3,4.40490000e-2,-0.665000,-0.669750,-747.727500,1,metastable,1,1,89.87
0.470000,0.867960,40,3000000,1000000,137733,3.53161538e-3,1.37733000e-1,-0.031250,0.000855,-4176.622500,3,weakly_unstable,0,1,108.72
0.890000,0.980670,40,3000000,1000000,20922,5.36461538e-4,2.09220000e-2,0.118750,0.125798,-89.730000,3,weakly_unstable,0,1,68.00
0.510000,0.900210,40,3000000,1000000,107193,2.74853846e-3,1.07193000e-1,-0.027500,-0.005004,-2805.287500,3,weakly_unstable,0,1,96.56
0.450000,0.732320,40,3000000,1000000,101073,2.59161538e-3,1.01073000e-1,0.012500,0.007435,-11158.025000,3,weakly_unstable,0,1,118.04
0.510000,0.924710,40,3000000,1000000,73536,1.88553846e-3,7.35360000e-2,-0.125000,-0.058001,-1716.600000,3,weakly_unstable,0,1,95.10
0.550000,0.924940,40,3000000,1000000,71713,1.83879487e-3,7.17130000e-2,0.038750,0.096411,-1813.342500,3,weakly_unstable,0,1,87.08
0.450000,0.995320,40,3000000,1000000,-1820569,-4.66812564e-2,-1.82056900e0,0.003750,0.003319,-22.835000,1,stable,0,0,77.30
0.490000,0.970020,40,3000000,1000000,-512213,-1.31336667e-2,-5.12213000e-1,-0.158750,-0.072210,-265.430000,1,stable,0,0,82.20
0.710000,0.972040,40,3000000,1000000,40700,1.04358974e-3,4.07000000e-2,-0.062500,0.076958,-293.695000,3,weakly_unstable,0,1,72.98
1.030000,0.997440,40,3000000,1000000,4417,1.13256410e-4,4.41700000e-3,0.075000,0.049835,-3.597500,3,weakly_unstable,0,1,65.39
0.730000,0.998550,40,3000000,1000000,-168350,-4.31666667e-3,-1.68350000e-1,0.130000,0.142568,-2.135000,1,stable,0,0,60.75
0.470000,0.940460,40,3000000,1000000,94058,2.41174359e-3,9.40580000e-2,-0.565000,-0.485310,-1128.392500,1,metastable,1,1,101.17
0.630000,0.951130,40,3000000,1000000,48453,1.24238462e-3,4.84530000e-2,-0.078750,0.045041,-825.572500,3,weakly_unstable,0,1,76.81
0.670000,0.987430,40,3000000,1000000,71208,1.82584615e-3,7.12080000e-2,0.833750,0.849238,-68.355000,1,metastable,1,1,65.58
0.510000,0.957710,40,3000000,1000000,24369,6.24846154e-4,2.43690000e-2,-0.585000,-0.630675,-553.930000,1,metastable,1,1,84.94
0.890000,0.981170,40,3000000,1000000,19063,4.88794872e-4,1.90630000e-2,0.086250,0.089098,-81.270000,3,weakly_unstable,0,1,68.42
0.510000,0.932710,40,3000000,1000000,83098,2.13071795e-3,8.30980000e-2,0.210000,0.047952,-1561.592500,3,weakly_unstable,0,1,96.59
0.730000,0.999050,40,3000000,1000000,-151733,-3.89058974e-3,-1.51733000e-1,-0.006250,-0.047473,-2.105000,1,stable,0,0,60.28
1.030000,0.997940,40,3000000,1000000,4264,1.09333333e-4,4.26400000e-3,0.046250,0.027438,-5.212500,3,weakly_unstable,0,1,65.22
0.470000,0.868460,40,3000000,1000000,138093,3.54084615e-3,1.38093000e-1,-0.122500,-0.005100,-4276.932500,3,weakly_unstable,0,1,107.22
0.710000,0.972540,40,3000000,1000000,44350,1.13717949e-3,4.43500000e-2,-0.136250,-0.110456,-293.667500,3,weakly_unstable,0,1,72.42
0.450000,0.995820,40,3000000,1000000,-1853329,-4.75212564e-2,-1.85332900e0,0.026250,-0.005325,-11.690000,1,stable,0,0,77.74
0.510000,0.900710,40,3000000,1000000,92344,2.36779487e-3,9.23440000e-2,-0.150000,-0.053995,-2841.165000,3,weakly_unstable,0,1,96.49
0.670000,0.987930,40,3000000,1000000,35754,9.16769231e-4,3.57540000e-2,0.812500,0.842928,-103.092500,1,metastable,1,1,65.20
0.550000,0.925440,40,3000000,1000000,71439,1.83176923e-3,7.14390000e-2,0.007500,-0.064266,-1713.895000,3,weakly_unstable,0,1,87.38
0.490000,0.970520,40,3000000,1000000,-450972,-1.15633846e-2,-4.50972000e-1,-0.046250,0.009594,-255.837500,1,stable,0,0,83.78
0.510000,0.925210,40,3000000,1000000,80893,2.07417949e-3,8.08930000e-2,0.217500,-0.069243,-1784.837500,3,weakly_unstable,0,1,96.47
0.630000,0.951630,40,3000000,1000000,64285,1.64833333e-3,6.42850000e-2,0.071250,0.086136,-808.967500,3,weakly_unstable,0,1,78.10
0.890000,0.981670,40,3000000,1000000,16570,4.24871795e-4,1.65700000e-2,-0.036250,0.020902,-93.475000,3,weakly_unstable,0,1,68.25
0.510000,0.958210,40,3000000,1000000,23895,6.12692308e-4,2.38950000e-2,0.557500,0.598690,-554.552500,1,metastable,1,1,84.55
0.450000,0.732820,40,3000000,1000000,99092,2.54082051e-3,9.90920000e-2,0.058750,0.036305,-10983.587500,3,weakly_unstable,0,1,117.47
0.470000,0.940960,40,3000000,1000000,48674,1.24805128e-3,4.86740000e-2,-0.296250,-0.469223,-1050.482500,1,metastable,1,1,98.88
0.730000,0.999550,40,3000000,1000000,-182143,-4.67033333e-3,-1.82143000e-1,0.068750,0.040848,-2.022500,1,stable,0,0,60.23
1.030000,0.998440,40,3000000,1000000,12561,3.22076923e-4,1.25610000e-2,0.941250,0.941766,-2.420000,1,metastable,1,1,57.04
0.670000,0.988430,40,3000000,1000000,27574,7.07025641e-4,2.75740000e-2,0.817500,0.837462,-82.457500,1,metastable,1,1,64.53
0.710000,0.973040,40,3000000,1000000,43051,1.10387179e-3,4.30510000e-2,0.096250,-0.004499,-253.412500,3,weakly_unstable,0,1,72.24
0.510000,0.933210,40,3000000,1000000,55152,1.41415385e-3,5.51520000e-2,-0.065000,-0.013141,-1566.972500,3,weakly_unstable,0,1,97.14
0.450000,0.996320,40,3000000,1000000,-1874405,-4.80616667e-2,-1.87440500e0,0.031250,0.018467,-15.760000,1,stable,0,0,77.93
0.490000,0.971020,40,3000000,1000000,-439599,-1.12717692e-2,-4.39599000e-1,0.003750,0.022023,-235.152500,1,stable,0,0,82.62
0.630000,0.952130,40,3000000,1000000,60348,1.54738462e-3,6.03480000e-2,-0.056250,-0.067937,-836.197500,3,weakly_unstable,0,1,77.52
0.550000,0.925940,40,3000000,1000000,79074,2.02753846e-3,7.90740000e-2,-0.068750,-0.184374,-1747.052500,3,weakly_unstable,0,1,88.31
0.890000,0.982170,40,3000000,1000000,19986,5.12461538e-4,1.99860000e-2,0.115000,0.071243,-93.675000,3,weakly_unstable,0,1,68.09
0.470000,0.868960,40,3000000,1000000,125677,3.22248718e-3,1.25677000e-1,-0.003750,0.016764,-4229.587500,3,weakly_unstable,0,1,106.79
0.510000,0.901210,40,3000000,1000000,94184,2.41497436e-3,9.41840000e-2,0.191250,0.065055,-2721.680000,3,weakly_unstable,0,1,97.21
1.030000,0.998940,40,3000000,1000000,7939,2.03564103e-4,7.93900000e-3,-0.788750,-0.690751,-2.060000,1,metastable,1,1,58.22
0.730000,1.000000,40,3000000,1000000,-205708,-5.27456410e-3,-2.05708000e-1,-0.020000,0.029722,-1.947500,1,stable,0,0,59.38
0.510000,0.925710,40,3000000,1000000,83530,2.14179487e-3,8.35300000e-2,-0.010000,0.007889,-1796.660000,3,weakly_unstable,0,1,96.06
0.510000,0.958710,40,3000000,1000000,62574,1.60446154e-3,6.25740000e-2,0.685000,0.671598,-587.917500,1,metastable,1,1,84.39
0.470000,0.941460,40,3000000,1000000,50721,1.30053846e-3,5.07210000e-2,0.372500,0.150770,-919.055000,1,weakly_unstable,0,1,98.72
0.670000,0.988930,40,3000000,1000000,23078,5.91743590e-4,2.30780000e-2,0.813750,0.804996,-58.252500,1,metastable,1,1,64.59
0.710000,0.973540,40,3000000,1000000,46428,1.19046154e-3,4.64280000e-2,0.107500,0.098602,-290.865000,3,weakly_unstable,0,1,71.25
0.450000,0.733320,40,3000000,1000000,103711,2.65925641e-3,1.03711000e-1,-0.157500,-0.051421,-11102.705000,3,weakly_unstable,0,1,116.79
0.450000,0.996820,40,3000000,1000000,-1921178,-4.92609744e-2,-1.92117800e0,0.005000,-0.001639,-10.382500,1,stable,0,0,75.91
0.890000,0.982670,40,3000000,1000000,20549,5.26897436e-4,2.05490000e-2,0.141250,0.168957,-106.320000,3,weakly_unstable,0,1,65.90
1.030000,0.999440,40,3000000,1000000,-8837,-2.26589744e-4,-8.83700000e-3,0.895000,0.865887,-2.105000,1,chaotic,0,0,57.78
0.630000,0.952630,40,3000000,1000000,48228,1.23661538e-3,4.82280000e-2,-0.070000,0.057615,-781.410000,3,weakly_unstable,0,1,76.78
0.490000,0.971520,40,3000000,1000000,-560260,-1.43656410e-2,-5.60260000e-1,0.097500,0.063824,-280.015000,1,stable,0,0,80.46
0.510000,0.933710,40,3000000,1000000,78236,2.00605128e-3,7.82360000e-2,-0.157500,-0.043993,-1453.937500,3,weakly_unstable,0,1,97.08
0.750000,0.963790,40,3000000,1000000,37789,9.68948718e-4,3.77890000e-2,0.131250,0.145528,-386.537500,3,weakly_unstable,0,1,69.07
0.550000,0.926440,40,3000000,1000000,68993,1.76905128e-3,6.89930000e-2,0.206250,0.138200,-1785.452500,3,weakly_unstable,0,1,88.34
0.510000,0.959210,40,3000000,1000000,44535,1.14192308e-3,4.45350000e-2,0.616250,0.648617,-493.297500,1,metastable,1,1,83.45
0.510000,0.901710,40,3000000,1000000,89246,2.28835897e-3,8.92460000e-2,-0.122500,-0.073868,-2778.877500,3,weakly_unstable,0,1,95.69
0.670000,0.989430,40,3000000,1000000,22410,5.74615385e-4,2.24100000e-2,0.826250,0.781069,-63.757500,1,metastable,1,1,64.57
0.510000,0.926210,40,3000000,1000000,92578,2.37379487e-3,9.25780000e-2,0.013750,-0.113618,-1783.882500,3,weakly_unstable,0,1,94.56
0.470000,0.869460,40,3000000,1000000,133127,3.41351282e-3,1.33127000e-1,0.118750,0.013053,-4191.672500,3,weakly_unstable,0,1,106.65
0.710000,0.974040,40,3000000,1000000,43275,1.10961538e-3,4.32750000e-2,-0.063750,-0.105628,-263.917500,3,weakly_unstable,0,1,71.45
1.030000,0.999940,40,3000000,1000000,-13488,-3.45846154e-4,-1.34880000e-2,-0.016250,-0.007949,-1.940000,1,stable,0,0,56.14
0.890000,0.983170,40,3000000,1000000,17872,4.58256410e-4,1.78720000e-2,-0.002500,0.011540,-83.047500,3,weakly_unstable,0,1,66.60
0.470000,0.941960,40,3000000,1000000,20867,5.35051282e-4,2.08670000e-2,-0.001250,0.086213,-1085.550000,1,weakly_unstable,0,1,97.94
0.450000,0.997320,40,3000000,1000000,-1912689,-4.90433077e-2,-1.91268900e0,0.055000,-0.004840,-5.962500,1,stable,0,0,76.23
0.630000,0.953130,40,3000000,1000000,62459,1.60151282e-3,6.24590000e-2,-0.067500,-0.077119,-679.160000,3,weakly_unstable,0,1,76.96
0.750000,0.964290,40,3000000,1000000,44314,1.13625641e-3,4.43140000e-2,0.140000,0.009456,-383.862500,3,weakly_unstable,0,1,70.23
0.490000,0.972020,40,3000000,1000000,-534051,-1.36936154e-2,-5.34051000e-1,0.093750,0.045662,-276.082500,1,stable,0,0,80.01
0.670000,0.989930,40,3000000,1000000,-759,-1.94615385e-5,-7.59000000e-4,0.812500,0.800973,-54.210000,1,chaotic,0,0,64.42
0.450000,0.733820,40,3000000,1000000,118358,3.03482051e-3,1.18358000e-1,-0.233750,-0.004669,-11137.522500,3,weakly_unstable,0,1,117.23
0.510000,0.934210,40,3000000,1000000,77199,1.97946154e-3,7.71990000e-2,0.040000,0.043873,-1511.487500,3,weakly_unstable,0,1,96.51
0.550000,0.926940,40,3000000,1000000,69806,1.78989744e-3,6.98060000e-2,0.103750,0.000715,-1746.597500,3,weakly_unstable,0,1,87.69
1.030000,1.000000,40,3000000,1000000,-16435,-4.21410256e-4,-1.64350000e-2,0.043750,0.014380,-1.937500,1,stable,0,0,56.91
0.510000,0.959710,40,3000000,1000000,44710,1.14641026e-3,4.47100000e-2,-0.473750,-0.531222,-484.670000,1,metastable,1,1,87.38
0.710000,0.974540,40,3000000,1000000,35496,9.10153846e-4,3.54960000e-2,-0.045000,-0.037260,-245.837500,3,weakly_unstable,0,1,71.00
0.510000,0.902210,40,3000000,1000000,110027,2.82120513e-3,1.10027000e-1,0.070000,-0.105680,-2679.972500,3,weakly_unstable,0,1,96.98
0.890000,0.983670,40,3000000,1000000,19156,4.91179487e-4,1.91560000e-2,-0.065000,-0.061425,-62.440000,3,weakly_unstable,0,1,67.26
0.510000,0.926710,40,3000000,1000000,78052,2.00133333e-3,7.80520000e-2,-0.060000,0.013521,-1630.837500,3,weakly_unstable,0,1,96.68
0.450000,0.997820,40,3000000,1000000,-1914982,-4.91021026e-2,-1.91498200e0,-0.010000,0.000965,-7.230000,1,stable,0,0,76.11
0.470000,0.869960,40,3000000,1000000,114698,2.94097436e-3,1.14698000e-1,-0.096250,0.038514,-4046.490000,3,weakly_unstable,0,1,107.36
0.750000,0.964790,40,3000000,1000000,41078,1.05328205e-3,4.10780000e-2,-0.006250,-0.049976,-338.540000,3,weakly_unstable,0,1,70.04
0.630000,0.953630,40,3000000,1000000,47568,1.21969231e-3,4.75680000e-2,0.010000,-0.049782,-785.840000,3,weakly_unstable,0,1,77.48
0.470000,0.942460,40,3000000,1000000,-21330,-5.46923077e-4,-2.13300000e-2,-0.536250,-0.599774,-964.242500,1,chaotic,0,0,94.46
0.670000,0.990430,40,3000000,1000000,16855,4.32179487e-4,1.68550000e-2,-0.713750,-0.754257,-63.432500,1,metastable,1,1,65.08
0.490000,0.972520,40,3000000,1000000,-503033,-1.28982821e-2,-5.03033000e-1,-0.017500,-0.044383,-260.472500,1,stable,0,0,80.70
1.050000,0.969520,40,3000000,1000000,6774,1.73692308e-4,6.77400000e-3,0.148750,0.150036,-170.992500,3,weakly_unstable,0,1,67.86
0.710000,0.975040,40,3000000,1000000,39830,1.02128205e-3,3.98300000e-2,0.100000,0.020894,-257.245000,3,weakly_unstable,0,1,71.51
0.550000,0.927440,40,3000000,1000000,75687,1.94069231e-3,7.56870000e-2,0.182500,0.084525,-1758.957500,3,weakly_unstable,0,1,88.71
0.890000,0.984170,40,3000000,1000000,19187,4.91974359e-4,1.91870000e-2,-0.005000,0.027634,-60.570000,3,weakly_unstable,0,1,67.78
0.510000,0.934710,40,3000000,1000000,75976,1.94810256e-3,7.59760000e-2,0.087500,0.059833,-1449.140000,3,weakly_unstable,0,1,97.62
0.510000,0.960210,40,3000000,1000000,20626,5.28871795e-4,2.06260000e-2,-0.632500,-0.634023,-533.790000,1,metastable,1,1,85.09
0.450000,0.998320,40,3000000,1000000,-1939053,-4.97193077e-2,-1.93905300e0,-0.002500,0.000635,-7.187500,1,stable,0,0,76.84
0.450000,0.734320,40,3000000,1000000,104105,2.66935897e-3,1.04105000e-1,-0.225000,-0.017932,-11200.200000,3,weakly_unstable,0,1,117.82
0.750000,0.965290,40,3000000,1000000,39339,1.00869231e-3,3.93390000e-2,0.075000,0.013069,-346.035000,3,weakly_unstable,0,1,70.57
0.510000,0.902710,40,3000000,1000000,103284,2.64830769e-3,1.03284000e-1,0.017500,-0.036673,-2611.720000,3,weakly_unstable,0,1,96.48
0.670000,0.990930,40,3000000,1000000,-43355,-1.11166667e-3,-4.33550000e-2,-0.292500,-0.345382,-15.887500,1,stable,0,0,64.83
0.510000,0.927210,40,3000000,1000000,85673,2.19674359e-3,8.56730000e-2,0.035000,-0.001784,-1586.480000,3,weakly_unstable,0,1,96.56
0.630000,0.954130,40,3000000,1000000,56042,1.43697436e-3,5.60420000e-2,-0.015000,-0.029720,-799.522500,3,weakly_unstable,0,1,79.18
0.490000,0.973020,40,3000000,1000000,-523982,-1.34354359e-2,-5.23982000e-1,0.022500,0.045237,-213.205000,1,stable,0,0,83.07
1.050000,0.970020,40,3000000,1000000,8369,2.14589744e-4,8.36900000e-3,0.166250,0.097509,-229.042500,3,weakly_unstable,0,1,68.94
0.470000,0.942960,40,3000000,1000000,-1360,-3.48717949e-5,-1.36000000e-3,-0.406250,-0.484878,-1045.575000,1,chaotic,0,0,97.44
0.470000,0.870460,40,3000000,1000000,141652,3.63210256e-3,1.41652000e-1,-0.182500,0.019527,-4087.995000,3,weakly_unstable,0,1,107.27
0.710000,0.975540,40,3000000,1000000,40932,1.04953846e-3,4.09320000e-2,0.052500,0.094958,-247.560000,3,weakly_unstable,0,1,72.62
0.890000,0.984670,40,3000000,1000000,19076,4.89128205e-4,1.90760000e-2,-0.046250,-0.016697,-65.930000,3,weakly_unstable,0,1,68.37
0.550000,0.927940,40,3000000,1000000,73799,1.89228205e-3,7.37990000e-2,-0.242500,0.017282,-1717.810000,3,weakly_unstable,0,1,88.93
0.510000,0.960710,40,3000000,1000000,-20521,-5.26179487e-4,-2.05210000e-2,-0.567500,-0.478776,-514.925000,1,chaotic,0,0,86.09
0.670000,0.991430,40,3000000,1000000,-27230,-6.98205128e-4,-2.72300000e-2,0.740000,0.757634,-29.865000,1,chaotic,0,0,64.32
0.450000,0.998820,40,3000000,1000000,-1960872,-5.02787692e-2,-1.96087200e0,-0.008750,0.003855,-5.465000,1,stable,0,0,75.85
0.750000,0.965790,40,3000000,1000000,40343,1.03443590e-3,4.03430000e-2,0.041250,-0.070294,-386.042500,3,weakly_unstable,0,1,70.67
0.510000,0.935210,40,3000000,1000000,83910,2.15153846e-3,8.39100000e-2,-0.071250,-0.105020,-1414.185000,3,weakly_unstable,0,1,97.80
0.630000,0.954630,40,3000000,1000000,64640,1.65743590e-3,6.46400000e-2,-0.173750,-0.067882,-707.342500,3,weakly_unstable,0,1,77.55
1.050000,0.970520,40,3000000,1000000,7982,2.04666667e-4,7.98200000e-3,0.016250,-0.013326,-266.295000,3,weakly_unstable,0,1,68.37
0.510000,0.903210,40,3000000,1000000,88936,2.28041026e-3,8.89360000e-2,-0.105000,0.034534,-2687.515000,3,weakly_unstable,0,1,97.26
0.510000,0.927710,40,3000000,1000000,79043,2.02674359e-3,7.90430000e-2,-0.206250,-0.016463,-1694.497500,3,weakly_unstable,0,1,96.70
0.490000,0.973520,40,3000000,1000000,-599482,-1.53713333e-2,-5.99482000e-1,0.050000,0.053106,-250.540000,1,stable,0,0,80.97
0.890000,0.985170,40,3000000,1000000,18886,4.84256410e-4,1.88860000e-2,0.030000,0.017044,-75.415000,3,weakly_unstable,0,1,66.86
0.710000,0.976040,40,3000000,1000000,49348,1.26533333e-3,4.93480000e-2,0.018750,-0.089716,-235.747500,3,weakly_unstable,0,1,72.19
0.450000,0.734820,40,3000000,1000000,106082,2.72005128e-3,1.06082000e-1,0.117500,0.034636,-11061.982500,3,weakly_unstable,0,1,118.05
0.470000,0.943460,40,3000000,1000000,-14059,-3.60487179e-4,-1.40590000e-2,-0.258750,-0.462927,-957.667500,1,chaotic,0,0,96.02
0.670000,0.991930,40,3000000,1000000,-54833,-1.40597436e-3,-5.48330000e-2,0.096250,0.130590,-25.455000,1,stable,0,0,65.03
0.470000,0.870960,40,3000000,1000000,139530,3.57769231e-3,1.39530000e-1,-0.076250,0.004164,-4025.087500,3,weakly_unstable,0,1,107.82
0.750000,0.966290,40,3000000,1000000,39682,1.01748718e-3,3.96820000e-2,-0.058750,-0.052720,-342.517500,3,weakly_unstable,0,1,71.55
0.450000,0.999320,40,3000000,1000000,-1984067,-5.08735128e-2,-1.98406700e0,0.030000,-0.000505,-6.432500,1,stable,0,0,76.25
0.550000,0.928440,40,3000000,1000000,77069,1.97612821e-3,7.70690000e-2,-0.098750,-0.093719,-1635.367500,3,weakly_unstable,0,1,87.67
0.510000,0.961210,40,3000000,1000000,474,1.21538462e-5,4.74000000e-4,-0.176250,-0.376678,-468.782500,1,weakly_unstable,0,1,86.66
1.050000,0.971020,40,3000000,1000000,5914,1.51641026e-4,5.91400000e-3,0.076250,0.069092,-228.547500,3,weakly_unstable,0,1,66.58
0.630000,0.955130,40,3000000,1000000,53874,1.38138462e-3,5.38740000e-2,-0.091250,0.048967,-729.015000,3,weakly_unstable,0,1,78.36
0.510000,0.935710,40,3000000,1000000,88962,2.28107692e-3,8.89620000e-2,-0.050000,-0.002571,-1509.335000,3,weakly_unstable,0,1,96.92
0.890000,0.985670,40,3000000,1000000,19124,4.90358974e-4,1.91240000e-2,-0.045000,0.030972,-74.665000,3,weakly_unstable,0,1,68.78
0.710000,0.976540,40,3000000,1000000,34942,8.95948718e-4,3.49420000e-2,0.251250,0.113913,-264.112500,3,weakly_unstable,0,1,72.29
0.490000,0.974020,40,3000000,1000000,-573075,-1.46942308e-2,-5.73075000e-1,0.005000,0.029534,-225.502500,1,stable,0,0,80.40
0.510000,0.903710,40,3000000,1000000,84888,2.17661538e-3,8.48880000e-2,-0.081250,0.049119,-2664.150000,3,weakly_unstable,0,1,97.27
0.670000,0.992430,40,3000000,1000000,-56455,-1.44756410e-3,-5.64550000e-2,-0.426250,-0.454166,-31.847500,1,chaotic,0,0,64.42
0.510000,0.928210,40,3000000,1000000,85426,2.19041026e-3,8.54260000e-2,-0.125000,-0.017920,-1794.997500,3,weakly_unstable,0,1,97.07
0.750000,0.966790,40,3000000,1000000,36843,9.44692308e-4,3.68430000e-2,-0.057500,-0.065765,-357.610000,3,weakly_unstable,0,1,69.94
0.450000,0.999820,40,3000000,1000000,-2003995,-5.13844872e-2,-2.00399500e0,-0.012500,0.001952,-4.297500,1,stable,0,0,74.82
0.470000,0.943960,40,3000000,1000000,-95957,-2.46043590e-3,-9.59570000e-2,-0.498750,-0.439839,-950.490000,1,chaotic,0,0,93.54
1.050000,0.971520,40,3000000,1000000,7625,1.95512821e-4,7.62500000e-3,0.086250,0.037795,-261.297500,3,weakly_unstable,0,1,66.52
0.450000,0.735320,40,3000000,1000000,110537,2.83428205e-3,1.10537000e-1,0.027500,-0.043735,-11208.382500,3,weakly_unstable,0,1,118.51
0.550000,0.928940,40,3000000,1000000,73520,1.88512821e-3,7.35200000e-2,0.052500,0.039381,-1622.907500,3,weakly_unstable,0,1,87.33
0.510000,0.961710,40,3000000,1000000,-62444,-1.60112821e-3,-6.24440000e-2,0.521250,0.210676,-435.092500,1,stable,0,0,83.23
0.630000,0.955630,40,3000000,1000000,56699,1.45382051e-3,5.66990000e-2,-0.121250,-0.085425,-677.457500,3,weakly_unstable,0,1,78.02
0.890000,0.986170,40,3000000,1000000,18225,4.67307692e-4,1.82250000e-2,0.050000,0.061852,-72.272500,3,weakly_unstable,0,1,67.67
0.470000,0.871460,40,3000000,1000000,131882,3.38158974e-3,1.31882000e-1,0.081250,0.013127,-4025.257500,3,weakly_unstable,0,1,107.13
0.710000,0.977040,40,3000000,1000000,35077,8.99410256e-4,3.50770000e-2,-0.025000,0.006474,-255.472500,3,weakly_unstable,0,1,71.88
0.670000,0.992930,40,3000000,1000000,-61482,-1.57646154e-3,-6.14820000e-2,0.303750,0.296130,-17.832500,1,stable,0,0,64.91
0.490000,0.974520,40,3000000,1000000,-589096,-1.51050256e-2,-5.89096000e-1,-0.058750,-0.079097,-213.885000,1,stable,0,0,79.80
0.510000,0.936210,40,3000000,1000000,75545,1.93705128e-3,7.55450000e-2,-0.067500,0.041879,-1380.947500,3,weakly_unstable,0,1,97.92
0.750000,0.967290,40,3000000,1000000,46991,1.20489744e-3,4.69910000e-2,0.117500,0.034318,-364.790000,3,weakly_unstable,0,1,69.80
0.510000,0.904210,40,3000000,1000000,85695,2.19730769e-3,8.56950000e-2,-0.095000,-0.041576,-2629.007500,3,weakly_unstable,0,1,96.44
1.050000,0.972020,40,3000000,1000000,5234,1.34205128e-4,5.23400000e-3,0.133750,0.113817,-124.760000,3,weakly_unstable,0,1,67.80
0.450000,1.000000,40,3000000,1000000,-1999210,-5.12617949e-2,-1.99921000e0,0.013750,-0.003080,-3.942500,1,stable,0,0,74.98
0.510000,0.928710,40,3000000,1000000,79370,2.03512821e-3,7.93700000e-2,0.161250,0.011918,-1663.955000,3,weakly_unstable,0,1,96.70
0.890000,0.986670,40,3000000,1000000,17107,4.38641026e-4,1.71070000e-2,-0.056250,-0.060165,-51.010000,3,weakly_unstable,0,1,66.34
0.470000,0.944460,40,3000000,1000000,-40949,-1.04997436e-3,-4.09490000e-2,-0.132500,0.008936,-821.750000,1,stable,0,0,94.82
0.510000,0.962210,40,3000000,1000000,-54714,-1.40292308e-3,-5.47140000e-2,0.246250,0.439136,-396.767500,1,chaotic,0,0,83.84
0.550000,0.929440,40,3000000,1000000,64377,1.65069231e-3,6.43770000e-2,0.262500,0.009637,-1712.555000,3,weakly_unstable,0,1,87.40
0.630000,0.956130,40,3000000,1000000,55161,1.41438462e-3,5.51610000e-2,-0.017500,0.004184,-748.105000,3,weakly_unstable,0,1,76.95
0.670000,0.993430,40,3000000,1000000,-114294,-2.93061538e-3,-1.14294000e-1,-0.032500,0.076822,-21.245000,1,stable,0,0,63.34
0.710000,0.977540,40,3000000,1000000,33572,8.60820513e-4,3.35720000e-2,0.080000,-0.032473,-206.127500,3,weakly_unstable,0,1,71.57
0.490000,0.975020,40,3000000,1000000,-604049,-1.54884359e-2,-6.04049000e-1,0.065000,0.066536,-205.125000,1,stable,0,0,80.30
0.450000,0.735820,40,3000000,1000000,111534,2.85984615e-3,1.11534000e-1,-0.086250,-0.056382,-10753.652500,3,weakly_unstable,0,1,116.65
0.750000,0.967790,40,3000000,1000000,39016,1.00041026e-3,3.90160000e-2,-0.011250,-0.004441,-294.797500,3,weakly_unstable,0,1,68.77
0.470000,0.871960,40,3000000,1000000,133845,3.43192308e-3,1.33845000e-1,0.056250,0.001365,-4052.572500,3,weakly_unstable,0,1,109.94
1.050000,0.972520,40,3000000,1000000,7560,1.93846154e-4,7.56000000e-3,-0.106250,-0.111523,-273.912500,3,weakly_unstable,0,1,67.69
0.510000,0.936710,40,3000000,1000000,88858,2.27841026e-3,8.88580000e-2,0.153750,0.041558,-1333.607500,3,weakly_unstable,0,1,96.84
0.890000,0.987170,40,3000000,1000000,20116,5.15794872e-4,2.01160000e-2,0.073750,0.009400,-34.507500,3,weakly_unstable,0,1,66.18
0.670000,0.993930,40,3000000,1000000,-136205,-3.49243590e-3,-1.36205000e-1,0.307500,0.309949,-16.962500,1,stable,0,0,62.73
0.510000,0.904710,40,3000000,1000000,99731,2.55720513e-3,9.97310000e-2,-0.108750,-0.001064,-2671.707500,3,weakly_unstable,0,1,96.52
0.510000,0.929210,40,3000000,1000000,74875,1.91987179e-3,7.48750000e-2,-0.156250,-0.023218,-1659.812500,3,weakly_unstable,0,1,96.10
0.710000,0.978040,40,3000000,1000000,38173,9.78794872e-4,3.81730000e-2,-0.061250,-0.007900,-232.050000,3,weakly_unstable,0,1,71.96
0.470000,0.821960,40,3000000,1000000,134842,3.45748718e-3,1.34842000e-1,0.001250,-0.058133,-6376.790000,3,weakly_unstable,0,1,105.37
0.630000,0.956630,40,3000000,1000000,53884,1.38164103e-3,5.38840000e-2,-0.002500,0.038060,-651.330000,3,weakly_unstable,0,1,77.78
0.510000,0.962710,40,3000000,1000000,-81160,-2.08102564e-3,-8.11600000e-2,0.385000,0.267815,-415.877500,1,stable,0,0,83.97
0.550000,0.929940,40,3000000,1000000,68157,1.74761538e-3,6.81570000e-2,0.070000,0.051285,-1663.217500,3,weakly_unstable,0,1,87.14
0.470000,0.944960,40,3000000,1000000,-15337,-3.93256410e-4,-1.53370000e-2,-0.148750,-0.177402,-963.062500,1,stable,0,0,97.89
0.750000,0.968290,40,3000000,1000000,44674,1.14548718e-3,4.46740000e-2,-0.033750,-0.013526,-306.482500,3,weakly_unstable,0,1,68.66
0.490000,0.975520,40,3000000,1000000,-625095,-1.60280769e-2,-6.25095000e-1,0.041250,0.024309,-193.655000,1,stable,0,0,79.03
1.050000,0.973020,40,3000000,1000000,6576,1.68615385e-4,6.57600000e-3,0.012500,0.039217,-193.025000,3,weakly_unstable,0,1,67.18
0.890000,0.987670,40,3000000,1000000,19960,5.11794872e-4,1.99600000e-2,0.042500,0.070787,-28.145000,3,weakly_unstable,0,1,67.50
0.670000,0.994430,40,3000000,1000000,-208661,-5.35028205e-3,-2.08661000e-1,0.006250,-0.007522,3.070000,1,stable,0,0,62.92
0.510000,0.937210,40,3000000,1000000,75143,1.92674359e-3,7.51430000e-2,0.107500,0.049539,-1345.045000,3,weakly_unstable,0,1,96.97
0.470000,0.872460,40,3000000,1000000,119298,3.05892308e-3,1.19298000e-1,0.008750,-0.009326,-3900.567500,3,weakly_unstable,0,1,107.18
0.450000,0.736320,40,3000000,1000000,101567,2.60428205e-3,1.01567000e-1,-0.040000,0.020217,-11073.260000,3,weakly_unstable,0,1,117.86
0.710000,0.978540,40,3000000,1000000,38906,9.97589744e-4,3.89060000e-2,0.182500,0.097502,-183.032500,3,weakly_unstable,0,1,71.72
0.630000,0.957130,40,3000000,1000000,43654,1.11933333e-3,4.36540000e-2,0.041250,0.057725,-771.520000,3,weakly_unstable,0,1,77.83
0.510000,0.905210,40,3000000,1000000,90067,2.30941026e-3,9.00670000e-2,-0.007500,0.098891,-2448.267500,3,weakly_unstable,0,1,95.78
0.510000,0.963210,40,3000000,1000000,-48910,-1.25410256e-3,-4.89100000e-2,-0.226250,-0.257002,-472.620000,1,stable,0,0,84.35
0.750000,0.968790,40,3000000,1000000,43568,1.11712821e-3,4.35680000e-2,-0.002500,-0.045312,-282.665000,3,weakly_unstable,0,1,71.23
0.510000,0.929710,40,3000000,1000000,80283,2.05853846e-3,8.02830000e-2,0.143750,-0.086966,-1573.445000,3,weakly_unstable,0,1,96.29
0.550000,0.930440,40,3000000,1000000,75683,1.94058974e-3,7.56830000e-2,-0.070000,0.145960,-1639.485000,3,weakly_unstable,0,1,87.20
1.050000,0.973520,40,3000000,1000000,8207,2.10435897e-4,8.20700000e-3,0.056250,0.012659,-160.035000,3,weakly_unstable,0,1,67.18
0.490000,0.976020,40,3000000,1000000,-637161,-1.63374615e-2,-6.37161000e-1,-0.110000,-0.113670,-194.570000,1,stable,0,0,79.29
0.470000,0.945460,40,3000000,1000000,-58005,-1.48730769e-3,-5.80050000e-2,-0.110000,-0.314375,-874.515000,1,stable,0,0,94.30
0.470000,0.822460,40,3000000,1000000,123232,3.15979487e-3,1.23232000e-1,0.011250,-0.003358,-6431.685000,3,weakly_unstable,0,1,109.24
0.890000,0.988170,40,3000000,1000000,18677,4.78897436e-4,1.86770000e-2,-0.013750,-0.036274,-61.255000,3,weakly_unstable,0,1,67.58
0.670000,0.994930,40,3000000,1000000,-145080,-3.72000000e-3,-1.45080000e-1,0.072500,0.013185,-14.682500,1,stable,0,0,63.01
0.710000,0.979040,40,3000000,1000000,32764,8.40102564e-4,3.27640000e-2,0.140000,0.099667,-216.280000,3,weakly_unstable,0,1,71.27
0.630000,0.957630,40,3000000,1000000,49887,1.27915385e-3,4.98870000e-2,0.182500,0.063848,-682.547500,3,weakly_unstable,0,1,77.56
0.510000,0.937710,40,3000000,1000000,78705,2.01807692e-3,7.87050000e-2,-0.140000,0.036491,-1322.492500,3,weakly_unstable,0,1,97.65
0.750000,0.969290,40,3000000,1000000,38154,9.78307692e-4,3.81540000e-2,0.132500,0.076579,-306.347500,3,weakly_unstable,0,1,71.35
1.050000,0.974020,40,3000000,1000000,7216,1.85025641e-4,7.21600000e-3,0.075000,0.069273,-209.395000,3,weakly_unstable,0,1,67.28
0.470000,0.872960,40,3000000,1000000,122228,3.13405128e-3,1.22228000e-1,0.125000,0.004350,-3981.450000,3,weakly_unstable,0,1,106.85
0.510000,0.963710,40,3000000,1000000,-66294,-1.69984615e-3,-6.62940000e-2,0.092500,0.133874,-407.507500,1,stable,0,0,83.79
0.670000,0.995430,40,3000000,1000000,-190391,-4.88182051e-3,-1.90391000e-1,0.318750,0.323426,-4.742500,1,stable,0,0,62.81
0.510000,0.905710,40,3000000,1000000,99963,2.56315385e-3,9.99630000e-2,0.026250,-0.037365,-2517.385000,3,weakly_unstable,0,1,95.72
0.550000,0.930940,40,3000000,1000000,74453,1.90905128e-3,7.44530000e-2,-0.026250,-0.014889,-1484.905000,3,weakly_unstable,0,1,86.14
0.890000,0.988670,40,3000000,1000000,16482,4.22615385e-4,1.64820000e-2,-0.092500,-0.090671,-24.680000,3,weakly_unstable,0,1,67.77
0.450000,0.736820,40,3000000,1000000,121927,3.12633333e-3,1.21927000e-1,0.068750,-0.040191,-10712.002500,3,weakly_unstable,0,1,116.52
0.490000,0.976520,40,3000000,1000000,-613623,-1.57339231e-2,-6.13623000e-1,0.051250,0.040872,-166.132500,1,stable,0,0,80.61
0.510000,0.930210,40,3000000,1000000,65590,1.68179487e-3,6.55900000e-2,0.058750,-0.040330,-1628.907500,3,weakly_unstable,0,1,95.34
0.470000,0.945960,40,3000000,1000000,-49894,-1.27933333e-3,-4.98940000e-2,-0.357500,-0.419466,-853.627500,1,chaotic,0,0,96.80
0.710000,0.979540,40,3000000,1000000,30291,7.76692308e-4,3.02910000e-2,-0.081250,0.140975,-194.372500,3,weakly_unstable,0,1,71.54
0.470000,0.822960,40,3000000,1000000,119146,3.05502564e-3,1.19146000e-1,0.070000,-0.033775,-6290.710000,3,weakly_unstable,0,1,108.42
0.750000,0.969790,40,3000000,1000000,42980,1.10205128e-3,4.29800000e-2,-0.028750,0.049286,-218.732500,3,weakly_unstable,0,1,69.88
1.050000,0.974520,40,3000000,1000000,7940,2.03589744e-4,7.94000000e-3,-0.033750,-0.002788,-208.330000,3,weakly_unstable,0,1,66.76
0.630000,0.958130,40,3000000,1000000,49875,1.27884615e-3,4.98750000e-2,0.103750,-0.098632,-696.642500,3,weakly_unstable,0,1,78.82
0.670000,0.995930,40,3000000,1000000,-204289,-5.23817949e-3,-2.04289000e-1,0.151250,0.137258,-18.287500,1,stable,0,0,63.15
0.890000,0.989170,40,3000000,1000000,16722,4.28769231e-4,1.67220000e-2,-0.037500,-0.039226,-33.822500,3,weakly_unstable,0,1,67.72
0.510000,0.964210,40,3000000,1000000,-145060,-3.71948718e-3,-1.45060000e-1,0.133750,0.319805,-406.040000,1,stable,0,0,82.14
0.510000,0.938210,40,3000000,1000000,69409,1.77971795e-3,6.94090000e-2,-0.032500,0.055889,-1257.390000,3,weakly_unstable,0,1,98.69
0.490000,0.977020,40,3000000,1000000,-631159,-1.61835641e-2,-6.31159000e-1,-0.003750,0.001035,-223.992500,1,stable,0,0,79.15
0.550000,0.931440,40,3000000,1000000,73339,1.88048718e-3,7.33390000e-2,-0.110000,0.007124,-1435.825000,3,weakly_unstable,0,1,87.56
0.510000,0.906210,40,3000000,1000000,100933,2.58802564e-3,1.00933000e-1,0.120000,0.109964,-2543.587500,3,weakly_unstable,0,1,96.56
0.470000,0.873460,40,3000000,1000000,121825,3.12371795e-3,1.21825000e-1,0.041250,-0.019233,-4099.772500,3,weakly_unstable,0,1,108.41
0.510000,0.930710,40,3000000,1000000,82731,2.12130769e-3,8.27310000e-2,0.036250,0.013990,-1541.950000,3,weakly_unstable,0,1,94.90
0.710000,0.980040,40,3000000,1000000,32993,8.45974359e-4,3.29930000e-2,-0.017500,0.038283,-186.272500,3,weakly_unstable,0,1,71.87
1.050000,0.975020,40,3000000,1000000,7917,2.03000000e-4,7.91700000e-3,0.060000,0.031333,-154.810000,3,weakly_unstable,0,1,67.20
0.450000,0.737320,40,3000000,1000000,99867,2.56069231e-3,9.98670000e-2,-0.055000,-0.000205,-11101.840000,3,weakly_unstable,0,1,117.38
0.470000,0.946460,40,3000000,1000000,-47568,-1.21969231e-3,-4.75680000e-2,-0.492500,-0.421985,-856.212500,1,chaotic,0,0,96.46
0.750000,0.970290,40,3000000,1000000,42026,1.07758974e-3,4.20260000e-2,0.001250,-0.093350,-285.002500,3,weakly_unstable,0,1,71.27
0.670000,0.996430,40,3000000,1000000,-201148,-5.15764103e-3,-2.01148000e-1,-0.090000,-0.049034,-11.310000,1,stable,0,0,62.51
0.630000,0.958630,40,3000000,1000000,48250,1.23717949e-3,4.82500000e-2,0.153750,0.116710,-648.235000,3,weakly_unstable,0,1,78.60
0.890000,0.989670,40,3000000,1000000,16564,4.24717949e-4,1.65640000e-2,0.067500,0.055551,-48.410000,3,weakly_unstable,0,1,66.64
0.470000,0.823460,40,3000000,1000000,115093,2.95110256e-3,1.15093000e-1,0.107500,-0.031197,-6258.607500,3,weakly_unstable,0,1,107.83
0.510000,0.964710,40,3000000,1000000,-85573,-2.19417949e-3,-8.55730000e-2,-0.258750,-0.346790,-396.660000,1,stable,0,0,83.04
0.490000,0.977520,40,3000000,1000000,-692692,-1.77613333e-2,-6.92692000e-1,0.016250,-0.007529,-197.662500,1,stable,0,0,79.35
0.510000,0.938710,40,3000000,1000000,78195,2.00500000e-3,7.81950000e-2,-0.098750,0.022078,-1332.017500,3,weakly_unstable,0,1,97.43
0.550000,0.931940,40,3000000,1000000,69956,1.79374359e-3,6.99560000e-2,-0.031250,-0.047058,-1559.542500,3,weakly_unstable,0,1,88.82
0.710000,0.980540,40,3000000,1000000,32178,8.25076923e-4,3.21780000e-2,-0.083750,-0.030318,-179.132500,3,weakly_unstable,0,1,72.57
0.670000,0.996930,40,3000000,1000000,-241571,-6.19412821e-3,-2.41571000e-1,0.075000,0.088453,-5.327500,1,stable,0,0,61.27
1.050000,0.975520,40,3000000,1000000,7503,1.92384615e-4,7.50300000e-3,-0.091250,-0.098097,-139.837500,3,weakly_unstable,0,1,66.92
0.750000,0.970790,40,3000000,1000000,40725,1.04423077e-3,4.07250000e-2,0.037500,0.004680,-249.450000,3,weakly_unstable,0,1,69.26
0.510000,0.906710,40,3000000,1000000,87904,2.25394872e-3,8.79040000e-2,0.001250,-0.006893,-2542.180000,3,weakly_unstable,0,1,95.26
0.510000,0.931210,40,3000000,1000000,80462,2.06312821e-3,8.04620000e-2,0.235000,0.100484,-1519.697500,3,weakly_unstable,0,1,97.28
0.890000,0.990170,40,3000000,1000000,17529,4.49461538e-4,1.75290000e-2,-0.026250,0.020510,-40.582500,3,weakly_unstable,0,1,66.95
0.470000,0.873960,40,3000000,1000000,134617,3.45171795e-3,1.34617000e-1,0.045000,-0.063836,-3923.065000,3,weakly_unstable,0,1,108.10
0.630000,0.959130,40,3000000,1000000,48327,1.23915385e-3,4.83270000e-2,0.046250,-0.013509,-670.632500,3,weakly_unstable,0,1,77.15
0.470000,0.946960,40,3000000,1000000,-96619,-2.47741026e-3,-9.66190000e-2,0.113750,0.001370,-910.335000,1,stable,0,0,95.26
0.450000,0.737820,40,3000000,1000000,102554,2.62958974e-3,1.02554000e-1,-0.115000,0.016227,-11106.502500,3,weakly_unstable,0,1,115.34
0.510000,0.965210,40,3000000,1000000,-167771,-4.30182051e-3,-1.67771000e-1,-0.155000,-0.188540,-423.447500,1,stable,0,0,82.13
0.490000,0.978020,40,3000000,1000000,-690178,-1.76968718e-2,-6.90178000e-1,0.045000,0.016668,-197.770000,1,stable,0,0,77.47
0.670000,0.997430,40,3000000,1000000,-233726,-5.99297436e-3,-2.33726000e-1,0.033750,0.067300,-3.190000,1,stable,0,0,61.13
0.710000,0.981040,40,3000000,1000000,34067,8.73512821e-4,3.40670000e-2,0.028750,0.019068,-189.720000,3,weakly_unstable,0,1,72.01
1.050000,0.976020,40,3000000,1000000,7235,1.85512821e-4,7.23500000e-3,-0.076250,-0.065658,-184.427500,3,weakly_unstable,0,1,65.66
0.470000,0.823960,40,3000000,1000000,117670,3.01717949e-3,1.17670000e-1,0.067500,-0.050347,-6349.892500,3,weakly_unstable,0,1,108.17
0.750000,0.971290,40,3000000,1000000,38496,9.87076923e-4,3.84960000e-2,0.005000,-0.065594,-284.867500,3,weakly_unstable,0,1,69.09
0.550000,0.932440,40,3000000,1000000,70279,1.80202564e-3,7.02790000e-2,0.182500,0.102291,-1591.197500,3,weakly_unstable,0,1,88.52
0.890000,0.990670,40,3000000,1000000,17816,4.56820513e-4,1.78160000e-2,0.003750,-0.010790,-12.055000,3,weakly_unstable,0,1,66.16
0.510000,0.939210,40,3000000,1000000,69886,1.79194872e-3,6.98860000e-2,0.047500,0.033218,-1267.945000,3,weakly_unstable,0,1,96.76
0.630000,0.959630,40,3000000,1000000,52862,1.35543590e-3,5.28620000e-2,-0.261250,-0.032751,-600.655000,3,weakly_unstable,0,1,76.44
0.510000,0.907210,40,3000000,1000000,92234,2.36497436e-3,9.22340000e-2,-0.037500,0.107359,-2520.915000,3,weakly_unstable,0,1,95.79
0.510000,0.931710,40,3000000,1000000,72630,1.86230769e-3,7.26300000e-2,-0.066250,-0.045468,-1560.675000,3,weakly_unstable,0,1,96.95
0.670000,0.997930,40,3000000,1000000,-267177,-6.85069231e-3,-2.67177000e-1,-0.001250,-0.016212,-5.797500,1,stable,0,0,61.57
0.470000,0.947460,40,3000000,1000000,-72098,-1.84866667e-3,-7.20980000e-2,0.475000,0.377036,-822.315000,1,stable,0,0,94.93
0.470000,0.874460,40,3000000,1000000,140887,3.61248718e-3,1.40887000e-1,0.085000,0.031864,-3996.987500,3,weakly_unstable,0,1,106.79
1.050000,0.976520,40,3000000,1000000,6726,1.72461538e-4,6.72600000e-3,-0.075000,-0.041789,-154.615000,3,weakly_unstable,0,1,66.55
0.490000,0.978520,40,3000000,1000000,-748196,-1.91845128e-2,-7.48196000e-1,-0.037500,-0.079026,-162.825000,1,stable,0,0,77.83
0.510000,0.965710,40,3000000,1000000,-79750,-2.04487179e-3,-7.97500000e-2,0.201250,0.164127,-362.732500,1,stable,0,0,84.13
0.710000,0.981540,40,3000000,1000000,32783,8.40589744e-4,3.27830000e-2,0.196250,0.127077,-192.535000,3,weakly_unstable,0,1,72.50
0.750000,0.971790,40,3000000,1000000,42760,1.09641026e-3,4.27600000e-2,-0.036250,-0.072942,-257.900000,3,weakly_unstable,0,1,70.38
0.890000,0.991170,40,3000000,1000000,15867,4.06846154e-4,1.58670000e-2,-0.063750,-0.043853,-18.120000,3,weakly_unstable,0,1,67.28
0.450000,0.738320,40,3000000,1000000,118765,3.04525641e-3,1.18765000e-1,0.020000,0.050298,-11048.112500,3,weakly_unstable,0,1,116.22
0.550000,0.932940,40,3000000,1000000,75400,1.93333333e-3,7.54000000e-2,0.106250,0.048630,-1461.762500,3,weakly_unstable,0,1,87.91
0.470000,0.824460,40,3000000,1000000,117138,3.00353846e-3,1.17138000e-1,-0.065000,-0.044164,-6329.985000,3,weakly_unstable,0,1,107.46
0.630000,0.960130,40,3000000,1000000,52254,1.33984615e-3,5.22540000e-2,0.002500,0.047726,-599.007500,3,weakly_unstable,0,1,76.62
0.670000,0.998430,40,3000000,1000000,-259384,-6.65087179e-3,-2.59384000e-1,0.003750,-0.009310,-2.610000,1,stable,0,0,61.55
0.510000,0.939710,40,3000000,1000000,74930,1.92128205e-3,7.49300000e-2,0.271250,0.139883,-1192.007500,3,weakly_unstable,0,1,96.46
0.510000,0.907710,40,3000000,1000000,84336,2.16246154e-3,8.43360000e-2,0.092500,0.100214,-2418.075000,3,weakly_unstable,0,1,95.53
1.050000,0.977020,40,3000000,1000000,7971,2.04384615e-4,7.97100000e-3,-0.078750,-0.073805,-186.475000,3,weakly_unstable,0,1,67.91
0.510000,0.932210,40,3000000,1000000,81917,2.10043590e-3,8.19170000e-2,0.136250,-0.020237,-1580.765000,3,weakly_unstable,0,1,95.68
0.710000,0.982040,40,3000000,1000000,25673,6.58282051e-4,2.56730000e-2,0.173750,0.068351,-172.857500,3,weakly_unstable,0,1,72.04
0.490000,0.979020,40,3000000,1000000,-702475,-1.80121795e-2,-7.02475000e-1,-0.093750,-0.066798,-181.675000,1,stable,0,0,78.52
0.750000,0.972290,40,3000000,1000000,38606,9.89897436e-4,3.86060000e-2,-0.072500,-0.096069,-248.670000,3,weakly_unstable,0,1,69.56
0.890000,0.991670,40,3000000,1000000,12505,3.20641026e-4,1.25050000e-2,-0.023750,-0.052336,-40.130000,3,weakly_unstable,0,1,68.55
0.470000,0.947960,40,3000000,1000000,-81971,-2.10182051e-3,-8.19710000e-2,-0.071250,0.040422,-853.917500,1,stable,0,0,93.99
0.510000,0.966210,40,3000000,1000000,-99032,-2.53928205e-3,-9.90320000e-2,-0.422500,-0.450195,-377.472500,1,chaotic,0,0,84.01
0.470000,0.874960,40,3000000,1000000,127084,3.25856410e-3,1.27084000e-1,0.128750,0.020077,-3901.312500,3,weakly_unstable,0,1,106.33
0.670000,0.998930,40,3000000,1000000,-295546,-7.57810256e-3,-2.95546000e-1,-0.010000,0.013480,-2.410000,1,stable,0,0,62.02
0.630000,0.960630,40,3000000,1000000,55021,1.41079487e-3,5.50210000e-2,-0.075000,0.019738,-614.700000,3,weakly_unstable,0,1,78.36
0.550000,0.933440,40,3000000,1000000,78196,2.00502564e-3,7.81960000e-2,0.121250,-0.007022,-1433.275000,3,weakly_unstable,0,1,88.72
0.710000,0.997040,40,3000000,1000000,-124164,-3.18369231e-3,-1.24164000e-1,0.073750,0.058540,-5.252500,1,stable,0,0,60.57
1.050000,0.977520,40,3000000,1000000,8003,2.05205128e-4,8.00300000e-3,-0.047500,-0.048782,-202.067500,3,weakly_unstable,0,1,67.07
0.510000,0.940210,40,3000000,1000000,66199,1.69741026e-3,6.61990000e-2,-0.083750,0.031632,-1181.215000,3,weakly_unstable,0,1,96.23
0.710000,0.982540,40,3000000,1000000,26848,6.88410256e-4,2.68480000e-2,0.271250,0.219145,-158.057500,3,weakly_unstable,0,1,71.91
0.450000,0.738820,40,3000000,1000000,117629,3.01612821e-3,1.17629000e-1,0.071250,0.024913,-10834.385000,3,weakly_unstable,0,1,116.71
0.750000,0.972790,40,3000000,1000000,39881,1.02258974e-3,3.98810000e-2,-0.046250,0.034586,-229.947500,3,weakly_unstable,0,1,69.59
0.470000,0.824960,40,3000000,1000000,127484,3.26882051e-3,1.27484000e-1,-0.042500,-0.062431,-6088.020000,3,weakly_unstable,0,1,108.63
0.890000,0.992170,40,3000000,1000000,14862,3.81076923e-4,1.48620000e-2,0.023750,-0.056774,-20.162500,3,weakly_unstable,0,1,67.13
0.490000,0.979520,40,3000000,1000000,-718853,-1.84321282e-2,-7.18853000e-1,0.045000,-0.003116,-134.735000,1,stable,0,0,77.54
0.510000,0.908210,40,3000000,1000000,84890,2.17666667e-3,8.48900000e-2,0.105000,-0.002709,-2409.477500,3,weakly_unstable,0,1,95.96
0.510000,0.966710,40,3000000,1000000,-163259,-4.18612821e-3,-1.63259000e-1,0.132500,-0.046839,-412.555000,1,stable,0,0,82.11
0.670000,0.999430,40,3000000,1000000,-315696,-8.09476923e-3,-3.15696000e-1,0.051250,0.014418,-2.142500,1,stable,0,0,60.63
0.470000,0.948460,40,3000000,1000000,-116443,-2.98571795e-3,-1.16443000e-1,0.172500,0.115303,-823.122500,1,stable,0,0,93.69
0.710000,0.997540,40,3000000,1000000,-171708,-4.40276923e-3,-1.71708000e-1,-0.052500,-0.066155,-5.592500,1,stable,0,0,60.83
1.050000,0.978020,40,3000000,1000000,7495,1.92179487e-4,7.49500000e-3,0.000000,0.024919,-103.532500,3,weakly_unstable,0,1,66.77
0.630000,0.961130,40,3000000,1000000,48033,1.23161538e-3,4.80330000e-2,-0.083750,0.038026,-595.530000,3,weakly_unstable,0,1,78.10
0.470000,0.875460,40,3000000,1000000,139246,3.57041026e-3,1.39246000e-1,0.153750,-0.003234,-3724.980000,3,weakly_unstable,0,1,106.54
0.550000,0.933940,40,3000000,1000000,69236,1.77528205e-3,6.92360000e-2,0.112500,-0.095722,-1442.485000,3,weakly_unstable,0,1,89.11
0.890000,0.992670,40,3000000,1000000,14089,3.61256410e-4,1.40890000e-2,-0.023750,0.056647,-30.292500,3,weakly_unstable,0,1,66.59
0.750000,0.973290,40,3000000,1000000,40842,1.04723077e-3,4.08420000e-2,0.028750,0.058728,-226.895000,3,weakly_unstable,0,1,69.91
0.710000,0.983040,40,3000000,1000000,29047,7.44794872e-4,2.90470000e-2,-0.140000,-0.100929,-179.267500,3,weakly_unstable,0,1,73.01
0.490000,0.980020,40,3000000,1000000,-738136,-1.89265641e-2,-7.38136000e-1,0.048750,0.042362,-145.700000,1,stable,0,0,78.43
0.670000,0.999930,40,3000000,1000000,-337838,-8.66251282e-3,-3.37838000e-1,-0.006250,-0.015244,-1.992500,1,stable,0,0,61.57
0.470000,0.989960,40,3000000,1000000,-1356409,-3.47797179e-2,-1.35640900e0,-0.028750,-0.040182,-35.667500,1,stable,0,0,77.60
0.510000,0.940710,40,3000000,1000000,77190,1.97923077e-3,7.71900000e-2,-0.011250,0.009199,-1243.677500,3,weakly_unstable,0,1,96.92
0.510000,0.967210,40,3000000,1000000,-112400,-2.88205128e-3,-1.12400000e-1,-0.321250,-0.263986,-374.275000,1,stable,0,0,82.74
0.710000,0.998040,40,3000000,1000000,-179144,-4.59343590e-3,-1.79144000e-1,0.006250,0.020573,-2.525000,1,stable,0,0,60.33
0.470000,0.825460,40,3000000,1000000,113839,2.91894872e-3,1.13839000e-1,0.022500,-0.052492,-6082.830000,3,weakly_unstable,0,1,108.62
0.450000,0.739320,40,3000000,1000000,91474,2.34548718e-3,9.14740000e-2,0.022500,0.019714,-10888.392500,3,weakly_unstable,0,1,117.32
1.050000,0.978520,40,3000000,1000000,8561,2.19512821e-4,8.56100000e-3,0.157500,0.116593,-121.275000,3,weakly_unstable,0,1,67.77
0.470000,0.948960,40,3000000,1000000,-226790,-5.81512821e-3,-2.26790000e-1,0.242500,0.272791,-739.707500,1,stable,0,0,92.21
0.630000,0.961630,40,3000000,1000000,51551,1.32182051e-3,5.15510000e-2,0.051250,-0.038238,-547.760000,3,weakly_unstable,0,1,78.56
0.890000,0.993170,40,3000000,1000000,15485,3.97051282e-4,1.54850000e-2,-0.047500,0.009939,-27.917500,3,weakly_unstable,0,1,66.26
0.750000,0.973790,40,3000000,1000000,39209,1.00535897e-3,3.92090000e-2,0.002500,0.001965,-232.830000,3,weakly_unstable,0,1,70.18
0.710000,0.983540,40,3000000,1000000,21646,5.55025641e-4,2.16460000e-2,0.191250,0.117054,-151.320000,3,weakly_unstable,0,1,72.12
0.670000,1.000000,40,3000000,1000000,-341932,-8.76748718e-3,-3.41932000e-1,-0.030000,0.007905,-2.002500,1,stable,0,0,61.29
0.550000,0.934440,40,3000000,1000000,70043,1.79597436e-3,7.00430000e-2,0.168750,0.025633,-1397.380000,3,weakly_unstable,0,1,87.81
0.490000,0.980520,40,3000000,1000000,-790914,-2.02798462e-2,-7.90914000e-1,-0.035000,0.004583,-124.095000,1,stable,0,0,77.84
0.710000,0.998540,40,3000000,1000000,-189931,-4.87002564e-3,-1.89931000e-1,0.163750,0.131314,-4.790000,1,stable,0,0,59.99
0.470000,0.875960,40,3000000,1000000,118026,3.02630769e-3,1.18026000e-1,-0.028750,-0.017421,-3882.255000,3,weakly_unstable,0,1,107.06
0.470000,0.990460,40,3000000,1000000,-1390222,-3.56467179e-2,-1.39022200e0,-0.030000,-0.026969,-51.625000,1,stable,0,0,76.94
1.050000,0.979020,40,3000000,1000000,7824,2.00615385e-4,7.82400000e-3,-0.013750,-0.008165,-107.927500,3,weakly_unstable,0,1,65.70
0.510000,0.967710,40,3000000,1000000,-172084,-4.41241026e-3,-1.72084000e-1,-0.032500,-0.120937,-327.767500,1,stable,0,0,81.34
0.470000,0.893460,40,3000000,1000000,118658,3.04251282e-3,1.18658000e-1,-0.137500,-0.043587,-3031.320000,3,weakly_unstable,0,1,107.18
0.890000,0.993670,40,3000000,1000000,13698,3.51230769e-4,1.36980000e-2,-0.025000,0.006310,-22.080000,3,weakly_unstable,0,1,66.52
0.630000,0.962130,40,3000000,1000000,44601,1.14361538e-3,4.46010000e-2,-0.093750,-0.083179,-588.432500,3,weakly_unstable,0,1,77.31
0.750000,0.974290,40,3000000,1000000,37494,9.61384615e-4,3.74940000e-2,-0.006250,-0.023533,-196.195000,3,weakly_unstable,0,1,70.41
0.470000,0.825960,40,3000000,1000000,122661,3.14515385e-3,1.22661000e-1,-0.162500,-0.061133,-6339.342500,3,weakly_unstable,0,1,105.71
0.710000,0.984040,40,3000000,1000000,21321,5.46692308e-4,2.13210000e-2,0.051250,-0.005400,-126.735000,3,weakly_unstable,0,1,72.55
0.470000,0.949460,40,3000000,1000000,-123866,-3.17605128e-3,-1.23866000e-1,-0.181250,-0.249410,-831.192500,1,stable,0,0,93.66
0.690000,0.959190,40,3000000,1000000,48116,1.23374359e-3,4.81160000e-2,0.112500,0.073601,-545.825000,3,weakly_unstable,0,1,73.06
0.710000,0.999040,40,3000000,1000000,-208455,-5.34500000e-3,-2.08455000e-1,-0.030000,-0.036112,-1.895000,1,stable,0,0,60.40
0.450000,0.739820,40,3000000,1000000,124363,3.18879487e-3,1.24363000e-1,0.041250,-0.060799,-10825.217500,3,weakly_unstable,0,1,116.88
0.490000,0.981020,40,3000000,1000000,-754485,-1.93457692e-2,-7.54485000e-1,-0.115000,-0.035583,-114.225000,1,stable,0,0,78.23
0.550000,0.934940,40,3000000,1000000,66840,1.71384615e-3,6.68400000e-2,0.058750,0.013868,-1429.102500,3,weakly_unstable,0,1,88.79
0.470000,0.990960,40,3000000,1000000,-1362734,-3.49418974e-2,-1.36273400e0,-0.010000,-0.018514,-22.117500,1,stable,0,0,76.83
1.050000,0.979520,40,3000000,1000000,7368,1.88923077e-4,7.36800000e-3,-0.008750,0.024495,-133.085000,3,weakly_unstable,0,1,67.14
0.510000,0.968210,40,3000000,1000000,-192040,-4.92410256e-3,-1.92040000e-1,0.021250,-0.158321,-314.080000,1,stable,0,0,79.70
0.890000,0.994170,40,3000000,1000000,8762,2.24666667e-4,8.76200000e-3,-0.056250,-0.008790,-12.875000,3,weakly_unstable,0,1,66.95
0.470000,0.876460,40,3000000,1000000,133233,3.41623077e-3,1.33233000e-1,0.061250,-0.055478,-3830.420000,3,weakly_unstable,0,1,108.50
0.750000,0.974790,40,3000000,1000000,39297,1.00761538e-3,3.92970000e-2,0.083750,0.066644,-216.217500,3,weakly_unstable,0,1,71.43
0.710000,0.999540,40,3000000,1000000,-238705,-6.12064103e-3,-2.38705000e-1,0.023750,0.008807,-2.040000,1,stable,0,0,60.03
0.630000,0.962630,40,3000000,1000000,53591,1.37412821e-3,5.35910000e-2,-0.003750,0.052269,-530.642500,3,weakly_unstable,0,1,77.19
0.710000,0.984540,40,3000000,1000000,24084,6.17538462e-4,2.40840000e-2,0.077500,0.100115,-127.607500,3,weakly_unstable,0,1,72.93
0.690000,0.959690,40,3000000,1000000,45368,1.16328205e-3,4.53680000e-2,0.082500,0.027535,-507.685000,3,weakly_unstable,0,1,73.28
0.470000,0.893960,40,3000000,1000000,127091,3.25874359e-3,1.27091000e-1,0.241250,-0.054676,-2957.620000,3,weakly_unstable,0,1,108.26
0.470000,0.949960,40,3000000,1000000,-117370,-3.00948718e-3,-1.17370000e-1,-0.128750,0.004037,-713.562500,1,stable,0,0,94.72
0.490000,0.981520,40,3000000,1000000,-828509,-2.12438205e-2,-8.28509000e-1,0.005000,-0.008310,-122.735000,1,stable,0,0,77.63
0.470000,0.991460,40,3000000,1000000,-1387539,-3.55779231e-2,-1.38753900e0,0.010000,0.018679,-31.862500,1,stable,0,0,75.78
1.050000,0.980020,40,3000000,1000000,6401,1.64128205e-4,6.40100000e-3,0.190000,0.155006,-93.590000,3,weakly_unstable,0,1,67.76
0.470000,0.826460,40,3000000,1000000,116835,2.99576923e-3,1.16835000e-1,0.108750,0.004158,-6011.465000,3,weakly_unstable,0,1,109.35
0.550000,0.935440,40,3000000,1000000,72037,1.84710256e-3,7.20370000e-2,0.052500,-0.027419,-1447.115000,3,weakly_unstable,0,1,89.68
0.890000,0.994670,40,3000000,1000000,12062,3.09282051e-4,1.20620000e-2,-0.112500,-0.074534,-17.900000,3,weakly_unstable,0,1,67.33
0.710000,1.000000,40,3000000,1000000,-241332,-6.18800000e-3,-2.41332000e-1,0.011250,0.017476,-1.955000,1,stable,0,0,60.23
0.510000,0.968710,40,3000000,1000000,-211489,-5.42279487e-3,-2.11489000e-1,0.327500,0.351683,-275.702500,1,stable,0,0,79.96
0.450000,0.740320,40,3000000,1000000,118604,3.04112821e-3,1.18604000e-1,0.232500,-0.047623,-10773.782500,3,weakly_unstable,0,1,117.19
0.750000,0.975290,40,3000000,1000000,40488,1.03815385e-3,4.04880000e-2,0.038750,-0.014101,-245.540000,3,weakly_unstable,0,1,71.41
0.630000,0.963130,40,3000000,1000000,52057,1.33479487e-3,5.20570000e-2,-0.056250,0.034505,-605.905000,3,weakly_unstable,0,1,78.89
0.710000,0.985040,40,3000000,1000000,20550,5.26923077e-4,2.05500000e-2,-0.211250,-0.070275,-146.365000,3,weakly_unstable,0,1,74.17
0.690000,0.960190,40,3000000,1000000,53569,1.37356410e-3,5.35690000e-2,-0.023750,-0.048593,-544.215000,3,weakly_unstable,0,1,73.42
0.470000,0.876960,40,3000000,1000000,105410,2.70282051e-3,1.05410000e-1,-0.115000,0.036186,-3895.080000,3,weakly_unstable,0,1,108.50
1.050000,0.980520,40,3000000,1000000,7265,1.86282051e-4,7.26500000e-3,-0.011250,-0.059977,-104.657500,3,weakly_unstable,0,1,67.80
0.490000,0.982020,40,3000000,1000000,-878693,-2.25305897e-2,-8.78693000e-1,0.037500,-0.047565,-83.450000,1,stable,0,0,76.27
0.470000,0.991960,40,3000000,1000000,-1417528,-3.63468718e-2,-1.41752800e0,0.021250,0.012872,-25.410000,1,stable,0,0,76.22
0.470000,0.950460,40,3000000,1000000,-198524,-5.09035897e-3,-1.98524000e-1,-0.040000,-0.026899,-644.375000,1,stable,0,0,90.83
0.890000,0.995170,40,3000000,1000000,10063,2.58025641e-4,1.00630000e-2,0.008750,-0.076993,-17.802500,3,weakly_unstable,0,1,67.19
0.730000,0.962550,40,3000000,1000000,46889,1.20228205e-3,4.68890000e-2,0.026250,-0.032943,-395.262500,3,weakly_unstable,0,1,71.37
0.550000,0.935940,40,3000000,1000000,79297,2.03325641e-3,7.92970000e-2,-0.178750,-0.013457,-1386.615000,3,weakly_unstable,0,1,88.13
0.470000,0.894460,40,3000000,1000000,129822,3.32876923e-3,1.29822000e-1,-0.196250,-0.036526,-2928.240000,3,weakly_unstable,0,1,108.55
0.750000,0.975790,40,3000000,1000000,40499,1.03843590e-3,4.04990000e-2,0.045000,0.048683,-201.342500,3,weakly_unstable,0,1,70.49
0.510000,0.969210,40,3000000,1000000,-163149,-4.18330769e-3,-1.63149000e-1,0.188750,0.037589,-304.270000,1,stable,0,0,81.48
0.470000,0.826960,40,3000000,1000000,129627,3.32376923e-3,1.29627000e-1,0.000000,-0.082404,-6060.775000,3,weakly_unstable,0,1,107.93
0.710000,0.985540,40,3000000,1000000,25178,6.45589744e-4,2.51780000e-2,-0.105000,-0.038909,-124.575000,3,weakly_unstable,0,1,72.72
0.690000,0.960690,40,3000000,1000000,47620,1.22102564e-3,4.76200000e-2,-0.005000,0.062591,-520.777500,3,weakly_unstable,0,1,72.89
0.630000,0.963630,40,3000000,1000000,40019,1.02612821e-3,4.00190000e-2,0.080000,-0.044774,-565.022500,3,weakly_unstable,0,1,77.95
1.050000,0.981020,40,3000000,1000000,8479,2.17410256e-4,8.47900000e-3,-0.028750,-0.033840,-132.890000,3,weakly_unstable,0,1,66.96
0.890000,0.995670,40,3000000,1000000,39373,1.00956410e-3,3.93730000e-2,0.935000,0.935970,-9.237500,1,metastable,1,1,57.81
0.450000,0.740820,40,3000000,1000000,105713,2.71058974e-3,1.05713000e-1,-0.008750,-0.032382,-10524.035000,3,weakly_unstable,0,1,116.08
0.470000,0.992460,40,3000000,1000000,-1464541,-3.75523333e-2,-1.46454100e0,0.063750,0.026161,-26.927500,1,stable,0,0,75.07
0.490000,0.982520,40,3000000,1000000,-858027,-2.20006923e-2,-8.58027000e-1,-0.036250,-0.005854,-126.662500,1,stable,0,0,76.84
0.730000,0.963050,40,3000000,1000000,51827,1.32889744e-3,5.18270000e-2,0.051250,0.047914,-440.622500,3,weakly_unstable,0,1,70.81
0.470000,0.877460,40,3000000,1000000,129296,3.31528205e-3,1.29296000e-1,-0.098750,-0.031185,-3846.867500,3,weakly_unstable,0,1,106.74
0.750000,0.976290,40,3000000,1000000,37338,9.57384615e-4,3.73380000e-2,0.096250,0.087838,-245.962500,3,weakly_unstable,0,1,69.89
0.470000,0.950960,40,3000000,1000000,-157801,-4.04617949e-3,-1.57801000e-1,-0.006250,0.092078,-720.870000,1,stable,0,0,93.62
0.510000,0.969710,40,3000000,1000000,-291787,-7.48171795e-3,-2.91787000e-1,-0.205000,-0.074935,-260.242500,1,stable,0,0,79.40
0.550000,0.936440,40,3000000,1000000,63781,1.63541026e-3,6.37810000e-2,-0.072500,-0.140285,-1402.312500,3,weakly_unstable,0,1,87.93
0.710000,0.986040,40,3000000,1000000,17214,4.41384615e-4,1.72140000e-2,-0.033750,-0.219120,-127.770000,3,weakly_unstable,0,1,73.29
0.690000,0.961190,40,3000000,1000000,50025,1.28269231e-3,5.00250000e-2,-0.051250,-0.014066,-480.185000,3,weakly_unstable,0,1,72.95
0.630000,0.964130,40,3000000,1000000,47859,1.22715385e-3,4.78590000e-2,-0.078750,-0.103422,-528.155000,3,weakly_unstable,0,1,79.20
1.050000,0.981520,40,3000000,1000000,6802,1.74410256e-4,6.80200000e-3,-0.040000,-0.017089,-97.432500,3,weakly_unstable,0,1,67.20
0.470000,0.894960,40,3000000,1000000,120603,3.09238462e-3,1.20603000e-1,-0.191250,-0.040337,-2929.130000,3,weakly_unstable,0,1,108.00
0.890000,0.996170,40,3000000,1000000,8739,2.24076923e-4,8.73900000e-3,0.110000,0.112796,-10.795000,3,weakly_unstable,0,1,67.80
0.470000,0.827460,40,3000000,1000000,118548,3.03969231e-3,1.18548000e-1,0.036250,-0.133858,-6141.962500,3,weakly_unstable,0,1,106.85
0.470000,0.992960,40,3000000,1000000,-1514011,-3.88207949e-2,-1.51401100e0,-0.011250,-0.004940,-31.227500,1,stable,0,0,76.49
0.490000,0.983020,40,3000000,1000000,-877011,-2.24874615e-2,-8.77011000e-1,-0.012500,0.030469,-97.205000,1,stable,0,0,76.36
0.730000,0.963550,40,3000000,1000000,50842,1.30364103e-3,5.08420000e-2,-0.062500,0.030867,-348.262500,3,weakly_unstable,0,1,70.89
0.750000,0.976790,40,3000000,1000000,40021,1.02617949e-3,4.00210000e-2,0.068750,0.046212,-196.782500,3,weakly_unstable,0,1,70.86
0.710000,0.986540,40,3000000,1000000,22752,5.83384615e-4,2.27520000e-2,-0.343750,-0.222830,-155.417500,3,weakly_unstable,0,1,74.06
0.450000,0.741320,40,3000000,1000000,111947,2.87043590e-3,1.11947000e-1,0.035000,-0.075297,-10726.222500,3,weakly_unstable,0,1,116.95
0.690000,0.961690,40,3000000,1000000,51312,1.31569231e-3,5.13120000e-2,-0.026250,-0.043286,-554.920000,3,weakly_unstable,0,1,73.42
0.510000,0.970210,40,3000000,1000000,-222006,-5.69246154e-3,-2.22006000e-1,0.002500,-0.031775,-377.595000,1,stable,0,0,81.42
1.050000,0.982020,40,3000000,1000000,7833,2.00846154e-4,7.83300000e-3,0.101250,0.074050,-76.660000,3,weakly_unstable,0,1,66.15
0.470000,0.951460,40,3000000,1000000,-189152,-4.85005128e-3,-1.89152000e-1,-0.071250,-0.111631,-693.160000,1,stable,0,0,92.48
0.550000,0.936940,40,3000000,1000000,70193,1.79982051e-3,7.01930000e-2,-0.061250,-0.064640,-1311.045000,3,weakly_unstable,0,1,88.54
0.470000,0.877960,40,3000000,1000000,125654,3.22189744e-3,1.25654000e-1,-0.100000,-0.067132,-3662.865000,3,weakly_unstable,0,1,107.31
0.630000,0.964630,40,3000000,1000000,43816,1.12348718e-3,4.38160000e-2,0.145000,-0.015331,-507.925000,3,weakly_unstable,0,1,77.54
0.890000,0.996670,40,3000000,1000000,5788,1.48410256e-4,5.78800000e-3,-0.156250,-0.098092,-13.047500,3,weakly_unstable,0,1,68.38
0.470000,0.993460,40,3000000,1000000,-1452646,-3.72473333e-2,-1.45264600e0,0.026250,0.011313,-33.010000,1,stable,0,0,76.34
0.490000,0.983520,40,3000000,1000000,-859145,-2.20293590e-2,-8.59145000e-1,-0.005000,-0.028602,-150.052500,1,stable,0,0,76.49
0.730000,0.964050,40,3000000,1000000,44492,1.14082051e-3,4.44920000e-2,0.035000,0.004659,-427.660000,3,weakly_unstable,0,1,70.80
0.750000,0.977290,40,3000000,1000000,36774,9.42923077e-4,3.67740000e-2,-0.002500,0.002761,-182.510000,3,weakly_unstable,0,1,69.57
0.470000,0.895460,40,3000000,1000000,121188,3.10738462e-3,1.21188000e-1,0.050000,-0.005050,-2864.622500,3,weakly_unstable,0,1,109.64
0.470000,0.827960,40,3000000,1000000,132412,3.39517949e-3,1.32412000e-1,0.035000,0.060245,-6139.250000,3,weakly_unstable,0,1,106.50
1.050000,0.982520,40,3000000,1000000,7172,1.83897436e-4,7.17200000e-3,-0.043750,-0.054151,-86.810000,3,weakly_unstable,0,1,66.43
0.890000,0.997170,40,3000000,1000000,3875,9.93589744e-5,3.87500000e-3,0.937500,0.924538,-6.640000,1,metastable,1,1,58.12
0.710000,0.987040,40,3000000,1000000,13819,3.54333333e-4,1.38190000e-2,-0.108750,-0.015485,-139.587500,3,weakly_unstable,0,1,73.36
0.690000,0.962190,40,3000000,1000000,51975,1.33269231e-3,5.19750000e-2,0.065000,-0.026007,-477.155000,3,weakly_unstable,0,1,73.16
0.510000,0.970710,40,3000000,1000000,-281596,-7.22041026e-3,-2.81596000e-1,-0.098750,-0.081512,-272.610000,1,stable,0,0,79.91
0.630000,0.965130,40,3000000,1000000,49580,1.27128205e-3,4.95800000e-2,-0.048750,0.090037,-534.810000,3,weakly_unstable,0,1,78.48
0.470000,0.951960,40,3000000,1000000,-180437,-4.62658974e-3,-1.80437000e-1,-0.148750,-0.016466,-658.810000,1,stable,0,0,92.05
0.550000,0.937440,40,3000000,1000000,76579,1.96356410e-3,7.65790000e-2,0.135000,0.058026,-1343.780000,3,weakly_unstable,0,1,87.01
0.470000,0.993960,40,3000000,1000000,-1488325,-3.81621795e-2,-1.48832500e0,-0.018750,0.011424,-25.515000,1,stable,0,0,75.60
0.730000,0.964550,40,3000000,1000000,44076,1.13015385e-3,4.40760000e-2,0.000000,-0.038838,-385.987500,3,weakly_unstable,0,1,70.30
0.450000,0.741820,40,3000000,1000000,102599,2.63074359e-3,1.02599000e-1,-0.267500,-0.009954,-10561.117500,3,weakly_unstable,0,1,116.08
0.470000,0.878460,40,3000000,1000000,127912,3.27979487e-3,1.27912000e-1,0.227500,0.020138,-3757.120000,3,weakly_unstable,0,1,107.62
0.750000,0.977790,40,3000000,1000000,39106,1.00271795e-3,3.91060000e-2,0.056250,0.068584,-229.497500,3,weakly_unstable,0,1,69.42
0.890000,0.997670,40,3000000,1000000,627,1.60769231e-5,6.27000000e-4,0.908750,0.902794,-5.552500,1,metastable,1,1,59.23
1.050000,0.983020,40,3000000,1000000,7785,1.99615385e-4,7.78500000e-3,-0.142500,-0.131614,-66.275000,3,weakly_unstable,0,1,66.36
0.690000,0.962690,40,3000000,1000000,52931,1.35720513e-3,5.29310000e-2,-0.151250,-0.082891,-458.037500,3,weakly_unstable,0,1,73.44
0.710000,0.987540,40,3000000,1000000,19375,4.96794872e-4,1.93750000e-2,0.050000,0.102810,-93.335000,3,weakly_unstable,0,1,74.81
0.450000,0.847820,40,3000000,1000000,153260,3.92974359e-3,1.53260000e-1,0.116250,0.061070,-5197.410000,3,weakly_unstable,0,1,114.14
0.470000,0.895960,40,3000000,1000000,113298,2.90507692e-3,1.13298000e-1,0.010000,0.030866,-2919.157500,3,weakly_unstable,0,1,107.59
0.510000,0.971210,40,3000000,1000000,-285115,-7.31064103e-3,-2.85115000e-1,0.235000,0.156838,-299.320000,1,stable,0,0,80.10
0.470000,0.828460,40,3000000,1000000,125984,3.23035897e-3,1.25984000e-1,-0.186250,-0.092694,-5960.562500,3,weakly_unstable,0,1,106.25
0.630000,0.965630,40,3000000,1000000,38420,9.85128205e-4,3.84200000e-2,-0.096250,-0.176903,-489.067500,3,weakly_unstable,0,1,78.70
0.730000,0.965050,40,3000000,1000000,49568,1.27097436e-3,4.95680000e-2,-0.092500,-0.146942,-357.777500,3,weakly_unstable,0,1,69.94
0.550000,0.937940,40,3000000,1000000,57075,1.46346154e-3,5.70750000e-2,0.005000,-0.000597,-1367.205000,3,weakly_unstable,0,1,88.31
0.470000,0.952460,40,3000000,1000000,-199671,-5.11976923e-3,-1.99671000e-1,0.106250,0.173507,-723.307500,1,stable,0,0,91.48
0.470000,0.994460,40,3000000,1000000,-1543250,-3.95705128e-2,-1.54325000e0,-0.016250,0.004317,-31.365000,1,stable,0,0,74.90
0.890000,0.998170,40,3000000,1000000,6201,1.59000000e-4,6.20100000e-3,-0.862500,-0.877016,-7.710000,1,metastable,1,1,58.28
0.750000,0.978290,40,3000000,1000000,36566,9.37589744e-4,3.65660000e-2,-0.002500,-0.062497,-176.220000,3,weakly_unstable,0,1,70.25
1.050000,0.983520,40,3000000,1000000,7139,1.83051282e-4,7.13900000e-3,-0.100000,-0.079894,-79.555000,3,weakly_unstable,0,1,66.72
0.690000,0.963190,40,3000000,1000000,49215,1.26192308e-3,4.92150000e-2,-0.102500,0.088814,-470.542500,3,weakly_unstable,0,1,72.10
0.710000,0.988040,40,3000000,1000000,12038,3.08666667e-4,1.20380000e-2,-0.028750,-0.028496,-111.407500,3,weakly_unstable,0,1,74.58
0.470000,0.878960,40,3000000,1000000,140139,3.59330769e-3,1.40139000e-1,0.053750,-0.008715,-3637.392500,3,weakly_unstable,0,1,107.60
0.450000,0.742320,40,3000000,1000000,105712,2.71056410e-3,1.05712000e-1,0.015000,0.029024,-10607.187500,3,weakly_unstable,0,1,117.46
0.510000,0.971710,40,3000000,1000000,-296146,-7.59348718e-3,-2.96146000e-1,-0.016250,-0.100346,-258.195000,1,stable,0,0,79.31
0.890000,0.998670,40,3000000,1000000,-25552,-6.55179487e-4,-2.55520000e-2,-0.648750,-0.630330,0.795000,1,chaotic,0,0,58.20
0.630000,0.966130,40,3000000,1000000,42214,1.08241026e-3,4.22140000e-2,-0.021250,0.050995,-513.335000,3,weakly_unstable,0,1,78.52
0.730000,0.965550,40,3000000,1000000,47203,1.21033333e-3,4.72030000e-2,-0.070000,0.002981,-377.990000,3,weakly_unstable,0,1,71.33
0.750000,0.978790,40,3000000,1000000,32383,8.30333333e-4,3.23830000e-2,-0.063750,0.016000,-160.365000,3,weakly_unstable,0,1,70.95
0.470000,0.994960,40,3000000,1000000,-1553907,-3.98437692e-2,-1.55390700e0,0.051250,0.007135,-17.130000,1,stable,0,0,74.78
0.450000,0.848320,40,3000000,1000000,140684,3.60728205e-3,1.40684000e-1,-0.102500,-0.010919,-5268.222500,3,weakly_unstable,0,1,115.15
0.470000,0.896460,40,3000000,1000000,122494,3.14087179e-3,1.22494000e-1,-0.058750,-0.016678,-2816.615000,3,weakly_unstable,0,1,108.63
1.050000,0.984020,40,3000000,1000000,6766,1.73487179e-4,6.76600000e-3,-0.113750,-0.115142,-63.235000,3,weakly_unstable,0,1,66.01
0.550000,0.938440,40,3000000,1000000,78363,2.00930769e-3,7.83630000e-2,-0.102500,0.134153,-1322.592500,3,weakly_unstable,0,1,88.26
0.470000,0.828960,40,3000000,1000000,129775,3.32756410e-3,1.29775000e-1,0.018750,0.019844,-5968.057500,3,weakly_unstable,0,1,105.28
0.470000,0.952960,40,3000000,1000000,-178837,-4.58556410e-3,-1.78837000e-1,0.072500,0.000699,-649.677500,1,stable,0,0,93.57
0.690000,0.963690,40,3000000,1000000,56818,1.45687179e-3,5.68180000e-2,0.006250,0.000515,-410.752500,3,weakly_unstable,0,1,73.09
0.710000,0.988540,40,3000000,1000000,14039,3.59974359e-4,1.40390000e-2,0.017500,-0.002725,-102.265000,3,weakly_unstable,0,1,73.52
0.890000,0.999170,40,3000000,1000000,-26396,-6.76820513e-4,-2.63960000e-2,-0.248750,-0.273602,-1.982500,1,stable,0,0,57.42
0.510000,0.972210,40,3000000,1000000,-295669,-7.58125641e-3,-2.95669000e-1,-0.050000,-0.098751,-222.345000,1,stable,0,0,78.93
0.730000,0.966050,40,3000000,1000000,48779,1.25074359e-3,4.87790000e-2,0.136250,0.022224,-354.615000,3,weakly_unstable,0,1,70.30
0.630000,0.966630,40,3000000,1000000,39319,1.00817949e-3,3.93190000e-2,-0.087500,-0.042046,-491.930000,3,weakly_unstable,0,1,77.06
0.750000,0.979290,40,3000000,1000000,36526,9.36564103e-4,3.65260000e-2,-0.147500,-0.123114,-121.992500,3,weakly_unstable,0,1,70.76
1.050000,0.984520,40,3000000,1000000,7348,1.88410256e-4,7.34800000e-3,-0.018750,-0.035267,-63.842500,3,weakly_unstable,0,1,67.75
0.470000,0.879460,40,3000000,1000000,129366,3.31707692e-3,1.29366000e-1,0.097500,-0.028203,-3552.157500,3,weakly_unstable,0,1,109.28
0.470000,0.995460,40,3000000,1000000,-1537249,-3.94166410e-2,-1.53724900e0,0.036250,0.003577,-7.490000,1,stable,0,0,73.93
0.450000,0.742820,40,3000000,1000000,116899,2.99741026e-3,1.16899000e-1,0.122500,-0.017618,-10645.080000,3,weakly_unstable,0,1,117.81
0.550000,0.938940,40,3000000,1000000,76526,1.96220513e-3,7.65260000e-2,0.345000,0.074470,-1345.572500,3,weakly_unstable,0,1,87.06
0.710000,0.989040,40,3000000,1000000,71573,1.83520513e-3,7.15730000e-2,0.917500,0.879219,-92.112500,1,metastable,1,1,67.28
0.890000,0.999670,40,3000000,1000000,-43029,-1.10330769e-3,-4.30290000e-2,-0.096250,-0.076646,-1.970000,1,stable,0,0,57.93
0.690000,0.964190,40,3000000,1000000,51556,1.32194872e-3,5.15560000e-2,-0.121250,-0.005153,-467.795000,3,weakly_unstable,0,1,73.13
0.470000,0.953460,40,3000000,1000000,-302650,-7.76025641e-3,-3.02650000e-1,-0.167500,-0.128518,-669.562500,1,stable,0,0,91.07
0.470000,0.896960,40,3000000,1000000,129149,3.31151282e-3,1.29149000e-1,-0.201250,0.015355,-2979.992500,3,weakly_unstable,0,1,108.75
0.470000,0.829460,40,3000000,1000000,114108,2.92584615e-3,1.14108000e-1,0.065000,0.028306,-6006.722500,3,weakly_unstable,0,1,105.91
0.450000,0.848820,40,3000000,1000000,156793,4.02033333e-3,1.56793000e-1,0.267500,0.051796,-5069.602500,3,weakly_unstable,0,1,114.89
0.730000,0.966550,40,3000000,1000000,42024,1.07753846e-3,4.20240000e-2,0.005000,-0.024290,-361.135000,3,weakly_unstable,0,1,72.17
0.510000,0.972710,40,3000000,1000000,-337645,-8.65756410e-3,-3.37645000e-1,-0.028750,0.021625,-269.335000,1,stable,0,0,78.60
0.750000,0.979790,40,3000000,1000000,33559,8.60487179e-4,3.35590000e-2,0.040000,-0.019551,-197.045000,3,weakly_unstable,0,1,69.99
0.630000,0.967130,40,3000000,1000000,46236,1.18553846e-3,4.62360000e-2,-0.006250,-0.006084,-444.755000,3,weakly_unstable,0,1,77.29
1.050000,0.985020,40,3000000,1000000,7069,1.81256410e-4,7.06900000e-3,-0.020000,-0.008280,-74.837500,3,weakly_unstable,0,1,68.41
0.470000,0.995960,40,3000000,1000000,-1572000,-4.03076923e-2,-1.57200000e0,-0.016250,0.010856,-12.992500,1,stable,0,0,75.04
0.890000,1.000000,40,3000000,1000000,-57819,-1.48253846e-3,-5.78190000e-2,-0.016250,-0.021362,-1.940000,1,stable,0,0,57.44
0.710000,0.989540,40,3000000,1000000,67030,1.71871795e-3,6.70300000e-2,0.890000,0.876384,-71.672500,1,metastable,1,1,62.37
0.690000,0.964690,40,3000000,1000000,49456,1.26810256e-3,4.94560000e-2,-0.021250,-0.012658,-390.552500,3,weakly_unstable,0,1,73.55
0.470000,0.879960,40,3000000,1000000,124880,3.20205128e-3,1.24880000e-1,-0.110000,0.030222,-3551.865000,3,weakly_unstable,0,1,107.94
0.550000,0.939440,40,3000000,1000000,70261,1.80156410e-3,7.02610000e-2,-0.022500,0.063753,-1264.005000,3,weakly_unstable,0,1,88.35
0.470000,0.953960,40,3000000,1000000,-255348,-6.54738462e-3,-2.55348000e-1,-0.035000,0.063251,-600.690000,1,stable,0,0,91.90
0.450000,0.743320,40,3000000,1000000,107919,2.76715385e-3,1.07919000e-1,-0.007500,0.045926,-10477.195000,3,weakly_unstable,0,1,116.11
0.730000,0.967050,40,3000000,1000000,45529,1.16741026e-3,4.55290000e-2,-0.006250,-0.002176,-320.882500,3,weakly_unstable,0,1,70.67
1.050000,0.985520,40,3000000,1000000,6542,1.67743590e-4,6.54200000e-3,-0.097500,-0.147838,-66.380000,3,weakly_unstable,0,1,65.74
0.750000,0.980290,40,3000000,1000000,41142,1.05492308e-3,4.11420000e-2,-0.151250,-0.092060,-142.215000,3,weakly_unstable,0,1,69.36
0.510000,0.973210,40,3000000,1000000,-321264,-8.23753846e-3,-3.21264000e-1,-0.058750,-0.048082,-248.635000,1,stable,0,0,79.02
0.630000,0.967630,40,3000000,1000000,43048,1.10379487e-3,4.30480000e-2,-0.131250,-0.162292,-443.527500,3,weakly_unstable,0,1,77.18
0.470000,0.897460,40,3000000,1000000,125669,3.22228205e-3,1.25669000e-1,-0.007500,-0.000704,-2982.090000,3,weakly_unstable,0,1,108.05
0.470000,0.996460,40,3000000,1000000,-1576782,-4.04303077e-2,-1.57678200e0,0.015000,-0.000122,-14.827500,1,stable,0,0,74.53
0.470000,0.829960,40,3000000,1000000,126117,3.23376923e-3,1.26117000e-1,-0.060000,0.000409,-5961.167500,3,weakly_unstable,0,1,107.31
0.910000,0.968460,40,3000000,1000000,19025,4.87820513e-4,1.90250000e-2,0.086250,0.071449,-313.207500,3,weakly_unstable,0,1,66.37
0.710000,0.990040,40,3000000,1000000,47196,1.21015385e-3,4.71960000e-2,0.878750,0.871027,-77.032500,1,metastable,1,1,63.28
0.450000,0.849320,40,3000000,1000000,121577,3.11735897e-3,1.21577000e-1,0.002500,-0.004376,-5081.357500,3,weakly_unstable,0,1,114.94
0.690000,0.965190,40,3000000,1000000,53340,1.36769231e-3,5.33400000e-2,0.143750,0.025416,-388.927500,3,weakly_unstable,0,1,73.68
0.550000,0.939940,40,3000000,1000000,61255,1.57064103e-3,6.12550000e-2,-0.040000,-0.015095,-1276.042500,3,weakly_unstable,0,1,87.79
1.050000,0.986020,40,3000000,1000000,6480,1.66153846e-4,6.48000000e-3,-0.082500,-0.063440,-80.060000,3,weakly_unstable,0,1,67.17
0.730000,0.967550,40,3000000,1000000,39580,1.01487179e-3,3.95800000e-2,-0.073750,-0.033940,-325.910000,3,weakly_unstable,0,1,71.59
0.750000,0.980790,40,3000000,1000000,32013,8.20846154e-4,3.20130000e-2,0.065000,0.054666,-155.000000,3,weakly_unstable,0,1,70.88
0.710000,0.990540,40,3000000,1000000,12022,3.08256410e-4,1.20220000e-2,-0.891250,-0.868036,-55.767500,1,metastable,1,1,61.92
0.470000,0.880460,40,3000000,1000000,131169,3.36330769e-3,1.31169000e-1,-0.108750,0.045269,-3605.960000,3,weakly_unstable,0,1,107.60
0.470000,0.954460,40,3000000,1000000,-323512,-8.29517949e-3,-3.23512000e-1,0.000000,0.045702,-594.102500,1,stable,0,0,89.82
0.910000,0.968960,40,3000000,1000000,19173,4.91615385e-4,1.91730000e-2,-0.007500,0.070040,-259.382500,3,weakly_unstable,0,1,67.11
0.510000,0.973710,40,3000000,1000000,-342800,-8.78974359e-3,-3.42800000e-1,0.061250,0.078390,-264.342500,1,stable,0,0,78.36
0.630000,0.968130,40,3000000,1000000,45883,1.17648718e-3,4.58830000e-2,0.002500,-0.196489,-478.010000,3,weakly_unstable,0,1,77.60
0.470000,0.996960,40,3000000,1000000,-1616301,-4.14436154e-2,-1.61630100e0,0.032500,-0.007358,-12.020000,1,stable,0,0,75.40
0.450000,0.743820,40,3000000,1000000,96365,2.47089744e-3,9.63650000e-2,-0.306250,-0.090927,-10734.982500,3,weakly_unstable,0,1,115.60
0.690000,0.965690,40,3000000,1000000,48931,1.25464103e-3,4.89310000e-2,0.065000,0.024204,-418.362500,3,weakly_unstable,0,1,72.77
0.470000,0.897960,40,3000000,1000000,120159,3.08100000e-3,1.20159000e-1,-0.008750,-0.034328,-2871.942500,3,weakly_unstable,0,1,108.56
0.470000,0.830460,40,3000000,1000000,113431,2.90848718e-3,1.13431000e-1,-0.046250,0.026618,-5936.727500,3,weakly_unstable,0,1,108.64
1.050000,0.986520,40,3000000,1000000,8091,2.07461538e-4,8.09100000e-3,-0.048750,-0.049898,-53.647500,3,weakly_unstable,0,1,67.06
0.730000,0.968050,40,3000000,1000000,42735,1.09576923e-3,4.27350000e-2,-0.018750,-0.021087,-332.917500,3,weakly_unstable,0,1,71.10
0.710000,0.991040,40,3000000,1000000,38611,9.90025641e-4,3.86110000e-2,-0.852500,-0.864681,-40.382500,1,metastable,1,1,62.49
0.450000,0.849820,40,3000000,1000000,157131,4.02900000e-3,1.57131000e-1,-0.050000,0.007955,-5166.400000,3,weakly_unstable,0,1,115.08
0.750000,0.981290,40,3000000,1000000,34645,8.88333333e-4,3.46450000e-2,0.091250,0.042151,-142.770000,3,weakly_unstable,0,1,70.77
0.910000,0.969460,40,3000000,1000000,16969,4.35102564e-4,1.69690000e-2,-0.017500,0.020727,-207.430000,3,weakly_unstable,0,1,67.87
0.550000,0.940440,40,3000000,1000000,58376,1.49682051e-3,5.83760000e-2,-0.006250,0.048291,-1274.245000,3,weakly_unstable,0,1,87.38
0.510000,0.974210,40,3000000,1000000,-339741,-8.71130769e-3,-3.39741000e-1,-0.088750,-0.087467,-212.945000,1,stable,0,0,78.00
0.630000,0.968630,40,3000000,1000000,36240,9.29230769e-4,3.62400000e-2,-0.126250,-0.119252,-446.445000,3,weakly_unstable,0,1,77.67
0.470000,0.997460,40,3000000,1000000,-1628808,-4.17643077e-2,-1.62880800e0,-0.021250,-0.002135,-7.822500,1,stable,0,0,74.67
0.470000,0.954960,40,3000000,1000000,-260041,-6.66771795e-3,-2.60041000e-1,0.093750,0.108980,-716.182500,1,stable,0,0,90.39
0.470000,0.880960,40,3000000,1000000,142299,3.64869231e-3,1.42299000e-1,-0.040000,-0.177837,-3694.370000,3,weakly_unstable,0,1,106.08
0.690000,0.966190,40,3000000,1000000,47973,1.23007692e-3,4.79730000e-2,-0.012500,0.045722,-421.860000,3,weakly_unstable,0,1,73.28
1.050000,0.987020,40,3000000,1000000,7274,1.86512821e-4,7.27400000e-3,0.027500,0.022082,-28.952500,3,weakly_unstable,0,1,67.27
0.710000,0.991540,40,3000000,1000000,2740,7.02564103e-5,2.74000000e-3,-0.825000,-0.840221,-49.062500,1,metastable,1,1,62.35
0.730000,0.968550,40,3000000,1000000,42429,1.08792308e-3,4.24290000e-2,-0.040000,0.019856,-301.840000,3,weakly_unstable,0,1,71.53
0.750000,0.981790,40,3000000,1000000,30733,7.88025641e-4,3.07330000e-2,0.043750,-0.009559,-148.450000,3,weakly_unstable,0,1,70.62
0.910000,0.969960,40,3000000,1000000,17627,4.51974359e-4,1.76270000e-2,0.133750,0.064515,-171.477500,3,weakly_unstable,0,1,67.47
0.450000,0.744320,40,3000000,1000000,93332,2.39312821e-3,9.33320000e-2,-0.012500,0.009991,-10573.050000,3,weakly_unstable,0,1,116.08
0.470000,0.898460,40,3000000,1000000,125008,3.20533333e-3,1.25008000e-1,-0.035000,0.018150,-2824.710000,3,weakly_unstable,0,1,107.81
0.470000,0.830960,40,3000000,1000000,120804,3.09753846e-3,1.20804000e-1,-0.042500,0.014778,-6017.335000,3,weakly_unstable,0,1,109.82
0.550000,0.940940,40,3000000,1000000,66192,1.69723077e-3,6.61920000e-2,0.211250,0.056189,-1266.712500,3,weakly_unstable,0,1,87.69
0.470000,0.997960,40,3000000,1000000,-1632978,-4.18712308e-2,-1.63297800e0,0.040000,0.006833,-6.255000,1,stable,0,0,74.77
0.510000,0.974710,40,3000000,1000000,-466469,-1.19607436e-2,-4.66469000e-1,0.043750,0.031758,-255.055000,1,stable,0,0,77.93
0.630000,0.969130,40,3000000,1000000,39547,1.01402564e-3,3.95470000e-2,-0.008750,-0.114720,-467.317500,3,weakly_unstable,0,1,78.08
0.450000,0.850320,40,3000000,1000000,161861,4.15028205e-3,1.61861000e-1,0.013750,-0.015197,-4925.757500,3,weakly_unstable,0,1,114.86
0.690000,0.966690,40,3000000,1000000,44390,1.13820513e-3,4.43900000e-2,0.070000,0.049814,-391.992500,3,weakly_unstable,0,1,73.46
0.470000,0.955460,40,3000000,1000000,-301576,-7.73271795e-3,-3.01576000e-1,-0.200000,-0.052565,-596.897500,1,stable,0,0,90.74
0.710000,0.992040,40,3000000,1000000,14651,3.75666667e-4,1.46510000e-2,0.823750,0.822864,-36.592500,1,metastable,1,1,62.60
1.050000,0.987520,40,3000000,1000000,7312,1.87487179e-4,7.31200000e-3,0.002500,0.008724,-27.567500,3,weakly_unstable,0,1,66.53
0.730000,0.969050,40,3000000,1000000,45473,1.16597436e-3,4.54730000e-2,0.062500,0.064959,-311.017500,3,weakly_unstable,0,1,71.80
0.750000,0.982290,40,3000000,1000000,30283,7.76487179e-4,3.02830000e-2,-0.128750,-0.018951,-166.087500,3,weakly_unstable,0,1,71.49
0.910000,0.970460,40,3000000,1000000,19320,4.95384615e-4,1.93200000e-2,0.001250,0.067959,-200.295000,3,weakly_unstable,0,1,67.13
0.470000,0.881460,40,3000000,1000000,111179,2.85074359e-3,1.11179000e-1,0.083750,0.005455,-3518.347500,3,weakly_unstable,0,1,108.32
0.470000,0.998460,40,3000000,1000000,-1644006,-4.21540000e-2,-1.64400600e0,-0.015000,-0.015210,-5.797500,1,stable,0,0,74.64
0.510000,0.975210,40,3000000,1000000,-384530,-9.85974359e-3,-3.84530000e-1,0.027500,0.014121,-195.332500,1,stable,0,0,78.89
0.630000,0.969630,40,3000000,1000000,43253,1.10905128e-3,4.32530000e-2,0.268750,0.185173,-440.102500,3,weakly_unstable,0,1,77.97
0.550000,0.941440,40,3000000,1000000,71916,1.84400000e-3,7.19160000e-2,0.145000,-0.003593,-1202.755000,3,weakly_unstable,0,1,87.86
1.050000,0.988020,40,3000000,1000000,7915,2.02948718e-4,7.91500000e-3,-0.083750,-0.072738,-18.022500,3,weakly_unstable,0,1,67.76
0.690000,0.967190,40,3000000,1000000,43851,1.12438462e-3,4.38510000e-2,-0.053750,-0.130597,-381.707500,3,weakly_unstable,0,1,74.18
0.710000,0.992540,40,3000000,1000000,27948,7.16615385e-4,2.79480000e-2,-0.428750,-0.438900,-26.635000,1,metastable,1,1,72.08
0.470000,0.898960,40,3000000,1000000,107734,2.76241026e-3,1.07734000e-1,0.055000,-0.063495,-2768.582500,3,weakly_unstable,0,1,108.89
0.470000,0.831460,40,3000000,1000000,123037,3.15479487e-3,1.23037000e-1,0.068750,-0.067388,-6037.210000,3,weakly_unstable,0,1,108.62
0.450000,0.744820,40,3000000,1000000,124196,3.18451282e-3,1.24196000e-1,-0.051250,0.061443,-10475.762500,3,weakly_unstable,0,1,117.52
0.910000,0.970960,40,3000000,1000000,16082,4.12358974e-4,1.60820000e-2,-0.115000,-0.095490,-294.120000,3,weakly_unstable,0,1,67.05
0.730000,0.969550,40,3000000,1000000,38374,9.83948718e-4,3.83740000e-2,-0.042500,0.034620,-337.362500,3,weakly_unstable,0,1,71.33
0.750000,0.982790,40,3000000,1000000,27338,7.00974359e-4,2.73380000e-2,0.041250,0.029250,-115.127500,3,weakly_unstable,0,1,70.40
0.470000,0.955960,40,3000000,1000000,-256394,-6.57420513e-3,-2.56394000e-1,-0.050000,-0.080435,-582.647500,1,stable,0,0,92.98
0.450000,0.850820,40,3000000,1000000,164416,4.21579487e-3,1.64416000e-1,0.202500,0.015547,-4985.950000,3,weakly_unstable,0,1,115.70
0.470000,0.998960,40,3000000,1000000,-1681977,-4.31276154e-2,-1.68197700e0,-0.002500,-0.009949,-4.677500,1,stable,0,0,73.96
0.510000,0.975710,40,3000000,1000000,-422675,-1.08378205e-2,-4.22675000e-1,-0.018750,0.030542,-206.915000,1,stable,0,0,77.70
0.630000,0.970130,40,3000000,1000000,34365,8.81153846e-4,3.43650000e-2,0.020000,-0.036874,-417.985000,3,weakly_unstable,0,1,77.91
0.710000,0.993040,40,3000000,1000000,-24267,-6.22230769e-4,-2.42670000e-2,-0.425000,-0.419063,-11.240000,1,chaotic,0,0,62.64
1.050000,0.988520,40,3000000,1000000,7498,1.92256410e-4,7.49800000e-3,-0.130000,-0.096112,-45.185000,3,weakly_unstable,0,1,66.68
0.470000,0.881960,40,3000000,1000000,128961,3.30669231e-3,1.28961000e-1,-0.247500,0.000496,-3471.690000,3,weakly_unstable,0,1,109.03
0.690000,0.967690,40,3000000,1000000,44913,1.15161538e-3,4.49130000e-2,0.140000,0.102527,-398.920000,3,weakly_unstable,0,1,73.44
0.550000,0.941940,40,3000000,1000000,70594,1.81010256e-3,7.05940000e-2,0.011250,-0.062668,-1200.532500,3,weakly_unstable,0,1,87.43
0.910000,0.971460,40,3000000,1000000,18816,4.82461538e-4,1.88160000e-2,-0.095000,-0.096565,-197.882500,3,weakly_unstable,0,1,66.73
0.750000,0.983290,40,3000000,1000000,31116,7.97846154e-4,3.11160000e-2,0.058750,-0.013446,-106.750000,3,weakly_unstable,0,1,69.45
0.730000,0.970050,40,3000000,1000000,48590,1.24589744e-3,4.85900000e-2,-0.052500,-0.017865,-296.350000,3,weakly_unstable,0,1,71.48
0.470000,0.899460,40,3000000,1000000,122332,3.13671795e-3,1.22332000e-1,-0.088750,-0.003586,-2904.415000,3,weakly_unstable,0,1,107.44
0.470000,0.956460,40,3000000,1000000,-319045,-8.18064103e-3,-3.19045000e-1,0.135000,0.017252,-552.370000,1,stable,0,0,90.51
0.470000,0.831960,40,3000000,1000000,127559,3.27074359e-3,1.27559000e-1,-0.042500,-0.091705,-5997.500000,3,weakly_unstable,0,1,108.81
0.450000,0.745320,40,3000000,1000000,125727,3.22376923e-3,1.25727000e-1,-0.005000,-0.005152,-10545.195000,3,weakly_unstable,0,1,115.46
0.470000,0.999460,40,3000000,1000000,-1684179,-4.31840769e-2,-1.68417900e0,0.030000,0.010260,-4.292500,1,stable,0,0,73.87
0.710000,0.993540,40,3000000,1000000,-20772,-5.32615385e-4,-2.07720000e-2,-0.288750,-0.209899,-24.217500,1,stable,0,0,62.15
1.050000,0.989020,40,3000000,1000000,6702,1.71846154e-4,6.70200000e-3,0.121250,0.132327,-45.817500,3,weakly_unstable,0,1,66.13
0.510000,0.976210,40,3000000,1000000,-506514,-1.29875385e-2,-5.06514000e-1,0.020000,0.027169,-235.260000,1,stable,0,0,77.93
0.630000,0.970630,40,3000000,1000000,47420,1.21589744e-3,4.74200000e-2,-0.222500,-0.151669,-399.095000,3,weakly_unstable,0,1,77.80
0.690000,0.968190,40,3000000,1000000,52222,1.33902564e-3,5.22220000e-2,0.097500,0.073726,-377.902500,3,weakly_unstable,0,1,72.85
0.910000,0.971960,40,3000000,1000000,18490,4.74102564e-4,1.84900000e-2,0.031250,0.045960,-248.347500,3,weakly_unstable,0,1,66.24
0.450000,0.851320,40,3000000,1000000,176658,4.52969231e-3,1.76658000e-1,-0.230000,-0.011391,-4841.732500,3,weakly_unstable,0,1,114.55
0.750000,0.983790,40,3000000,1000000,30422,7.80051282e-4,3.04220000e-2,-0.022500,0.029780,-144.872500,3,weakly_unstable,0,1,69.97
0.730000,0.970550,40,3000000,1000000,40491,1.03823077e-3,4.04910000e-2,0.063750,-0.014094,-302.737500,3,weakly_unstable,0,1,70.23
0.550000,0.942440,40,3000000,1000000,60189,1.54330769e-3,6.01890000e-2,-0.142500,-0.034050,-1169.637500,3,weakly_unstable,0,1,87.74
0.470000,0.882460,40,3000000,1000000,156491,4.01258974e-3,1.56491000e-1,-0.045000,-0.020854,-3672.310000,3,weakly_unstable,0,1,106.60
0.710000,0.994040,40,3000000,1000000,-33287,-8.53512821e-4,-3.32870000e-2,0.466250,0.405910,-9.335000,1,chaotic,0,0,61.04
1.050000,0.989520,40,3000000,1000000,6124,1.57025641e-4,6.12400000e-3,0.022500,-0.018100,-31.705000,3,weakly_unstable,0,1,68.03
0.470000,0.999960,40,3000000,1000000,-1709440,-4.38317949e-2,-1.70944000e0,-0.002500,-0.003891,-3.327500,1,stable,0,0,73.30
0.470000,0.956960,40,3000000,1000000,-337777,-8.66094872e-3,-3.37777000e-1,0.130000,0.113857,-509.917500,1,stable,0,0,91.34
0.910000,0.972460,40,3000000,1000000,19482,4.99538462e-4,1.94820000e-2,0.051250,-0.007138,-270.547500,3,weakly_unstable,0,1,67.68
0.470000,0.899960,40,3000000,1000000,114761,2.94258974e-3,1.14761000e-1,0.052500,0.018210,-2825.760000,3,weakly_unstable,0,1,107.02
0.510000,0.976710,40,3000000,1000000,-481345,-1.23421795e-2,-4.81345000e-1,-0.021250,-0.035160,-207.267500,1,stable,0,0,78.67
0.690000,0.968690,40,3000000,1000000,48991,1.25617949e-3,4.89910000e-2,0.150000,0.041295,-355.092500,3,weakly_unstable,0,1,74.33
0.630000,0.971130,40,3000000,1000000,40223,1.03135897e-3,4.02230000e-2,-0.127500,-0.184919,-454.050000,3,weakly_unstable,0,1,79.36
0.470000,0.832460,40,3000000,1000000,127972,3.28133333e-3,1.27972000e-1,0.146250,0.003456,-5957.020000,3,weakly_unstable,0,1,109.32
0.750000,0.984290,40,3000000,1000000,30296,7.76820513e-4,3.02960000e-2,0.085000,0.060640,-115.690000,3,weakly_unstable,0,1,70.43
0.730000,0.971050,40,3000000,1000000,40894,1.04856410e-3,4.08940000e-2,-0.002500,-0.053094,-307.680000,3,weakly_unstable,0,1,70.94
0.450000,0.745820,40,3000000,1000000,106323,2.72623077e-3,1.06323000e-1,0.018750,0.026369,-10430.330000,3,weakly_unstable,0,1,117.24
0.710000,0.994540,40,3000000,1000000,-21854,-5.60358974e-4,-2.18540000e-2,0.167500,0.237485,-16.205000,1,stable,0,0,62.69
0.550000,0.942940,40,3000000,1000000,60372,1.54800000e-3,6.03720000e-2,0.115000,0.048704,-1169.182500,3,weakly_unstable,0,1,88.45
1.050000,0.990020,40,3000000,1000000,5849,1.49974359e-4,5.84900000e-3,0.052500,0.023997,-60.475000,3,weakly_unstable,0,1,66.30
0.450000,0.851820,40,3000000,1000000,155922,3.99800000e-3,1.55922000e-1,-0.108750,-0.015917,-4914.880000,3,weakly_unstable,0,1,116.19
0.470000,1.000000,40,3000000,1000000,-1717245,-4.40319231e-2,-1.71724500e0,0.015000,-0.004514,-3.530000,1,stable,0,0,73.47
0.470000,0.882960,40,3000000,1000000,135557,3.47582051e-3,1.35557000e-1,0.033750,0.012006,-3616.957500,3,weakly_unstable,0,1,106.77
0.910000,0.972960,40,3000000,1000000,18774,4.81384615e-4,1.87740000e-2,-0.027500,-0.033013,-184.367500,3,weakly_unstable,0,1,66.98
0.470000,0.957460,40,3000000,1000000,-376699,-9.65894872e-3,-3.76699000e-1,-0.036250,-0.051650,-621.842500,1,stable,0,0,87.82
0.690000,0.969190,40,3000000,1000000,44622,1.14415385e-3,4.46220000e-2,-0.103750,0.020326,-355.275000,3,weakly_unstable,0,1,72.91
0.510000,0.977210,40,3000000,1000000,-483705,-1.24026923e-2,-4.83705000e-1,0.030000,0.097603,-182.940000,1,stable,0,0,78.58
0.630000,0.971630,40,3000000,1000000,35649,9.14076923e-4,3.56490000e-2,0.060000,-0.098051,-389.730000,3,weakly_unstable,0,1,78.11
0.750000,0.984790,40,3000000,1000000,31116,7.97846154e-4,3.11160000e-2,0.048750,0.018619,-106.177500,3,weakly_unstable,0,1,71.44
0.730000,0.971550,40,3000000,1000000,37008,9.48923077e-4,3.70080000e-2,0.035000,0.031996,-282.685000,3,weakly_unstable,0,1,71.70
0.710000,0.995040,40,3000000,1000000,-90116,-2.31066667e-3,-9.01160000e-2,0.021250,-0.016435,-15.230000,1,stable,0,0,61.37
0.470000,0.900460,40,3000000,1000000,116463,2.98623077e-3,1.16463000e-1,0.073750,-0.006069,-2753.935000,3,weakly_unstable,0,1,106.34
1.050000,0.990520,40,3000000,1000000,5977,1.53256410e-4,5.97700000e-3,-0.123750,-0.109277,-17.540000,3,weakly_unstable,0,1,66.41
0.470000,0.832960,40,3000000,1000000,124204,3.18471795e-3,1.24204000e-1,-0.036250,0.059034,-5965.192500,3,weakly_unstable,0,1,107.85
0.550000,0.943440,40,3000000,1000000,64782,1.66107692e-3,6.47820000e-2,-0.207500,-0.103285,-1206.667500,3,weakly_unstable,0,1,88.12
0.910000,0.973460,40,3000000,1000000,18424,4.72410256e-4,1.84240000e-2,-0.062500,0.007370,-128.140000,3,weakly_unstable,0,1,66.84
0.450000,0.746320,40,3000000,1000000,111131,2.84951282e-3,1.11131000e-1,-0.147500,-0.049828,-10332.047500,3,weakly_unstable,0,1,118.11
0.690000,0.969690,40,3000000,1000000,53458,1.37071795e-3,5.34580000e-2,0.106250,0.101723,-325.287500,3,weakly_unstable,0,1,73.39
0.750000,0.985290,40,3000000,1000000,24716,6.33743590e-4,2.47160000e-2,0.158750,0.154861,-136.100000,3,weakly_unstable,0,1,69.57
0.730000,0.972050,40,3000000,1000000,40598,1.04097436e-3,4.05980000e-2,-0.027500,0.004747,-303.697500,3,weakly_unstable,0,1,70.16
0.710000,0.995540,40,3000000,1000000,-77085,-1.97653846e-3,-7.70850000e-2,-0.225000,-0.259829,-6.427500,1,stable,0,0,60.73
0.490000,0.866520,40,3000000,1000000,93466,2.39656410e-3,9.34660000e-2,-0.136250,-0.009997,-4181.195000,3,weakly_unstable,0,1,100.81
0.510000,0.977710,40,3000000,1000000,-448412,-1.14977436e-2,-4.48412000e-1,-0.077500,-0.111426,-154.355000,1,stable,0,0,78.99
0.630000,0.972130,40,3000000,1000000,48367,1.24017949e-3,4.83670000e-2,-0.017500,-0.110637,-402.797500,3,weakly_unstable,0,1,78.76
0.470000,0.957960,40,3000000,1000000,-391108,-1.00284103e-2,-3.91108000e-1,-0.142500,-0.155134,-589.855000,1,stable,0,0,90.13
0.450000,0.852320,40,3000000,1000000,139182,3.56876923e-3,1.39182000e-1,-0.047500,-0.008394,-4969.277500,3,weakly_unstable,0,1,116.67
0.470000,0.883460,40,3000000,1000000,117679,3.01741026e-3,1.17679000e-1,-0.016250,-0.017928,-3490.545000,3,weakly_unstable,0,1,107.73
1.050000,0.991020,40,3000000,1000000,7226,1.85282051e-4,7.22600000e-3,-0.052500,-0.059352,-20.495000,3,weakly_unstable,0,1,65.72
0.910000,0.973960,40,3000000,1000000,17963,4.60589744e-4,1.79630000e-2,0.007500,0.050963,-154.702500,3,weakly_unstable,0,1,65.87
0.550000,0.943940,40,3000000,1000000,68200,1.74871795e-3,6.82000000e-2,0.090000,-0.001141,-1233.350000,3,weakly_unstable,0,1,87.58
0.470000,0.900960,40,3000000,1000000,119059,3.05279487e-3,1.19059000e-1,-0.103750,-0.023786,-2744.830000,3,weakly_unstable,0,1,108.52
0.710000,0.996040,40,3000000,1000000,-128799,-3.30253846e-3,-1.28799000e-1,0.016250,-0.047159,-17.835000,1,stable,0,0,61.30
0.690000,0.970190,40,3000000,1000000,43202,1.10774359e-3,4.32020000e-2,0.050000,-0.049135,-363.485000,3,weakly_unstable,0,1,73.16
0.750000,0.985790,40,3000000,1000000,21687,5.56076923e-4,2.16870000e-2,-0.047500,-0.013107,-95.210000,3,weakly_unstable,0,1,70.01
0.470000,0.833460,40,3000000,1000000,142808,3.66174359e-3,1.42808000e-1,-0.068750,-0.012975,-5860.575000,3,weakly_unstable,0,1,107.58
0.730000,0.972550,40,3000000,1000000,43623,1.11853846e-3,4.36230000e-2,-0.035000,0.080620,-243.777500,3,weakly_unstable,0,1,71.04
0.510000,0.978210,40,3000000,1000000,-464593,-1.19126410e-2,-4.64593000e-1,-0.042500,0.039450,-166.287500,1,stable,0,0,77.41
0.630000,0.972630,40,3000000,1000000,38183,9.79051282e-4,3.81830000e-2,-0.057500,0.034272,-372.342500,3,weakly_unstable,0,1,79.68
1.050000,0.991520,40,3000000,1000000,6077,1.55820513e-4,6.07700000e-3,-0.047500,-0.052105,-14.377500,3,weakly_unstable,0,1,66.79
0.470000,0.958460,40,3000000,1000000,-368467,-9.44787179e-3,-3.68467000e-1,-0.063750,-0.008684,-553.395000,1,stable,0,0,89.27
0.490000,0.867020,40,3000000,1000000,106219,2.72356410e-3,1.06219000e-1,0.062500,0.046491,-4191.972500,3,weakly_unstable,0,1,100.21
0.450000,0.746820,40,3000000,1000000,102709,2.63356410e-3,1.02709000e-1,0.105000,-0.068389,-10393.322500,3,weakly_unstable,0,1,116.63
0.910000,0.974460,40,3000000,1000000,18655,4.78333333e-4,1.86550000e-2,0.060000,0.027642,-181.372500,3,weakly_unstable,0,1,67.28
0.710000,0.996540,40,3000000,1000000,-96017,-2.46197436e-3,-9.60170000e-2,0.067500,0.047451,-5.605000,1,stable,0,0,62.03
0.450000,0.852820,40,3000000,1000000,152916,3.92092308e-3,1.52916000e-1,0.128750,-0.019946,-5038.510000,3,weakly_unstable,0,1,114.09
0.470000,0.883960,40,3000000,1000000,118859,3.04766667e-3,1.18859000e-1,-0.050000,-0.048627,-3549.865000,3,weakly_unstable,0,1,108.29
0.750000,0.986290,40,3000000,1000000,28216,7.23487179e-4,2.82160000e-2,0.135000,0.182802,-83.527500,3,weakly_unstable,0,1,70.19
0.690000,0.970690,40,3000000,1000000,43530,1.11615385e-3,4.35300000e-2,-0.011250,0.014774,-325.750000,3,weakly_unstable,0,1,73.43
0.730000,0.973050,40,3000000,1000000,38322,9.82615385e-4,3.83220000e-2,-0.012500,-0.035864,-340.000000,3,weakly_unstable,0,1,71.82
0.550000,0.944440,40,3000000,1000000,67515,1.73115385e-3,6.75150000e-2,0.156250,0.043879,-1052.742500,3,weakly_unstable,0,1,88.77
0.510000,0.978710,40,3000000,1000000,-502078,-1.28737949e-2,-5.02078000e-1,-0.155000,-0.150470,-138.247500,1,stable,0,0,76.81
1.050000,0.992020,40,3000000,1000000,6058,1.55333333e-4,6.05800000e-3,-0.102500,-0.070061,-43.750000,3,weakly_unstable,0,1,65.64
0.630000,0.973130,40,3000000,1000000,34954,8.96256410e-4,3.49540000e-2,-0.041250,-0.109856,-363.532500,3,weakly_unstable,0,1,79.59
0.470000,0.901460,40,3000000,1000000,112421,2.88258974e-3,1.12421000e-1,-0.088750,-0.012072,-2651.805000,3,weakly_unstable,0,1,107.87
0.470000,0.833960,40,3000000,1000000,119584,3.06625641e-3,1.19584000e-1,-0.042500,0.034293,-5825.555000,3,weakly_unstable,0,1,108.05
0.910000,0.974960,40,3000000,1000000,16047,4.11461538e-4,1.60470000e-2,0.090000,0.048717,-166.565000,3,weakly_unstable,0,1,67.00
0.790000,0.996150,40,3000000,1000000,-2134,-5.47179487e-5,-2.13400000e-3,-0.397500,-0.387281,-5.395000,1,stable,0,0,60.11
0.470000,0.958960,40,3000000,1000000,-388127,-9.95197436e-3,-3.88127000e-1,-0.071250,-0.039068,-465.145000,1,stable,0,0,88.67
0.490000,0.867520,40,3000000,1000000,97260,2.49384615e-3,9.72600000e-2,-0.107500,-0.022396,-4292.837500,3,weakly_unstable,0,1,101.32
0.750000,0.986790,40,3000000,1000000,24733,6.34179487e-4,2.47330000e-2,0.055000,0.085335,-78.970000,3,weakly_unstable,0,1,71.39
0.690000,0.971190,40,3000000,1000000,43079,1.10458974e-3,4.30790000e-2,0.161250,0.020587,-363.592500,3,weakly_unstable,0,1,73.01
0.730000,0.973550,40,3000000,1000000,41355,1.06038462e-3,4.13550000e-2,-0.048750,-0.074106,-266.275000,3,weakly_unstable,0,1,70.49
0.450000,0.747320,40,3000000,1000000,120082,3.07902564e-3,1.20082000e-1,0.087500,-0.012423,-10370.750000,3,weakly_unstable,0,1,116.89
1.050000,0.992520,40,3000000,1000000,5146,1.31948718e-4,5.14600000e-3,0.145000,0.141905,-18.090000,3,weakly_unstable,0,1,67.66
0.510000,0.979210,40,3000000,1000000,-523767,-1.34299231e-2,-5.23767000e-1,-0.135000,-0.113807,-168.630000,1,stable,0,0,75.52
0.470000,0.884460,40,3000000,1000000,109791,2.81515385e-3,1.09791000e-1,0.041250,0.019249,-3542.012500,3,weakly_unstable,0,1,109.00
0.550000,0.944940,40,3000000,1000000,74391,1.90746154e-3,7.43910000e-2,0.235000,0.078781,-1180.897500,3,weakly_unstable,0,1,88.50
0.630000,0.973630,40,3000000,1000000,29695,7.61410256e-4,2.96950000e-2,-0.105000,0.015434,-348.435000,3,weakly_unstable,0,1,79.29
0.450000,0.853320,40,3000000,1000000,129220,3.31333333e-3,1.29220000e-1,0.143750,-0.005186,-4890.935000,3,weakly_unstable,0,1,118.46
0.790000,0.996650,40,3000000,1000000,-2648,-6.78974359e-5,-2.64800000e-3,-0.650000,-0.622532,-2.850000,1,chaotic,0,0,60.28
0.910000,0.975460,40,3000000,1000000,16837,4.31717949e-4,1.68370000e-2,-0.131250,-0.124281,-149.515000,3,weakly_unstable,0,1,66.51
0.470000,0.959460,40,3000000,1000000,-383944,-9.84471795e-3,-3.83944000e-1,-0.018750,-0.026819,-527.342500,1,stable,0,0,87.20
0.470000,0.901960,40,3000000,1000000,105281,2.69951282e-3,1.05281000e-1,0.143750,0.027954,-2700.005000,3,weakly_unstable,0,1,108.32
0.750000,0.987290,40,3000000,1000000,20368,5.22256410e-4,2.03680000e-2,0.068750,0.094872,-112.722500,3,weakly_unstable,0,1,70.96
0.470000,0.834460,40,3000000,1000000,148614,3.81061538e-3,1.48614000e-1,-0.032500,0.034554,-5882.757500,3,weakly_unstable,0,1,108.18
0.730000,0.974050,40,3000000,1000000,34396,8.81948718e-4,3.43960000e-2,-0.030000,-0.034856,-225.017500,3,weakly_unstable,0,1,70.57
0.690000,0.971690,40,3000000,1000000,48614,1.24651282e-3,4.86140000e-2,0.063750,0.060809,-339.155000,3,weakly_unstable,0,1,73.78
1.050000,0.993020,40,3000000,1000000,6213,1.59307692e-4,6.21300000e-3,0.028750,0.036897,-19.372500,3,weakly_unstable,0,1,67.49
0.790000,0.997150,40,3000000,1000000,-55360,-1.41948718e-3,-5.53600000e-2,0.668750,0.659905,-2.922500,1,chaotic,0,0,59.99
0.490000,0.868020,40,3000000,1000000,110235,2.82653846e-3,1.10235000e-1,0.007500,-0.015906,-4208.905000,3,weakly_unstable,0,1,100.89
0.510000,0.979710,40,3000000,1000000,-528508,-1.35514872e-2,-5.28508000e-1,0.031250,0.021614,-155.870000,1,stable,0,0,75.57
0.910000,0.975960,40,3000000,1000000,16929,4.34076923e-4,1.69290000e-2,-0.051250,-0.060514,-148.310000,3,weakly_unstable,0,1,66.36
0.630000,0.974130,40,3000000,1000000,22647,5.80692308e-4,2.26470000e-2,0.041250,0.098886,-380.180000,3,weakly_unstable,0,1,80.04
0.550000,0.945440,40,3000000,1000000,73780,1.89179487e-3,7.37800000e-2,-0.140000,-0.131614,-1110.297500,3,weakly_unstable,0,1,89.05
0.450000,0.747820,40,3000000,1000000,106369,2.72741026e-3,1.06369000e-1,-0.207500,-0.005800,-10223.827500,3,weakly_unstable,0,1,116.34
0.470000,0.884960,40,3000000,1000000,115737,2.96761538e-3,1.15737000e-1,-0.122500,-0.020847,-3458.085000,3,weakly_unstable,0,1,107.23
0.750000,0.987790,40,3000000,1000000,17349,4.44846154e-4,1.73490000e-2,0.011250,0.037671,-94.782500,3,weakly_unstable,0,1,72.47
0.730000,0.974550,40,3000000,1000000,41266,1.05810256e-3,4.12660000e-2,0.113750,0.051377,-271.672500,3,weakly_unstable,0,1,71.65
0.450000,0.853820,40,3000000,1000000,157998,4.05123077e-3,1.57998000e-1,-0.203750,-0.049740,-4825.232500,3,weakly_unstable,0,1,115.42
0.690000,0.972190,40,3000000,1000000,45207,1.15915385e-3,4.52070000e-2,-0.086250,-0.076749,-335.700000,3,weakly_unstable,0,1,73.48
1.050000,0.993520,40,3000000,1000000,5209,1.33564103e-4,5.20900000e-3,0.180000,0.164466,-11.407500,3,weakly_unstable,0,1,67.59
0.470000,0.959960,40,3000000,1000000,-401977,-1.03071026e-2,-4.01977000e-1,0.193750,0.116902,-492.662500,1,stable,0,0,89.70
0.790000,0.997650,40,3000000,1000000,-47139,-1.20869231e-3,-4.71390000e-2,-0.595000,-0.605082,-4.940000,1,chaotic,0,0,60.13
0.910000,0.976460,40,3000000,1000000,19779,5.07153846e-4,1.97790000e-2,0.111250,0.105475,-143.430000,3,weakly_unstable,0,1,66.64
0.470000,0.902460,40,3000000,1000000,126812,3.25158974e-3,1.26812000e-1,0.012500,-0.047073,-2607.325000,3,weakly_unstable,0,1,108.00
0.510000,0.980210,40,3000000,1000000,-568130,-1.45674359e-2,-5.68130000e-1,0.016250,0.058768,-172.172500,1,stable,0,0,76.46
0.470000,0.834960,40,3000000,1000000,113110,2.90025641e-3,1.13110000e-1,-0.271250,-0.005721,-5766.195000,3,weakly_unstable,0,1,109.60
0.630000,0.974630,40,3000000,1000000,37573,9.63410256e-4,3.75730000e-2,0.096250,0.029025,-328.127500,3,weakly_unstable,0,1,79.07
0.490000,0.868520,40,3000000,1000000,111012,2.84646154e-3,1.11012000e-1,-0.036250,0.036454,-4248.270000,3,weakly_unstable,0,1,102.10
0.550000,0.945940,40,3000000,1000000,65932,1.69056410e-3,6.59320000e-2,-0.071250,-0.003307,-1096.805000,3,weakly_unstable,0,1,89.49
0.750000,0.988290,40,3000000,1000000,18542,4.75435897e-4,1.85420000e-2,-0.223750,-0.197768,-91.950000,3,weakly_unstable,0,1,71.27
0.790000,0.998150,40,3000000,1000000,-60704,-1.55651282e-3,-6.07040000e-2,0.120000,0.120984,-2.185000,1,stable,0,0,59.62
0.730000,0.975050,40,3000000,1000000,37869,9.71000000e-4,3.78690000e-2,-0.076250,0.071106,-221.222500,3,weakly_unstable,0,1,70.68
1.050000,0.994020,40,3000000,1000000,5584,1.43179487e-4,5.58400000e-3,0.051250,0.081522,-19.222500,3,weakly_unstable,0,1,67.42
0.690000,0.972690,40,3000000,1000000,45769,1.17356410e-3,4.57690000e-2,0.216250,0.115998,-325.727500,3,weakly_unstable,0,1,74.11
0.910000,0.976960,40,3000000,1000000,19749,5.06384615e-4,1.97490000e-2,-0.006250,-0.033267,-123.437500,3,weakly_unstable,0,1,67.70
0.470000,0.885460,40,3000000,1000000,123688,3.17148718e-3,1.23688000e-1,-0.110000,-0.016145,-3398.322500,3,weakly_unstable,0,1,107.92
0.470000,0.960460,40,3000000,1000000,-427704,-1.09667692e-2,-4.27704000e-1,0.057500,-0.036056,-481.377500,1,stable,0,0,87.37
0.450000,0.748320,40,3000000,1000000,110630,2.83666667e-3,1.10630000e-1,-0.268750,-0.025831,-10370.500000,3,weakly_unstable,0,1,117.89
0.510000,0.980710,40,3000000,1000000,-611325,-1.56750000e-2,-6.11325000e-1,-0.013750,0.014252,-177.245000,1,stable,0,0,77.00
0.450000,0.854320,40,3000000,1000000,152789,3.91766667e-3,1.52789000e-1,-0.040000,-0.041009,-4862.410000,3,weakly_unstable,0,1,116.64
0.630000,0.975130,40,3000000,1000000,35182,9.02102564e-4,3.51820000e-2,0.247500,0.203045,-351.552500,3,weakly_unstable,0,1,79.32
0.790000,0.998650,40,3000000,1000000,-69707,-1.78735897e-3,-6.97070000e-2,0.191250,0.154118,-2.177500,1,stable,0,0,59.55
0.470000,0.902960,40,3000000,1000000,121773,3.12238462e-3,1.21773000e-1,-0.121250,-0.053241,-2545.217500,3,weakly_unstable,0,1,107.76
0.750000,0.988790,40,3000000,1000000,20705,5.30897436e-4,2.07050000e-2,-0.053750,-0.140955,-81.707500,3,weakly_unstable,0,1,71.39
1.050000,0.994520,40,3000000,1000000,5442,1.39538462e-4,5.44200000e-3,0.028750,0.039067,-14.595000,3,weakly_unstable,0,1,67.26
0.470000,0.835460,40,3000000,1000000,127650,3.27307692e-3,1.27650000e-1,0.021250,0.038189,-5710.820000,3,weakly_unstable,0,1,110.48
0.550000,0.946440,40,3000000,1000000,77967,1.99915385e-3,7.79670000e-2,0.045000,-0.037548,-1102.202500,3,weakly_unstable,0,1,89.87
0.490000,0.869020,40,3000000,1000000,103815,2.66192308e-3,1.03815000e-1,-0.097500,-0.064960,-4129.895000,3,weakly_unstable,0,1,100.89
0.690000,0.973190,40,3000000,1000000,39197,1.00505128e-3,3.91970000e-2,0.188750,0.120706,-267.025000,3,weakly_unstable,0,1,73.89
0.910000,0.977460,40,3000000,1000000,16331,4.18743590e-4,1.63310000e-2,0.110000,0.025147,-114.372500,3,weakly_unstable,0,1,68.38
0.530000,0.915650,40,3000000,1000000,81782,2.09697436e-3,8.17820000e-2,0.030000,0.056798,-2112.807500,3,weakly_unstable,0,1,90.42
0.470000,0.960960,40,3000000,1000000,-469722,-1.20441538e-2,-4.69722000e-1,0.002500,-0.021720,-512.417500,1,stable,0,0,87.08
0.510000,0.981210,40,3000000,1000000,-598960,-1.53579487e-2,-5.98960000e-1,0.068750,0.016549,-127.582500,1,stable,0,0,75.84
0.790000,0.999150,40,3000000,1000000,-98856,-2.53476923e-3,-9.88560000e-2,0.093750,0.054315,-2.090000,1,stable,0,0,59.38
0.470000,0.885960,40,3000000,1000000,121989,3.12792308e-3,1.21989000e-1,0.040000,-0.006135,-3447.695000,3,weakly_unstable,0,1,107.25
1.050000,0.995020,40,3000000,1000000,5331,1.36692308e-4,5.33100000e-3,-0.087500,-0.104417,-20.930000,3,weakly_unstable,0,1,63.85
0.630000,0.975630,40,3000000,1000000,31925,8.18589744e-4,3.19250000e-2,-0.031250,0.095473,-335.987500,3,weakly_unstable,0,1,79.79
0.750000,0.989290,40,3000000,1000000,14454,3.70615385e-4,1.44540000e-2,0.150000,0.224980,-80.357500,3,weakly_unstable,0,1,71.40
0.450000,0.748820,40,3000000,1000000,111400,2.85641026e-3,1.11400000e-1,-0.166250,-0.027390,-10308.225000,3,weakly_unstable,0,1,117.51
0.910000,0.977960,40,3000000,1000000,19495,4.99871795e-4,1.94950000e-2,0.046250,0.049016,-142.450000,3,weakly_unstable,0,1,66.93
0.690000,0.973690,40,3000000,1000000,45305,1.16166667e-3,4.53050000e-2,0.111250,-0.050406,-282.602500,3,weakly_unstable,0,1,73.63
0.450000,0.854820,40,3000000,1000000,155997,3.99992308e-3,1.55997000e-1,-0.022500,0.039685,-4747.700000,3,weakly_unstable,0,1,115.10
0.550000,0.946940,40,3000000,1000000,70384,1.80471795e-3,7.03840000e-2,0.038750,-0.053164,-1046.330000,3,weakly_unstable,0,1,86.77
0.470000,0.903460,40,3000000,1000000,124824,3.20061538e-3,1.24824000e-1,-0.073750,-0.092711,-2637.950000,3,weakly_unstable,0,1,108.88
0.790000,0.999650,40,3000000,1000000,-116718,-2.99276923e-3,-1.16718000e-1,0.075000,0.046860,-1.957500,1,stable,0,0,58.92
0.490000,0.869520,40,3000000,1000000,114591,2.93823077e-3,1.14591000e-1,-0.050000,0.011112,-4102.132500,3,weakly_unstable,0,1,100.18
0.530000,0.916150,40,3000000,1000000,72673,1.86341026e-3,7.26730000e-2,-0.202500,-0.005830,-2162.867500,3,weakly_unstable,0,1,90.57
0.470000,0.835960,40,3000000,1000000,114717,2.94146154e-3,1.14717000e-1,-0.127500,0.002033,-5563.322500,3,weakly_unstable,0,1,107.36
0.510000,0.981710,40,3000000,1000000,-651878,-1.67148205e-2,-6.51878000e-1,0.028750,0.011189,-102.172500,1,stable,0,0,75.88
1.050000,0.995520,40,3000000,1000000,6557,1.68128205e-4,6.55700000e-3,0.043750,0.078039,-13.442500,3,weakly_unstable,0,1,64.63
0.470000,0.961460,40,3000000,1000000,-492598,-1.26307179e-2,-4.92598000e-1,0.101250,0.048935,-492.977500,1,stable,0,0,87.20
0.750000,0.989790,40,3000000,1000000,21525,5.51923077e-4,2.15250000e-2,0.338750,0.265480,-71.100000,3,weakly_unstable,0,1,71.67
0.630000,0.976130,40,3000000,1000000,28890,7.40769231e-4,2.88900000e-2,-0.021250,0.064792,-320.007500,3,weakly_unstable,0,1,80.14
0.910000,0.978460,40,3000000,1000000,17794,4.56256410e-4,1.77940000e-2,-0.082500,-0.096072,-147.420000,3,weakly_unstable,0,1,66.79
0.690000,0.974190,40,3000000,1000000,35223,9.03153846e-4,3.52230000e-2,-0.011250,-0.036104,-308.525000,3,weakly_unstable,0,1,73.55
0.790000,1.000000,40,3000000,1000000,-127772,-3.27620513e-3,-1.27772000e-1,0.010000,0.013330,-1.922500,1,stable,0,0,58.81
0.470000,0.886460,40,3000000,1000000,135583,3.47648718e-3,1.35583000e-1,-0.001250,-0.048617,-3403.877500,3,weakly_unstable,0,1,106.32
0.550000,0.947440,40,3000000,1000000,63604,1.63087179e-3,6.36040000e-2,0.001250,0.094193,-996.275000,3,weakly_unstable,0,1,89.61
0.450000,0.749320,40,3000000,1000000,118343,3.03443590e-3,1.18343000e-1,-0.128750,-0.015058,-10026.485000,3,weakly_unstable,0,1,115.71
1.050000,0.996020,40,3000000,1000000,4342,1.11333333e-4,4.34200000e-3,-0.170000,-0.199579,-8.145000,3,weakly_unstable,0,1,64.95
0.510000,0.982210,40,3000000,1000000,-648687,-1.66330000e-2,-6.48687000e-1,-0.037500,-0.030892,-133.095000,1,stable,0,0,76.17
0.530000,0.916650,40,3000000,1000000,90114,2.31061538e-3,9.01140000e-2,0.016250,0.051281,-2125.282500,3,weakly_unstable,0,1,90.12
0.450000,0.855320,40,3000000,1000000,159744,4.09600000e-3,1.59744000e-1,-0.178750,0.005674,-4724.172500,3,weakly_unstable,0,1,114.47
0.490000,0.870020,40,3000000,1000000,104899,2.68971795e-3,1.04899000e-1,-0.223750,-0.089560,-3983.202500,3,weakly_unstable,0,1,101.62
0.470000,0.903960,40,3000000,1000000,124847,3.20120513e-3,1.24847000e-1,0.100000,0.027978,-2612.060000,3,weakly_unstable,0,1,108.60
0.750000,0.990290,40,3000000,1000000,11571,2.96692308e-4,1.15710000e-2,-0.090000,-0.015080,-66.232500,3,weakly_unstable,0,1,71.30
0.470000,0.961960,40,3000000,1000000,-472380,-1.21123077e-2,-4.72380000e-1,0.075000,0.089123,-507.077500,1,stable,0,0,87.53
0.910000,0.978960,40,3000000,1000000,17099,4.38435897e-4,1.70990000e-2,-0.118750,-0.111117,-144.995000,3,weakly_unstable,0,1,66.51
0.470000,0.836460,40,3000000,1000000,131182,3.36364103e-3,1.31182000e-1,0.030000,0.040524,-5561.192500,3,weakly_unstable,0,1,107.93
0.630000,0.976630,40,3000000,1000000,24294,6.22923077e-4,2.42940000e-2,0.042500,0.050104,-305.777500,3,weakly_unstable,0,1,79.25
0.690000,0.974690,40,3000000,1000000,35847,9.19153846e-4,3.58470000e-2,0.090000,0.191192,-262.672500,3,weakly_unstable,0,1,73.65
0.810000,0.966350,40,3000000,1000000,26294,6.74205128e-4,2.62940000e-2,-0.038750,0.014585,-320.267500,3,weakly_unstable,0,1,69.32
1.050000,0.996520,40,3000000,1000000,4357,1.11717949e-4,4.35700000e-3,-0.116250,-0.131581,-3.012500,3,weakly_unstable,0,1,65.11
0.510000,0.982710,40,3000000,1000000,-682587,-1.75022308e-2,-6.82587000e-1,-0.050000,0.003758,-121.602500,1,stable,0,0,76.72
0.470000,0.886960,40,3000000,1000000,150624,3.86215385e-3,1.50624000e-1,-0.007500,-0.041434,-3353.052500,3,weakly_unstable,0,1,107.27
0.750000,0.990790,40,3000000,1000000,37868,9.70974359e-4,3.78680000e-2,0.893750,0.897950,-62.280000,1,metastable,1,1,61.33
0.550000,0.947940,40,3000000,1000000,62198,1.59482051e-3,6.21980000e-2,-0.093750,-0.065923,-1014.465000,3,weakly_unstable,0,1,89.99
0.910000,0.979460,40,3000000,1000000,17384,4.45743590e-4,1.73840000e-2,-0.115000,-0.076040,-115.497500,3,weakly_unstable,0,1,67.26
0.530000,0.917150,40,3000000,1000000,88431,2.26746154e-3,8.84310000e-2,0.050000,0.141493,-2144.512500,3,weakly_unstable,0,1,92.42
0.470000,0.962460,40,3000000,1000000,-478135,-1.22598718e-2,-4.78135000e-1,-0.147500,-0.064479,-555.252500,1,stable,0,0,87.17
0.810000,0.966850,40,3000000,1000000,30321,7.77461538e-4,3.03210000e-2,-0.008750,-0.017231,-385.890000,3,weakly_unstable,0,1,70.12
0.630000,0.977130,40,3000000,1000000,29525,7.57051282e-4,2.95250000e-2,0.106250,0.056496,-293.782500,3,weakly_unstable,0,1,79.85
0.690000,0.975190,40,3000000,1000000,34906,8.95025641e-4,3.49060000e-2,-0.051250,0.028341,-305.230000,3,weakly_unstable,0,1,73.53
0.450000,0.749820,40,3000000,1000000,109838,2.81635897e-3,1.09838000e-1,0.305000,-0.057374,-10187.417500,3,weakly_unstable,0,1,117.19
0.490000,0.870520,40,3000000,1000000,118585,3.04064103e-3,1.18585000e-1,0.016250,-0.017274,-4096.775000,3,weakly_unstable,0,1,101.62
0.470000,0.904460,40,3000000,1000000,105417,2.70300000e-3,1.05417000e-1,0.000000,0.047977,-2626.832500,3,weakly_unstable,0,1,109.90
1.050000,0.997020,40,3000000,1000000,4838,1.24051282e-4,4.83800000e-3,0.133750,0.153467,-5.545000,3,weakly_unstable,0,1,66.81
0.450000,0.855820,40,3000000,1000000,152321,3.90566667e-3,1.52321000e-1,-0.031250,-0.057670,-4714.967500,3,weakly_unstable,0,1,115.83
0.470000,0.836960,40,3000000,1000000,134204,3.44112821e-3,1.34204000e-1,0.041250,-0.045881,-5738.632500,3,weakly_unstable,0,1,110.57
0.510000,0.983210,40,3000000,1000000,-644260,-1.65194872e-2,-6.44260000e-1,0.013750,0.078446,-109.842500,1,stable,0,0,76.61
0.750000,0.991290,40,3000000,1000000,12177,3.12230769e-4,1.21770000e-2,-0.016250,-0.128714,-56.472500,3,weakly_unstable,0,1,73.75
0.910000,0.979960,40,3000000,1000000,20070,5.14615385e-4,2.00700000e-2,0.041250,0.026263,-111.150000,3,weakly_unstable,0,1,69.35
0.550000,0.948440,40,3000000,1000000,55194,1.41523077e-3,5.51940000e-2,0.068750,0.092707,-968.285000,3,weakly_unstable,0,1,89.93
0.810000,0.967350,40,3000000,1000000,28013,7.18282051e-4,2.80130000e-2,0.052500,0.011829,-333.035000,3,weakly_unstable,0,1,70.51
0.690000,0.975690,40,3000000,1000000,36564,9.37538462e-4,3.65640000e-2,0.068750,-0.025302,-298.530000,3,weakly_unstable,0,1,74.94
0.470000,0.887460,40,3000000,1000000,126460,3.24256410e-3,1.26460000e-1,-0.022500,0.006386,-3257.087500,3,weakly_unstable,0,1,109.66
0.530000,0.917650,40,3000000,1000000,68971,1.76848718e-3,6.89710000e-2,-0.026250,-0.020947,-1990.347500,3,weakly_unstable,0,1,92.36
0.630000,0.977630,40,3000000,1000000,26120,6.69743590e-4,2.61200000e-2,-0.138750,-0.063794,-281.625000,3,weakly_unstable,0,1,82.66
0.470000,0.962960,40,3000000,1000000,-532891,-1.36638718e-2,-5.32891000e-1,0.117500,0.002555,-337.840000,1,stable,0,0,88.16
1.050000,0.997520,40,3000000,1000000,3840,9.84615385e-5,3.84000000e-3,0.082500,0.121848,-3.132500,3,weakly_unstable,0,1,68.15
0.750000,0.991790,40,3000000,1000000,26042,6.67743590e-4,2.60420000e-2,0.910000,0.891728,-43.120000,1,metastable,1,1,63.23
0.490000,0.871020,40,3000000,1000000,110998,2.84610256e-3,1.10998000e-1,-0.032500,-0.051239,-4019.550000,3,weakly_unstable,0,1,104.40
0.510000,0.983710,40,3000000,1000000,-695978,-1.78455897e-2,-6.95978000e-1,0.016250,-0.031661,-109.420000,1,stable,0,0,77.76
0.910000,0.980460,40,3000000,1000000,18257,4.68128205e-4,1.82570000e-2,0.021250,-0.020234,-91.597500,3,weakly_unstable,0,1,70.18
0.450000,0.750320,40,3000000,1000000,109288,2.80225641e-3,1.09288000e-1,-0.195000,0.021210,-10409.397500,3,weakly_unstable,0,1,120.93
0.470000,0.904960,40,3000000,1000000,108377,2.77889744e-3,1.08377000e-1,-0.247500,0.017430,-2498.745000,3,weakly_unstable,0,1,109.14
0.450000,0.856320,40,3000000,1000000,173060,4.43743590e-3,1.73060000e-1,0.075000,-0.016799,-4509.550000,3,weakly_unstable,0,1,119.89
0.470000,0.837460,40,3000000,1000000,131206,3.36425641e-3,1.31206000e-1,0.082500,0.053541,-5579.277500,3,weakly_unstable,0,1,111.85
0.810000,0.967850,40,3000000,1000000,28200,7.23076923e-4,2.82000000e-2,-0.021250,0.028585,-273.700000,3,weakly_unstable,0,1,73.19
0.690000,0.976190,40,3000000,1000000,37734,9.67538462e-4,3.77340000e-2,-0.015000,0.020096,-294.872500,3,weakly_unstable,0,1,76.66
0.550000,0.948940,40,3000000,1000000,46784,1.19958974e-3,4.67840000e-2,-0.048750,-0.049384,-1045.627500,3,weakly_unstable,0,1,93.45
1.050000,0.998020,40,3000000,1000000,3453,8.85384615e-5,3.45300000e-3,-0.131250,-0.135206,-2.355000,3,weakly_unstable,0,1,68.53
0.630000,0.978130,40,3000000,1000000,19114,4.90102564e-4,1.91140000e-2,0.115000,0.184819,-284.020000,3,weakly_unstable,0,1,83.24
0.750000,0.992290,40,3000000,1000000,61398,1.57430769e-3,6.13980000e-2,-0.858750,-0.881041,-41.757500,1,metastable,1,1,64.97
0.530000,0.918150,40,3000000,1000000,84635,2.17012821e-3,8.46350000e-2,-0.165000,-0.082041,-2129.797500,3,weakly_unstable,0,1,96.37
0.470000,0.963460,40,3000000,1000000,-519741,-1.33266923e-2,-5.19741000e-1,0.055000,0.051052,-450.340000,1,stable,0,0,91.92
0.470000,0.887960,40,3000000,1000000,136212,3.49261538e-3,1.36212000e-1,-0.098750,-0.030566,-3343.522500,3,weakly_unstable,0,1,111.68
0.910000,0.980960,40,3000000,1000000,17704,4.53948718e-4,1.77040000e-2,-0.082500,-0.080042,-116.185000,3,weakly_unstable,0,1,73.38
0.510000,0.984210,40,3000000,1000000,-724498,-1.85768718e-2,-7.24498000e-1,-0.035000,-0.022939,-55.425000,1,stable,0,0,79.23
0.810000,0.968350,40,3000000,1000000,26864,6.88820513e-4,2.68640000e-2,-0.021250,0.068201,-293.742500,3,weakly_unstable,0,1,73.92
1.050000,0.998520,40,3000000,1000000,23095,5.92179487e-4,2.30950000e-2,-0.936250,-0.939905,-5.630000,1,metastable,1,1,62.66
0.490000,0.871520,40,3000000,1000000,106813,2.73879487e-3,1.06813000e-1,-0.066250,0.022518,-3996.012500,3,weakly_unstable,0,1,106.97
0.690000,0.976690,40,3000000,1000000,39109,1.00279487e-3,3.91090000e-2,0.020000,-0.054881,-263.190000,3,weakly_unstable,0,1,78.69
0.750000,0.992790,40,3000000,1000000,37592,9.63897436e-4,3.75920000e-2,0.871250,0.864190,-40.552500,1,metastable,1,1,67.12
0.470000,0.905460,40,3000000,1000000,122881,3.15079487e-3,1.22881000e-1,0.222500,0.014150,-2456.005000,3,weakly_unstable,0,1,114.99
0.550000,0.949440,40,3000000,1000000,51101,1.31028205e-3,5.11010000e-2,-0.047500,-0.143842,-941.280000,3,weakly_unstable,0,1,94.88
0.450000,0.750820,40,3000000,1000000,133274,3.41728205e-3,1.33274000e-1,-0.022500,0.003677,-10011.277500,3,weakly_unstable,0,1,123.90
0.630000,0.978630,40,3000000,1000000,29970,7.68461538e-4,2.99700000e-2,-0.033750,-0.007837,-266.840000,3,weakly_unstable,0,1,85.12
0.470000,0.837960,40,3000000,1000000,118288,3.03302564e-3,1.18288000e-1,-0.092500,-0.022676,-5547.477500,3,weakly_unstable,0,1,115.28
0.450000,0.856820,40,3000000,1000000,167153,4.28597436e-3,1.67153000e-1,-0.031250,-0.010472,-4673.195000,3,weakly_unstable,0,1,122.20
0.910000,0.981460,40,3000000,1000000,19842,5.08769231e-4,1.98420000e-2,-0.123750,-0.083142,-68.217500,3,weakly_unstable,0,1,71.06
0.470000,0.963960,40,3000000,1000000,-570144,-1.46190769e-2,-5.70144000e-1,-0.035000,-0.040272,-437.082500,1,stable,0,0,90.59
0.530000,0.918650,40,3000000,1000000,94017,2.41069231e-3,9.40170000e-2,0.045000,-0.082216,-2091.947500,3,weakly_unstable,0,1,96.52
0.510000,0.984710,40,3000000,1000000,-725990,-1.86151282e-2,-7.25990000e-1,0.080000,0.079249,-87.572500,1,stable,0,0,77.46
1.050000,0.999020,40,3000000,1000000,4072,1.04410256e-4,4.07200000e-3,0.943750,0.940306,-2.270000,1,metastable,1,1,60.76
0.810000,0.968850,40,3000000,1000000,36026,9.23743590e-4,3.60260000e-2,-0.018750,-0.037604,-236.232500,3,weakly_unstable,0,1,72.08
0.750000,0.993290,40,3000000,1000000,3026,7.75897436e-5,3.02600000e-3,0.880000,0.877012,-34.602500,1,metastable,1,1,63.76
0.470000,0.888460,40,3000000,1000000,114182,2.92774359e-3,1.14182000e-1,0.075000,0.019281,-3258.340000,3,weakly_unstable,0,1,112.73
0.690000,0.977190,40,3000000,1000000,33987,8.71461538e-4,3.39870000e-2,-0.073750,-0.060982,-245.337500,3,weakly_unstable,0,1,76.44
0.490000,0.872020,40,3000000,1000000,112432,2.88287179e-3,1.12432000e-1,0.020000,0.035031,-4141.432500,3,weakly_unstable,0,1,103.07
0.630000,0.979130,40,3000000,1000000,18273,4.68538462e-4,1.82730000e-2,-0.178750,-0.188838,-205.460000,3,weakly_unstable,0,1,81.87
0.910000,0.981960,40,3000000,1000000,16325,4.18589744e-4,1.63250000e-2,-0.053750,-0.069126,-82.867500,3,weakly_unstable,0,1,68.28
0.550000,0.949940,40,3000000,1000000,68081,1.74566667e-3,6.80810000e-2,-0.041250,0.044817,-1020.905000,3,weakly_unstable,0,1,90.90
1.050000,0.999520,40,3000000,1000000,-1768,-4.53333333e-5,-1.76800000e-3,-0.682500,-0.699765,-1.997500,1,chaotic,0,0,60.77
0.470000,0.905960,40,3000000,1000000,109625,2.81089744e-3,1.09625000e-1,0.083750,0.023405,-2420.205000,3,weakly_unstable,0,1,108.46
0.510000,0.985210,40,3000000,1000000,-689116,-1.76696410e-2,-6.89116000e-1,-0.001250,0.032135,-59.085000,1,stable,0,0,76.06
0.470000,0.964460,40,3000000,1000000,-609464,-1.56272821e-2,-6.09464000e-1,-0.067500,-0.040792,-431.737500,1,stable,0,0,87.01
0.810000,0.969350,40,3000000,1000000,31456,8.06564103e-4,3.14560000e-2,0.027500,-0.010711,-375.647500,3,weakly_unstable,0,1,69.24
0.750000,0.993790,40,3000000,1000000,19810,5.07948718e-4,1.98100000e-2,-0.852500,-0.860379,-29.302500,1,metastable,1,1,62.25
0.470000,0.838460,40,3000000,1000000,129258,3.31430769e-3,1.29258000e-1,-0.013750,-0.011552,-5547.882500,3,weakly_unstable,0,1,109.34
0.530000,0.919150,40,3000000,1000000,93453,2.39623077e-3,9.34530000e-2,0.052500,0.076373,-2050.377500,3,weakly_unstable,0,1,92.04
0.450000,0.751320,40,3000000,1000000,124311,3.18746154e-3,1.24311000e-1,-0.176250,0.025867,-9999.137500,3,weakly_unstable,0,1,117.50
0.450000,0.857320,40,3000000,1000000,154746,3.96784615e-3,1.54746000e-1,0.155000,0.084213,-4691.957500,3,weakly_unstable,0,1,117.54
0.690000,0.977690,40,3000000,1000000,36852,9.44923077e-4,3.68520000e-2,0.050000,0.032850,-217.000000,3,weakly_unstable,0,1,74.85
1.050000,1.000000,40,3000000,1000000,-12262,-3.14410256e-4,-1.22620000e-2,-0.005000,-0.006355,-1.942500,1,stable,0,0,56.69
0.910000,0.982460,40,3000000,1000000,17473,4.48025641e-4,1.74730000e-2,-0.042500,-0.097332,-97.442500,3,weakly_unstable,0,1,67.03
0.630000,0.979630,40,3000000,1000000,23015,5.90128205e-4,2.30150000e-2,0.171250,0.088086,-239.382500,3,weakly_unstable,0,1,79.86
0.470000,0.888960,40,3000000,1000000,120287,3.08428205e-3,1.20287000e-1,0.006250,-0.024296,-3283.162500,3,weakly_unstable,0,1,109.49
0.810000,0.969850,40,3000000,1000000,28581,7.32846154e-4,2.85810000e-2,-0.006250,0.006625,-230.387500,3,weakly_unstable,0,1,68.75
0.510000,0.985710,40,3000000,1000000,-801252,-2.05449231e-2,-8.01252000e-1,0.046250,-0.019786,-72.115000,1,stable,0,0,74.03
0.550000,0.950440,40,3000000,1000000,52861,1.35541026e-3,5.28610000e-2,0.192500,0.002453,-1005.262500,3,weakly_unstable,0,1,88.41
0.490000,0.872520,40,3000000,1000000,123441,3.16515385e-3,1.23441000e-1,0.116250,-0.016623,-3949.050000,3,weakly_unstable,0,1,103.54
0.750000,0.994290,40,3000000,1000000,20020,5.13333333e-4,2.00200000e-2,-0.228750,-0.121085,-18.087500,1,weakly_unstable,0,1,66.39
0.470000,0.964960,40,3000000,1000000,-571359,-1.46502308e-2,-5.71359000e-1,-0.031250,-0.043498,-421.032500,1,stable,0,0,85.24
0.690000,0.978190,40,3000000,1000000,35963,9.22128205e-4,3.59630000e-2,0.092500,0.127984,-204.225000,3,weakly_unstable,0,1,74.00
0.470000,0.906460,40,3000000,1000000,118971,3.05053846e-3,1.18971000e-1,-0.160000,-0.063369,-2527.975000,3,weakly_unstable,0,1,106.75
0.530000,0.919650,40,3000000,1000000,79318,2.03379487e-3,7.93180000e-2,-0.073750,-0.006036,-1968.392500,3,weakly_unstable,0,1,91.06
1.070000,0.969590,40,3000000,1000000,7060,1.81025641e-4,7.06000000e-3,0.063750,0.069400,-204.490000,3,weakly_unstable,0,1,68.21
0.910000,0.982960,40,3000000,1000000,18980,4.86666667e-4,1.89800000e-2,-0.022500,-0.051542,-78.565000,3,weakly_unstable,0,1,66.54
0.470000,0.838960,40,3000000,1000000,109610,2.81051282e-3,1.09610000e-1,0.118750,0.037860,-5674.487500,3,weakly_unstable,0,1,106.14
0.450000,0.751820,40,3000000,1000000,135171,3.46592308e-3,1.35171000e-1,0.106250,0.087284,-10070.567500,3,weakly_unstable,0,1,116.02
0.630000,0.980130,40,3000000,1000000,28652,7.34666667e-4,2.86520000e-2,0.070000,-0.044388,-211.767500,3,weakly_unstable,0,1,79.31
0.750000,0.994790,40,3000000,1000000,-16250,-4.16666667e-4,-1.62500000e-2,0.753750,0.779460,-10.587500,1,chaotic,0,0,61.24
0.810000,0.970350,40,3000000,1000000,35275,9.04487179e-4,3.52750000e-2,-0.091250,-0.056865,-214.190000,3,weakly_unstable,0,1,68.30
0.450000,0.857820,40,3000000,1000000,145817,3.73889744e-3,1.45817000e-1,-0.233750,0.071451,-4727.257500,3,weakly_unstable,0,1,115.85
0.510000,0.986210,40,3000000,1000000,-768750,-1.97115385e-2,-7.68750000e-1,-0.063750,-0.040969,-92.862500,1,stable,0,0,74.82
0.550000,0.950940,40,3000000,1000000,66765,1.71192308e-3,6.67650000e-2,-0.235000,0.082071,-959.430000,3,weakly_unstable,0,1,87.31
0.470000,0.889460,40,3000000,1000000,119664,3.06830769e-3,1.19664000e-1,0.015000,0.013740,-3030.707500,3,weakly_unstable,0,1,108.44
0.470000,0.965460,40,3000000,1000000,-550933,-1.41264872e-2,-5.50933000e-1,-0.021250,0.001370,-389.692500,1,stable,0,0,87.95
0.490000,0.873020,40,3000000,1000000,109842,2.81646154e-3,1.09842000e-1,-0.016250,-0.059743,-3892.007500,3,weakly_unstable,0,1,102.46
0.690000,0.978690,40,3000000,1000000,31798,8.15333333e-4,3.17980000e-2,-0.171250,-0.035735,-233.197500,3,weakly_unstable,0,1,73.05
0.910000,0.983460,40,3000000,1000000,17994,4.61384615e-4,1.79940000e-2,0.038750,0.016562,-98.865000,3,weakly_unstable,0,1,66.08
1.070000,0.970090,40,3000000,1000000,5518,1.41487179e-4,5.51800000e-3,0.252500,0.277228,-271.510000,3,weakly_unstable,0,1,69.11
0.530000,0.920150,40,3000000,1000000,74577,1.91223077e-3,7.45770000e-2,0.001250,-0.075053,-1963.767500,3,weakly_unstable,0,1,91.49
0.750000,0.995290,40,3000000,1000000,-26776,-6.86564103e-4,-2.67760000e-2,-0.725000,-0.687272,-7.680000,1,chaotic,0,0,61.28
0.630000,0.980630,40,3000000,1000000,80894,2.07420513e-3,8.08940000e-2,-0.822500,-0.843242,-155.550000,1,metastable,1,1,68.58
0.810000,0.970850,40,3000000,1000000,30177,7.73769231e-4,3.01770000e-2,0.081250,0.055758,-169.877500,3,weakly_unstable,0,1,67.49
0.470000,0.906960,40,3000000,1000000,117107,3.00274359e-3,1.17107000e-1,0.007500,-0.071851,-2410.255000,3,weakly_unstable,0,1,107.99
0.510000,0.986710,40,3000000,1000000,-766597,-1.96563333e-2,-7.66597000e-1,-0.017500,-0.004951,-54.545000,1,stable,0,0,75.24
0.470000,0.839460,40,3000000,1000000,128392,3.29210256e-3,1.28392000e-1,0.015000,-0.009561,-5583.147500,3,weakly_unstable,0,1,107.58
0.450000,0.752320,40,3000000,1000000,103159,2.64510256e-3,1.03159000e-1,0.082500,0.010766,-10105.657500,3,weakly_unstable,0,1,116.57
0.910000,0.983960,40,3000000,1000000,17459,4.47666667e-4,1.74590000e-2,0.117500,0.083223,-72.947500,3,weakly_unstable,0,1,67.52
1.070000,0.970590,40,3000000,1000000,6636,1.70153846e-4,6.63600000e-3,0.073750,0.022860,-235.117500,3,weakly_unstable,0,1,67.76
0.690000,0.979190,40,3000000,1000000,31114,7.97794872e-4,3.11140000e-2,-0.055000,-0.126677,-215.312500,3,weakly_unstable,0,1,73.75
0.550000,0.951440,40,3000000,1000000,62780,1.60974359e-3,6.27800000e-2,-0.222500,0.039239,-928.317500,3,weakly_unstable,0,1,89.80
0.450000,0.858320,40,3000000,1000000,146115,3.74653846e-3,1.46115000e-1,-0.158750,0.014701,-4610.017500,3,weakly_unstable,0,1,116.43
0.750000,0.995790,40,3000000,1000000,-35807,-9.18128205e-4,-3.58070000e-2,0.782500,0.802805,-11.360000,1,chaotic,0,0,60.95
0.470000,0.965960,40,3000000,1000000,-572895,-1.46896154e-2,-5.72895000e-1,-0.048750,0.061427,-351.932500,1,stable,0,0,87.79
0.470000,0.889960,40,3000000,1000000,126542,3.24466667e-3,1.26542000e-1,0.101250,0.060225,-3222.265000,3,weakly_unstable,0,1,108.89
0.810000,0.971350,40,3000000,1000000,28958,7.42512821e-4,2.89580000e-2,0.062500,-0.012377,-237.202500,3,weakly_unstable,0,1,68.49
0.490000,0.873520,40,3000000,1000000,106039,2.71894872e-3,1.06039000e-1,0.161250,0.038735,-3904.652500,3,weakly_unstable,0,1,101.61
0.630000,0.981130,40,3000000,1000000,21311,5.46435897e-4,2.13110000e-2,-0.022500,0.052913,-207.297500,3,weakly_unstable,0,1,78.58
0.530000,0.920650,40,3000000,1000000,93720,2.40307692e-3,9.37200000e-2,-0.157500,-0.128477,-1974.212500,3,weakly_unstable,0,1,90.82
0.510000,0.987210,40,3000000,1000000,-826823,-2.12005897e-2,-8.26823000e-1,0.025000,0.008099,-51.697500,1,stable,0,0,73.14
0.910000,0.984460,40,3000000,1000000,16334,4.18820513e-4,1.63340000e-2,-0.011250,-0.021402,-58.652500,3,weakly_unstable,0,1,67.53
1.070000,0.971090,40,3000000,1000000,5669,1.45358974e-4,5.66900000e-3,0.337500,0.283920,-191.507500,3,weakly_unstable,0,1,68.72
0.470000,0.907460,40,3000000,1000000,110203,2.82571795e-3,1.10203000e-1,0.097500,0.100224,-2441.752500,3,weakly_unstable,0,1,108.75
0.750000,0.996290,40,3000000,1000000,-35887,-9.20179487e-4,-3.58870000e-2,0.512500,0.456527,-8.430000,1,chaotic,0,0,61.29
0.690000,0.979690,40,3000000,1000000,33082,8.48256410e-4,3.30820000e-2,-0.030000,-0.060137,-207.832500,3,weakly_unstable,0,1,74.59
0.470000,0.839960,40,3000000,1000000,129593,3.32289744e-3,1.29593000e-1,0.011250,-0.021317,-5435.997500,3,weakly_unstable,0,1,107.53
0.550000,0.951940,40,3000000,1000000,52665,1.35038462e-3,5.26650000e-2,0.215000,0.166962,-905.427500,3,weakly_unstable,0,1,90.04
0.810000,0.971850,40,3000000,1000000,31440,8.06153846e-4,3.14400000e-2,0.022500,0.003119,-249.117500,3,weakly_unstable,0,1,67.90
0.470000,0.966460,40,3000000,1000000,-580023,-1.48723846e-2,-5.80023000e-1,-0.017500,-0.080360,-304.137500,1,stable,0,0,86.58
0.630000,0.981630,40,3000000,1000000,21326,5.46820513e-4,2.13260000e-2,0.022500,-0.020145,-218.410000,3,weakly_unstable,0,1,78.29
0.450000,0.752820,40,3000000,1000000,116931,2.99823077e-3,1.16931000e-1,0.107500,0.012023,-9930.500000,3,weakly_unstable,0,1,118.57
0.510000,0.987710,40,3000000,1000000,-785151,-2.01320769e-2,-7.85151000e-1,0.030000,0.033338,-26.830000,1,stable,0,0,73.89
0.450000,0.858820,40,3000000,1000000,154416,3.95938462e-3,1.54416000e-1,-0.026250,-0.032085,-4571.232500,3,weakly_unstable,0,1,118.26
0.530000,0.921150,40,3000000,1000000,71703,1.83853846e-3,7.17030000e-2,-0.086250,0.025982,-1936.865000,3,weakly_unstable,0,1,90.56
0.490000,0.874020,40,3000000,1000000,125048,3.20635897e-3,1.25048000e-1,0.068750,0.035062,-3938.050000,3,weakly_unstable,0,1,101.33
0.910000,0.984960,40,3000000,1000000,17920,4.59487179e-4,1.79200000e-2,0.083750,0.085687,-84.947500,3,weakly_unstable,0,1,67.34
0.750000,0.996790,40,3000000,1000000,-71792,-1.84082051e-3,-7.17920000e-2,-0.593750,-0.629988,-9.312500,1,chaotic,0,0,60.75
0.470000,0.890460,40,3000000,1000000,114778,2.94302564e-3,1.14778000e-1,-0.118750,-0.000277,-3165.720000,3,weakly_unstable,0,1,107.92
1.070000,0.971590,40,3000000,1000000,6715,1.72179487e-4,6.71500000e-3,-0.036250,-0.049803,-217.980000,3,weakly_unstable,0,1,68.19
0.690000,0.980190,40,3000000,1000000,29520,7.56923077e-4,2.95200000e-2,0.087500,-0.011905,-211.167500,3,weakly_unstable,0,1,74.30
0.810000,0.972350,40,3000000,1000000,30835,7.90641026e-4,3.08350000e-2,-0.087500,0.019157,-215.602500,3,weakly_unstable,0,1,67.85
0.470000,0.907960,40,3000000,1000000,105066,2.69400000e-3,1.05066000e-1,0.252500,0.023353,-2354.410000,3,weakly_unstable,0,1,107.47
0.550000,0.952440,40,3000000,1000000,52653,1.35007692e-3,5.26530000e-2,0.263750,-0.018170,-880.762500,3,weakly_unstable,0,1,89.09
0.630000,0.982130,40,3000000,1000000,76930,1.97256410e-3,7.69300000e-2,-0.845000,-0.838075,-142.435000,1,metastable,1,1,68.57
0.470000,0.966960,40,3000000,1000000,-679434,-1.74213846e-2,-6.79434000e-1,-0.082500,-0.092073,-375.095000,1,stable,0,0,85.62
0.470000,0.840460,40,3000000,1000000,130290,3.34076923e-3,1.30290000e-1,-0.052500,0.066024,-5429.775000,3,weakly_unstable,0,1,107.38
0.750000,0.997290,40,3000000,1000000,-85607,-2.19505128e-3,-8.56070000e-2,0.428750,0.415320,-2.737500,1,chaotic,0,0,59.69
0.510000,0.988210,40,3000000,1000000,-799561,-2.05015641e-2,-7.99561000e-1,0.003750,0.013337,-49.862500,1,stable,0,0,73.85
0.910000,0.985460,40,3000000,1000000,17422,4.46717949e-4,1.74220000e-2,-0.046250,-0.040092,-71.767500,3,weakly_unstable,0,1,66.26
1.070000,0.972090,40,3000000,1000000,5323,1.36487179e-4,5.32300000e-3,-0.090000,-0.092506,-191.987500,3,weakly_unstable,0,1,66.89
0.530000,0.921650,40,3000000,1000000,78313,2.00802564e-3,7.83130000e-2,-0.065000,-0.014710,-1857.087500,3,weakly_unstable,0,1,91.57
0.690000,0.980690,40,3000000,1000000,24292,6.22871795e-4,2.42920000e-2,0.091250,0.147464,-209.550000,3,weakly_unstable,0,1,74.78
0.490000,0.874520,40,3000000,1000000,104215,2.67217949e-3,1.04215000e-1,-0.048750,0.008500,-3898.172500,3,weakly_unstable,0,1,100.52
0.450000,0.753320,40,3000000,1000000,126010,3.23102564e-3,1.26010000e-1,0.038750,0.103024,-10028.490000,3,weakly_unstable,0,1,116.01
0.810000,0.972850,40,3000000,1000000,32092,8.22871795e-4,3.20920000e-2,0.000000,-0.018235,-216.157500,3,weakly_unstable,0,1,68.06
0.470000,0.890960,40,3000000,1000000,117998,3.02558974e-3,1.17998000e-1,-0.132500,-0.031364,-3028.587500,3,weakly_unstable,0,1,107.35
0.450000,0.859320,40,3000000,1000000,143287,3.67402564e-3,1.43287000e-1,0.042500,0.015566,-4702.395000,3,weakly_unstable,0,1,116.91
0.630000,0.982630,40,3000000,1000000,21525,5.51923077e-4,2.15250000e-2,-0.848750,-0.844783,-135.785000,1,metastable,1,1,66.29
0.750000,0.997790,40,3000000,1000000,-120063,-3.07853846e-3,-1.20063000e-1,-0.196250,-0.154647,-5.110000,1,stable,0,0,59.71
0.910000,0.985960,40,3000000,1000000,17349,4.44846154e-4,1.73490000e-2,0.102500,0.038315,-55.790000,3,weakly_unstable,0,1,68.67
0.510000,0.988710,40,3000000,1000000,-795514,-2.03977949e-2,-7.95514000e-1,0.067500,0.084557,-58.062500,1,stable,0,0,73.42
0.550000,0.952940,40,3000000,1000000,59598,1.52815385e-3,5.95980000e-2,-0.183750,-0.074954,-947.590000,3,weakly_unstable,0,1,88.20
0.470000,0.967460,40,3000000,1000000,-638219,-1.63645897e-2,-6.38219000e-1,0.022500,-0.055975,-348.595000,1,stable,0,0,84.37
1.070000,0.972590,40,3000000,1000000,5765,1.47820513e-4,5.76500000e-3,0.112500,0.119185,-205.510000,3,weakly_unstable,0,1,67.70
0.470000,0.908460,40,3000000,1000000,108309,2.77715385e-3,1.08309000e-1,0.085000,-0.067972,-2450.597500,3,weakly_unstable,0,1,109.73
0.470000,0.840960,40,3000000,1000000,124312,3.18748718e-3,1.24312000e-1,0.088750,-0.031260,-5479.655000,3,weakly_unstable,0,1,108.38
0.810000,0.973350,40,3000000,1000000,35363,9.06743590e-4,3.53630000e-2,-0.046250,-0.066859,-243.125000,3,weakly_unstable,0,1,68.04
0.690000,0.981190,40,3000000,1000000,26514,6.79846154e-4,2.65140000e-2,0.115000,0.058903,-201.010000,3,weakly_unstable,0,1,75.34
0.530000,0.922150,40,3000000,1000000,82913,2.12597436e-3,8.29130000e-2,0.001250,0.075461,-1846.382500,3,weakly_unstable,0,1,91.02
0.750000,0.998290,40,3000000,1000000,-107846,-2.76528205e-3,-1.07846000e-1,0.157500,0.192996,-2.222500,1,stable,0,0,60.18
0.630000,0.983130,40,3000000,1000000,40632,1.04184615e-3,4.06320000e-2,-0.835000,-0.819534,-126.772500,1,metastable,1,1,68.02
0.490000,0.875020,40,3000000,1000000,124107,3.18223077e-3,1.24107000e-1,-0.103750,-0.084261,-4010.987500,3,weakly_unstable,0,1,101.50
0.910000,0.986460,40,3000000,1000000,16495,4.22948718e-4,1.64950000e-2,0.045000,0.053516,-65.635000,3,weakly_unstable,0,1,68.98
1.070000,0.973090,40,3000000,1000000,6590,1.68974359e-4,6.59000000e-3,0.075000,0.082534,-160.287500,3,weakly_unstable,0,1,67.76
0.510000,0.989210,40,3000000,1000000,-833694,-2.13767692e-2,-8.33694000e-1,0.027500,0.003048,-44.232500,1,stable,0,0,73.80
0.450000,0.753820,40,3000000,1000000,125176,3.20964103e-3,1.25176000e-1,-0.147500,0.058864,-9981.862500,3,weakly_unstable,0,1,116.85
0.470000,0.891460,40,3000000,1000000,128352,3.29107692e-3,1.28352000e-1,-0.151250,0.033498,-3176.957500,3,weakly_unstable,0,1,107.09
0.470000,0.967960,40,3000000,1000000,-629231,-1.61341282e-2,-6.29231000e-1,-0.007500,-0.011429,-309.605000,1,stable,0,0,84.31
0.550000,0.953440,40,3000000,1000000,50832,1.30338462e-3,5.08320000e-2,-0.016250,0.029380,-864.965000,3,weakly_unstable,0,1,89.66
0.450000,0.859820,40,3000000,1000000,158475,4.06346154e-3,1.58475000e-1,0.070000,-0.048543,-4489.355000,3,weakly_unstable,0,1,116.38
0.810000,0.973850,40,3000000,1000000,27787,7.12487179e-4,2.77870000e-2,-0.160000,-0.090187,-212.400000,3,weakly_unstable,0,1,68.58
0.750000,0.998790,40,3000000,1000000,-137471,-3.52489744e-3,-1.37471000e-1,0.008750,0.024628,-2.260000,1,stable,0,0,59.64
0.690000,0.981690,40,3000000,1000000,34387,8.81717949e-4,3.43870000e-2,-0.092500,0.077972,-187.335000,3,weakly_unstable,0,1,75.99
0.630000,0.983630,40,3000000,1000000,60310,1.54641026e-3,6.03100000e-2,-0.802500,-0.825361,-134.867500,1,metastable,1,1,68.33
0.470000,0.908960,40,3000000,1000000,126492,3.24338462e-3,1.26492000e-1,-0.057500,0.098118,-2354.727500,3,weakly_unstable,0,1,109.80
0.530000,0.922650,40,3000000,1000000,79800,2.04615385e-3,7.98000000e-2,0.006250,-0.017177,-1906.767500,3,weakly_unstable,0,1,91.63
0.910000,0.986960,40,3000000,1000000,18494,4.74205128e-4,1.84940000e-2,0.066250,0.048998,-38.765000,3,weakly_unstable,0,1,66.72
0.470000,0.841460,40,3000000,1000000,115607,2.96428205e-3,1.15607000e-1,0.008750,0.036569,-5473.122500,3,weakly_unstable,0,1,107.58
1.070000,0.973590,40,3000000,1000000,5795,1.48589744e-4,5.79500000e-3,0.182500,0.173701,-168.647500,3,weakly_unstable,0,1,69.35
0.510000,0.989710,40,3000000,1000000,-907870,-2.32787179e-2,-9.07870000e-1,0.043750,0.029801,-51.845000,1,stable,0,0,72.46
0.750000,0.999290,40,3000000,1000000,-134521,-3.44925641e-3,-1.34521000e-1,0.086250,0.082739,-2.187500,1,stable,0,0,59.29
0.490000,0.875520,40,3000000,1000000,133333,3.41879487e-3,1.33333000e-1,0.132500,-0.000684,-3861.092500,3,weakly_unstable,0,1,102.73
0.810000,0.974350,40,3000000,1000000,30157,7.73256410e-4,3.01570000e-2,0.121250,0.019794,-187.085000,3,weakly_unstable,0,1,67.97
0.470000,0.968460,40,3000000,1000000,-645711,-1.65566923e-2,-6.45711000e-1,-0.042500,-0.031127,-284.882500,1,stable,0,0,85.18
0.550000,0.953940,40,3000000,1000000,53833,1.38033333e-3,5.38330000e-2,0.433750,0.041913,-837.190000,3,weakly_unstable,0,1,89.23
0.690000,0.982190,40,3000000,1000000,27475,7.04487179e-4,2.74750000e-2,0.092500,0.177568,-174.130000,3,weakly_unstable,0,1,74.97
0.630000,0.984130,40,3000000,1000000,34395,8.81923077e-4,3.43950000e-2,0.775000,0.815101,-112.212500,1,metastable,1,1,67.10
0.470000,0.891960,40,3000000,1000000,120917,3.10043590e-3,1.20917000e-1,0.008750,-0.015989,-3127.127500,3,weakly_unstable,0,1,108.38
0.450000,0.754320,40,3000000,1000000,108547,2.78325641e-3,1.08547000e-1,0.320000,-0.043911,-9938.980000,3,weakly_unstable,0,1,116.91
0.910000,0.987460,40,3000000,1000000,15143,3.88282051e-4,1.51430000e-2,-0.021250,-0.065399,-31.710000,3,weakly_unstable,0,1,67.69
1.070000,0.974090,40,3000000,1000000,6298,1.61487179e-4,6.29800000e-3,0.057500,0.034612,-140.077500,3,weakly_unstable,0,1,68.52
0.450000,0.860320,40,3000000,1000000,149631,3.83669231e-3,1.49631000e-1,0.057500,-0.031664,-4515.230000,3,weakly_unstable,0,1,115.75
0.510000,0.990210,40,3000000,1000000,-879283,-2.25457179e-2,-8.79283000e-1,0.022500,-0.014964,-37.555000,1,stable,0,0,73.05
0.750000,0.999790,40,3000000,1000000,-176302,-4.52056410e-3,-1.76302000e-1,-0.022500,-0.022918,-1.975000,1,stable,0,0,59.28
0.530000,0.923150,40,3000000,1000000,71070,1.82230769e-3,7.10700000e-2,-0.182500,-0.035722,-1843.425000,3,weakly_unstable,0,1,92.46
0.810000,0.974850,40,3000000,1000000,30013,7.69564103e-4,3.00130000e-2,0.032500,-0.008566,-213.460000,3,weakly_unstable,0,1,68.54
0.470000,0.909460,40,3000000,1000000,112341,2.88053846e-3,1.12341000e-1,0.108750,-0.037889,-2368.195000,3,weakly_unstable,0,1,110.45
0.470000,0.841960,40,3000000,1000000,136423,3.49802564e-3,1.36423000e-1,-0.242500,0.065924,-5415.597500,3,weakly_unstable,0,1,107.71
0.630000,0.984630,40,3000000,1000000,38502,9.87230769e-4,3.85020000e-2,-0.683750,-0.710992,-74.165000,1,metastable,1,1,67.68
0.690000,0.982690,40,3000000,1000000,21122,5.41589744e-4,2.11220000e-2,-0.228750,-0.247913,-170.300000,3,weakly_unstable,0,1,71.24
0.470000,0.968960,40,3000000,1000000,-648840,-1.66369231e-2,-6.48840000e-1,-0.016250,0.009884,-313.212500,1,stable,0,0,85.24
0.490000,0.876020,40,3000000,1000000,115553,2.96289744e-3,1.15553000e-1,-0.033750,-0.017965,-3919.672500,3,weakly_unstable,0,1,101.31
0.910000,0.987960,40,3000000,1000000,15693,4.02384615e-4,1.56930000e-2,-0.036250,-0.073894,-58.227500,3,weakly_unstable,0,1,67.15
0.550000,0.954440,40,3000000,1000000,56143,1.43956410e-3,5.61430000e-2,-0.051250,-0.152657,-797.877500,3,weakly_unstable,0,1,89.96
1.070000,0.974590,40,3000000,1000000,6547,1.67871795e-4,6.54700000e-3,-0.098750,-0.090762,-150.960000,3,weakly_unstable,0,1,68.44
0.750000,1.000000,40,3000000,1000000,-178556,-4.57835897e-3,-1.78556000e-1,0.017500,-0.008975,-1.962500,1,stable,0,0,59.00
0.510000,0.990710,40,3000000,1000000,-904981,-2.32046410e-2,-9.04981000e-1,0.031250,0.014708,-55.027500,1,stable,0,0,73.26
0.470000,0.892460,40,3000000,1000000,135264,3.46830769e-3,1.35264000e-1,0.017500,0.042899,-3052.525000,3,weakly_unstable,0,1,109.58
0.810000,0.975350,40,3000000,1000000,30286,7.76564103e-4,3.02860000e-2,0.073750,0.036042,-183.917500,3,weakly_unstable,0,1,68.14
0.450000,0.754820,40,3000000,1000000,105380,2.70205128e-3,1.05380000e-1,0.098750,-0.087674,-9949.417500,3,weakly_unstable,0,1,117.91
0.530000,0.923650,40,3000000,1000000,96243,2.46776923e-3,9.62430000e-2,-0.027500,-0.024066,-1810.780000,3,weakly_unstable,0,1,90.74
0.630000,0.985130,40,3000000,1000000,18145,4.65256410e-4,1.81450000e-2,-0.756250,-0.780890,-83.722500,1,metastable,1,1,66.40
0.450000,0.860820,40,3000000,1000000,143019,3.66715385e-3,1.43019000e-1,-0.140000,-0.010824,-4498.040000,3,weakly_unstable,0,1,115.88
0.690000,0.983190,40,3000000,1000000,17588,4.50974359e-4,1.75880000e-2,-0.051250,-0.002784,-180.992500,3,weakly_unstable,0,1,73.79
0.910000,0.988460,40,3000000,1000000,15921,4.08230769e-4,1.59210000e-2,-0.055000,-0.059008,-47.842500,3,weakly_unstable,0,1,67.05
0.470000,0.969460,40,3000000,1000000,-635869,-1.63043333e-2,-6.35869000e-1,-0.122500,-0.108330,-331.005000,1,stable,0,0,84.31
1.070000,0.975090,40,3000000,1000000,6474,1.66000000e-4,6.47400000e-3,-0.017500,0.007124,-158.412500,3,weakly_unstable,0,1,68.27
0.470000,0.909960,40,3000000,1000000,109275,2.80192308e-3,1.09275000e-1,0.001250,-0.064473,-2385.957500,3,weakly_unstable,0,1,109.72
0.770000,0.964810,40,3000000,1000000,34913,8.95205128e-4,3.49130000e-2,0.028750,0.004497,-322.710000,3,weakly_unstable,0,1,68.75
0.470000,0.842460,40,3000000,1000000,121997,3.12812821e-3,1.21997000e-1,0.055000,0.020571,-5433.420000,3,weakly_unstable,0,1,107.14
0.550000,0.954940,40,3000000,1000000,44703,1.14623077e-3,4.47030000e-2,0.006250,0.015898,-837.402500,3,weakly_unstable,0,1,90.57
0.510000,0.991210,40,3000000,1000000,-895462,-2.29605641e-2,-8.95462000e-1,0.020000,0.032232,-31.980000,1,stable,0,0,72.77
0.490000,0.876520,40,3000000,1000000,124736,3.19835897e-3,1.24736000e-1,-0.071250,-0.019153,-3788.632500,3,weakly_unstable,0,1,101.36
0.810000,0.975850,40,3000000,1000000,32600,8.35897436e-4,3.26000000e-2,-0.046250,-0.075408,-153.067500,3,weakly_unstable,0,1,68.21
0.630000,0.985630,40,3000000,1000000,13097,3.35820513e-4,1.30970000e-2,0.553750,0.501532,-69.507500,1,metastable,1,1,67.70
0.690000,0.983690,40,3000000,1000000,22478,5.76358974e-4,2.24780000e-2,0.215000,0.055676,-171.930000,3,weakly_unstable,0,1,74.50
0.910000,0.988960,40,3000000,1000000,15461,3.96435897e-4,1.54610000e-2,-0.015000,-0.021890,-35.182500,3,weakly_unstable,0,1,66.79
0.470000,0.892960,40,3000000,1000000,118716,3.04400000e-3,1.18716000e-1,0.066250,-0.030868,-3096.792500,3,weakly_unstable,0,1,108.10
0.530000,0.924150,40,3000000,1000000,84007,2.15402564e-3,8.40070000e-2,-0.008750,0.001068,-1856.830000,3,weakly_unstable,0,1,91.01
1.070000,0.975590,40,3000000,1000000,6947,1.78128205e-4,6.94700000e-3,0.020000,0.013852,-137.960000,3,weakly_unstable,0,1,67.69
0.770000,0.965310,40,3000000,1000000,35627,9.13512821e-4,3.56270000e-2,0.078750,0.004343,-351.970000,3,weakly_unstable,0,1,69.90
0.470000,0.969960,40,3000000,1000000,-735511,-1.88592564e-2,-7.35511000e-1,-0.063750,0.009722,-363.175000,1,stable,0,0,84.03
0.450000,0.755320,40,3000000,1000000,122376,3.13784615e-3,1.22376000e-1,0.026250,0.020577,-9970.230000,3,weakly_unstable,0,1,118.98
0.510000,0.991710,40,3000000,1000000,-965973,-2.47685385e-2,-9.65973000e-1,0.045000,0.006962,-32.072500,1,stable,0,0,71.37
0.450000,0.861320,40,3000000,1000000,149443,3.83187179e-3,1.49443000e-1,0.077500,0.000512,-4515.815000,3,weakly_unstable,0,1,114.41
0.810000,0.976350,40,3000000,1000000,34837,8.93256410e-4,3.48370000e-2,-0.005000,-0.047478,-152.350000,3,weakly_unstable,0,1,68.69
0.550000,0.955440,40,3000000,1000000,53525,1.37243590e-3,5.35250000e-2,0.040000,-0.133804,-798.860000,3,weakly_unstable,0,1,88.56
0.630000,0.986130,40,3000000,1000000,-49933,-1.28033333e-3,-4.99330000e-2,0.470000,0.482975,-71.242500,1,chaotic,0,0,65.29
0.470000,0.910460,40,3000000,1000000,117452,3.01158974e-3,1.17452000e-1,0.021250,-0.038809,-2374.815000,3,weakly_unstable,0,1,107.97
0.470000,0.842960,40,3000000,1000000,122105,3.13089744e-3,1.22105000e-1,0.053750,-0.089889,-5374.605000,3,weakly_unstable,0,1,106.90
0.910000,0.989460,40,3000000,1000000,17339,4.44589744e-4,1.73390000e-2,0.011250,-0.002788,-6.920000,3,weakly_unstable,0,1,67.98
0.490000,0.877020,40,3000000,1000000,116160,2.97846154e-3,1.16160000e-1,0.001250,0.048331,-3897.812500,3,weakly_unstable,0,1,102.89
0.950000,0.989400,40,3000000,1000000,10816,2.77333333e-4,1.08160000e-2,0.010000,0.015293,-19.390000,3,weakly_unstable,0,1,65.35
0.690000,0.984190,40,3000000,1000000,20190,5.17692308e-4,2.01900000e-2,0.136250,-0.083298,-144.312500,3,weakly_unstable,0,1,74.51
1.070000,0.976090,40,3000000,1000000,7539,1.93307692e-4,7.53900000e-3,0.101250,0.102486,-167.720000,3,weakly_unstable,0,1,66.63
0.770000,0.965810,40,3000000,1000000,40653,1.04238462e-3,4.06530000e-2,0.042500,0.028905,-357.290000,3,weakly_unstable,0,1,69.49
0.530000,0.924650,40,3000000,1000000,76607,1.96428205e-3,7.66070000e-2,-0.063750,-0.074956,-1966.770000,3,weakly_unstable,0,1,92.52
0.510000,0.992210,40,3000000,1000000,-969428,-2.48571282e-2,-9.69428000e-1,-0.040000,0.002392,-27.977500,1,stable,0,0,71.74
0.810000,0.976850,40,3000000,1000000,32261,8.27205128e-4,3.22610000e-2,-0.065000,-0.029969,-177.387500,3,weakly_unstable,0,1,68.21
0.470000,0.970460,40,3000000,1000000,-692320,-1.77517949e-2,-6.92320000e-1,-0.045000,0.021185,-298.145000,1,stable,0,0,84.80
0.630000,0.986630,40,3000000,1000000,-29661,-7.60538462e-4,-2.96610000e-2,0.665000,0.663673,-78.227500,1,chaotic,0,0,66.02
0.910000,0.989960,40,3000000,1000000,15586,3.99641026e-4,1.55860000e-2,-0.002500,-0.003330,-28.937500,3,weakly_unstable,0,1,67.78
0.550000,0.955940,40,3000000,1000000,53565,1.37346154e-3,5.35650000e-2,-0.103750,-0.049925,-823.015000,3,weakly_unstable,0,1,90.35
0.950000,0.989900,40,3000000,1000000,12769,3.27410256e-4,1.27690000e-2,-0.051250,-0.015017,-46.797500,3,weakly_unstable,0,1,66.43
1.070000,0.976590,40,3000000,1000000,6907,1.77102564e-4,6.90700000e-3,0.048750,0.063671,-176.440000,3,weakly_unstable,0,1,68.05
0.690000,0.984690,40,3000000,1000000,18931,4.85410256e-4,1.89310000e-2,-0.176250,-0.108710,-165.230000,3,weakly_unstable,0,1,74.46
0.450000,0.755820,40,3000000,1000000,133682,3.42774359e-3,1.33682000e-1,0.096250,0.027898,-9823.090000,3,weakly_unstable,0,1,118.76
0.450000,0.861820,40,3000000,1000000,164625,4.22115385e-3,1.64625000e-1,-0.043750,-0.030410,-4530.552500,3,weakly_unstable,0,1,115.75
0.770000,0.966310,40,3000000,1000000,36040,9.24102564e-4,3.60400000e-2,0.026250,-0.037059,-334.107500,3,weakly_unstable,0,1,70.40
0.470000,0.910960,40,3000000,1000000,116411,2.98489744e-3,1.16411000e-1,0.058750,-0.013250,-2225.262500,3,weakly_unstable,0,1,107.30
0.470000,0.843460,40,3000000,1000000,117327,3.00838462e-3,1.17327000e-1,-0.183750,-0.070820,-5440.240000,3,weakly_unstable,0,1,105.96
0.490000,0.877520,40,3000000,1000000,111008,2.84635897e-3,1.11008000e-1,-0.033750,0.081190,-3898.752500,3,weakly_unstable,0,1,101.91
0.810000,0.977350,40,3000000,1000000,27492,7.04923077e-4,2.74920000e-2,-0.062500,-0.036144,-193.800000,3,weakly_unstable,0,1,69.00
0.510000,0.992710,40,3000000,1000000,-979686,-2.51201538e-2,-9.79686000e-1,0.032500,0.015085,-17.230000,1,stable,0,0,71.97
0.630000,0.987130,40,3000000,1000000,-67509,-1.73100000e-3,-6.75090000e-2,0.082500,-0.010106,-69.560000,1,stable,0,0,66.40
0.530000,0.925150,40,3000000,1000000,77715,1.99269231e-3,7.77150000e-2,-0.053750,-0.002907,-1835.587500,3,weakly_unstable,0,1,91.52
0.470000,0.970960,40,3000000,1000000,-687196,-1.76204103e-2,-6.87196000e-1,0.025000,0.052626,-298.292500,1,stable,0,0,84.35
0.950000,0.990400,40,3000000,1000000,13105,3.36025641e-4,1.31050000e-2,0.040000,0.001219,-12.357500,3,weakly_unstable,0,1,66.59
0.910000,0.990460,40,3000000,1000000,16048,4.11487179e-4,1.60480000e-2,-0.038750,-0.005683,-39.070000,3,weakly_unstable,0,1,67.42
1.070000,0.977090,40,3000000,1000000,6384,1.63692308e-4,6.38400000e-3,0.053750,0.041687,-166.557500,3,weakly_unstable,0,1,66.71
0.690000,0.985190,40,3000000,1000000,18308,4.69435897e-4,1.83080000e-2,0.202500,0.043937,-154.940000,3,weakly_unstable,0,1,74.57
0.550000,0.956440,40,3000000,1000000,48998,1.25635897e-3,4.89980000e-2,0.081250,0.022828,-736.770000,3,weakly_unstable,0,1,90.04
0.770000,0.966810,40,3000000,1000000,35706,9.15538462e-4,3.57060000e-2,0.023750,0.012882,-318.640000,3,weakly_unstable,0,1,69.58
0.810000,0.977850,40,3000000,1000000,30121,7.72333333e-4,3.01210000e-2,-0.047500,-0.031427,-192.820000,3,weakly_unstable,0,1,67.81
0.630000,0.987630,40,3000000,1000000,-32566,-8.35025641e-4,-3.25660000e-2,0.128750,0.124038,-68.535000,1,stable,0,0,67.44
0.510000,0.993210,40,3000000,1000000,-1021058,-2.61809744e-2,-1.02105800e0,-0.046250,-0.023160,-23.785000,1,stable,0,0,71.03
0.450000,0.862320,40,3000000,1000000,157694,4.04343590e-3,1.57694000e-1,-0.016250,-0.022436,-4407.092500,3,weakly_unstable,0,1,114.37
0.450000,0.756320,40,3000000,1000000,113934,2.92138462e-3,1.13934000e-1,-0.071250,0.017929,-9782.730000,3,weakly_unstable,0,1,116.77
0.950000,0.990900,40,3000000,1000000,13447,3.44794872e-4,1.34470000e-2,-0.101250,-0.102362,-14.670000,3,weakly_unstable,0,1,67.05
0.470000,0.843960,40,3000000,1000000,139757,3.58351282e-3,1.39757000e-1,-0.133750,-0.019838,-5222.140000,3,weakly_unstable,0,1,106.49
0.490000,0.878020,40,3000000,1000000,112443,2.88315385e-3,1.12443000e-1,0.121250,0.060205,-3653.637500,3,weakly_unstable,0,1,100.01
0.470000,0.911460,40,3000000,1000000,114460,2.93487179e-3,1.14460000e-1,-0.043750,0.005743,-2198.635000,3,weakly_unstable,0,1,108.89
0.910000,0.990960,40,3000000,1000000,16186,4.15025641e-4,1.61860000e-2,-0.023750,-0.001983,-7.650000,3,weakly_unstable,0,1,68.17
0.470000,0.971460,40,3000000,1000000,-747545,-1.91678205e-2,-7.47545000e-1,0.016250,0.002471,-230.620000,1,stable,0,0,83.99
1.070000,0.977590,40,3000000,1000000,4755,1.21923077e-4,4.75500000e-3,-0.151250,-0.190572,-152.485000,3,weakly_unstable,0,1,66.97
0.530000,0.925650,40,3000000,1000000,81510,2.09000000e-3,8.15100000e-2,-0.317500,-0.090105,-1704.040000,3,weakly_unstable,0,1,90.85
0.690000,0.985690,40,3000000,1000000,20548,5.26871795e-4,2.05480000e-2,0.043750,-0.006026,-147.075000,3,weakly_unstable,0,1,74.23
0.770000,0.967310,40,3000000,1000000,34656,8.88615385e-4,3.46560000e-2,-0.075000,-0.056086,-305.740000,3,weakly_unstable,0,1,69.87
0.810000,0.978350,40,3000000,1000000,32143,8.24179487e-4,3.21430000e-2,0.066250,0.012629,-149.270000,3,weakly_unstable,0,1,67.83
0.630000,0.988130,40,3000000,1000000,-81252,-2.08338462e-3,-8.12520000e-2,0.291250,0.312417,-55.902500,1,stable,0,0,66.74
0.550000,0.956940,40,3000000,1000000,49654,1.27317949e-3,4.96540000e-2,0.023750,-0.016896,-779.225000,3,weakly_unstable,0,1,90.09
0.510000,0.993710,40,3000000,1000000,-989035,-2.53598718e-2,-9.89035000e-1,-0.017500,0.021019,-19.897500,1,stable,0,0,72.34
0.950000,0.991400,40,3000000,1000000,12658,3.24564103e-4,1.26580000e-2,-0.033750,-0.028216,-18.310000,3,weakly_unstable,0,1,67.31
0.910000,0.991460,40,3000000,1000000,13977,3.58384615e-4,1.39770000e-2,0.015000,-0.021097,-8.275000,3,weakly_unstable,0,1,67.30
1.070000,0.978090,40,3000000,1000000,5978,1.53282051e-4,5.97800000e-3,-0.140000,-0.147224,-129.392500,3,weakly_unstable,0,1,67.77
0.470000,0.971960,40,3000000,1000000,-760471,-1.94992564e-2,-7.60471000e-1,0.037500,-0.029579,-293.877500,1,stable,0,0,82.75
0.770000,0.967810,40,3000000,1000000,41954,1.07574359e-3,4.19540000e-2,-0.010000,0.002340,-283.880000,3,weakly_unstable,0,1,69.06
0.530000,0.926150,40,3000000,1000000,86401,2.21541026e-3,8.64010000e-2,-0.077500,-0.135958,-1890.630000,3,weakly_unstable,0,1,91.46
0.690000,0.986190,40,3000000,1000000,14669,3.76128205e-4,1.46690000e-2,-0.193750,-0.214418,-133.855000,3,weakly_unstable,0,1,73.95
0.490000,0.878520,40,3000000,1000000,105105,2.69500000e-3,1.05105000e-1,-0.003750,0.031164,-3824.630000,3,weakly_unstable,0,1,101.83
0.470000,0.844460,40,3000000,1000000,133520,3.42358974e-3,1.33520000e-1,0.227500,0.083409,-5348.470000,3,weakly_unstable,0,1,106.99
0.470000,0.911960,40,3000000,1000000,111790,2.86641026e-3,1.11790000e-1,0.071250,0.095557,-2231.662500,3,weakly_unstable,0,1,108.39
0.450000,0.862820,40,3000000,1000000,159915,4.10038462e-3,1.59915000e-1,0.120000,0.038347,-4433.702500,3,weakly_unstable,0,1,114.74
0.630000,0.988630,40,3000000,1000000,-70536,-1.80861538e-3,-7.05360000e-2,-0.397500,-0.270090,-68.452500,1,stable,0,0,65.73
0.810000,0.978850,40,3000000,1000000,29579,7.58435897e-4,2.95790000e-2,-0.043750,-0.117219,-115.797500,3,weakly_unstable,0,1,69.16
0.450000,0.756820,40,3000000,1000000,120585,3.09192308e-3,1.20585000e-1,0.175000,-0.024543,-9739.072500,3,weakly_unstable,0,1,118.60
0.510000,0.994210,40,3000000,1000000,-1020691,-2.61715641e-2,-1.02069100e0,-0.032500,0.004680,-22.892500,1,stable,0,0,71.25
0.950000,0.991900,40,3000000,1000000,9944,2.54974359e-4,9.94400000e-3,0.022500,0.005530,-14.207500,3,weakly_unstable,0,1,65.77
0.550000,0.957440,40,3000000,1000000,63938,1.63943590e-3,6.39380000e-2,-0.191250,0.083713,-721.902500,3,weakly_unstable,0,1,87.91
0.910000,0.991960,40,3000000,1000000,13355,3.42435897e-4,1.33550000e-2,-0.015000,-0.079735,-34.527500,3,weakly_unstable,0,1,67.16
1.070000,0.978590,40,3000000,1000000,6532,1.67487179e-4,6.53200000e-3,0.048750,0.054024,-170.145000,3,weakly_unstable,0,1,66.62
0.770000,0.968310,40,3000000,1000000,38470,9.86410256e-4,3.84700000e-2,0.093750,0.033301,-247.207500,3,weakly_unstable,0,1,69.17
0.470000,0.972460,40,3000000,1000000,-817889,-2.09715128e-2,-8.17889000e-1,0.005000,0.025623,-296.947500,1,stable,0,0,82.53
0.690000,0.986690,40,3000000,1000000,28220,7.23589744e-4,2.82200000e-2,0.433750,0.382014,-105.497500,3,weakly_unstable,0,1,70.35
0.630000,0.989130,40,3000000,1000000,-79937,-2.04966667e-3,-7.99370000e-2,-0.266250,-0.231256,-48.407500,1,stable,0,0,66.65
0.810000,0.979350,40,3000000,1000000,30884,7.91897436e-4,3.08840000e-2,0.168750,0.144220,-146.555000,3,weakly_unstable,0,1,69.54
0.530000,0.926650,40,3000000,1000000,69819,1.79023077e-3,6.98190000e-2,-0.073750,-0.055637,-1751.385000,3,weakly_unstable,0,1,91.93
0.510000,0.994710,40,3000000,1000000,-1078109,-2.76438205e-2,-1.07810900e0,-0.006250,-0.001871,-12.577500,1,stable,0,0,71.61
0.950000,0.992400,40,3000000,1000000,12512,3.20820513e-4,1.25120000e-2,-0.011250,0.009041,-21.062500,3,weakly_unstable,0,1,67.16
0.490000,0.879020,40,3000000,1000000,127126,3.25964103e-3,1.27126000e-1,0.010000,0.074821,-3643.350000,3,weakly_unstable,0,1,99.37
0.910000,0.992460,40,3000000,1000000,13455,3.45000000e-4,1.34550000e-2,-0.017500,-0.000139,-31.947500,3,weakly_unstable,0,1,68.94
1.070000,0.979090,40,3000000,1000000,5755,1.47564103e-4,5.75500000e-3,-0.061250,-0.055595,-96.587500,3,weakly_unstable,0,1,68.75
0.470000,0.844960,40,3000000,1000000,124182,3.18415385e-3,1.24182000e-1,0.052500,0.052700,-5367.367500,3,weakly_unstable,0,1,105.21
0.470000,0.912460,40,3000000,1000000,109545,2.80884615e-3,1.09545000e-1,0.276250,0.067659,-2350.360000,3,weakly_unstable,0,1,109.27
0.550000,0.957940,40,3000000,1000000,58173,1.49161538e-3,5.81730000e-2,0.186250,-0.066739,-704.967500,3,weakly_unstable,0,1,87.25
0.450000,0.863320,40,3000000,1000000,161465,4.14012821e-3,1.61465000e-1,-0.122500,0.026278,-4362.225000,3,weakly_unstable,0,1,114.89
0.450000,0.757320,40,3000000,1000000,127985,3.28166667e-3,1.27985000e-1,-0.050000,0.068736,-9841.960000,3,weakly_unstable,0,1,115.84
0.770000,0.968810,40,3000000,1000000,38000,9.74358974e-4,3.80000000e-2,-0.021250,-0.060116,-327.065000,3,weakly_unstable,0,1,68.60
0.630000,0.989630,40,3000000,1000000,-77962,-1.99902564e-3,-7.79620000e-2,-0.112500,-0.104355,-42.025000,1,stable,0,0,66.24
0.690000,0.987190,40,3000000,1000000,14452,3.70564103e-4,1.44520000e-2,0.106250,-0.074252,-132.915000,3,weakly_unstable,0,1,75.46
0.810000,0.979850,40,3000000,1000000,30413,7.79820513e-4,3.04130000e-2,-0.010000,0.031144,-133.345000,3,weakly_unstable,0,1,68.45
0.470000,0.972960,40,3000000,1000000,-829321,-2.12646410e-2,-8.29321000e-1,0.058750,0.016334,-226.480000,1,stable,0,0,81.76
0.510000,0.995210,40,3000000,1000000,-1060060,-2.71810256e-2,-1.06006000e0,0.007500,0.012497,-16.117500,1,stable,0,0,71.66
0.950000,0.992900,40,3000000,1000000,11626,2.98102564e-4,1.16260000e-2,-0.121250,-0.046271,-10.987500,3,weakly_unstable,0,1,65.37
0.910000,0.992960,40,3000000,1000000,14311,3.66948718e-4,1.43110000e-2,-0.021250,0.005550,-18.420000,3,weakly_unstable,0,1,68.41
1.070000,0.979590,40,3000000,1000000,7574,1.94205128e-4,7.57400000e-3,0.041250,0.020737,-75.527500,3,weakly_unstable,0,1,68.13
0.530000,0.927150,40,3000000,1000000,81689,2.09458974e-3,8.16890000e-2,0.095000,0.000713,-1729.475000,3,weakly_unstable,0,1,91.37
0.490000,0.879520,40,3000000,1000000,112225,2.87756410e-3,1.12225000e-1,-0.192500,-0.089390,-3573.690000,3,weakly_unstable,0,1,98.92
0.770000,0.969310,40,3000000,1000000,37069,9.50487179e-4,3.70690000e-2,0.088750,-0.011992,-252.475000,3,weakly_unstable,0,1,68.65
0.630000,0.990130,40,3000000,1000000,-100564,-2.57856410e-3,-1.00564000e-1,0.000000,0.021313,-31.880000,1,stable,0,0,65.00
0.550000,0.958440,40,3000000,1000000,36480,9.35384615e-4,3.64800000e-2,-0.086250,0.027361,-653.617500,3,weakly_unstable,0,1,89.52
0.690000,0.987690,40,3000000,1000000,84890,2.17666667e-3,8.48900000e-2,-0.860000,-0.867757,-92.802500,1,metastable,1,1,64.09
0.810000,0.980350,40,3000000,1000000,24419,6.26128205e-4,2.44190000e-2,0.046250,0.062038,-128.245000,3,weakly_unstable,0,1,68.68
0.470000,0.845460,40,3000000,1000000,134994,3.46138462e-3,1.34994000e-1,-0.126250,0.005358,-5290.347500,3,weakly_unstable,0,1,108.95
0.470000,0.912960,40,3000000,1000000,97803,2.50776923e-3,9.78030000e-2,-0.017500,-0.075595,-2116.782500,3,weakly_unstable,0,1,107.90
0.950000,0.993400,40,3000000,1000000,13024,3.33948718e-4,1.30240000e-2,0.000000,-0.015736,-23.192500,3,weakly_unstable,0,1,65.67
0.470000,0.973460,40,3000000,1000000,-838700,-2.15051282e-2,-8.38700000e-1,-0.036250,-0.010885,-202.335000,1,stable,0,0,81.45
0.510000,0.995710,40,3000000,1000000,-1062821,-2.72518205e-2,-1.06282100e0,0.023750,-0.006403,-18.890000,1,stable,0,0,69.85
0.450000,0.863820,40,3000000,1000000,153418,3.93379487e-3,1.53418000e-1,0.141250,0.032012,-4250.227500,3,weakly_unstable,0,1,114.05
0.910000,0.993460,40,3000000,1000000,12722,3.26205128e-4,1.27220000e-2,0.102500,0.109072,-22.627500,3,weakly_unstable,0,1,66.19
1.070000,0.980090,40,3000000,1000000,6737,1.72743590e-4,6.73700000e-3,0.057500,0.045862,-109.867500,3,weakly_unstable,0,1,66.77
0.450000,0.757820,40,3000000,1000000,113987,2.92274359e-3,1.13987000e-1,0.030000,-0.036409,-10087.647500,3,weakly_unstable,0,1,117.78
0.770000,0.969810,40,3000000,1000000,39084,1.00215385e-3,3.90840000e-2,0.075000,0.019005,-287.912500,3,weakly_unstable,0,1,70.32
0.630000,0.990630,40,3000000,1000000,-101350,-2.59871795e-3,-1.01350000e-1,0.447500,0.416313,-43.022500,1,chaotic,0,0,65.58
0.530000,0.927650,40,3000000,1000000,60972,1.56338462e-3,6.09720000e-2,-0.165000,-0.073736,-1735.695000,3,weakly_unstable,0,1,91.20
0.810000,0.980850,40,3000000,1000000,26439,6.77923077e-4,2.64390000e-2,0.036250,0.010908,-138.465000,3,weakly_unstable,0,1,68.60
0.690000,0.988190,40,3000000,1000000,13299,3.41000000e-4,1.32990000e-2,0.055000,0.096259,-99.142500,3,weakly_unstable,0,1,75.31
0.950000,0.993900,40,3000000,1000000,9457,2.42487179e-4,9.45700000e-3,-0.035000,-0.004035,-8.207500,3,weakly_unstable,0,1,66.13
0.550000,0.958940,40,3000000,1000000,35462,9.09282051e-4,3.54620000e-2,-0.048750,0.001332,-666.972500,3,weakly_unstable,0,1,88.98
0.490000,0.880020,40,3000000,1000000,111626,2.86220513e-3,1.11626000e-1,0.031250,0.103730,-3610.317500,3,weakly_unstable,0,1,101.22
0.510000,0.996210,40,3000000,1000000,-1101971,-2.82556667e-2,-1.10197100e0,0.033750,0.000954,-2.605000,1,stable,0,0,70.64
0.910000,0.993960,40,3000000,1000000,10614,2.72153846e-4,1.06140000e-2,0.083750,0.121167,-13.175000,3,weakly_unstable,0,1,66.57
1.070000,0.980590,40,3000000,1000000,6525,1.67307692e-4,6.52500000e-3,-0.012500,-0.005069,-51.037500,3,weakly_unstable,0,1,66.77
0.470000,0.973960,40,3000000,1000000,-862031,-2.21033590e-2,-8.62031000e-1,0.008750,0.030595,-275.837500,1,stable,0,0,83.71
0.470000,0.845960,40,3000000,1000000,116196,2.97938462e-3,1.16196000e-1,-0.121250,-0.047108,-5240.375000,3,weakly_unstable,0,1,107.80
0.470000,0.913460,40,3000000,1000000,90214,2.31317949e-3,9.02140000e-2,0.070000,0.069109,-2175.155000,3,weakly_unstable,0,1,108.27
0.630000,0.991130,40,3000000,1000000,-174593,-4.47674359e-3,-1.74593000e-1,0.206250,0.193493,-54.827500,1,stable,0,0,64.21
0.770000,0.970310,40,3000000,1000000,39876,1.02246154e-3,3.98760000e-2,0.002500,-0.030855,-276.252500,3,weakly_unstable,0,1,69.64
0.930000,0.988700,40,3000000,1000000,15675,4.01923077e-4,1.56750000e-2,0.215000,0.144270,-36.127500,3,weakly_unstable,0,1,66.87
0.810000,0.981350,40,3000000,1000000,24521,6.28743590e-4,2.45210000e-2,-0.036250,0.002996,-112.762500,3,weakly_unstable,0,1,68.03
0.450000,0.864320,40,3000000,1000000,145509,3.73100000e-3,1.45509000e-1,-0.062500,0.008309,-4273.450000,3,weakly_unstable,0,1,117.43
0.450000,0.758320,40,3000000,1000000,129197,3.31274359e-3,1.29197000e-1,0.030000,-0.007912,-9721.897500,3,weakly_unstable,0,1,115.20
0.950000,0.994400,40,3000000,1000000,11706,3.00153846e-4,1.17060000e-2,0.010000,-0.009490,-10.195000,3,weakly_unstable,0,1,66.36
0.530000,0.928150,40,3000000,1000000,74606,1.91297436e-3,7.46060000e-2,-0.165000,-0.055194,-1646.007500,3,weakly_unstable,0,1,91.02
0.910000,0.994460,40,3000000,1000000,10688,2.74051282e-4,1.06880000e-2,0.043750,0.009280,-16.265000,3,weakly_unstable,0,1,67.19
0.510000,0.996710,40,3000000,1000000,-1108725,-2.84288462e-2,-1.10872500e0,0.005000,-0.009741,-17.870000,1,stable,0,0,69.88
1.070000,0.981090,40,3000000,1000000,7720,1.97948718e-4,7.72000000e-3,-0.083750,-0.070134,-72.695000,3,weakly_unstable,0,1,66.57
0.550000,0.959440,40,3000000,1000000,43468,1.11456410e-3,4.34680000e-2,0.065000,0.143735,-633.837500,3,weakly_unstable,0,1,89.36
0.470000,0.974460,40,3000000,1000000,-857081,-2.19764359e-2,-8.57081000e-1,0.022500,0.014188,-230.240000,1,stable,0,0,81.84
0.630000,0.991630,40,3000000,1000000,-197403,-5.06161538e-3,-1.97403000e-1,-0.106250,-0.103471,-13.347500,1,stable,0,0,64.27
0.490000,0.880520,40,3000000,1000000,117176,3.00451282e-3,1.17176000e-1,0.087500,0.144510,-3733.555000,3,weakly_unstable,0,1,100.72
0.770000,0.970810,40,3000000,1000000,37564,9.63179487e-4,3.75640000e-2,-0.018750,0.015369,-224.625000,3,weakly_unstable,0,1,69.44
0.930000,0.989200,40,3000000,1000000,12246,3.14000000e-4,1.22460000e-2,-0.065000,-0.089102,-40.772500,3,weakly_unstable,0,1,67.34
0.810000,0.981850,40,3000000,1000000,28599,7.33307692e-4,2.85990000e-2,-0.005000,-0.072343,-84.202500,3,weakly_unstable,0,1,68.22
0.950000,0.994900,40,3000000,1000000,9886,2.53487179e-4,9.88600000e-3,-0.048750,-0.029176,-7.910000,3,weakly_unstable,0,1,65.08
0.470000,0.846460,40,3000000,1000000,143039,3.66766667e-3,1.43039000e-1,0.095000,-0.057997,-5180.905000,3,weakly_unstable,0,1,107.04
0.910000,0.994960,40,3000000,1000000,11503,2.94948718e-4,1.15030000e-2,0.033750,0.017714,-17.597500,3,weakly_unstable,0,1,67.86
0.470000,0.913960,40,3000000,1000000,102488,2.62789744e-3,1.02488000e-1,0.085000,0.026483,-2131.902500,3,weakly_unstable,0,1,108.54
0.510000,0.997210,40,3000000,1000000,-1147340,-2.94189744e-2,-1.14734000e0,0.026250,-0.012945,-5.885000,1,stable,0,0,69.30
1.070000,0.981590,40,3000000,1000000,6575,1.68589744e-4,6.57500000e-3,-0.055000,-0.070436,-80.230000,3,weakly_unstable,0,1,67.75
0.530000,0.928650,40,3000000,1000000,88714,2.27471795e-3,8.87140000e-2,-0.243750,-0.007547,-1714.735000,3,weakly_unstable,0,1,91.12
0.630000,0.992130,40,3000000,1000000,-207234,-5.31369231e-3,-2.07234000e-1,0.101250,0.119013,-41.805000,1,stable,0,0,64.50
0.450000,0.864820,40,3000000,1000000,166349,4.26535897e-3,1.66349000e-1,-0.112500,-0.036100,-4227.697500,3,weakly_unstable,0,1,114.79
0.550000,0.959940,40,3000000,1000000,55962,1.43492308e-3,5.59620000e-2,0.095000,-0.079728,-689.765000,3,weakly_unstable,0,1,88.16
0.450000,0.758820,40,3000000,1000000,125487,3.21761538e-3,1.25487000e-1,-0.123750,0.030066,-9658.437500,3,weakly_unstable,0,1,115.07
0.770000,0.971310,40,3000000,1000000,35692,9.15179487e-4,3.56920000e-2,0.015000,-0.051096,-270.107500,3,weakly_unstable,0,1,69.33
0.470000,0.974960,40,3000000,1000000,-882270,-2.26223077e-2,-8.82270000e-1,0.031250,-0.012277,-226.192500,1,stable,0,0,82.76
0.930000,0.989700,40,3000000,1000000,14616,3.74769231e-4,1.46160000e-2,-0.048750,-0.056561,-67.545000,3,weakly_unstable,0,1,67.17
0.810000,0.982350,40,3000000,1000000,31601,8.10282051e-4,3.16010000e-2,0.023750,-0.008377,-132.892500,3,weakly_unstable,0,1,67.77
0.950000,0.995400,40,3000000,1000000,10018,2.56871795e-4,1.00180000e-2,-0.130000,-0.093520,-11.707500,3,weakly_unstable,0,1,66.76
0.490000,0.881020,40,3000000,1000000,110809,2.84125641e-3,1.10809000e-1,0.126250,-0.052592,-3673.655000,3,weakly_unstable,0,1,101.35
0.910000,0.995460,40,3000000,1000000,10667,2.73512821e-4,1.06670000e-2,-0.143750,-0.112848,-17.720000,3,weakly_unstable,0,1,66.59
1.070000,0.982090,40,3000000,1000000,6674,1.71128205e-4,6.67400000e-3,0.052500,0.054446,-107.112500,3,weakly_unstable,0,1,66.14
0.510000,0.997710,40,3000000,1000000,-1176338,-3.01625128e-2,-1.17633800e0,-0.005000,0.005582,-11.965000,1,stable,0,0,69.77
0.630000,0.992630,40,3000000,1000000,-224504,-5.75651282e-3,-2.24504000e-1,0.046250,-0.034716,-40.280000,1,stable,0,0,65.59
0.470000,0.846960,40,3000000,1000000,137499,3.52561538e-3,1.37499000e-1,-0.063750,0.051210,-5160.017500,3,weakly_unstable,0,1,107.96
0.530000,0.929150,40,3000000,1000000,77587,1.98941026e-3,7.75870000e-2,0.016250,0.033446,-1644.750000,3,weakly_unstable,0,1,92.04
0.770000,0.971810,40,3000000,1000000,35323,9.05717949e-4,3.53230000e-2,-0.033750,0.018158,-188.990000,3,weakly_unstable,0,1,69.10
0.470000,0.914460,40,3000000,1000000,107536,2.75733333e-3,1.07536000e-1,0.021250,-0.085799,-2205.075000,3,weakly_unstable,0,1,109.56
0.930000,0.990200,40,3000000,1000000,14059,3.60487179e-4,1.40590000e-2,0.008750,-0.059902,-42.672500,3,weakly_unstable,0,1,65.89
0.810000,0.982850,40,3000000,1000000,27600,7.07692308e-4,2.76000000e-2,0.023750,-0.087489,-87.207500,3,weakly_unstable,0,1,69.08
0.950000,0.995900,40,3000000,1000000,7728,1.98153846e-4,7.72800000e-3,-0.027500,0.035909,-14.332500,3,weakly_unstable,0,1,66.02
0.470000,0.975460,40,3000000,1000000,-894735,-2.29419231e-2,-8.94735000e-1,0.077500,0.033078,-228.565000,1,stable,0,0,82.87
0.550000,0.960440,40,3000000,1000000,58367,1.49658974e-3,5.83670000e-2,0.106250,0.146777,-674.290000,3,weakly_unstable,0,1,89.38
0.910000,0.995960,40,3000000,1000000,8880,2.27692308e-4,8.88000000e-3,-0.007500,0.006840,-9.192500,3,weakly_unstable,0,1,66.55
1.070000,0.982590,40,3000000,1000000,6121,1.56948718e-4,6.12100000e-3,0.006250,-0.002047,-26.680000,3,weakly_unstable,0,1,67.16
0.510000,0.998210,40,3000000,1000000,-1179622,-3.02467179e-2,-1.17962200e0,-0.010000,-0.018210,-2.660000,1,stable,0,0,69.21
0.450000,0.865320,40,3000000,1000000,156465,4.01192308e-3,1.56465000e-1,0.118750,-0.048350,-4314.467500,3,weakly_unstable,0,1,115.32
0.450000,0.759320,40,3000000,1000000,122137,3.13171795e-3,1.22137000e-1,0.182500,0.044901,-9713.432500,3,weakly_unstable,0,1,116.72
0.630000,0.993130,40,3000000,1000000,-246870,-6.33000000e-3,-2.46870000e-1,-0.186250,-0.110683,-6.060000,1,stable,0,0,63.92
0.490000,0.881520,40,3000000,1000000,99304,2.54625641e-3,9.93040000e-2,-0.163750,0.027777,-3623.492500,3,weakly_unstable,0,1,101.15
0.770000,0.972310,40,3000000,1000000,38817,9.95307692e-4,3.88170000e-2,0.068750,0.005010,-225.090000,3,weakly_unstable,0,1,68.97
0.930000,0.990700,40,3000000,1000000,14419,3.69717949e-4,1.44190000e-2,0.031250,0.012291,-31.662500,3,weakly_unstable,0,1,67.33
0.950000,0.996400,40,3000000,1000000,6065,1.55512821e-4,6.06500000e-3,0.066250,0.087109,-6.787500,3,weakly_unstable,0,1,66.17
0.810000,0.983350,40,3000000,1000000,27721,7.10794872e-4,2.77210000e-2,-0.032500,-0.035875,-103.532500,3,weakly_unstable,0,1,68.67
0.910000,0.996460,40,3000000,1000000,30018,7.69692308e-4,3.00180000e-2,0.926250,0.924698,-7.677500,1,metastable,1,1,58.15
0.530000,0.929650,40,3000000,1000000,76237,1.95479487e-3,7.62370000e-2,-0.070000,-0.022380,-1658.547500,3,weakly_unstable,0,1,91.51
0.470000,0.975960,40,3000000,1000000,-886018,-2.27184103e-2,-8.86018000e-1,-0.120000,-0.037217,-169.815000,1,stable,0,0,81.44
1.070000,0.983090,40,3000000,1000000,6540,1.67692308e-4,6.54000000e-3,0.046250,0.029476,-88.232500,3,weakly_unstable,0,1,66.71
0.470000,0.847460,40,3000000,1000000,130988,3.35866667e-3,1.30988000e-1,0.018750,0.059838,-5044.422500,3,weakly_unstable,0,1,109.01
0.510000,0.998710,40,3000000,1000000,-1176111,-3.01566923e-2,-1.17611100e0,-0.006250,0.006779,-4.217500,1,stable,0,0,69.19
0.550000,0.960940,40,3000000,1000000,32548,8.34564103e-4,3.25480000e-2,0.212500,0.114607,-603.990000,3,weakly_unstable,0,1,88.85
0.470000,0.914960,40,3000000,1000000,87744,2.24984615e-3,8.77440000e-2,0.131250,-0.017903,-2067.407500,3,weakly_unstable,0,1,107.50
0.630000,0.993630,40,3000000,1000000,-239012,-6.12851282e-3,-2.39012000e-1,0.037500,-0.001555,-8.237500,1,stable,0,0,64.80
0.930000,0.991200,40,3000000,1000000,13172,3.37743590e-4,1.31720000e-2,0.003750,-0.006601,-13.962500,3,weakly_unstable,0,1,66.37
0.770000,0.972810,40,3000000,1000000,38319,9.82538462e-4,3.83190000e-2,0.016250,0.039030,-242.922500,3,weakly_unstable,0,1,70.22
0.950000,0.996900,40,3000000,1000000,5359,1.37410256e-4,5.35900000e-3,0.071250,0.009523,-6.845000,3,weakly_unstable,0,1,66.88
0.810000,0.983850,40,3000000,1000000,27222,6.98000000e-4,2.72220000e-2,-0.020000,-0.001125,-82.625000,3,weakly_unstable,0,1,68.55
0.910000,0.996960,40,3000000,1000000,6973,1.78794872e-4,6.97300000e-3,-0.192500,-0.162609,-10.047500,3,weakly_unstable,0,1,66.18
0.450000,0.865820,40,3000000,1000000,157832,4.04697436e-3,1.57832000e-1,0.005000,0.073029,-4180.972500,3,weakly_unstable,0,1,114.62
0.490000,0.882020,40,3000000,1000000,121173,3.10700000e-3,1.21173000e-1,-0.026250,0.015424,-3609.967500,3,weakly_unstable,0,1,101.47
0.450000,0.759820,40,3000000,1000000,123427,3.16479487e-3,1.23427000e-1,0.052500,0.006637,-9833.325000,3,weakly_unstable,0,1,116.16
1.070000,0.983590,40,3000000,1000000,6455,1.65512821e-4,6.45500000e-3,0.082500,0.067200,-71.715000,3,weakly_unstable,0,1,67.54
0.510000,0.999210,40,3000000,1000000,-1209818,-3.10209744e-2,-1.20981800e0,-0.042500,-0.008973,-3.572500,1,stable,0,0,69.36
0.630000,0.994130,40,3000000,1000000,-244187,-6.26120513e-3,-2.44187000e-1,0.210000,0.201897,-16.472500,1,stable,0,0,64.30
0.470000,0.976460,40,3000000,1000000,-883159,-2.26451026e-2,-8.83159000e-1,-0.005000,0.009085,-189.215000,1,stable,0,0,82.17
0.530000,0.930150,40,3000000,1000000,83497,2.14094872e-3,8.34970000e-2,-0.015000,-0.054005,-1620.120000,3,weakly_unstable,0,1,91.74
0.550000,0.961440,40,3000000,1000000,45587,1.16889744e-3,4.55870000e-2,0.156250,0.018706,-654.280000,3,weakly_unstable,0,1,88.94
0.930000,0.991700,40,3000000,1000000,11724,3.00615385e-4,1.17240000e-2,0.011250,0.089187,-25.687500,3,weakly_unstable,0,1,66.54
0.770000,0.973310,40,3000000,1000000,35560,9.11794872e-4,3.55600000e-2,-0.006250,-0.015853,-233.342500,3,weakly_unstable,0,1,68.77
0.950000,0.997400,40,3000000,1000000,9614,2.46512821e-4,9.61400000e-3,-0.617500,-0.630801,-4.792500,3,weakly_unstable,0,1,64.57
0.470000,0.847960,40,3000000,1000000,140465,3.60166667e-3,1.40465000e-1,0.001250,-0.026203,-5084.485000,3,weakly_unstable,0,1,109.25
0.810000,0.984350,40,3000000,1000000,25505,6.53974359e-4,2.55050000e-2,0.148750,0.082028,-103.942500,3,weakly_unstable,0,1,68.17
0.910000,0.997460,40,3000000,1000000,10075,2.58333333e-4,1.00750000e-2,0.451250,0.428829,-12.702500,3,weakly_unstable,0,1,67.33
0.470000,0.915460,40,3000000,1000000,98856,2.53476923e-3,9.88560000e-2,0.120000,0.032647,-2210.775000,3,weakly_unstable,0,1,109.75
1.070000,0.984090,40,3000000,1000000,6895,1.76794872e-4,6.89500000e-3,0.115000,0.095352,-76.820000,3,weakly_unstable,0,1,67.80
0.630000,0.994630,40,3000000,1000000,-290819,-7.45689744e-3,-2.90819000e-1,0.025000,0.097503,-13.080000,1,stable,0,0,63.56
0.510000,0.999710,40,3000000,1000000,-1224431,-3.13956667e-2,-1.22443100e0,0.010000,0.014757,-2.847500,1,stable,0,0,69.00
0.490000,0.882520,40,3000000,1000000,117669,3.01715385e-3,1.17669000e-1,-0.033750,0.058361,-3463.082500,3,weakly_unstable,0,1,100.83
0.470000,0.976960,40,3000000,1000000,-911806,-2.33796410e-2,-9.11806000e-1,-0.062500,-0.060998,-191.160000,1,stable,0,0,80.53
0.450000,0.866320,40,3000000,1000000,173781,4.45592308e-3,1.73781000e-1,0.027500,-0.040880,-4180.625000,3,weakly_unstable,0,1,115.03
0.930000,0.992200,40,3000000,1000000,12772,3.27487179e-4,1.27720000e-2,0.022500,0.031008,-18.807500,3,weakly_unstable,0,1,66.13
0.910000,0.997960,40,3000000,1000000,4293,1.10076923e-4,4.29300000e-3,0.901250,0.892501,-4.350000,1,metastable,1,1,57.83
0.530000,0.930650,40,3000000,1000000,86666,2.22220513e-3,8.66660000e-2,0.102500,0.068451,-1559.150000,3,weakly_unstable,0,1,93.25
0.450000,0.760320,40,3000000,1000000,117161,3.00412821e-3,1.17161000e-1,0.137500,0.013632,-9655.147500,3,weakly_unstable,0,1,114.94
0.950000,0.997900,40,3000000,1000000,7086,1.81692308e-4,7.08600000e-3,0.332500,0.331146,-5.950000,3,weakly_unstable,0,1,68.49
0.770000,0.973810,40,3000000,1000000,37017,9.49153846e-4,3.70170000e-2,0.058750,-0.023279,-264.755000,3,weakly_unstable,0,1,69.91
0.810000,0.984850,40,3000000,1000000,26636,6.82974359e-4,2.66360000e-2,-0.066250,0.005518,-88.897500,3,weakly_unstable,0,1,68.76
0.550000,0.961940,40,3000000,1000000,42194,1.08189744e-3,4.21940000e-2,-0.095000,0.053854,-593.975000,3,weakly_unstable,0,1,90.49
1.070000,0.984590,40,3000000,1000000,6284,1.61128205e-4,6.28400000e-3,-0.057500,-0.045274,-82.265000,3,weakly_unstable,0,1,67.68
0.630000,0.995130,40,3000000,1000000,-334443,-8.57546154e-3,-3.34443000e-1,-0.022500,-0.006232,-17.452500,1,stable,0,0,62.87
0.510000,1.000000,40,3000000,1000000,-1239852,-3.17910769e-2,-1.23985200e0,0.015000,0.002434,-2.847500,1,stable,0,0,68.29
0.470000,0.848460,40,3000000,1000000,127579,3.27125641e-3,1.27579000e-1,-0.030000,0.049361,-5090.647500,3,weakly_unstable,0,1,107.94
0.470000,0.915960,40,3000000,1000000,108525,2.78269231e-3,1.08525000e-1,-0.267500,-0.117794,-2060.020000,3,weakly_unstable,0,1,106.64
0.910000,0.998460,40,3000000,1000000,-633,-1.62307692e-5,-6.33000000e-4,-0.862500,-0.836010,-2.952500,1,chaotic,0,0,57.73
0.930000,0.992700,40,3000000,1000000,12298,3.15333333e-4,1.22980000e-2,0.082500,0.038345,-37.550000,3,weakly_unstable,0,1,65.82
0.950000,0.998400,40,3000000,1000000,-5366,-1.37589744e-4,-5.36600000e-3,-0.933750,-0.918735,-3.487500,1,chaotic,0,0,58.26
0.470000,0.977460,40,3000000,1000000,-896633,-2.29905897e-2,-8.96633000e-1,-0.118750,-0.023085,-217.910000,1,stable,0,0,81.68
0.770000,0.974310,40,3000000,1000000,36263,9.29820513e-4,3.62630000e-2,0.035000,0.064055,-240.697500,3,weakly_unstable,0,1,68.29
0.810000,0.985350,40,3000000,1000000,25826,6.62205128e-4,2.58260000e-2,0.068750,0.015367,-97.157500,3,weakly_unstable,0,1,67.58
0.490000,0.883020,40,3000000,1000000,108745,2.78833333e-3,1.08745000e-1,-0.060000,-0.075018,-3444.040000,3,weakly_unstable,0,1,101.78
0.630000,0.995630,40,3000000,1000000,-355782,-9.12261538e-3,-3.55782000e-1,-0.038750,-0.017239,-15.142500,1,stable,0,0,62.35
1.070000,0.985090,40,3000000,1000000,6694,1.71641026e-4,6.69400000e-3,0.122500,0.097228,-92.757500,3,weakly_unstable,0,1,68.03
0.530000,0.931150,40,3000000,1000000,64240,1.64717949e-3,6.42400000e-2,0.252500,0.037457,-1606.137500,3,weakly_unstable,0,1,92.49
0.550000,0.962440,40,3000000,1000000,39010,1.00025641e-3,3.90100000e-2,0.011250,-0.032067,-604.422500,3,weakly_unstable,0,1,89.67
0.450000,0.866820,40,3000000,1000000,137482,3.52517949e-3,1.37482000e-1,0.090000,-0.031808,-4301.112500,3,weakly_unstable,0,1,114.58
0.910000,0.998960,40,3000000,1000000,-14919,-3.82538462e-4,-1.49190000e-2,-0.558750,-0.526112,-4.902500,1,chaotic,0,0,57.74
0.450000,0.760820,40,3000000,1000000,129357,3.31684615e-3,1.29357000e-1,0.051250,0.060784,-9540.837500,3,weakly_unstable,0,1,114.85
0.950000,0.998900,40,3000000,1000000,898,2.30256410e-5,8.98000000e-4,-0.877500,-0.885388,-2.485000,1,metastable,1,1,57.57
0.530000,0.911150,40,3000000,1000000,87863,2.25289744e-3,8.78630000e-2,0.012500,0.116515,-2355.975000,3,weakly_unstable,0,1,89.80
0.930000,0.993200,40,3000000,1000000,13164,3.37538462e-4,1.31640000e-2,0.143750,0.111043,-27.690000,3,weakly_unstable,0,1,65.18
0.770000,0.974810,40,3000000,1000000,37918,9.72256410e-4,3.79180000e-2,0.028750,0.024024,-210.035000,3,weakly_unstable,0,1,69.12
0.810000,0.985850,40,3000000,1000000,25900,6.64102564e-4,2.59000000e-2,-0.178750,-0.066209,-68.522500,3,weakly_unstable,0,1,67.53
0.470000,0.977960,40,3000000,1000000,-923273,-2.36736667e-2,-9.23273000e-1,-0.050000,0.009474,-165.985000,1,stable,0,0,81.26
0.630000,0.996130,40,3000000,1000000,-321441,-8.24207692e-3,-3.21441000e-1,-0.047500,-0.000929,-1.387500,1,stable,0,0,63.53
0.470000,0.848960,40,3000000,1000000,105438,2.70353846e-3,1.05438000e-1,0.015000,0.039025,-4947.267500,3,weakly_unstable,0,1,108.72
0.470000,0.916460,40,3000000,1000000,89117,2.28505128e-3,8.91170000e-2,-0.102500,-0.119978,-1963.647500,3,weakly_unstable,0,1,107.20
1.070000,0.985590,40,3000000,1000000,5733,1.47000000e-4,5.73300000e-3,0.046250,0.025951,-59.787500,3,weakly_unstable,0,1,67.39
0.910000,0.999460,40,3000000,1000000,-22890,-5.86923077e-4,-2.28900000e-2,-0.167500,-0.188563,-1.990000,1,stable,0,0,58.25
0.950000,0.999400,40,3000000,1000000,-3353,-8.59743590e-5,-3.35300000e-3,-0.083750,-0.134974,-1.942500,1,stable,0,0,57.27
0.530000,0.931650,40,3000000,1000000,85038,2.18046154e-3,8.50380000e-2,-0.045000,-0.030215,-1587.155000,3,weakly_unstable,0,1,92.39
0.490000,0.883520,40,3000000,1000000,117171,3.00438462e-3,1.17171000e-1,0.031250,-0.029030,-3391.397500,3,weakly_unstable,0,1,101.54
0.550000,0.962940,40,3000000,1000000,44309,1.13612821e-3,4.43090000e-2,-0.062500,0.107778,-550.557500,3,weakly_unstable,0,1,88.66
0.930000,0.993700,40,3000000,1000000,12561,3.22076923e-4,1.25610000e-2,0.005000,-0.032532,-1.087500,3,weakly_unstable,0,1,66.97
0.770000,0.975310,40,3000000,1000000,36110,9.25897436e-4,3.61100000e-2,-0.101250,-0.089291,-169.315000,3,weakly_unstable,0,1,68.15
0.810000,0.986350,40,3000000,1000000,24240,6.21538462e-4,2.42400000e-2,0.053750,0.061172,-73.800000,3,weakly_unstable,0,1,67.55
0.630000,0.996630,40,3000000,1000000,-344211,-8.82592308e-3,-3.44211000e-1,-0.048750,-0.022071,-9.275000,1,stable,0,0,62.33
0.530000,0.911650,40,3000000,1000000,85371,2.18900000e-3,8.53710000e-2,-0.170000,-0.035538,-2279.472500,3,weakly_unstable,0,1,91.29
0.450000,0.867320,40,3000000,1000000,147176,3.77374359e-3,1.47176000e-1,-0.175000,-0.062758,-4017.167500,3,weakly_unstable,0,1,114.81
0.470000,0.978460,40,3000000,1000000,-1013518,-2.59876410e-2,-1.01351800e0,-0.001250,0.044747,-181.437500,1,stable,0,0,79.66
1.070000,0.986090,40,3000000,1000000,6050,1.55128205e-4,6.05000000e-3,0.041250,0.045450,-56.430000,3,weakly_unstable,0,1,67.77
0.910000,0.999960,40,3000000,1000000,-46761,-1.19900000e-3,-4.67610000e-2,0.015000,-0.007812,-1.937500,1,stable,0,0,57.30
0.950000,0.999900,40,3000000,1000000,-33655,-8.62948718e-4,-3.36550000e-2,-0.006250,-0.007396,-1.932500,1,stable,0,0,56.33
0.450000,0.761320,40,3000000,1000000,126085,3.23294872e-3,1.26085000e-1,-0.048750,0.008069,-9458.740000,3,weakly_unstable,0,1,116.94
0.930000,0.994200,40,3000000,1000000,11495,2.94743590e-4,1.14950000e-2,-0.018750,0.013030,-11.585000,3,weakly_unstable,0,1,65.40
0.470000,0.849460,40,3000000,1000000,116435,2.98551282e-3,1.16435000e-1,0.072500,-0.034058,-5119.457500,3,weakly_unstable,0,1,107.32
0.470000,0.916960,40,3000000,1000000,100879,2.58664103e-3,1.00879000e-1,-0.043750,-0.049879,-2011.285000,3,weakly_unstable,0,1,109.04
0.550000,0.963440,40,3000000,1000000,39966,1.02476923e-3,3.99660000e-2,-0.166250,-0.056676,-551.285000,3,weakly_unstable,0,1,88.29
0.630000,0.997130,40,3000000,1000000,-366030,-9.38538462e-3,-3.66030000e-1,0.103750,0.072597,-3.920000,1,stable,0,0,62.78
0.770000,0.975810,40,3000000,1000000,30298,7.76871795e-4,3.02980000e-2,0.070000,0.065252,-174.937500,3,weakly_unstable,0,1,69.01
0.810000,0.986850,40,3000000,1000000,28905,7.41153846e-4,2.89050000e-2,0.013750,0.025275,-71.102500,3,weakly_unstable,0,1,67.76
0.530000,0.932150,40,3000000,1000000,75168,1.92738462e-3,7.51680000e-2,-0.023750,0.113576,-1589.857500,3,weakly_unstable,0,1,93.02
0.490000,0.884020,40,3000000,1000000,120072,3.07876923e-3,1.20072000e-1,0.016250,0.012398,-3448.572500,3,weakly_unstable,0,1,99.32
0.910000,1.000000,40,3000000,1000000,-47254,-1.21164103e-3,-4.72540000e-2,0.002500,0.013301,-1.932500,1,stable,0,0,57.21
0.950000,1.000000,40,3000000,1000000,-32853,-8.42384615e-4,-3.28530000e-2,0.001250,-0.007670,-1.942500,1,stable,0,0,56.70
1.070000,0.986590,40,3000000,1000000,7638,1.95846154e-4,7.63800000e-3,0.021250,0.045664,-50.365000,3,weakly_unstable,0,1,66.73
0.470000,0.978960,40,3000000,1000000,-966873,-2.47916154e-2,-9.66873000e-1,-0.011250,-0.044448,-179.062500,1,stable,0,0,80.52
0.530000,0.912150,40,3000000,1000000,75364,1.93241026e-3,7.53640000e-2,-0.086250,0.012937,-2211.560000,3,weakly_unstable,0,1,91.47
0.930000,0.994700,40,3000000,1000000,10082,2.58512821e-4,1.00820000e-2,-0.073750,-0.069448,-10.330000,3,weakly_unstable,0,1,66.45
0.450000,0.867820,40,3000000,1000000,150639,3.86253846e-3,1.50639000e-1,0.053750,-0.009553,-4134.452500,3,weakly_unstable,0,1,116.53
0.630000,0.997630,40,3000000,1000000,-405572,-1.03992821e-2,-4.05572000e-1,-0.021250,0.013222,-3.265000,1,stable,0,0,62.26
0.770000,0.976310,40,3000000,1000000,36114,9.26000000e-4,3.61140000e-2,-0.096250,-0.015359,-192.690000,3,weakly_unstable,0,1,68.62
0.810000,0.987350,40,3000000,1000000,22274,5.71128205e-4,2.22740000e-2,0.040000,0.060129,-69.985000,3,weakly_unstable,0,1,67.87
0.450000,0.761820,40,3000000,1000000,114838,2.94456410e-3,1.14838000e-1,-0.010000,0.014114,-9814.835000,3,weakly_unstable,0,1,117.16
0.930000,0.968700,40,3000000,1000000,15355,3.93717949e-4,1.53550000e-2,0.070000,0.012926,-265.045000,3,weakly_unstable,0,1,65.69
0.970000,0.969070,40,3000000,1000000,10783,2.76487179e-4,1.07830000e-2,0.085000,0.116238,-271.995000,3,weakly_unstable,0,1,67.18
1.070000,0.987090,40,3000000,1000000,6745,1.72948718e-4,6.74500000e-3,-0.042500,-0.034365,-53.185000,3,weakly_unstable,0,1,66.58
0.550000,0.963940,40,3000000,1000000,20808,5.33538462e-4,2.08080000e-2,-0.251250,-0.060839,-502.132500,3,weakly_unstable,0,1,88.46
0.470000,0.849960,40,3000000,1000000,138231,3.54438462e-3,1.38231000e-1,0.075000,0.050215,-5219.807500,3,weakly_unstable,0,1,106.53
0.530000,0.932650,40,3000000,1000000,77633,1.99058974e-3,7.76330000e-2,-0.092500,-0.000471,-1472.327500,3,weakly_unstable,0,1,90.66
0.470000,0.917460,40,3000000,1000000,103251,2.64746154e-3,1.03251000e-1,0.197500,0.077743,-1990.667500,3,weakly_unstable,0,1,108.38
0.490000,0.884520,40,3000000,1000000,128471,3.29412821e-3,1.28471000e-1,0.132500,-0.018786,-3578.320000,3,weakly_unstable,0,1,100.79
0.470000,0.979460,40,3000000,1000000,-969429,-2.48571538e-2,-9.69429000e-1,0.002500,0.020917,-186.057500,1,stable,0,0,80.57
0.930000,0.995200,40,3000000,1000000,9723,2.49307692e-4,9.72300000e-3,0.070000,0.062472,-9.237500,3,weakly_unstable,0,1,66.06
0.530000,0.912650,40,3000000,1000000,91955,2.35782051e-3,9.19550000e-2,-0.040000,0.005908,-2300.730000,3,weakly_unstable,0,1,91.79
0.630000,0.998130,40,3000000,1000000,-404517,-1.03722308e-2,-4.04517000e-1,-0.055000,-0.025238,-3.237500,1,stable,0,0,62.75
0.810000,0.987850,40,3000000,1000000,24585,6.30384615e-4,2.45850000e-2,0.092500,0.144465,-63.077500,3,weakly_unstable,0,1,67.83
0.770000,0.976810,40,3000000,1000000,37735,9.67564103e-4,3.77350000e-2,0.103750,0.070370,-158.257500,3,weakly_unstable,0,1,69.64
0.930000,0.969200,40,3000000,1000000,17323,4.44179487e-4,1.73230000e-2,0.161250,0.119725,-196.650000,3,weakly_unstable,0,1,67.11
0.970000,0.969570,40,3000000,1000000,11415,2.92692308e-4,1.14150000e-2,0.086250,0.057551,-285.055000,3,weakly_unstable,0,1,67.04
1.070000,0.987590,40,3000000,1000000,6240,1.60000000e-4,6.24000000e-3,-0.013750,-0.020902,-29.022500,3,weakly_unstable,0,1,66.18
0.550000,0.964440,40,3000000,1000000,104296,2.67425641e-3,1.04296000e-1,0.815000,0.793789,-437.200000,1,metastable,1,1,76.23
0.450000,0.868320,40,3000000,1000000,146590,3.75871795e-3,1.46590000e-1,0.013750,0.032555,-3961.195000,3,weakly_unstable,0,1,114.60
0.930000,0.995700,40,3000000,1000000,7650,1.96153846e-4,7.65000000e-3,-0.090000,-0.038839,-3.350000,3,weakly_unstable,0,1,65.14
0.530000,0.933150,40,3000000,1000000,82999,2.12817949e-3,8.29990000e-2,-0.146250,-0.141615,-1521.530000,3,weakly_unstable,0,1,92.13
0.450000,0.762320,40,3000000,1000000,125575,3.21987179e-3,1.25575000e-1,0.031250,0.064700,-9633.702500,3,weakly_unstable,0,1,116.06
0.630000,0.998630,40,3000000,1000000,-404415,-1.03696154e-2,-4.04415000e-1,0.001250,0.027075,-2.462500,1,stable,0,0,63.61
0.470000,0.979960,40,3000000,1000000,-1029828,-2.64058462e-2,-1.02982800e0,0.025000,0.007420,-139.620000,1,stable,0,0,79.77
0.470000,0.850460,40,3000000,1000000,116946,2.99861538e-3,1.16946000e-1,0.098750,0.019576,-5007.192500,3,weakly_unstable,0,1,107.26
0.810000,0.988350,40,3000000,1000000,21271,5.45410256e-4,2.12710000e-2,0.021250,-0.041770,-43.210000,3,weakly_unstable,0,1,67.77
0.470000,0.917960,40,3000000,1000000,86882,2.22774359e-3,8.68820000e-2,-0.007500,-0.053364,-1931.112500,3,weakly_unstable,0,1,107.07
0.770000,0.977310,40,3000000,1000000,38010,9.74615385e-4,3.80100000e-2,-0.125000,-0.128086,-138.675000,3,weakly_unstable,0,1,68.96
0.490000,0.885020,40,3000000,1000000,116668,2.99148718e-3,1.16668000e-1,-0.245000,-0.086593,-3419.455000,3,weakly_unstable,0,1,100.12
0.930000,0.969700,40,3000000,1000000,17214,4.41384615e-4,1.72140000e-2,-0.042500,-0.080866,-259.725000,3,weakly_unstable,0,1,67.64
0.970000,0.970070,40,3000000,1000000,10179,2.61000000e-4,1.01790000e-2,0.171250,0.183781,-220.022500,3,weakly_unstable,0,1,66.92
0.530000,0.913150,40,3000000,1000000,86840,2.22666667e-3,8.68400000e-2,0.130000,0.004233,-2236.570000,3,weakly_unstable,0,1,90.71
1.070000,0.988090,40,3000000,1000000,5637,1.44538462e-4,5.63700000e-3,-0.077500,-0.064225,-20.445000,3,weakly_unstable,0,1,66.73
0.550000,0.964940,40,3000000,1000000,139151,3.56797436e-3,1.39151000e-1,0.807500,0.787696,-455.107500,1,metastable,1,1,76.93
0.930000,0.996200,40,3000000,1000000,7733,1.98282051e-4,7.73300000e-3,-0.065000,-0.140561,-8.685000,3,weakly_unstable,0,1,65.58
0.630000,0.999130,40,3000000,1000000,-447960,-1.14861538e-2,-4.47960000e-1,-0.051250,-0.002370,-2.285000,1,stable,0,0,62.04
0.470000,0.980460,40,3000000,1000000,-1063164,-2.72606154e-2,-1.06316400e0,-0.056250,-0.030243,-117.702500,1,stable,0,0,78.56
0.810000,0.988850,40,3000000,1000000,22057,5.65564103e-4,2.20570000e-2,-0.056250,-0.097641,-63.890000,3,weakly_unstable,0,1,67.23
0.530000,0.933650,40,3000000,1000000,82696,2.12041026e-3,8.26960000e-2,0.158750,0.045596,-1593.100000,3,weakly_unstable,0,1,90.09
0.770000,0.977810,40,3000000,1000000,32776,8.40410256e-4,3.27760000e-2,-0.056250,-0.071367,-185.907500,3,weakly_unstable,0,1,68.81
0.930000,0.970200,40,3000000,1000000,16237,4.16333333e-4,1.62370000e-2,-0.001250,-0.018661,-226.330000,3,weakly_unstable,0,1,67.04
0.970000,0.970570,40,3000000,1000000,12260,3.14358974e-4,1.22600000e-2,0.063750,0.055944,-237.607500,3,weakly_unstable,0,1,66.09
1.070000,0.988590,40,3000000,1000000,5675,1.45512821e-4,5.67500000e-3,0.102500,0.096993,-56.017500,3,weakly_unstable,0,1,65.72
0.450000,0.868820,40,3000000,1000000,134828,3.45712821e-3,1.34828000e-1,-0.097500,-0.007243,-4113.895000,3,weakly_unstable,0,1,116.08
0.470000,0.850960,40,3000000,1000000,120653,3.09366667e-3,1.20653000e-1,0.247500,0.011167,-5054.697500,3,weakly_unstable,0,1,105.27
0.450000,0.762820,40,3000000,1000000,130441,3.34464103e-3,1.30441000e-1,0.305000,0.012527,-9642.655000,3,weakly_unstable,0,1,116.17
0.530000,0.913650,40,3000000,1000000,68723,1.76212821e-3,6.87230000e-2,-0.178750,-0.079565,-2199.300000,3,weakly_unstable,0,1,93.52
0.490000,0.885520,40,3000000,1000000,118822,3.04671795e-3,1.18822000e-1,0.111250,-0.031454,-3347.420000,3,weakly_unstable,0,1,99.90
0.930000,0.996700,40,3000000,1000000,8416,2.15794872e-4,8.41600000e-3,0.180000,0.170510,-9.425000,3,weakly_unstable,0,1,66.02
0.630000,0.999630,40,3000000,1000000,-463532,-1.18854359e-2,-4.63532000e-1,0.031250,-0.015301,-2.240000,1,stable,0,0,62.44
0.470000,0.918460,40,3000000,1000000,76759,1.96817949e-3,7.67590000e-2,0.070000,0.020537,-1861.530000,3,weakly_unstable,0,1,107.78
0.550000,0.965440,40,3000000,1000000,38419,9.85102564e-4,3.84190000e-2,-0.060000,0.006997,-455.607500,3,weakly_unstable,0,1,90.24
0.810000,0.989350,40,3000000,1000000,21045,5.39615385e-4,2.10450000e-2,-0.105000,-0.067140,-36.820000,3,weakly_unstable,0,1,69.03
0.930000,0.970700,40,3000000,1000000,14371,3.68487179e-4,1.43710000e-2,-0.003750,-0.006546,-290.012500,3,weakly_unstable,0,1,67.46
0.970000,0.971070,40,3000000,1000000,11350,2.91025641e-4,1.13500000e-2,0.012500,-0.042106,-153.295000,3,weakly_unstable,0,1,65.96
0.470000,0.980960,40,3000000,1000000,-1065816,-2.73286154e-2,-1.06581600e0,0.070000,0.050641,-143.295000,1,stable,0,0,78.90
0.770000,0.978310,40,3000000,1000000,36848,9.44820513e-4,3.68480000e-2,-0.017500,-0.013912,-166.597500,3,weakly_unstable,0,1,71.24
1.070000,0.989090,40,3000000,1000000,5475,1.40384615e-4,5.47500000e-3,-0.068750,-0.029836,-39.402500,3,weakly_unstable,0,1,67.34
0.530000,0.934150,40,3000000,1000000,78538,2.01379487e-3,7.85380000e-2,0.095000,-0.016889,-1474.712500,3,weakly_unstable,0,1,91.03
0.930000,0.997200,40,3000000,1000000,34635,8.88076923e-4,3.46350000e-2,-0.931250,-0.932419,-4.677500,1,metastable,1,1,58.54
0.630000,1.000000,40,3000000,1000000,-464871,-1.19197692e-2,-4.64871000e-1,0.021250,0.010072,-2.030000,1,stable,0,0,62.46
0.530000,0.914150,40,3000000,1000000,83330,2.13666667e-3,8.33300000e-2,-0.003750,0.089878,-2212.602500,3,weakly_unstable,0,1,93.62
0.450000,0.869320,40,3000000,1000000,156209,4.00535897e-3,1.56209000e-1,0.176250,0.006675,-4198.210000,3,weakly_unstable,0,1,114.67
0.550000,0.965940,40,3000000,1000000,98796,2.53323077e-3,9.87960000e-2,-0.752500,-0.772296,-456.690000,1,metastable,1,1,76.65
0.490000,0.886020,40,3000000,1000000,111075,2.84807692e-3,1.11075000e-1,-0.071250,0.075334,-3332.507500,3,weakly_unstable,0,1,98.99
0.470000,0.851460,40,3000000,1000000,126799,3.25125641e-3,1.26799000e-1,0.045000,-0.079063,-4877.742500,3,weakly_unstable,0,1,106.11
0.810000,0.989850,40,3000000,1000000,19489,4.99717949e-4,1.94890000e-2,-0.018750,-0.004011,-67.687500,3,weakly_unstable,0,1,68.26
0.930000,0.971200,40,3000000,1000000,18423,4.72384615e-4,1.84230000e-2,-0.082500,-0.051341,-262.137500,3,weakly_unstable,0,1,65.74
0.970000,0.971570,40,3000000,1000000,14235,3.65000000e-4,1.42350000e-2,0.120000,0.115497,-235.075000,3,weakly_unstable,0,1,65.83
0.770000,0.978810,40,3000000,1000000,36225,9.28846154e-4,3.62250000e-2,0.097500,0.050801,-134.757500,3,weakly_unstable,0,1,67.64
1.070000,0.989590,40,3000000,1000000,5273,1.35205128e-4,5.27300000e-3,0.060000,0.065797,-52.717500,3,weakly_unstable,0,1,66.54
0.450000,0.763320,40,3000000,1000000,128742,3.30107692e-3,1.28742000e-1,0.000000,0.083111,-9304.572500,3,weakly_unstable,0,1,115.02
0.470000,0.918960,40,3000000,1000000,95054,2.43728205e-3,9.50540000e-2,-0.072500,-0.105436,-1931.640000,3,weakly_unstable,0,1,107.96
0.930000,0.997700,40,3000000,1000000,8539,2.18948718e-4,8.53900000e-3,0.935000,0.927468,-6.132500,1,metastable,1,1,57.27
0.470000,0.981460,40,3000000,1000000,-1045450,-2.68064103e-2,-1.04545000e0,0.066250,0.026554,-97.977500,1,stable,0,0,80.74
0.650000,0.954120,40,3000000,1000000,57262,1.46825641e-3,5.72620000e-2,-0.085000,0.108177,-656.522500,3,weakly_unstable,0,1,75.82
0.530000,0.934650,40,3000000,1000000,55926,1.43400000e-3,5.59260000e-2,0.101250,-0.043804,-1472.912500,3,weakly_unstable,0,1,90.86
0.930000,0.971700,40,3000000,1000000,16699,4.28179487e-4,1.66990000e-2,-0.037500,-0.061823,-231.907500,3,weakly_unstable,0,1,67.06
0.970000,0.972070,40,3000000,1000000,11855,3.03974359e-4,1.18550000e-2,0.007500,0.029092,-195.202500,3,weakly_unstable,0,1,67.36
0.810000,0.990350,40,3000000,1000000,20015,5.13205128e-4,2.00150000e-2,-0.020000,-0.080724,-52.237500,3,weakly_unstable,0,1,70.06
1.070000,0.990090,40,3000000,1000000,7042,1.80564103e-4,7.04200000e-3,0.020000,-0.017273,-19.390000,3,weakly_unstable,0,1,67.41
0.930000,0.998200,40,3000000,1000000,-653,-1.67435897e-5,-6.53000000e-4,-0.878750,-0.881891,-4.122500,1,chaotic,0,0,58.89
0.770000,0.979310,40,3000000,1000000,37659,9.65615385e-4,3.76590000e-2,0.115000,0.112226,-196.402500,3,weakly_unstable,0,1,69.38
0.530000,0.914650,40,3000000,1000000,86359,2.21433333e-3,8.63590000e-2,-0.060000,0.015000,-2140.417500,3,weakly_unstable,0,1,92.41
0.550000,0.966440,40,3000000,1000000,67552,1.73210256e-3,6.75520000e-2,-0.222500,-0.354261,-399.997500,3,weakly_unstable,0,1,86.01
0.470000,0.981960,40,3000000,1000000,-1129640,-2.89651282e-2,-1.12964000e0,0.025000,0.017453,-158.855000,1,stable,0,0,79.64
0.490000,0.886520,40,3000000,1000000,102141,2.61900000e-3,1.02141000e-1,-0.126250,0.086869,-3385.420000,3,weakly_unstable,0,1,101.92
0.470000,0.851960,40,3000000,1000000,128758,3.30148718e-3,1.28758000e-1,0.072500,0.038522,-4885.040000,3,weakly_unstable,0,1,107.84
0.450000,0.869820,40,3000000,1000000,164945,4.22935897e-3,1.64945000e-1,0.097500,0.008965,-4006.415000,3,weakly_unstable,0,1,115.57
0.650000,0.954620,40,3000000,1000000,46584,1.19446154e-3,4.65840000e-2,0.022500,-0.004049,-632.322500,3,weakly_unstable,0,1,76.55
0.470000,0.919460,40,3000000,1000000,86540,2.21897436e-3,8.65400000e-2,0.188750,-0.091511,-1929.820000,3,weakly_unstable,0,1,110.44
0.450000,0.763820,40,3000000,1000000,124871,3.20182051e-3,1.24871000e-1,-0.181250,-0.039335,-9288.280000,3,weakly_unstable,0,1,115.25
0.930000,0.972200,40,3000000,1000000,16429,4.21256410e-4,1.64290000e-2,0.075000,0.070491,-201.557500,3,weakly_unstable,0,1,66.18
0.930000,0.998700,40,3000000,1000000,5625,1.44230769e-4,5.62500000e-3,-0.761250,-0.780080,-2.700000,1,metastable,1,1,59.06
0.970000,0.972570,40,3000000,1000000,12916,3.31179487e-4,1.29160000e-2,0.253750,0.250582,-185.000000,3,weakly_unstable,0,1,66.48
0.810000,0.990850,40,3000000,1000000,17034,4.36769231e-4,1.70340000e-2,-0.036250,0.007705,-42.507500,3,weakly_unstable,0,1,67.61
0.530000,0.935150,40,3000000,1000000,81782,2.09697436e-3,8.17820000e-2,0.023750,-0.128990,-1519.992500,3,weakly_unstable,0,1,91.91
1.070000,0.990590,40,3000000,1000000,6008,1.54051282e-4,6.00800000e-3,-0.058750,-0.101846,-45.252500,3,weakly_unstable,0,1,67.03
0.770000,0.979810,40,3000000,1000000,32422,8.31333333e-4,3.24220000e-2,0.005000,-0.002769,-155.437500,3,weakly_unstable,0,1,68.19
0.550000,0.966940,40,3000000,1000000,73322,1.88005128e-3,7.33220000e-2,-0.766250,-0.770792,-385.370000,1,metastable,1,1,77.70
0.530000,0.915150,40,3000000,1000000,80029,2.05202564e-3,8.00290000e-2,0.040000,0.004021,-2158.057500,3,weakly_unstable,0,1,100.89
0.470000,0.982460,40,3000000,1000000,-1072657,-2.75040256e-2,-1.07265700e0,0.005000,-0.010224,-131.495000,1,stable,0,0,106.12
0.930000,0.999200,40,3000000,1000000,-15439,-3.95871795e-4,-1.54390000e-2,-0.571250,-0.522472,-1.992500,1,chaotic,0,0,144.09
0.650000,0.955120,40,3000000,1000000,55595,1.42551282e-3,5.55950000e-2,0.073750,0.006092,-702.590000,3,weakly_unstable,0,1,172.03
0.930000,0.972700,40,3000000,1000000,16602,4.25692308e-4,1.66020000e-2,-0.022500,0.014933,-149.362500,3,weakly_unstable,0,1,176.14
0.970000,0.973070,40,3000000,1000000,9291,2.38230769e-4,9.29100000e-3,-0.101250,-0.160990,-155.667500,3,weakly_unstable,0,1,175.57
0.490000,0.887020,40,3000000,1000000,109725,2.81346154e-3,1.09725000e-1,0.211250,-0.042772,-3450.770000,3,weakly_unstable,0,1,210.74
0.810000,0.991350,40,3000000,1000000,13614,3.49076923e-4,1.36140000e-2,-0.130000,-0.121828,-39.665000,3,weakly_unstable,0,1,180.60
1.070000,0.991090,40,3000000,1000000,6110,1.56666667e-4,6.11000000e-3,0.057500,0.074342,-20.145000,3,weakly_unstable,0,1,179.60
0.770000,0.980310,40,3000000,1000000,32928,8.44307692e-4,3.29280000e-2,0.043750,0.036931,-161.240000,3,weakly_unstable,0,1,181.62
0.470000,0.852460,40,3000000,1000000,135735,3.48038462e-3,1.35735000e-1,-0.058750,0.052838,-4966.227500,3,weakly_unstable,0,1,220.19
0.450000,0.870320,40,3000000,1000000,151368,3.88123077e-3,1.51368000e-1,-0.078750,-0.029783,-3985.930000,3,weakly_unstable,0,1,227.91
0.530000,0.935650,40,3000000,1000000,78620,2.01589744e-3,7.86200000e-2,0.023750,-0.033229,-1421.757500,3,weakly_unstable,0,1,208.51
0.470000,0.919960,40,3000000,1000000,101535,2.60346154e-3,1.01535000e-1,-0.087500,0.013463,-1888.150000,3,weakly_unstable,0,1,225.43
0.550000,0.967440,40,3000000,1000000,131487,3.37146154e-3,1.31487000e-1,-0.698750,-0.753915,-378.142500,1,metastable,1,1,194.94
0.930000,0.980700,40,3000000,1000000,17757,4.55307692e-4,1.77570000e-2,0.071250,0.061720,-94.810000,3,weakly_unstable,0,1,173.61
0.450000,0.764320,40,3000000,1000000,137412,3.52338462e-3,1.37412000e-1,0.172500,0.029860,-9495.057500,3,weakly_unstable,0,1,233.41
0.930000,0.999700,40,3000000,1000000,-37117,-9.51717949e-4,-3.71170000e-2,-0.153750,-0.151783,-1.937500,1,stable,0,0,87.14
0.470000,0.982960,40,3000000,1000000,-1116375,-2.86250000e-2,-1.11637500e0,-0.025000,-0.001235,-112.365000,1,stable,0,0,167.78
0.970000,0.973570,40,3000000,1000000,13992,3.58769231e-4,1.39920000e-2,-0.022500,-0.008740,-170.152500,3,weakly_unstable,0,1,72.20
0.930000,0.973200,40,3000000,1000000,14244,3.65230769e-4,1.42440000e-2,0.012500,0.052060,-213.827500,3,weakly_unstable,0,1,72.59
0.650000,0.955620,40,3000000,1000000,50862,1.30415385e-3,5.08620000e-2,0.175000,-0.034045,-697.187500,3,weakly_unstable,0,1,96.15
0.810000,0.991850,40,3000000,1000000,16686,4.27846154e-4,1.66860000e-2,-0.005000,-0.016243,-50.187500,3,weakly_unstable,0,1,71.92
1.070000,0.991590,40,3000000,1000000,6106,1.56564103e-4,6.10600000e-3,0.198750,0.177719,-25.090000,3,weakly_unstable,0,1,70.54
0.770000,0.980810,40,3000000,1000000,31765,8.14487179e-4,3.17650000e-2,0.117500,0.140766,-170.625000,3,weakly_unstable,0,1,73.09
0.490000,0.887520,40,3000000,1000000,120337,3.08556410e-3,1.20337000e-1,0.001250,-0.027800,-3377.630000,3,weakly_unstable,0,1,107.78
0.930000,1.000000,40,3000000,1000000,-41289,-1.05869231e-3,-4.12890000e-2,0.000000,0.016519,-1.932500,1,stable,0,0,58.10
0.930000,0.981200,40,3000000,1000000,15817,4.05564103e-4,1.58170000e-2,0.008750,-0.002083,-88.647500,3,weakly_unstable,0,1,67.55
0.550000,0.967940,40,3000000,1000000,67292,1.72543590e-3,6.72920000e-2,0.817500,0.754698,-335.585000,1,metastable,1,1,75.51
0.470000,0.852960,40,3000000,1000000,133363,3.41956410e-3,1.33363000e-1,-0.002500,0.009720,-4871.192500,3,weakly_unstable,0,1,109.11
0.530000,0.936150,40,3000000,1000000,67192,1.72287179e-3,6.71920000e-2,0.087500,0.071817,-1446.810000,3,weakly_unstable,0,1,91.35
0.970000,0.974070,40,3000000,1000000,13537,3.47102564e-4,1.35370000e-2,-0.088750,-0.079444,-162.075000,3,weakly_unstable,0,1,66.83
0.930000,0.973700,40,3000000,1000000,14686,3.76564103e-4,1.46860000e-2,0.051250,-0.009517,-195.610000,3,weakly_unstable,0,1,66.78
0.470000,0.983460,40,3000000,1000000,-1116481,-2.86277179e-2,-1.11648100e0,-0.008750,0.009833,-109.777500,1,stable,0,0,78.29
0.470000,0.920460,40,3000000,1000000,87030,2.23153846e-3,8.70300000e-2,0.076250,-0.047831,-1826.355000,3,weakly_unstable,0,1,108.82
1.070000,0.992090,40,3000000,1000000,5694,1.46000000e-4,5.69400000e-3,0.035000,0.051555,-25.397500,3,weakly_unstable,0,1,66.57
0.810000,0.992350,40,3000000,1000000,14786,3.79128205e-4,1.47860000e-2,-0.115000,-0.007879,-25.877500,3,weakly_unstable,0,1,68.27
0.450000,0.870820,40,3000000,1000000,148351,3.80387179e-3,1.48351000e-1,-0.012500,-0.023101,-3977.672500,3,weakly_unstable,0,1,119.26
0.650000,0.956120,40,3000000,1000000,49823,1.27751282e-3,4.98230000e-2,0.036250,0.059408,-623.995000,3,weakly_unstable,0,1,75.48
0.770000,0.981310,40,3000000,1000000,30179,7.73820513e-4,3.01790000e-2,0.067500,-0.000569,-127.422500,3,weakly_unstable,0,1,69.63
0.450000,0.764820,40,3000000,1000000,114009,2.92330769e-3,1.14009000e-1,0.012500,0.022635,-9428.455000,3,weakly_unstable,0,1,115.77
0.950000,0.968900,40,3000000,1000000,16627,4.26333333e-4,1.66270000e-2,0.013750,0.040587,-277.540000,3,weakly_unstable,0,1,67.57
0.930000,0.981700,40,3000000,1000000,14762,3.78512821e-4,1.47620000e-2,-0.097500,-0.009847,-120.610000,3,weakly_unstable,0,1,66.74
0.550000,0.968440,40,3000000,1000000,67274,1.72497436e-3,6.72740000e-2,-0.802500,-0.774423,-388.775000,1,metastable,1,1,76.04
0.970000,0.974570,40,3000000,1000000,14390,3.68974359e-4,1.43900000e-2,0.000000,0.022896,-188.637500,3,weakly_unstable,0,1,65.75
0.930000,0.974200,40,3000000,1000000,16308,4.18153846e-4,1.63080000e-2,0.030000,0.039958,-190.677500,3,weakly_unstable,0,1,66.45
0.490000,0.888020,40,3000000,1000000,110560,2.83487179e-3,1.10560000e-1,-0.036250,-0.015955,-3343.760000,3,weakly_unstable,0,1,98.78
1.070000,0.992590,40,3000000,1000000,4152,1.06461538e-4,4.15200000e-3,-0.050000,-0.063836,-27.822500,3,weakly_unstable,0,1,68.07
0.810000,0.992850,40,3000000,1000000,11245,2.88333333e-4,1.12450000e-2,0.123750,0.078504,-42.012500,3,weakly_unstable,0,1,69.26
0.530000,0.936650,40,3000000,1000000,76412,1.95928205e-3,7.64120000e-2,0.207500,0.025581,-1394.330000,3,weakly_unstable,0,1,90.39
0.470000,0.983960,40,3000000,1000000,-1123839,-2.88163846e-2,-1.12383900e0,-0.045000,0.006366,-90.995000,1,stable,0,0,78.21
0.770000,0.981810,40,3000000,1000000,35112,9.00307692e-4,3.51120000e-2,0.025000,-0.033435,-122.517500,3,weakly_unstable,0,1,69.22
0.650000,0.956620,40,3000000,1000000,46355,1.18858974e-3,4.63550000e-2,-0.180000,0.009403,-653.650000,3,weakly_unstable,0,1,76.78
0.470000,0.853460,40,3000000,1000000,124794,3.19984615e-3,1.24794000e-1,-0.148750,-0.054768,-4931.147500,3,weakly_unstable,0,1,106.77
0.950000,0.969400,40,3000000,1000000,12475,3.19871795e-4,1.24750000e-2,-0.017500,0.004974,-232.210000,3,weakly_unstable,0,1,66.23
0.930000,0.982200,40,3000000,1000000,18061,4.63102564e-4,1.80610000e-2,-0.073750,-0.050840,-111.912500,3,weakly_unstable,0,1,66.25
0.470000,0.920960,40,3000000,1000000,108036,2.77015385e-3,1.08036000e-1,0.015000,0.042990,-1900.085000,3,weakly_unstable,0,1,107.34
0.450000,0.871320,40,3000000,1000000,139791,3.58438462e-3,1.39791000e-1,0.023750,-0.028986,-4063.137500,3,weakly_unstable,0,1,115.11
0.970000,0.975070,40,3000000,1000000,12949,3.32025641e-4,1.29490000e-2,-0.012500,-0.010399,-89.080000,3,weakly_unstable,0,1,66.14
0.930000,0.974700,40,3000000,1000000,16573,4.24948718e-4,1.65730000e-2,-0.100000,-0.089714,-178.837500,3,weakly_unstable,0,1,65.84
0.550000,0.968940,40,3000000,1000000,81405,2.08730769e-3,8.14050000e-2,-0.762500,-0.741126,-316.807500,1,metastable,1,1,76.93
0.450000,0.765320,40,3000000,1000000,144262,3.69902564e-3,1.44262000e-1,0.187500,0.009390,-9347.212500,3,weakly_unstable,0,1,117.76
1.070000,0.993090,40,3000000,1000000,4538,1.16358974e-4,4.53800000e-3,-0.045000,-0.050200,-22.290000,3,weakly_unstable,0,1,66.46
0.810000,0.993350,40,3000000,1000000,9399,2.41000000e-4,9.39900000e-3,0.106250,0.063342,-38.672500,3,weakly_unstable,0,1,68.29
0.770000,0.982310,40,3000000,1000000,26678,6.84051282e-4,2.66780000e-2,-0.025000,0.094179,-118.302500,3,weakly_unstable,0,1,69.46
0.470000,0.984460,40,3000000,1000000,-1159271,-2.97248974e-2,-1.15927100e0,0.050000,0.018662,-93.810000,1,stable,0,0,80.09
0.650000,0.957120,40,3000000,1000000,52963,1.35802564e-3,5.29630000e-2,0.107500,0.049888,-617.687500,3,weakly_unstable,0,1,77.55
0.490000,0.888520,40,3000000,1000000,105027,2.69300000e-3,1.05027000e-1,0.031250,-0.004256,-3163.037500,3,weakly_unstable,0,1,101.31
0.530000,0.937150,40,3000000,1000000,77864,1.99651282e-3,7.78640000e-2,-0.091250,-0.055449,-1421.905000,3,weakly_unstable,0,1,90.69
0.930000,0.982700,40,3000000,1000000,13478,3.45589744e-4,1.34780000e-2,0.047500,0.075454,-104.515000,3,weakly_unstable,0,1,66.58
0.950000,0.969900,40,3000000,1000000,13570,3.47948718e-4,1.35700000e-2,-0.080000,-0.092631,-243.042500,3,weakly_unstable,0,1,68.08
0.970000,0.975570,40,3000000,1000000,13419,3.44076923e-4,1.34190000e-2,-0.012500,-0.001953,-125.565000,3,weakly_unstable,0,1,66.45
0.930000,0.975200,40,3000000,1000000,19969,5.12025641e-4,1.99690000e-2,-0.052500,-0.038330,-226.887500,3,weakly_unstable,0,1,66.64
0.470000,0.853960,40,3000000,1000000,129739,3.32664103e-3,1.29739000e-1,0.120000,0.026792,-4810.195000,3,weakly_unstable,0,1,109.01
1.070000,0.993590,40,3000000,1000000,5226,1.34000000e-4,5.22600000e-3,0.097500,0.063479,-16.625000,3,weakly_unstable,0,1,68.18
0.550000,0.969440,40,3000000,1000000,43965,1.12730769e-3,4.39650000e-2,0.728750,0.734157,-335.222500,1,metastable,1,1,78.42
0.810000,0.993850,40,3000000,1000000,8312,2.13128205e-4,8.31200000e-3,-0.037500,-0.045224,-31.085000,3,weakly_unstable,0,1,69.42
0.470000,0.921460,40,3000000,1000000,105351,2.70130769e-3,1.05351000e-1,0.063750,-0.002769,-1846.972500,3,weakly_unstable,0,1,109.23
0.770000,0.982810,40,3000000,1000000,26960,6.91282051e-4,2.69600000e-2,-0.026250,0.021015,-103.997500,3,weakly_unstable,0,1,70.14
0.470000,0.984960,40,3000000,1000000,-1194929,-3.06392051e-2,-1.19492900e0,-0.011250,-0.023655,-85.442500,1,stable,0,0,79.08
0.450000,0.871820,40,3000000,1000000,160358,4.11174359e-3,1.60358000e-1,0.005000,0.045523,-3866.652500,3,weakly_unstable,0,1,117.18
0.930000,0.983200,40,3000000,1000000,14486,3.71435897e-4,1.44860000e-2,0.073750,0.033175,-93.927500,3,weakly_unstable,0,1,67.63
0.950000,0.970400,40,3000000,1000000,14593,3.74179487e-4,1.45930000e-2,0.027500,0.033972,-247.362500,3,weakly_unstable,0,1,66.96
0.650000,0.957620,40,3000000,1000000,56818,1.45687179e-3,5.68180000e-2,-0.087500,0.056945,-634.907500,3,weakly_unstable,0,1,76.61
0.450000,0.765820,40,3000000,1000000,135262,3.46825641e-3,1.35262000e-1,-0.078750,0.038617,-9421.282500,3,weakly_unstable,0,1,118.40
0.530000,0.937650,40,3000000,1000000,74059,1.89894872e-3,7.40590000e-2,0.163750,0.046885,-1385.022500,3,weakly_unstable,0,1,92.92
0.970000,0.976070,40,3000000,1000000,12864,3.29846154e-4,1.28640000e-2,0.056250,0.051920,-226.775000,3,weakly_unstable,0,1,66.59
0.930000,0.975700,40,3000000,1000000,16058,4.11743590e-4,1.60580000e-2,0.150000,0.127787,-176.482500,3,weakly_unstable,0,1,67.25
0.490000,0.889020,40,3000000,1000000,106865,2.74012821e-3,1.06865000e-1,-0.158750,-0.053211,-3152.197500,3,weakly_unstable,0,1,102.43
1.070000,0.994090,40,3000000,1000000,5325,1.36538462e-4,5.32500000e-3,-0.175000,-0.186091,-10.902500,3,weakly_unstable,0,1,67.37
0.810000,0.994350,40,3000000,1000000,8574,2.19846154e-4,8.57400000e-3,-0.001250,-0.029268,-30.525000,3,weakly_unstable,0,1,69.87
0.550000,0.969940,40,3000000,1000000,73987,1.89710256e-3,7.39870000e-2,0.726250,0.729855,-356.402500,1,metastable,1,1,77.73
0.770000,0.983310,40,3000000,1000000,33077,8.48128205e-4,3.30770000e-2,-0.036250,-0.002091,-106.030000,3,weakly_unstable,0,1,70.23
0.950000,0.970900,40,3000000,1000000,13565,3.47820513e-4,1.35650000e-2,-0.030000,-0.023755,-245.060000,3,weakly_unstable,0,1,66.68
0.930000,0.983700,40,3000000,1000000,18178,4.66102564e-4,1.81780000e-2,-0.117500,-0.111852,-87.112500,3,weakly_unstable,0,1,67.74
0.470000,0.854460,40,3000000,1000000,122917,3.15171795e-3,1.22917000e-1,-0.031250,-0.050809,-4702.900000,3,weakly_unstable,0,1,108.62
0.470000,0.985460,40,3000000,1000000,-1205606,-3.09129744e-2,-1.20560600e0,-0.003750,0.013866,-101.702500,1,stable,0,0,77.93
0.650000,0.958120,40,3000000,1000000,48665,1.24782051e-3,4.86650000e-2,-0.110000,-0.054872,-659.552500,3,weakly_unstable,0,1,76.58
0.970000,0.976570,40,3000000,1000000,14205,3.64230769e-4,1.42050000e-2,0.077500,0.077639,-95.450000,3,weakly_unstable,0,1,66.65
0.470000,0.921960,40,3000000,1000000,89287,2.28941026e-3,8.92870000e-2,0.050000,-0.022996,-1872.805000,3,weakly_unstable,0,1,109.02
0.930000,0.976200,40,3000000,1000000,15542,3.98512821e-4,1.55420000e-2,0.140000,0.094281,-139.275000,3,weakly_unstable,0,1,69.50
1.070000,0.994590,40,3000000,1000000,5702,1.46205128e-4,5.70200000e-3,-0.111250,-0.109174,-0.307500,3,weakly_unstable,0,1,67.79
0.530000,0.938150,40,3000000,1000000,86869,2.22741026e-3,8.68690000e-2,0.083750,0.064736,-1343.162500,3,weakly_unstable,0,1,92.33
0.810000,0.994850,40,3000000,1000000,8042,2.06205128e-4,8.04200000e-3,-0.081250,0.065233,-38.117500,3,weakly_unstable,0,1,69.93
0.450000,0.872320,40,3000000,1000000,131814,3.37984615e-3,1.31814000e-1,-0.106250,0.011595,-3821.640000,3,weakly_unstable,0,1,115.50
0.770000,0.983810,40,3000000,1000000,29358,7.52769231e-4,2.93580000e-2,-0.085000,-0.083877,-121.120000,3,weakly_unstable,0,1,70.35
0.550000,0.970440,40,3000000,1000000,4593,1.17769231e-4,4.59300000e-3,0.652500,0.732665,-324.570000,1,metastable,1,1,75.99
0.490000,0.889520,40,3000000,1000000,114784,2.94317949e-3,1.14784000e-1,0.007500,0.037251,-3342.265000,3,weakly_unstable,0,1,103.03
0.950000,0.971400,40,3000000,1000000,16859,4.32282051e-4,1.68590000e-2,0.051250,0.043712,-131.935000,3,weakly_unstable,0,1,68.02
0.930000,0.984200,40,3000000,1000000,14821,3.80025641e-4,1.48210000e-2,-0.043750,-0.055471,-70.575000,3,weakly_unstable,0,1,67.75
0.450000,0.766320,40,3000000,1000000,109902,2.81800000e-3,1.09902000e-1,0.155000,-0.022043,-9363.002500,3,weakly_unstable,0,1,119.15
0.650000,0.958620,40,3000000,1000000,53406,1.36938462e-3,5.34060000e-2,-0.073750,-0.003152,-524.770000,3,weakly_unstable,0,1,75.80
0.470000,0.985960,40,3000000,1000000,-1255455,-3.21911538e-2,-1.25545500e0,-0.017500,0.010307,-73.142500,1,stable,0,0,79.91
0.970000,0.977070,40,3000000,1000000,12912,3.31076923e-4,1.29120000e-2,-0.038750,-0.046520,-132.142500,3,weakly_unstable,0,1,66.83
0.930000,0.976700,40,3000000,1000000,16697,4.28128205e-4,1.66970000e-2,-0.152500,-0.120370,-176.730000,3,weakly_unstable,0,1,68.14
1.070000,0.995090,40,3000000,1000000,4673,1.19820513e-4,4.67300000e-3,0.102500,0.133013,-8.927500,3,weakly_unstable,0,1,66.71
0.470000,0.854960,40,3000000,1000000,122462,3.14005128e-3,1.22462000e-1,0.143750,-0.046380,-4666.487500,3,weakly_unstable,0,1,109.11
0.810000,0.995350,40,3000000,1000000,10684,2.73948718e-4,1.06840000e-2,-0.301250,-0.241693,-24.345000,3,weakly_unstable,0,1,71.56
0.770000,0.984310,40,3000000,1000000,26297,6.74282051e-4,2.62970000e-2,0.051250,-0.035292,-107.297500,3,weakly_unstable,0,1,70.49
0.470000,0.922460,40,3000000,1000000,96925,2.48525641e-3,9.69250000e-2,0.025000,-0.051322,-1846.025000,3,weakly_unstable,0,1,109.35
0.950000,0.971900,40,3000000,1000000,12328,3.16102564e-4,1.23280000e-2,0.061250,0.021131,-180.897500,3,weakly_unstable,0,1,67.25
0.930000,0.984700,40,3000000,1000000,16806,4.30923077e-4,1.68060000e-2,-0.075000,-0.077618,-79.402500,3,weakly_unstable,0,1,67.90
0.550000,0.970940,40,3000000,1000000,19474,4.99333333e-4,1.94740000e-2,-0.668750,-0.648572,-304.147500,1,metastable,1,1,77.93
0.530000,0.938650,40,3000000,1000000,81477,2.08915385e-3,8.14770000e-2,-0.286250,-0.003601,-1295.282500,3,weakly_unstable,0,1,93.91
0.970000,0.977570,40,3000000,1000000,12949,3.32025641e-4,1.29490000e-2,0.115000,0.082847,-111.835000,3,weakly_unstable,0,1,66.48
0.930000,0.977200,40,3000000,1000000,15719,4.03051282e-4,1.57190000e-2,-0.013750,0.014965,-89.850000,3,weakly_unstable,0,1,67.42
0.650000,0.959120,40,3000000,1000000,57935,1.48551282e-3,5.79350000e-2,0.097500,-0.013968,-650.290000,3,weakly_unstable,0,1,76.21
0.450000,0.872820,40,3000000,1000000,152595,3.91269231e-3,1.52595000e-1,-0.196250,0.008599,-3884.897500,3,weakly_unstable,0,1,117.69
0.470000,0.986460,40,3000000,1000000,-1219453,-3.12680256e-2,-1.21945300e0,0.027500,0.007122,-105.642500,1,stable,0,0,80.30
0.490000,0.890020,40,3000000,1000000,112807,2.89248718e-3,1.12807000e-1,-0.083750,0.054028,-3191.340000,3,weakly_unstable,0,1,102.32
1.070000,0.995590,40,3000000,1000000,5507,1.41205128e-4,5.50700000e-3,0.128750,0.136567,-5.225000,3,weakly_unstable,0,1,66.64
0.810000,0.995850,40,3000000,1000000,-13596,-3.48615385e-4,-1.35960000e-2,0.912500,0.898419,-12.530000,1,chaotic,0,0,60.23
0.450000,0.766820,40,3000000,1000000,121327,3.11094872e-3,1.21327000e-1,0.138750,0.050821,-9265.835000,3,weakly_unstable,0,1,118.38
0.770000,0.984810,40,3000000,1000000,26854,6.88564103e-4,2.68540000e-2,-0.122500,-0.005218,-84.170000,3,weakly_unstable,0,1,70.23
0.950000,0.972400,40,3000000,1000000,13967,3.58128205e-4,1.39670000e-2,0.017500,0.040917,-183.670000,3,weakly_unstable,0,1,66.80
0.930000,0.985200,40,3000000,1000000,15760,4.04102564e-4,1.57600000e-2,0.020000,0.017949,-64.807500,3,weakly_unstable,0,1,67.99
0.550000,0.971440,40,3000000,1000000,-19754,-5.06512821e-4,-1.97540000e-2,0.722500,0.665886,-287.232500,1,chaotic,0,0,75.61
0.470000,0.855460,40,3000000,1000000,144688,3.70994872e-3,1.44688000e-1,-0.133750,0.074396,-4697.707500,3,weakly_unstable,0,1,107.20
0.970000,0.978070,40,3000000,1000000,12799,3.28179487e-4,1.27990000e-2,-0.041250,-0.043132,-87.465000,3,weakly_unstable,0,1,66.58
0.930000,0.977700,40,3000000,1000000,15657,4.01461538e-4,1.56570000e-2,-0.013750,-0.032107,-139.920000,3,weakly_unstable,0,1,67.10
0.530000,0.939150,40,3000000,1000000,73262,1.87851282e-3,7.32620000e-2,-0.055000,0.030706,-1279.707500,3,weakly_unstable,0,1,93.46
1.070000,0.996090,40,3000000,1000000,5073,1.30076923e-4,5.07300000e-3,0.126250,0.152910,-8.567500,3,weakly_unstable,0,1,64.87
0.650000,0.959620,40,3000000,1000000,53155,1.36294872e-3,5.31550000e-2,-0.072500,-0.075847,-572.577500,3,weakly_unstable,0,1,75.16
0.810000,0.996350,40,3000000,1000000,7452,1.91076923e-4,7.45200000e-3,-0.807500,-0.827381,-2.162500,1,metastable,1,1,61.77
0.470000,0.922960,40,3000000,1000000,98295,2.52038462e-3,9.82950000e-2,-0.170000,-0.024314,-1752.157500,3,weakly_unstable,0,1,108.54
0.470000,0.986960,40,3000000,1000000,-1252515,-3.21157692e-2,-1.25251500e0,0.032500,0.008467,-82.777500,1,stable,0,0,80.16
0.770000,0.985310,40,3000000,1000000,27885,7.15000000e-4,2.78850000e-2,-0.020000,-0.072458,-72.125000,3,weakly_unstable,0,1,71.07
0.490000,0.890520,40,3000000,1000000,105222,2.69800000e-3,1.05222000e-1,0.011250,0.052321,-3201.670000,3,weakly_unstable,0,1,102.46
0.950000,0.972900,40,3000000,1000000,14004,3.59076923e-4,1.40040000e-2,0.016250,0.004176,-227.510000,3,weakly_unstable,0,1,68.48
0.930000,0.985700,40,3000000,1000000,15644,4.01128205e-4,1.56440000e-2,0.102500,0.114854,-51.575000,3,weakly_unstable,0,1,67.88
0.450000,0.873320,40,3000000,1000000,154116,3.95169231e-3,1.54116000e-1,0.006250,0.023880,-3868.537500,3,weakly_unstable,0,1,116.25
0.550000,0.971940,40,3000000,1000000,-7666,-1.96564103e-4,-7.66600000e-3,-0.751250,-0.694572,-238.460000,1,chaotic,0,0,75.88
0.970000,0.978570,40,3000000,1000000,10932,2.80307692e-4,1.09320000e-2,0.016250,0.006508,-103.362500,3,weakly_unstable,0,1,68.43
0.930000,0.978200,40,3000000,1000000,17354,4.44974359e-4,1.73540000e-2,-0.017500,-0.051586,-131.097500,3,weakly_unstable,0,1,67.48
0.810000,0.996850,40,3000000,1000000,-15926,-4.08358974e-4,-1.59260000e-2,0.838750,0.860310,-11.845000,1,chaotic,0,0,59.79
1.070000,0.996590,40,3000000,1000000,4240,1.08717949e-4,4.24000000e-3,-0.130000,-0.111844,-7.910000,3,weakly_unstable,0,1,66.61
0.450000,0.767320,40,3000000,1000000,114862,2.94517949e-3,1.14862000e-1,0.110000,0.032918,-9338.575000,3,weakly_unstable,0,1,119.96
0.650000,0.960120,40,3000000,1000000,46962,1.20415385e-3,4.69620000e-2,-0.067500,-0.063996,-549.310000,3,weakly_unstable,0,1,76.72
0.530000,0.939650,40,3000000,1000000,81678,2.09430769e-3,8.16780000e-2,0.090000,-0.022200,-1302.712500,3,weakly_unstable,0,1,91.62
0.470000,0.855960,40,3000000,1000000,117259,3.00664103e-3,1.17259000e-1,-0.106250,-0.029564,-4725.002500,3,weakly_unstable,0,1,108.66
0.470000,0.987460,40,3000000,1000000,-1257278,-3.22378974e-2,-1.25727800e0,-0.045000,0.002556,-87.700000,1,stable,0,0,79.50
0.950000,0.973400,40,3000000,1000000,13808,3.54051282e-4,1.38080000e-2,0.038750,0.036526,-178.537500,3,weakly_unstable,0,1,68.37
0.930000,0.986200,40,3000000,1000000,16210,4.15641026e-4,1.62100000e-2,-0.052500,-0.053125,-48.890000,3,weakly_unstable,0,1,67.48
0.770000,0.985810,40,3000000,1000000,30099,7.71769231e-4,3.00990000e-2,0.050000,0.066559,-112.457500,3,weakly_unstable,0,1,70.60
0.470000,0.923460,40,3000000,1000000,80712,2.06953846e-3,8.07120000e-2,0.145000,0.084991,-1729.887500,3,weakly_unstable,0,1,110.30
0.970000,0.979070,40,3000000,1000000,11708,3.00205128e-4,1.17080000e-2,-0.036250,-0.030122,-168.055000,3,weakly_unstable,0,1,68.63
0.810000,0.997350,40,3000000,1000000,-33734,-8.64974359e-4,-3.37340000e-2,-0.092500,-0.062884,-2.280000,1,stable,0,0,60.35
0.930000,0.978700,40,3000000,1000000,17046,4.37076923e-4,1.70460000e-2,0.001250,0.004622,-150.505000,3,weakly_unstable,0,1,67.53
0.550000,0.972440,40,3000000,1000000,4563,1.17000000e-4,4.56300000e-3,0.640000,0.629381,-207.355000,1,metastable,1,1,78.20
1.070000,0.997090,40,3000000,1000000,3841,9.84871795e-5,3.84100000e-3,-0.077500,-0.092828,-7.965000,3,weakly_unstable,0,1,66.12
0.490000,0.891020,40,3000000,1000000,108679,2.78664103e-3,1.08679000e-1,-0.091250,-0.043166,-3156.312500,3,weakly_unstable,0,1,101.74
0.650000,0.960620,40,3000000,1000000,48920,1.25435897e-3,4.89200000e-2,-0.013750,0.034574,-568.975000,3,weakly_unstable,0,1,76.38
0.450000,0.873820,40,3000000,1000000,159471,4.08900000e-3,1.59471000e-1,0.153750,0.050493,-3851.292500,3,weakly_unstable,0,1,116.68
0.470000,0.987960,40,3000000,1000000,-1296835,-3.32521795e-2,-1.29683500e0,0.032500,0.016095,-67.170000,1,stable,0,0,79.16
0.930000,0.986700,40,3000000,1000000,15098,3.87128205e-4,1.50980000e-2,0.155000,0.133509,-58.130000,3,weakly_unstable,0,1,67.45
0.950000,0.973900,40,3000000,1000000,15406,3.95025641e-4,1.54060000e-2,-0.026250,-0.049046,-176.587500,3,weakly_unstable,0,1,68.49
0.770000,0.986310,40,3000000,1000000,22611,5.79769231e-4,2.26110000e-2,0.068750,0.069373,-86.430000,3,weakly_unstable,0,1,70.96
0.530000,0.940150,40,3000000,1000000,78028,2.00071795e-3,7.80280000e-2,-0.082500,-0.075794,-1281.595000,3,weakly_unstable,0,1,92.30
0.810000,0.997850,40,3000000,1000000,-50001,-1.28207692e-3,-5.00010000e-2,0.162500,0.177720,-4.972500,1,stable,0,0,59.13
0.970000,0.979570,40,3000000,1000000,12752,3.26974359e-4,1.27520000e-2,0.056250,0.085757,-47.517500,3,weakly_unstable,0,1,67.66
0.450000,0.767820,40,3000000,1000000,102925,2.63910256e-3,1.02925000e-1,-0.090000,-0.022811,-9260.492500,3,weakly_unstable,0,1,118.24
0.930000,0.979200,40,3000000,1000000,15945,4.08846154e-4,1.59450000e-2,-0.063750,-0.105110,-103.340000,3,weakly_unstable,0,1,66.76
1.070000,0.997590,40,3000000,1000000,3231,8.28461538e-5,3.23100000e-3,0.073750,0.091755,-2.522500,3,weakly_unstable,0,1,65.21
0.470000,0.856460,40,3000000,1000000,124895,3.20243590e-3,1.24895000e-1,0.023750,-0.008854,-4692.565000,3,weakly_unstable,0,1,108.64
0.550000,0.972940,40,3000000,1000000,-49538,-1.27020513e-3,-4.95380000e-2,-0.362500,-0.254206,-277.145000,1,stable,0,0,75.07
0.470000,0.923960,40,3000000,1000000,95777,2.45582051e-3,9.57770000e-2,-0.217500,-0.039818,-1727.102500,3,weakly_unstable,0,1,108.82
0.650000,0.961120,40,3000000,1000000,51704,1.32574359e-3,5.17040000e-2,-0.116250,0.028489,-589.990000,3,weakly_unstable,0,1,76.67
0.490000,0.891520,40,3000000,1000000,95372,2.44543590e-3,9.53720000e-2,0.046250,0.035198,-3149.677500,3,weakly_unstable,0,1,101.61
0.950000,0.974400,40,3000000,1000000,12420,3.18461538e-4,1.24200000e-2,-0.056250,-0.039153,-100.412500,3,weakly_unstable,0,1,66.83
0.930000,0.987200,40,3000000,1000000,11893,3.04948718e-4,1.18930000e-2,-0.077500,-0.032323,-52.417500,3,weakly_unstable,0,1,67.44
0.810000,0.998350,40,3000000,1000000,-66894,-1.71523077e-3,-6.68940000e-2,-0.033750,-0.055416,-2.092500,1,stable,0,0,59.86
0.770000,0.986810,40,3000000,1000000,24346,6.24256410e-4,2.43460000e-2,0.066250,-0.006593,-108.987500,3,weakly_unstable,0,1,71.72
0.470000,0.988460,40,3000000,1000000,-1319074,-3.38224103e-2,-1.31907400e0,0.013750,-0.016256,-63.400000,1,stable,0,0,79.93
0.970000,0.980070,40,3000000,1000000,12409,3.18179487e-4,1.24090000e-2,-0.035000,0.012180,-102.287500,3,weakly_unstable,0,1,67.80
0.930000,0.979700,40,3000000,1000000,16307,4.18128205e-4,1.63070000e-2,-0.020000,-0.028407,-135.697500,3,weakly_unstable,0,1,67.96
1.070000,0.998090,40,3000000,1000000,3308,8.48205128e-5,3.30800000e-3,0.016250,0.034879,-4.522500,3,weakly_unstable,0,1,66.66
0.530000,0.940650,40,3000000,1000000,79097,2.02812821e-3,7.90970000e-2,0.238750,0.024992,-1229.542500,3,weakly_unstable,0,1,92.91
0.450000,0.874320,40,3000000,1000000,152394,3.90753846e-3,1.52394000e-1,-0.135000,0.004857,-3783.372500,3,weakly_unstable,0,1,118.17
0.550000,0.973440,40,3000000,1000000,3130,8.02564103e-5,3.13000000e-3,0.572500,0.579423,-260.147500,1,metastable,1,1,76.87
0.810000,0.998850,40,3000000,1000000,-80046,-2.05246154e-3,-8.00460000e-2,0.238750,0.263296,-2.100000,1,stable,0,0,59.91
0.950000,0.974900,40,3000000,1000000,13668,3.50461538e-4,1.36680000e-2,-0.032500,-0.027954,-161.267500,3,weakly_unstable,0,1,67.81
0.470000,0.856960,40,3000000,1000000,143364,3.67600000e-3,1.43364000e-1,0.132500,0.039690,-4651.917500,3,weakly_unstable,0,1,106.83
0.930000,0.987700,40,3000000,1000000,16370,4.19743590e-4,1.63700000e-2,-0.001250,0.005214,-45.825000,3,weakly_unstable,0,1,68.23
0.650000,0.961620,40,3000000,1000000,54542,1.39851282e-3,5.45420000e-2,-0.136250,-0.020712,-589.670000,3,weakly_unstable,0,1,76.41
0.450000,0.768320,40,3000000,1000000,134153,3.43982051e-3,1.34153000e-1,0.228750,0.060874,-9146.425000,3,weakly_unstable,0,1,118.64
0.770000,0.987310,40,3000000,1000000,24751,6.34641026e-4,2.47510000e-2,0.022500,0.002897,-89.215000,3,weakly_unstable,0,1,72.07
1.070000,0.998590,40,3000000,1000000,19400,4.97435897e-4,1.94000000e-2,-0.940000,-0.939283,-2.347500,1,metastable,1,1,58.74
0.970000,0.980570,40,3000000,1000000,10820,2.77435897e-4,1.08200000e-2,-0.057500,0.010890,-75.305000,3,weakly_unstable,0,1,68.46
0.470000,0.988960,40,3000000,1000000,-1266462,-3.24733846e-2,-1.26646200e0,0.015000,0.002492,-43.682500,1,stable,0,0,79.23
0.930000,0.980200,40,3000000,1000000,15884,4.07282051e-4,1.58840000e-2,0.028750,0.070878,-103.557500,3,weakly_unstable,0,1,67.94
0.470000,0.924460,40,3000000,1000000,97090,2.48948718e-3,9.70900000e-2,-0.040000,-0.094922,-1776.217500,3,weakly_unstable,0,1,110.31
0.490000,0.892020,40,3000000,1000000,101483,2.60212821e-3,1.01483000e-1,0.297500,0.044578,-3184.612500,3,weakly_unstable,0,1,101.85
0.550000,0.973940,40,3000000,1000000,-31268,-8.01743590e-4,-3.12680000e-2,0.640000,0.582945,-183.947500,1,chaotic,0,0,76.62
0.810000,0.999350,40,3000000,1000000,-87089,-2.23305128e-3,-8.70890000e-2,-0.110000,-0.106445,-1.992500,1,stable,0,0,59.41
0.530000,0.941150,40,3000000,1000000,68175,1.74807692e-3,6.81750000e-2,0.027500,0.011855,-1189.315000,3,weakly_unstable,0,1,91.49
0.950000,0.975400,40,3000000,1000000,15103,3.87256410e-4,1.51030000e-2,-0.026250,-0.001140,-155.255000,3,weakly_unstable,0,1,67.37
0.930000,0.988200,40,3000000,1000000,14202,3.64153846e-4,1.42020000e-2,0.026250,0.010935,-20.722500,3,weakly_unstable,0,1,68.13
0.650000,0.962120,40,3000000,1000000,54452,1.39620513e-3,5.44520000e-2,0.181250,0.045238,-548.767500,3,weakly_unstable,0,1,76.83
1.070000,0.999090,40,3000000,1000000,8429,2.16128205e-4,8.42900000e-3,-0.097500,-0.189009,-2.492500,1,weakly_unstable,0,1,66.37
0.770000,0.987810,40,3000000,1000000,29051,7.44897436e-4,2.90510000e-2,-0.026250,-0.084195,-79.255000,3,weakly_unstable,0,1,71.51
0.970000,0.981070,40,3000000,1000000,13795,3.53717949e-4,1.37950000e-2,-0.015000,-0.013128,-129.295000,3,weakly_unstable,0,1,68.40
0.450000,0.874820,40,3000000,1000000,153716,3.94143590e-3,1.53716000e-1,0.076250,0.030305,-3769.372500,3,weakly_unstable,0,1,117.09
0.470000,0.989460,40,3000000,1000000,-1334404,-3.42154872e-2,-1.33440400e0,-0.002500,0.004146,-42.867500,1,stable,0,0,77.59
0.470000,0.857460,40,3000000,1000000,138413,3.54905128e-3,1.38413000e-1,0.005000,0.014842,-4646.127500,3,weakly_unstable,0,1,107.20
0.570000,0.964430,40,3000000,1000000,44733,1.14700000e-3,4.47330000e-2,-0.190000,-0.063610,-563.105000,3,weakly_unstable,0,1,88.23
0.810000,0.999850,40,3000000,1000000,-100497,-2.57684615e-3,-1.00497000e-1,-0.073750,-0.058022,-1.935000,1,stable,0,0,58.84
0.450000,0.768820,40,3000000,1000000,114377,2.93274359e-3,1.14377000e-1,0.001250,0.012394,-9124.787500,3,weakly_unstable,0,1,117.50
0.550000,0.974440,40,3000000,1000000,-60687,-1.55607692e-3,-6.06870000e-2,-0.052500,-0.081822,-283.047500,1,stable,0,0,76.31
0.490000,0.892520,40,3000000,1000000,107604,2.75907692e-3,1.07604000e-1,0.272500,0.076440,-3233.520000,3,weakly_unstable,0,1,100.22
0.950000,0.975900,40,3000000,1000000,16047,4.11461538e-4,1.60470000e-2,0.157500,0.118466,-109.095000,3,weakly_unstable,0,1,68.36
0.470000,0.924960,40,3000000,1000000,103461,2.65284615e-3,1.03461000e-1,-0.081250,0.040512,-1678.015000,3,weakly_unstable,0,1,110.41
1.070000,0.999590,40,3000000,1000000,1399,3.58717949e-5,1.39900000e-3,-0.577500,-0.577093,-1.927500,1,metastable,1,1,58.67
0.530000,0.941650,40,3000000,1000000,70926,1.81861538e-3,7.09260000e-2,-0.017500,0.059322,-1247.697500,3,weakly_unstable,0,1,92.01
0.770000,0.988310,40,3000000,1000000,20620,5.28717949e-4,2.06200000e-2,0.165000,0.157574,-72.805000,3,weakly_unstable,0,1,70.72
0.970000,0.981570,40,3000000,1000000,11598,2.97384615e-4,1.15980000e-2,-0.005000,-0.017839,-98.520000,3,weakly_unstable,0,1,66.83
0.650000,0.962620,40,3000000,1000000,47544,1.21907692e-3,4.75440000e-2,-0.063750,-0.051500,-504.172500,3,weakly_unstable,0,1,76.69
0.530000,0.947650,40,3000000,1000000,59525,1.52628205e-3,5.95250000e-2,-0.026250,0.020093,-1128.345000,3,weakly_unstable,0,1,94.42
0.810000,1.000000,40,3000000,1000000,-108935,-2.79320513e-3,-1.08935000e-1,0.003750,-0.004003,-1.932500,1,stable,0,0,58.08
0.590000,0.968140,40,3000000,1000000,37519,9.62025641e-4,3.75190000e-2,0.208750,0.148857,-509.342500,3,weakly_unstable,0,1,83.33
1.070000,1.000000,40,3000000,1000000,-7195,-1.84487179e-4,-7.19500000e-3,-0.022500,-0.004668,-1.940000,1,stable,0,0,55.45
0.570000,0.964930,40,3000000,1000000,52498,1.34610256e-3,5.24980000e-2,-0.056250,0.125859,-547.295000,3,weakly_unstable,0,1,86.95
0.950000,0.976400,40,3000000,1000000,16190,4.15128205e-4,1.61900000e-2,-0.086250,-0.080352,-123.710000,3,weakly_unstable,0,1,66.97
0.550000,0.974940,40,3000000,1000000,-70582,-1.80979487e-3,-7.05820000e-2,0.675000,0.641458,-229.565000,1,chaotic,0,0,76.17
0.450000,0.875320,40,3000000,1000000,148380,3.80461538e-3,1.48380000e-1,-0.087500,-0.001548,-3702.222500,3,weakly_unstable,0,1,114.66
0.470000,0.857960,40,3000000,1000000,132886,3.40733333e-3,1.32886000e-1,0.070000,0.060830,-4667.740000,3,weakly_unstable,0,1,106.82
0.970000,0.982070,40,3000000,1000000,13351,3.42333333e-4,1.33510000e-2,0.035000,0.063048,-94.075000,3,weakly_unstable,0,1,65.56
0.770000,0.988810,40,3000000,1000000,24221,6.21051282e-4,2.42210000e-2,-0.248750,-0.160865,-87.517500,3,weakly_unstable,0,1,69.18
0.650000,0.963120,40,3000000,1000000,51365,1.31705128e-3,5.13650000e-2,0.091250,0.055661,-560.740000,3,weakly_unstable,0,1,74.15
0.490000,0.893020,40,3000000,1000000,105710,2.71051282e-3,1.05710000e-1,-0.110000,0.011949,-3057.825000,3,weakly_unstable,0,1,99.80
0.450000,0.769320,40,3000000,1000000,128235,3.28807692e-3,1.28235000e-1,0.012500,0.093814,-9282.197500,3,weakly_unstable,0,1,115.36
0.830000,0.966940,40,3000000,1000000,29333,7.52128205e-4,2.93330000e-2,-0.016250,0.006770,-350.067500,3,weakly_unstable,0,1,66.86
0.530000,0.942150,40,3000000,1000000,69939,1.79330769e-3,6.99390000e-2,-0.108750,-0.007071,-1273.800000,3,weakly_unstable,0,1,89.98
0.470000,0.925460,40,3000000,1000000,95424,2.44676923e-3,9.54240000e-2,-0.003750,0.097643,-1692.695000,3,weakly_unstable,0,1,109.49
0.530000,0.948150,40,3000000,1000000,68588,1.75866667e-3,6.85880000e-2,-0.096250,-0.100554,-1019.385000,3,weakly_unstable,0,1,93.18
1.090000,0.969660,40,3000000,1000000,6256,1.60410256e-4,6.25600000e-3,-0.037500,-0.017445,-203.662500,3,weakly_unstable,0,1,68.56
0.590000,0.968640,40,3000000,1000000,38980,9.99487179e-4,3.89800000e-2,-0.002500,-0.060017,-471.440000,3,weakly_unstable,0,1,83.63
0.950000,0.976900,40,3000000,1000000,15114,3.87538462e-4,1.51140000e-2,-0.092500,-0.043288,-175.467500,3,weakly_unstable,0,1,66.59
0.550000,0.975440,40,3000000,1000000,-76044,-1.94984615e-3,-7.60440000e-2,-0.253750,-0.241173,-244.470000,1,stable,0,0,76.04
0.570000,0.965430,40,3000000,1000000,38327,9.82743590e-4,3.83270000e-2,0.177500,0.176867,-528.170000,3,weakly_unstable,0,1,87.89
0.970000,0.982570,40,3000000,1000000,11345,2.90897436e-4,1.13450000e-2,-0.157500,-0.126083,-111.400000,3,weakly_unstable,0,1,67.03
0.770000,0.989310,40,3000000,1000000,21663,5.55461538e-4,2.16630000e-2,-0.110000,-0.092399,-72.677500,3,weakly_unstable,0,1,69.36
0.650000,0.963620,40,3000000,1000000,49220,1.26205128e-3,4.92200000e-2,-0.168750,-0.060181,-513.102500,3,weakly_unstable,0,1,75.75
0.830000,0.967440,40,3000000,1000000,24632,6.31589744e-4,2.46320000e-2,0.021250,-0.104331,-213.230000,3,weakly_unstable,0,1,67.21
0.470000,0.858460,40,3000000,1000000,135932,3.48543590e-3,1.35932000e-1,-0.060000,0.057209,-4652.257500,3,weakly_unstable,0,1,108.01
0.450000,0.875820,40,3000000,1000000,154793,3.96905128e-3,1.54793000e-1,0.118750,-0.024116,-3748.075000,3,weakly_unstable,0,1,116.69
0.530000,0.942650,40,3000000,1000000,57513,1.47469231e-3,5.75130000e-2,-0.081250,-0.049626,-1143.530000,3,weakly_unstable,0,1,90.17
0.490000,0.893520,40,3000000,1000000,92027,2.35966667e-3,9.20270000e-2,-0.130000,0.008803,-3002.470000,3,weakly_unstable,0,1,100.37
1.090000,0.970160,40,3000000,1000000,6339,1.62538462e-4,6.33900000e-3,-0.026250,-0.010681,-254.992500,3,weakly_unstable,0,1,69.71
0.950000,0.977400,40,3000000,1000000,13724,3.51897436e-4,1.37240000e-2,-0.082500,-0.047385,-185.170000,3,weakly_unstable,0,1,67.46
0.530000,0.943650,40,3000000,1000000,71890,1.84333333e-3,7.18900000e-2,0.153750,0.019252,-1131.242500,3,weakly_unstable,0,1,92.32
0.530000,0.948650,40,3000000,1000000,69839,1.79074359e-3,6.98390000e-2,-0.005000,-0.047417,-913.975000,3,weakly_unstable,0,1,92.83
0.590000,0.969140,40,3000000,1000000,44085,1.13038462e-3,4.40850000e-2,-0.117500,-0.006154,-458.387500,3,weakly_unstable,0,1,83.22
0.450000,0.769820,40,3000000,1000000,131565,3.37346154e-3,1.31565000e-1,-0.137500,0.004808,-9143.790000,3,weakly_unstable,0,1,115.91
0.970000,0.983070,40,3000000,1000000,11671,2.99256410e-4,1.16710000e-2,0.006250,0.054572,-85.227500,3,weakly_unstable,0,1,67.17
0.550000,0.975940,40,3000000,1000000,-119366,-3.06066667e-3,-1.19366000e-1,-0.375000,-0.408901,-247.607500,1,chaotic,0,0,74.44
0.770000,0.989810,40,3000000,1000000,16861,4.32333333e-4,1.68610000e-2,-0.030000,-0.074124,-72.852500,3,weakly_unstable,0,1,70.74
0.830000,0.967940,40,3000000,1000000,29328,7.52000000e-4,2.93280000e-2,-0.018750,0.036236,-324.420000,3,weakly_unstable,0,1,67.37
0.570000,0.965930,40,3000000,1000000,34141,8.75410256e-4,3.41410000e-2,0.110000,-0.029739,-503.737500,3,weakly_unstable,0,1,87.06
0.650000,0.964120,40,3000000,1000000,45974,1.17882051e-3,4.59740000e-2,0.031250,-0.078976,-523.802500,3,weakly_unstable,0,1,75.96
1.090000,0.970660,40,3000000,1000000,4132,1.05948718e-4,4.13200000e-3,-0.095000,-0.109579,-230.035000,3,weakly_unstable,0,1,66.83
0.950000,0.977900,40,3000000,1000000,13413,3.43923077e-4,1.34130000e-2,0.002500,-0.027723,-129.315000,3,weakly_unstable,0,1,65.99
0.970000,0.983570,40,3000000,1000000,14157,3.63000000e-4,1.41570000e-2,-0.028750,-0.051782,-51.280000,3,weakly_unstable,0,1,65.81
0.530000,0.943150,40,3000000,1000000,70168,1.79917949e-3,7.01680000e-2,-0.093750,0.009376,-1183.050000,3,weakly_unstable,0,1,92.71
0.550000,0.976440,40,3000000,1000000,-113393,-2.90751282e-3,-1.13393000e-1,0.260000,0.252488,-174.420000,1,stable,0,0,73.52
0.470000,0.858960,40,3000000,1000000,134405,3.44628205e-3,1.34405000e-1,0.026250,0.052861,-4645.837500,3,weakly_unstable,0,1,108.18
0.530000,0.944150,40,3000000,1000000,61757,1.58351282e-3,6.17570000e-2,-0.136250,-0.138405,-1150.662500,3,weakly_unstable,0,1,92.09
0.590000,0.969640,40,3000000,1000000,44908,1.15148718e-3,4.49080000e-2,-0.133750,0.029634,-479.305000,3,weakly_unstable,0,1,82.40
0.490000,0.894020,40,3000000,1000000,94335,2.41884615e-3,9.43350000e-2,0.125000,0.003757,-3027.577500,3,weakly_unstable,0,1,99.88
0.770000,0.990310,40,3000000,1000000,16425,4.21153846e-4,1.64250000e-2,0.080000,-0.072416,-52.952500,3,weakly_unstable,0,1,70.41
0.450000,0.876320,40,3000000,1000000,170036,4.35989744e-3,1.70036000e-1,-0.090000,0.016288,-3785.147500,3,weakly_unstable,0,1,117.28
0.830000,0.968440,40,3000000,1000000,32440,8.31794872e-4,3.24400000e-2,0.012500,-0.020479,-242.187500,3,weakly_unstable,0,1,66.62
0.530000,0.949150,40,3000000,1000000,57974,1.48651282e-3,5.79740000e-2,-0.161250,-0.055372,-960.335000,3,weakly_unstable,0,1,93.44
0.650000,0.964620,40,3000000,1000000,47242,1.21133333e-3,4.72420000e-2,0.002500,0.020602,-538.245000,3,weakly_unstable,0,1,76.94
0.570000,0.966430,40,3000000,1000000,46072,1.18133333e-3,4.60720000e-2,-0.190000,-0.072140,-491.995000,3,weakly_unstable,0,1,87.61
0.450000,0.770320,40,3000000,1000000,133891,3.43310256e-3,1.33891000e-1,0.160000,0.067521,-9070.347500,3,weakly_unstable,0,1,115.75
0.950000,0.978400,40,3000000,1000000,14816,3.79897436e-4,1.48160000e-2,-0.005000,-0.008037,-108.610000,3,weakly_unstable,0,1,66.05
1.090000,0.971160,40,3000000,1000000,4188,1.07384615e-4,4.18800000e-3,0.136250,0.168157,-224.712500,3,weakly_unstable,0,1,67.38
0.770000,0.998810,40,3000000,1000000,-104765,-2.68628205e-3,-1.04765000e-1,-0.095000,-0.060867,-2.147500,1,stable,0,0,58.62
0.970000,0.984070,40,3000000,1000000,10698,2.74307692e-4,1.06980000e-2,0.120000,0.110346,-91.105000,3,weakly_unstable,0,1,67.58
0.550000,0.976940,40,3000000,1000000,-102475,-2.62756410e-3,-1.02475000e-1,-0.001250,-0.191423,-199.785000,1,stable,0,0,72.67
0.770000,0.990810,40,3000000,1000000,14499,3.71769231e-4,1.44990000e-2,0.001250,-0.046420,-64.545000,3,weakly_unstable,0,1,70.39
0.830000,0.968940,40,3000000,1000000,27063,6.93923077e-4,2.70630000e-2,0.073750,0.014201,-220.207500,3,weakly_unstable,0,1,66.90
0.590000,0.970140,40,3000000,1000000,33841,8.67717949e-4,3.38410000e-2,0.066250,-0.120574,-427.717500,3,weakly_unstable,0,1,85.27
0.530000,0.944650,40,3000000,1000000,63027,1.61607692e-3,6.30270000e-2,-0.037500,0.058525,-1198.765000,3,weakly_unstable,0,1,92.81
0.490000,0.894520,40,3000000,1000000,90894,2.33061538e-3,9.08940000e-2,-0.175000,-0.116481,-3005.317500,3,weakly_unstable,0,1,99.53
0.530000,0.949650,40,3000000,1000000,52223,1.33905128e-3,5.22230000e-2,-0.110000,0.019199,-952.170000,3,weakly_unstable,0,1,91.63
0.650000,0.965120,40,3000000,1000000,44672,1.14543590e-3,4.46720000e-2,0.062500,0.041985,-516.755000,3,weakly_unstable,0,1,75.90
0.950000,0.978900,40,3000000,1000000,11720,3.00512821e-4,1.17200000e-2,-0.292500,-0.251329,-126.815000,3,weakly_unstable,0,1,65.97
1.090000,0.971660,40,3000000,1000000,5998,1.53794872e-4,5.99800000e-3,-0.058750,-0.043699,-181.380000,3,weakly_unstable,0,1,66.23
0.470000,0.859460,40,3000000,1000000,133207,3.41556410e-3,1.33207000e-1,-0.142500,-0.047134,-4620.207500,3,weakly_unstable,0,1,106.48
0.770000,0.999310,40,3000000,1000000,-123675,-3.17115385e-3,-1.23675000e-1,0.012500,0.001093,-2.125000,1,stable,0,0,58.52
0.570000,0.966930,40,3000000,1000000,36957,9.47615385e-4,3.69570000e-2,0.086250,0.133736,-468.650000,3,weakly_unstable,0,1,86.40
0.450000,0.876820,40,3000000,1000000,138240,3.54461538e-3,1.38240000e-1,-0.187500,-0.016769,-3684.107500,3,weakly_unstable,0,1,116.10
0.970000,0.984570,40,3000000,1000000,13264,3.40102564e-4,1.32640000e-2,0.060000,0.024782,-41.942500,3,weakly_unstable,0,1,66.90
0.550000,0.977440,40,3000000,1000000,-130667,-3.35043590e-3,-1.30667000e-1,-0.185000,-0.054191,-176.642500,1,stable,0,0,73.52
0.830000,0.969440,40,3000000,1000000,30064,7.70871795e-4,3.00640000e-2,0.020000,0.008506,-251.007500,3,weakly_unstable,0,1,67.40
0.770000,0.991310,40,3000000,1000000,8577,2.19923077e-4,8.57700000e-3,-0.061250,-0.028666,-55.980000,3,weakly_unstable,0,1,71.22
0.450000,0.770820,40,3000000,1000000,121135,3.10602564e-3,1.21135000e-1,0.156250,-0.007636,-9034.540000,3,weakly_unstable,0,1,118.30
0.770000,0.999810,40,3000000,1000000,-149462,-3.83235897e-3,-1.49462000e-1,-0.011250,0.006973,-1.965000,1,stable,0,0,57.76
1.090000,0.972160,40,3000000,1000000,5439,1.39461538e-4,5.43900000e-3,0.041250,0.041584,-257.430000,3,weakly_unstable,0,1,65.67
0.950000,0.979400,40,3000000,1000000,13567,3.47871795e-4,1.35670000e-2,-0.025000,-0.005188,-86.132500,3,weakly_unstable,0,1,66.60
0.590000,0.970640,40,3000000,1000000,35296,9.05025641e-4,3.52960000e-2,-0.162500,-0.138524,-410.587500,3,weakly_unstable,0,1,84.11
0.650000,0.965620,40,3000000,1000000,47198,1.21020513e-3,4.71980000e-2,0.115000,0.149882,-477.437500,3,weakly_unstable,0,1,75.67
0.530000,0.945150,40,3000000,1000000,69138,1.77276923e-3,6.91380000e-2,-0.002500,-0.001667,-1095.487500,3,weakly_unstable,0,1,92.18
0.970000,0.985070,40,3000000,1000000,12673,3.24948718e-4,1.26730000e-2,0.126250,0.069496,-49.530000,3,weakly_unstable,0,1,66.09
0.530000,0.950150,40,3000000,1000000,61120,1.56717949e-3,6.11200000e-2,0.103750,-0.003902,-947.472500,3,weakly_unstable,0,1,92.24
0.490000,0.895020,40,3000000,1000000,112385,2.88166667e-3,1.12385000e-1,0.085000,-0.050967,-2857.300000,3,weakly_unstable,0,1,100.50
0.570000,0.967430,40,3000000,1000000,34909,8.95102564e-4,3.49090000e-2,-0.086250,-0.127138,-496.650000,3,weakly_unstable,0,1,85.62
0.830000,0.969940,40,3000000,1000000,31529,8.08435897e-4,3.15290000e-2,-0.092500,-0.109303,-245.142500,3,weakly_unstable,0,1,66.68
0.470000,0.859960,40,3000000,1000000,121484,3.11497436e-3,1.21484000e-1,0.127500,-0.023769,-4629.337500,3,weakly_unstable,0,1,107.47
0.770000,0.991810,40,3000000,1000000,10562,2.70820513e-4,1.05620000e-2,0.016250,-0.038711,-51.472500,3,weakly_unstable,0,1,71.16
0.550000,0.977940,40,3000000,1000000,-196020,-5.02615385e-3,-1.96020000e-1,0.070000,0.013882,-158.032500,1,stable,0,0,73.22
0.770000,1.000000,40,3000000,1000000,-150825,-3.86730769e-3,-1.50825000e-1,-0.015000,-0.002334,-1.917500,1,stable,0,0,57.88
1.090000,0.972660,40,3000000,1000000,4599,1.17923077e-4,4.59900000e-3,0.163750,0.155499,-244.887500,3,weakly_unstable,0,1,66.66
0.950000,0.979900,40,3000000,1000000,15843,4.06230769e-4,1.58430000e-2,-0.030000,-0.020946,-114.320000,3,weakly_unstable,0,1,66.61
0.450000,0.877320,40,3000000,1000000,149083,3.82264103e-3,1.49083000e-1,0.051250,0.022206,-3688.010000,3,weakly_unstable,0,1,116.90
0.590000,0.971140,40,3000000,1000000,36884,9.45743590e-4,3.68840000e-2,0.213750,0.033594,-397.142500,3,weakly_unstable,0,1,83.36
0.650000,0.966120,40,3000000,1000000,45682,1.17133333e-3,4.56820000e-2,0.073750,0.126720,-457.730000,3,weakly_unstable,0,1,76.77
0.970000,0.985570,40,3000000,1000000,12186,3.12461538e-4,1.21860000e-2,-0.101250,-0.069058,-78.505000,3,weakly_unstable,0,1,67.08
0.450000,0.771320,40,3000000,1000000,135483,3.47392308e-3,1.35483000e-1,0.055000,0.007749,-9246.565000,3,weakly_unstable,0,1,115.53
0.530000,0.945650,40,3000000,1000000,62530,1.60333333e-3,6.25300000e-2,-0.083750,-0.027590,-989.120000,3,weakly_unstable,0,1,91.48
0.830000,0.970440,40,3000000,1000000,28314,7.26000000e-4,2.83140000e-2,-0.015000,0.030778,-245.790000,3,weakly_unstable,0,1,68.29
0.530000,0.950650,40,3000000,1000000,56380,1.44564103e-3,5.63800000e-2,-0.217500,-0.042639,-926.480000,3,weakly_unstable,0,1,92.81
0.770000,0.992310,40,3000000,1000000,17534,4.49589744e-4,1.75340000e-2,0.052500,0.059003,-51.097500,3,weakly_unstable,0,1,71.80
0.570000,0.967930,40,3000000,1000000,30095,7.71666667e-4,3.00950000e-2,0.031250,0.049277,-501.062500,3,weakly_unstable,0,1,87.04
0.550000,0.978440,40,3000000,1000000,-201182,-5.15851282e-3,-2.01182000e-1,0.093750,-0.027291,-169.255000,1,stable,0,0,75.16
0.790000,0.965650,40,3000000,1000000,32769,8.40230769e-4,3.27690000e-2,-0.085000,-0.008566,-366.200000,3,weakly_unstable,0,1,69.63
0.490000,0.895520,40,3000000,1000000,96357,2.47069231e-3,9.63570000e-2,0.011250,0.006311,-2995.522500,3,weakly_unstable,0,1,100.89
0.950000,0.980400,40,3000000,1000000,14227,3.64794872e-4,1.42270000e-2,-0.070000,-0.032626,-114.055000,3,weakly_unstable,0,1,66.85
1.090000,0.973160,40,3000000,1000000,6757,1.73256410e-4,6.75700000e-3,0.190000,0.141613,-197.025000,3,weakly_unstable,0,1,68.36
0.470000,0.860460,40,3000000,1000000,139005,3.56423077e-3,1.39005000e-1,0.021250,0.055986,-4606.512500,3,weakly_unstable,0,1,106.14
0.970000,0.986070,40,3000000,1000000,13343,3.42128205e-4,1.33430000e-2,-0.065000,-0.047415,-70.097500,3,weakly_unstable,0,1,66.92
0.650000,0.966620,40,3000000,1000000,52393,1.34341026e-3,5.23930000e-2,0.072500,0.182724,-431.125000,3,weakly_unstable,0,1,77.34
0.590000,0.971640,40,3000000,1000000,33604,8.61641026e-4,3.36040000e-2,-0.187500,-0.078584,-402.920000,3,weakly_unstable,0,1,84.47
0.830000,0.970940,40,3000000,1000000,29506,7.56564103e-4,2.95060000e-2,-0.067500,-0.140697,-223.407500,3,weakly_unstable,0,1,66.81
0.450000,0.877820,40,3000000,1000000,145342,3.72671795e-3,1.45342000e-1,0.068750,0.039867,-3735.400000,3,weakly_unstable,0,1,115.41
0.770000,0.992810,40,3000000,1000000,11285,2.89358974e-4,1.12850000e-2,0.133750,0.017962,-52.772500,3,weakly_unstable,0,1,71.00
0.790000,0.966150,40,3000000,1000000,32845,8.42179487e-4,3.28450000e-2,-0.091250,-0.119097,-295.565000,3,weakly_unstable,0,1,67.54
0.550000,0.978940,40,3000000,1000000,-195870,-5.02230769e-3,-1.95870000e-1,0.082500,0.035631,-158.327500,1,stable,0,0,73.70
0.950000,0.980900,40,3000000,1000000,14924,3.82666667e-4,1.49240000e-2,0.122500,0.145735,-81.067500,3,weakly_unstable,0,1,65.85
0.530000,0.946150,40,3000000,1000000,68745,1.76269231e-3,6.87450000e-2,0.458750,0.052277,-1045.505000,3,weakly_unstable,0,1,92.52
1.090000,0.973660,40,3000000,1000000,5193,1.33153846e-4,5.19300000e-3,-0.101250,-0.062667,-182.155000,3,weakly_unstable,0,1,67.64
0.570000,0.968430,40,3000000,1000000,41340,1.06000000e-3,4.13400000e-2,-0.201250,-0.270611,-412.132500,3,weakly_unstable,0,1,83.51
0.530000,0.951150,40,3000000,1000000,65594,1.68189744e-3,6.55940000e-2,0.131250,0.061346,-890.127500,3,weakly_unstable,0,1,94.56
0.450000,0.771820,40,3000000,1000000,125989,3.23048718e-3,1.25989000e-1,0.001250,-0.070286,-8906.267500,3,weakly_unstable,0,1,115.40
0.970000,0.986570,40,3000000,1000000,11694,2.99846154e-4,1.16940000e-2,-0.036250,-0.078670,-50.122500,3,weakly_unstable,0,1,65.79
0.490000,0.896020,40,3000000,1000000,95670,2.45307692e-3,9.56700000e-2,-0.003750,-0.017353,-2988.170000,3,weakly_unstable,0,1,101.08
0.650000,0.967120,40,3000000,1000000,47878,1.22764103e-3,4.78780000e-2,0.090000,0.130524,-467.655000,3,weakly_unstable,0,1,76.58
0.590000,0.972140,40,3000000,1000000,104507,2.67966667e-3,1.04507000e-1,0.821250,0.822830,-303.660000,1,metastable,1,1,72.83
0.830000,0.971440,40,3000000,1000000,27816,7.13230769e-4,2.78160000e-2,0.170000,0.120950,-224.232500,3,weakly_unstable,0,1,67.24
0.770000,0.993310,40,3000000,1000000,22409,5.74589744e-4,2.24090000e-2,0.877500,0.884951,-36.265000,1,metastable,1,1,61.47
0.470000,0.860960,40,3000000,1000000,130306,3.34117949e-3,1.30306000e-1,0.053750,-0.040708,-4459.022500,3,weakly_unstable,0,1,105.42
0.790000,0.966650,40,3000000,1000000,35462,9.09282051e-4,3.54620000e-2,0.022500,0.036172,-278.252500,3,weakly_unstable,0,1,69.45
0.950000,0.981400,40,3000000,1000000,13332,3.41846154e-4,1.33320000e-2,0.026250,0.044881,-105.800000,3,weakly_unstable,0,1,66.32
0.550000,0.979440,40,3000000,1000000,-235621,-6.04156410e-3,-2.35621000e-1,0.003750,-0.071440,-178.510000,1,stable,0,0,73.77
1.090000,0.974160,40,3000000,1000000,6646,1.70410256e-4,6.64600000e-3,0.120000,0.109443,-146.577500,3,weakly_unstable,0,1,68.33
0.970000,0.987070,40,3000000,1000000,11089,2.84333333e-4,1.10890000e-2,-0.006250,0.016316,-51.167500,3,weakly_unstable,0,1,65.53
0.570000,0.968930,40,3000000,1000000,31906,8.18102564e-4,3.19060000e-2,-0.016250,-0.010584,-436.237500,3,weakly_unstable,0,1,87.93
0.530000,0.946650,40,3000000,1000000,62116,1.59271795e-3,6.21160000e-2,0.022500,0.031401,-981.287500,3,weakly_unstable,0,1,92.14
0.450000,0.878320,40,3000000,1000000,149677,3.83787179e-3,1.49677000e-1,-0.185000,0.040774,-3634.970000,3,weakly_unstable,0,1,114.46
0.530000,0.951650,40,3000000,1000000,53856,1.38092308e-3,5.38560000e-2,-0.135000,-0.037538,-886.187500,3,weakly_unstable,0,1,93.30
0.830000,0.971940,40,3000000,1000000,30545,7.83205128e-4,3.05450000e-2,0.150000,0.089495,-247.005000,3,weakly_unstable,0,1,66.92
0.770000,0.993810,40,3000000,1000000,19187,4.91974359e-4,1.91870000e-2,0.868750,0.875579,-36.792500,1,metastable,1,1,60.81
0.650000,0.967620,40,3000000,1000000,41916,1.07476923e-3,4.19160000e-2,-0.142500,0.000658,-436.912500,3,weakly_unstable,0,1,77.12
0.590000,0.972640,40,3000000,1000000,27466,7.04256410e-4,2.74660000e-2,-0.041250,-0.040229,-342.002500,3,weakly_unstable,0,1,82.12
0.650000,0.977620,40,3000000,1000000,28559,7.32282051e-4,2.85590000e-2,-0.045000,0.176206,-280.780000,3,weakly_unstable,0,1,75.02
0.790000,0.967150,40,3000000,1000000,36598,9.38410256e-4,3.65980000e-2,0.045000,0.084100,-304.557500,3,weakly_unstable,0,1,68.59
0.950000,0.981900,40,3000000,1000000,14962,3.83641026e-4,1.49620000e-2,-0.070000,-0.058594,-109.770000,3,weakly_unstable,0,1,66.61
0.450000,0.772320,40,3000000,1000000,138763,3.55802564e-3,1.38763000e-1,-0.050000,0.052395,-8835.405000,3,weakly_unstable,0,1,118.20
0.490000,0.896520,40,3000000,1000000,97113,2.49007692e-3,9.71130000e-2,0.088750,0.055132,-2887.000000,3,weakly_unstable,0,1,101.44
1.090000,0.974660,40,3000000,1000000,6629,1.69974359e-4,6.62900000e-3,0.021250,0.009075,-158.632500,3,weakly_unstable,0,1,67.34
0.550000,0.979940,40,3000000,1000000,-211347,-5.41915385e-3,-2.11347000e-1,-0.052500,-0.012490,-151.512500,1,stable,0,0,72.68
0.970000,0.987570,40,3000000,1000000,11398,2.92256410e-4,1.13980000e-2,0.006250,-0.009083,-44.067500,3,weakly_unstable,0,1,66.92
0.570000,0.969430,40,3000000,1000000,100487,2.57658974e-3,1.00487000e-1,-0.780000,-0.799876,-430.302500,1,metastable,1,1,75.03
0.770000,0.994310,40,3000000,1000000,39527,1.01351282e-3,3.95270000e-2,-0.865000,-0.864186,-18.982500,1,metastable,1,1,60.05
0.830000,0.972440,40,3000000,1000000,30162,7.73384615e-4,3.01620000e-2,-0.052500,-0.037387,-176.450000,3,weakly_unstable,0,1,67.56
0.530000,0.947150,40,3000000,1000000,67769,1.73766667e-3,6.77690000e-2,0.331250,-0.001174,-1001.900000,3,weakly_unstable,0,1,93.92
0.650000,0.968120,40,3000000,1000000,45186,1.15861538e-3,4.51860000e-2,-0.031250,0.071528,-437.475000,3,weakly_unstable,0,1,77.20
0.590000,0.973140,40,3000000,1000000,90682,2.32517949e-3,9.06820000e-2,-0.838750,-0.834989,-287.015000,1,metastable,1,1,72.24
0.790000,0.967650,40,3000000,1000000,33995,8.71666667e-4,3.39950000e-2,0.006250,0.029585,-277.715000,3,weakly_unstable,0,1,68.94
0.950000,0.982400,40,3000000,1000000,13435,3.44487179e-4,1.34350000e-2,-0.090000,-0.090717,-102.980000,3,weakly_unstable,0,1,68.01
0.530000,0.952150,40,3000000,1000000,58471,1.49925641e-3,5.84710000e-2,-0.172500,-0.158241,-860.325000,3,weakly_unstable,0,1,95.22
0.650000,0.978120,40,3000000,1000000,31724,8.13435897e-4,3.17240000e-2,0.047500,-0.179756,-232.840000,3,weakly_unstable,0,1,75.51
1.090000,0.975160,40,3000000,1000000,6187,1.58641026e-4,6.18700000e-3,-0.063750,-0.074199,-135.945000,3,weakly_unstable,0,1,68.60
0.450000,0.878820,40,3000000,1000000,155971,3.99925641e-3,1.55971000e-1,-0.137500,-0.035657,-3754.887500,3,weakly_unstable,0,1,113.49
0.550000,0.980440,40,3000000,1000000,-194256,-4.98092308e-3,-1.94256000e-1,-0.062500,-0.036834,-117.532500,1,stable,0,0,72.73
0.970000,0.988070,40,3000000,1000000,11363,2.91358974e-4,1.13630000e-2,-0.141250,-0.058179,-41.260000,3,weakly_unstable,0,1,66.27
0.770000,0.994810,40,3000000,1000000,23251,5.96179487e-4,2.32510000e-2,0.876250,0.864267,-27.667500,1,metastable,1,1,60.38
0.490000,0.897020,40,3000000,1000000,102506,2.62835897e-3,1.02506000e-1,-0.028750,-0.037595,-2885.385000,3,weakly_unstable,0,1,102.22
0.830000,0.972940,40,3000000,1000000,28433,7.29051282e-4,2.84330000e-2,0.033750,0.078305,-189.272500,3,weakly_unstable,0,1,66.11
0.570000,0.969930,40,3000000,1000000,31110,7.97692308e-4,3.11100000e-2,-0.057500,0.013386,-344.580000,3,weakly_unstable,0,1,81.25
0.450000,0.772820,40,3000000,1000000,112671,2.88900000e-3,1.12671000e-1,0.117500,0.046115,-8783.835000,3,weakly_unstable,0,1,117.81
0.550000,0.999440,40,3000000,1000000,-867607,-2.22463333e-2,-8.67607000e-1,-0.007500,-0.000817,-3.192500,1,stable,0,0,66.91
0.950000,0.982900,40,3000000,1000000,13796,3.53743590e-4,1.37960000e-2,-0.082500,-0.046976,-94.655000,3,weakly_unstable,0,1,67.27
0.790000,0.968150,40,3000000,1000000,38290,9.81794872e-4,3.82900000e-2,-0.101250,-0.047540,-256.300000,3,weakly_unstable,0,1,69.68
0.650000,0.968620,40,3000000,1000000,40145,1.02935897e-3,4.01450000e-2,-0.122500,-0.066390,-445.785000,3,weakly_unstable,0,1,76.42
1.090000,0.975660,40,3000000,1000000,6056,1.55282051e-4,6.05600000e-3,-0.077500,-0.063270,-158.602500,3,weakly_unstable,0,1,67.13
0.590000,0.973640,40,3000000,1000000,28696,7.35794872e-4,2.86960000e-2,0.307500,0.138457,-357.897500,3,weakly_unstable,0,1,83.49
0.650000,0.978620,40,3000000,1000000,25082,6.43128205e-4,2.50820000e-2,-0.060000,0.028180,-253.960000,3,weakly_unstable,0,1,76.77
0.970000,0.988570,40,3000000,1000000,11166,2.86307692e-4,1.11660000e-2,0.047500,0.021250,-27.777500,3,weakly_unstable,0,1,66.27
0.550000,0.980940,40,3000000,1000000,-258522,-6.62876923e-3,-2.58522000e-1,-0.051250,-0.032168,-99.597500,1,stable,0,0,71.98
0.770000,0.995310,40,3000000,1000000,-1176,-3.01538462e-5,-1.17600000e-3,-0.785000,-0.778429,-16.725000,1,chaotic,0,0,59.69
0.530000,0.952650,40,3000000,1000000,65584,1.68164103e-3,6.55840000e-2,0.057500,-0.035654,-831.550000,3,weakly_unstable,0,1,93.00
0.830000,0.973440,40,3000000,1000000,29401,7.53871795e-4,2.94010000e-2,-0.022500,0.073755,-194.100000,3,weakly_unstable,0,1,67.01
0.550000,0.999940,40,3000000,1000000,-891768,-2.28658462e-2,-8.91768000e-1,-0.006250,-0.001066,-2.255000,1,stable,0,0,66.51
0.570000,0.970430,40,3000000,1000000,72405,1.85653846e-3,7.24050000e-2,0.713750,0.770808,-314.777500,1,metastable,1,1,73.82
0.450000,0.879320,40,3000000,1000000,152304,3.90523077e-3,1.52304000e-1,-0.020000,-0.027786,-3756.115000,3,weakly_unstable,0,1,113.05
0.950000,0.983400,40,3000000,1000000,12375,3.17307692e-4,1.23750000e-2,0.001250,-0.005221,-97.395000,3,weakly_unstable,0,1,67.20
0.790000,0.968650,40,3000000,1000000,35537,9.11205128e-4,3.55370000e-2,0.012500,-0.059491,-334.725000,3,weakly_unstable,0,1,68.77
0.490000,0.897520,40,3000000,1000000,110246,2.82682051e-3,1.10246000e-1,0.196250,0.028362,-2820.880000,3,weakly_unstable,0,1,101.43
1.090000,0.976160,40,3000000,1000000,5708,1.46358974e-4,5.70800000e-3,-0.035000,-0.059588,-193.037500,3,weakly_unstable,0,1,67.73
0.650000,0.969120,40,3000000,1000000,42316,1.08502564e-3,4.23160000e-2,0.035000,0.067239,-416.555000,3,weakly_unstable,0,1,75.93
0.970000,0.989070,40,3000000,1000000,11377,2.91717949e-4,1.13770000e-2,-0.071250,-0.082927,-29.632500,3,weakly_unstable,0,1,65.64
0.770000,0.995810,40,3000000,1000000,8904,2.28307692e-4,8.90400000e-3,-0.762500,-0.796871,-17.660000,1,metastable,1,1,60.58
0.650000,0.979120,40,3000000,1000000,31500,8.07692308e-4,3.15000000e-2,-0.101250,-0.198377,-249.820000,3,weakly_unstable,0,1,77.45
0.550000,0.981440,40,3000000,1000000,-275361,-7.06053846e-3,-2.75361000e-1,-0.112500,-0.040948,-142.165000,1,stable,0,0,72.88
0.590000,0.974140,40,3000000,1000000,25638,6.57384615e-4,2.56380000e-2,0.032500,-0.036990,-322.027500,3,weakly_unstable,0,1,82.99
0.450000,0.773320,40,3000000,1000000,118530,3.03923077e-3,1.18530000e-1,0.108750,0.041856,-8837.600000,3,weakly_unstable,0,1,115.31
0.830000,0.973940,40,3000000,1000000,30861,7.91307692e-4,3.08610000e-2,-0.048750,-0.113234,-173.947500,3,weakly_unstable,0,1,67.51
0.530000,0.953150,40,3000000,1000000,38602,9.89794872e-4,3.86020000e-2,-0.038750,-0.124758,-849.737500,3,weakly_unstable,0,1,92.32
0.550000,1.000000,40,3000000,1000000,-905169,-2.32094615e-2,-9.05169000e-1,-0.032500,-0.011507,-2.327500,1,stable,0,0,65.93
0.570000,0.970930,40,3000000,1000000,75327,1.93146154e-3,7.53270000e-2,-0.766250,-0.786889,-357.942500,1,metastable,1,1,79.15
0.950000,0.983900,40,3000000,1000000,11783,3.02128205e-4,1.17830000e-2,0.122500,0.065903,-76.395000,3,weakly_unstable,0,1,66.56
0.790000,0.969150,40,3000000,1000000,37082,9.50820513e-4,3.70820000e-2,0.072500,0.058310,-273.450000,3,weakly_unstable,0,1,69.15
1.090000,0.976660,40,3000000,1000000,4584,1.17538462e-4,4.58400000e-3,-0.051250,-0.049614,-141.482500,3,weakly_unstable,0,1,67.08
0.770000,0.996310,40,3000000,1000000,-1255,-3.21794872e-5,-1.25500000e-3,-0.573750,-0.593324,-13.560000,1,chaotic,0,0,61.10
0.970000,0.989570,40,3000000,1000000,9389,2.40743590e-4,9.38900000e-3,-0.076250,-0.073632,-41.102500,3,weakly_unstable,0,1,67.31
0.650000,0.969620,40,3000000,1000000,39738,1.01892308e-3,3.97380000e-2,-0.060000,-0.094480,-377.462500,3,weakly_unstable,0,1,76.70
0.550000,0.981940,40,3000000,1000000,-293576,-7.52758974e-3,-2.93576000e-1,0.066250,-0.032214,-132.895000,1,stable,0,0,73.10
0.650000,0.979620,40,3000000,1000000,32255,8.27051282e-4,3.22550000e-2,-0.090000,0.024017,-245.087500,3,weakly_unstable,0,1,77.85
0.490000,0.898020,40,3000000,1000000,120281,3.08412821e-3,1.20281000e-1,-0.118750,0.071634,-2821.960000,3,weakly_unstable,0,1,100.70
0.590000,0.974640,40,3000000,1000000,33421,8.56948718e-4,3.34210000e-2,0.178750,0.024381,-302.005000,3,weakly_unstable,0,1,78.88
0.450000,0.879820,40,3000000,1000000,133189,3.41510256e-3,1.33189000e-1,0.025000,-0.044984,-3625.292500,3,weakly_unstable,0,1,116.74
0.830000,0.974440,40,3000000,1000000,31063,7.96487179e-4,3.10630000e-2,0.012500,0.072260,-198.490000,3,weakly_unstable,0,1,68.29
0.950000,0.984400,40,3000000,1000000,15442,3.95948718e-4,1.54420000e-2,-0.090000,-0.013113,-79.717500,3,weakly_unstable,0,1,66.50
0.570000,0.933430,40,3000000,1000000,72602,1.86158974e-3,7.26020000e-2,0.007500,-0.051261,-1502.692500,3,weakly_unstable,0,1,84.17
0.770000,0.996810,40,3000000,1000000,-38494,-9.87025641e-4,-3.84940000e-2,0.500000,0.515980,-7.037500,1,chaotic,0,0,59.76
1.090000,0.977160,40,3000000,1000000,5011,1.28487179e-4,5.01100000e-3,-0.042500,-0.053587,-113.277500,3,weakly_unstable,0,1,66.82
0.790000,0.969650,40,3000000,1000000,36165,9.27307692e-4,3.61650000e-2,-0.056250,0.037050,-257.565000,3,weakly_unstable,0,1,68.62
0.530000,0.953650,40,3000000,1000000,27350,7.01282051e-4,2.73500000e-2,-0.181250,-0.173186,-795.987500,3,weakly_unstable,0,1,93.60
0.570000,0.971430,40,3000000,1000000,58591,1.50233333e-3,5.85910000e-2,-0.165000,-0.080880,-304.065000,3,weakly_unstable,0,1,80.52
0.450000,0.773820,40,3000000,1000000,124316,3.18758974e-3,1.24316000e-1,0.035000,0.035004,-8968.685000,3,weakly_unstable,0,1,115.91
0.970000,0.990070,40,3000000,1000000,12269,3.14589744e-4,1.22690000e-2,0.068750,0.075865,-23.517500,3,weakly_unstable,0,1,66.27
0.650000,0.970120,40,3000000,1000000,45561,1.16823077e-3,4.55610000e-2,0.021250,-0.146574,-376.892500,3,weakly_unstable,0,1,78.23
0.550000,0.982440,40,3000000,1000000,-314959,-8.07587179e-3,-3.14959000e-1,-0.096250,-0.011467,-107.105000,1,stable,0,0,72.34
0.830000,0.974940,40,3000000,1000000,26838,6.88153846e-4,2.68380000e-2,-0.035000,-0.080686,-189.055000,3,weakly_unstable,0,1,66.82
0.650000,0.980120,40,3000000,1000000,22982,5.89282051e-4,2.29820000e-2,0.018750,-0.120228,-228.885000,3,weakly_unstable,0,1,77.10
0.590000,0.975140,40,3000000,1000000,26230,6.72564103e-4,2.62300000e-2,0.112500,0.134043,-295.297500,3,weakly_unstable,0,1,82.63
0.770000,0.997310,40,3000000,1000000,-76622,-1.96466667e-3,-7.66220000e-2,0.620000,0.628981,-7.730000,1,chaotic,0,0,58.51
0.950000,0.984900,40,3000000,1000000,13358,3.42512821e-4,1.33580000e-2,-0.006250,-0.032997,-70.400000,3,weakly_unstable,0,1,65.68
0.490000,0.898520,40,3000000,1000000,93566,2.39912821e-3,9.35660000e-2,-0.151250,-0.008064,-2898.117500,3,weakly_unstable,0,1,101.21
1.090000,0.977660,40,3000000,1000000,6572,1.68512821e-4,6.57200000e-3,0.028750,0.027922,-150.835000,3,weakly_unstable,0,1,65.64
0.790000,0.970150,40,3000000,1000000,32405,8.30897436e-4,3.24050000e-2,-0.153750,-0.088274,-267.675000,3,weakly_unstable,0,1,67.27
0.970000,0.990570,40,3000000,1000000,11201,2.87205128e-4,1.12010000e-2,-0.071250,-0.031718,-17.477500,3,weakly_unstable,0,1,65.15
0.570000,0.933930,40,3000000,1000000,55610,1.42589744e-3,5.56100000e-2,-0.183750,-0.076839,-1393.652500,3,weakly_unstable,0,1,84.37
0.450000,0.880320,40,3000000,1000000,137244,3.51907692e-3,1.37244000e-1,0.041250,-0.022107,-3480.855000,3,weakly_unstable,0,1,115.83
0.570000,0.971930,40,3000000,1000000,39889,1.02279487e-3,3.98890000e-2,-0.340000,-0.172600,-411.415000,3,weakly_unstable,0,1,85.80
0.530000,0.954150,40,3000000,1000000,43093,1.10494872e-3,4.30930000e-2,0.015000,0.111535,-758.030000,3,weakly_unstable,0,1,93.02
0.550000,0.982940,40,3000000,1000000,-312174,-8.00446154e-3,-3.12174000e-1,0.217500,0.198944,-114.892500,1,stable,0,0,71.56
0.650000,0.970620,40,3000000,1000000,44271,1.13515385e-3,4.42710000e-2,-0.200000,-0.004552,-385.940000,3,weakly_unstable,0,1,76.90
0.830000,0.975440,40,3000000,1000000,30620,7.85128205e-4,3.06200000e-2,-0.067500,-0.051743,-178.020000,3,weakly_unstable,0,1,66.90
0.770000,0.997810,40,3000000,1000000,-86232,-2.21107692e-3,-8.62320000e-2,0.001250,0.031796,-5.145000,1,stable,0,0,58.90
0.650000,0.980620,40,3000000,1000000,20277,5.19923077e-4,2.02770000e-2,0.071250,0.076630,-198.030000,3,weakly_unstable,0,1,78.51
0.590000,0.975640,40,3000000,1000000,109128,2.79815385e-3,1.09128000e-1,-0.830000,-0.814968,-254.257500,1,metastable,1,1,71.03
0.450000,0.774320,40,3000000,1000000,141327,3.62376923e-3,1.41327000e-1,0.086250,0.061930,-8926.375000,3,weakly_unstable,0,1,115.50
0.950000,0.985400,40,3000000,1000000,12572,3.22358974e-4,1.25720000e-2,-0.151250,-0.173059,-73.952500,3,weakly_unstable,0,1,66.81
1.090000,0.978160,40,3000000,1000000,6793,1.74179487e-4,6.79300000e-3,-0.035000,-0.013910,-160.405000,3,weakly_unstable,0,1,66.57
0.790000,0.970650,40,3000000,1000000,36676,9.40410256e-4,3.66760000e-2,0.040000,-0.051012,-241.152500,3,weakly_unstable,0,1,67.88
0.970000,0.991070,40,3000000,1000000,10022,2.56974359e-4,1.00220000e-2,0.106250,0.099067,-21.547500,3,weakly_unstable,0,1,65.11
0.570000,0.934430,40,3000000,1000000,59468,1.52482051e-3,5.94680000e-2,0.151250,0.127708,-1412.185000,3,weakly_unstable,0,1,83.09
0.570000,0.972430,40,3000000,1000000,107900,2.76666667e-3,1.07900000e-1,0.730000,0.765889,-329.267500,1,metastable,1,1,73.56
0.490000,0.899020,40,3000000,1000000,108048,2.77046154e-3,1.08048000e-1,0.098750,-0.021247,-2681.607500,3,weakly_unstable,0,1,100.48
0.830000,0.975940,40,3000000,1000000,28947,7.42230769e-4,2.89470000e-2,-0.070000,-0.076610,-232.485000,3,weakly_unstable,0,1,67.34
0.550000,0.983440,40,3000000,1000000,-365356,-9.36810256e-3,-3.65356000e-1,-0.130000,-0.020408,-102.150000,1,stable,0,0,71.17
0.770000,0.998310,40,3000000,1000000,-101667,-2.60684615e-3,-1.01667000e-1,-0.016250,0.002011,-7.237500,1,stable,0,0,58.52
0.650000,0.971120,40,3000000,1000000,40997,1.05120513e-3,4.09970000e-2,0.078750,-0.017508,-413.035000,3,weakly_unstable,0,1,76.48
0.530000,0.954650,40,3000000,1000000,49869,1.27869231e-3,4.98690000e-2,0.011250,0.128756,-822.562500,3,weakly_unstable,0,1,91.67
0.950000,0.985900,40,3000000,1000000,12742,3.26717949e-4,1.27420000e-2,-0.006250,0.038482,-51.277500,3,weakly_unstable,0,1,65.17
0.590000,0.976140,40,3000000,1000000,56725,1.45448718e-3,5.67250000e-2,-0.732500,-0.773451,-236.327500,1,metastable,1,1,71.80
0.650000,0.981120,40,3000000,1000000,19560,5.01538462e-4,1.95600000e-2,0.052500,0.102199,-233.767500,3,weakly_unstable,0,1,76.93
0.450000,0.880820,40,3000000,1000000,158492,4.06389744e-3,1.58492000e-1,0.097500,0.033187,-3599.370000,3,weakly_unstable,0,1,114.53
1.090000,0.978660,40,3000000,1000000,6877,1.76333333e-4,6.87700000e-3,-0.013750,-0.000707,-118.510000,3,weakly_unstable,0,1,67.66
0.970000,0.991570,40,3000000,1000000,10968,2.81230769e-4,1.09680000e-2,-0.026250,-0.061636,-37.597500,3,weakly_unstable,0,1,64.64
0.790000,0.971150,40,3000000,1000000,32448,8.32000000e-4,3.24480000e-2,0.020000,0.026517,-224.932500,3,weakly_unstable,0,1,68.57
0.570000,0.972930,40,3000000,1000000,58560,1.50153846e-3,5.85600000e-2,0.753750,0.765267,-301.362500,1,metastable,1,1,73.29
0.830000,0.976440,40,3000000,1000000,25628,6.57128205e-4,2.56280000e-2,0.042500,0.033490,-218.855000,3,weakly_unstable,0,1,67.91
0.450000,0.774820,40,3000000,1000000,134541,3.44976923e-3,1.34541000e-1,-0.075000,-0.046701,-9001.870000,3,weakly_unstable,0,1,116.16
0.830000,0.991940,40,3000000,1000000,17916,4.59384615e-4,1.79160000e-2,-0.008750,-0.031576,-59.827500,3,weakly_unstable,0,1,67.97
0.550000,0.983940,40,3000000,1000000,-349148,-8.95251282e-3,-3.49148000e-1,0.011250,-0.004413,-89.400000,1,stable,0,0,70.92
0.570000,0.934930,40,3000000,1000000,78585,2.01500000e-3,7.85850000e-2,0.105000,0.016624,-1335.677500,3,weakly_unstable,0,1,84.34
0.650000,0.971620,40,3000000,1000000,37731,9.67461538e-4,3.77310000e-2,-0.013750,0.105557,-373.197500,3,weakly_unstable,0,1,76.48
0.950000,0.986400,40,3000000,1000000,13619,3.49205128e-4,1.36190000e-2,0.013750,0.000884,-52.947500,3,weakly_unstable,0,1,66.16
0.590000,0.976640,40,3000000,1000000,56810,1.45666667e-3,5.68100000e-2,0.801250,0.804320,-201.395000,1,metastable,1,1,70.58
1.090000,0.979160,40,3000000,1000000,5054,1.29589744e-4,5.05400000e-3,0.038750,0.073568,-104.840000,3,weakly_unstable,0,1,66.45
0.490000,0.899520,40,3000000,1000000,110482,2.83287179e-3,1.10482000e-1,0.171250,-0.065823,-2863.060000,3,weakly_unstable,0,1,101.31
0.970000,0.992070,40,3000000,1000000,9787,2.50948718e-4,9.78700000e-3,-0.132500,-0.088895,-13.760000,3,weakly_unstable,0,1,65.88
0.650000,0.981620,40,3000000,1000000,28002,7.18000000e-4,2.80020000e-2,-0.182500,-0.164356,-203.950000,3,weakly_unstable,0,1,77.04
0.790000,0.971650,40,3000000,1000000,34801,8.92333333e-4,3.48010000e-2,-0.011250,-0.009833,-235.892500,3,weakly_unstable,0,1,68.07
0.530000,0.955150,40,3000000,1000000,52010,1.33358974e-3,5.20100000e-2,-0.022500,-0.014063,-776.410000,3,weakly_unstable,0,1,93.62
0.830000,0.976940,40,3000000,1000000,29418,7.54307692e-4,2.94180000e-2,-0.038750,-0.079475,-158.092500,3,weakly_unstable,0,1,67.93
0.830000,0.992440,40,3000000,1000000,17393,4.45974359e-4,1.73930000e-2,0.261250,0.158990,-35.412500,3,weakly_unstable,0,1,66.52
0.570000,0.973430,40,3000000,1000000,22596,5.79384615e-4,2.25960000e-2,-0.833750,-0.780104,-240.860000,1,metastable,1,1,71.88
0.450000,0.881320,40,3000000,1000000,146630,3.75974359e-3,1.46630000e-1,0.008750,0.044819,-3462.760000,3,weakly_unstable,0,1,113.36
0.550000,0.984440,40,3000000,1000000,-351844,-9.02164103e-3,-3.51844000e-1,-0.106250,-0.029156,-97.352500,1,stable,0,0,71.73
0.950000,0.986900,40,3000000,1000000,13924,3.57025641e-4,1.39240000e-2,0.048750,0.056053,-39.922500,3,weakly_unstable,0,1,66.88
0.570000,0.935430,40,3000000,1000000,67348,1.72687179e-3,6.73480000e-2,-0.058750,0.062118,-1368.492500,3,weakly_unstable,0,1,82.57
0.650000,0.972120,40,3000000,1000000,38056,9.75794872e-4,3.80560000e-2,-0.008750,-0.103846,-348.867500,3,weakly_unstable,0,1,75.90
0.590000,0.977140,40,3000000,1000000,30422,7.80051282e-4,3.04220000e-2,0.785000,0.780603,-237.212500,1,metastable,1,1,69.87
1.090000,0.979660,40,3000000,1000000,5418,1.38923077e-4,5.41800000e-3,0.088750,0.083299,-101.977500,3,weakly_unstable,0,1,66.72
0.970000,0.992570,40,3000000,1000000,10283,2.63666667e-4,1.02830000e-2,-0.070000,-0.012223,-13.852500,3,weakly_unstable,0,1,64.56
0.650000,0.982120,40,3000000,1000000,110120,2.82358974e-3,1.10120000e-1,-0.848750,-0.851229,-136.265000,1,metastable,1,1,66.70
0.790000,0.972150,40,3000000,1000000,33760,8.65641026e-4,3.37600000e-2,-0.022500,-0.040068,-288.530000,3,weakly_unstable,0,1,66.52
0.450000,0.775320,40,3000000,1000000,138387,3.54838462e-3,1.38387000e-1,0.213750,0.012783,-8869.742500,3,weakly_unstable,0,1,113.85
0.490000,0.900020,40,3000000,1000000,113714,2.91574359e-3,1.13714000e-1,0.141250,-0.008208,-2732.870000,3,weakly_unstable,0,1,99.97
0.530000,0.955650,40,3000000,1000000,61163,1.56828205e-3,6.11630000e-2,-0.133750,-0.129525,-743.700000,3,weakly_unstable,0,1,92.14
0.830000,0.977440,40,3000000,1000000,29084,7.45743590e-4,2.90840000e-2,-0.035000,-0.039420,-120.855000,3,weakly_unstable,0,1,67.73
0.830000,0.992940,40,3000000,1000000,13257,3.39923077e-4,1.32570000e-2,0.085000,0.054259,-28.102500,3,weakly_unstable,0,1,68.84
0.570000,0.973930,40,3000000,1000000,56102,1.43851282e-3,5.61020000e-2,0.817500,0.791414,-279.010000,1,metastable,1,1,71.71
0.550000,0.984940,40,3000000,1000000,-391722,-1.00441538e-2,-3.91722000e-1,0.075000,0.081355,-102.352500,1,stable,0,0,69.87
0.950000,0.987400,40,3000000,1000000,12234,3.13692308e-4,1.22340000e-2,0.035000,0.056046,-66.485000,3,weakly_unstable,0,1,66.07
0.970000,0.993070,40,3000000,1000000,12026,3.08358974e-4,1.20260000e-2,0.073750,0.027237,-44.907500,3,weakly_unstable,0,1,65.80
1.090000,0.980160,40,3000000,1000000,6000,1.53846154e-4,6.00000000e-3,0.062500,0.073438,-63.742500,3,weakly_unstable,0,1,68.44
0.590000,0.977640,40,3000000,1000000,69823,1.79033333e-3,6.98230000e-2,0.762500,0.783715,-225.537500,1,metastable,1,1,72.12
0.790000,0.972650,40,3000000,1000000,33372,8.55692308e-4,3.33720000e-2,0.007500,-0.038508,-208.370000,3,weakly_unstable,0,1,67.86
0.650000,0.972620,40,3000000,1000000,34454,8.83435897e-4,3.44540000e-2,-0.058750,-0.001923,-348.725000,3,weakly_unstable,0,1,76.99
0.570000,0.935930,40,3000000,1000000,66542,1.70620513e-3,6.65420000e-2,0.106250,0.012197,-1422.442500,3,weakly_unstable,0,1,84.44
0.650000,0.982620,40,3000000,1000000,27691,7.10025641e-4,2.76910000e-2,0.112500,0.011525,-188.142500,3,weakly_unstable,0,1,77.38
0.450000,0.881820,40,3000000,1000000,127773,3.27623077e-3,1.27773000e-1,0.143750,0.056895,-3591.135000,3,weakly_unstable,0,1,113.71
0.830000,0.977940,40,3000000,1000000,24635,6.31666667e-4,2.46350000e-2,0.033750,0.010806,-121.887500,3,weakly_unstable,0,1,67.20
0.830000,0.993440,40,3000000,1000000,15015,3.85000000e-4,1.50150000e-2,-0.038750,-0.023182,-28.550000,3,weakly_unstable,0,1,67.57
0.570000,0.974430,40,3000000,1000000,34624,8.87794872e-4,3.46240000e-2,-0.735000,-0.726668,-226.852500,1,metastable,1,1,72.25
0.950000,0.987900,40,3000000,1000000,13569,3.47923077e-4,1.35690000e-2,-0.015000,0.001607,-33.990000,3,weakly_unstable,0,1,65.63
0.550000,0.985440,40,3000000,1000000,-369186,-9.46630769e-3,-3.69186000e-1,-0.011250,-0.012175,-54.507500,1,stable,0,0,69.84
0.970000,0.993570,40,3000000,1000000,9956,2.55282051e-4,9.95600000e-3,0.043750,0.035940,-24.090000,3,weakly_unstable,0,1,64.89
0.530000,0.956150,40,3000000,1000000,37239,9.54846154e-4,3.72390000e-2,-0.140000,-0.045200,-761.650000,3,weakly_unstable,0,1,92.44
0.450000,0.775820,40,3000000,1000000,128395,3.29217949e-3,1.28395000e-1,0.008750,0.056117,-8715.287500,3,weakly_unstable,0,1,113.87
1.090000,0.980660,40,3000000,1000000,7242,1.85692308e-4,7.24200000e-3,-0.083750,-0.097717,-68.517500,3,weakly_unstable,0,1,66.42
0.490000,0.900520,40,3000000,1000000,111792,2.86646154e-3,1.11792000e-1,0.012500,0.102356,-2744.420000,3,weakly_unstable,0,1,102.26
0.790000,0.973150,40,3000000,1000000,33408,8.56615385e-4,3.34080000e-2,0.038750,0.061990,-244.700000,3,weakly_unstable,0,1,68.55
0.590000,0.978140,40,3000000,1000000,72008,1.84635897e-3,7.20080000e-2,0.800000,0.773242,-188.750000,1,metastable,1,1,71.13
0.650000,0.973120,40,3000000,1000000,37732,9.67487179e-4,3.77320000e-2,-0.237500,-0.200860,-342.580000,3,weakly_unstable,0,1,76.41
0.650000,0.983120,40,3000000,1000000,17255,4.42435897e-4,1.72550000e-2,-0.150000,-0.064794,-177.062500,3,weakly_unstable,0,1,77.34
0.570000,0.936430,40,3000000,1000000,65545,1.68064103e-3,6.55450000e-2,0.150000,0.096179,-1379.442500,3,weakly_unstable,0,1,83.58
0.830000,0.978440,40,3000000,1000000,24837,6.36846154e-4,2.48370000e-2,0.065000,0.028177,-150.475000,3,weakly_unstable,0,1,67.22
0.830000,0.993940,40,3000000,1000000,9349,2.39717949e-4,9.34900000e-3,0.012500,0.040566,-27.542500,3,weakly_unstable,0,1,67.96
0.950000,0.988400,40,3000000,1000000,14870,3.81282051e-4,1.48700000e-2,0.083750,0.052109,-23.647500,3,weakly_unstable,0,1,66.58
0.550000,0.985940,40,3000000,1000000,-396612,-1.01695385e-2,-3.96612000e-1,0.137500,0.086347,-91.110000,1,stable,0,0,71.10
0.570000,0.974930,40,3000000,1000000,29265,7.50384615e-4,2.92650000e-2,-0.751250,-0.759897,-273.110000,1,metastable,1,1,73.55
0.970000,0.994070,40,3000000,1000000,8537,2.18897436e-4,8.53700000e-3,-0.122500,-0.083697,1.535000,3,weakly_unstable,0,1,65.06
1.090000,0.981160,40,3000000,1000000,6320,1.62051282e-4,6.32000000e-3,-0.013750,-0.016208,-87.447500,3,weakly_unstable,0,1,67.56
0.450000,0.882320,40,3000000,1000000,141068,3.61712821e-3,1.41068000e-1,-0.101250,-0.020029,-3456.980000,3,weakly_unstable,0,1,112.86
0.790000,0.973650,40,3000000,1000000,33292,8.53641026e-4,3.32920000e-2,0.111250,0.051430,-230.370000,3,weakly_unstable,0,1,69.21
0.590000,0.978640,40,3000000,1000000,17495,4.48589744e-4,1.74950000e-2,0.772500,0.755007,-199.025000,1,metastable,1,1,70.07
0.530000,0.956650,40,3000000,1000000,36845,9.44743590e-4,3.68450000e-2,-0.130000,0.039918,-741.560000,3,weakly_unstable,0,1,92.42
0.650000,0.973620,40,3000000,1000000,35449,9.08948718e-4,3.54490000e-2,-0.298750,-0.155424,-344.662500,3,weakly_unstable,0,1,77.41
0.490000,0.901020,40,3000000,1000000,116961,2.99900000e-3,1.16961000e-1,-0.181250,0.024653,-2707.447500,3,weakly_unstable,0,1,100.06
0.650000,0.983620,40,3000000,1000000,24969,6.40230769e-4,2.49690000e-2,-0.192500,-0.110921,-167.397500,3,weakly_unstable,0,1,77.28
0.830000,0.994440,40,3000000,1000000,25817,6.61974359e-4,2.58170000e-2,-0.912500,-0.916973,-26.745000,1,metastable,1,1,57.77
0.830000,0.978940,40,3000000,1000000,28799,7.38435897e-4,2.87990000e-2,0.056250,0.079981,-152.690000,3,weakly_unstable,0,1,66.82
0.570000,0.936930,40,3000000,1000000,64979,1.66612821e-3,6.49790000e-2,-0.068750,-0.026800,-1319.642500,3,weakly_unstable,0,1,83.02
0.450000,0.776320,40,3000000,1000000,125386,3.21502564e-3,1.25386000e-1,-0.091250,-0.025809,-8895.487500,3,weakly_unstable,0,1,113.15
0.950000,0.988900,40,3000000,1000000,12748,3.26871795e-4,1.27480000e-2,-0.048750,-0.047302,-54.370000,3,weakly_unstable,0,1,65.92
0.970000,0.994570,40,3000000,1000000,8815,2.26025641e-4,8.81500000e-3,0.066250,0.045982,-2.132500,3,weakly_unstable,0,1,64.88
0.550000,0.986440,40,3000000,1000000,-434312,-1.11362051e-2,-4.34312000e-1,-0.007500,0.006855,-85.935000,1,stable,0,0,70.42
0.570000,0.975430,40,3000000,1000000,-1950,-5.00000000e-5,-1.95000000e-3,-0.590000,-0.662985,-209.370000,1,chaotic,0,0,72.73
1.090000,0.981660,40,3000000,1000000,6394,1.63948718e-4,6.39400000e-3,-0.003750,0.014903,-60.667500,3,weakly_unstable,0,1,66.67
0.790000,0.974150,40,3000000,1000000,34194,8.76769231e-4,3.41940000e-2,-0.011250,0.019966,-229.802500,3,weakly_unstable,0,1,67.92
0.590000,0.979140,40,3000000,1000000,35571,9.12076923e-4,3.55710000e-2,0.687500,0.665019,-131.860000,1,metastable,1,1,70.29
0.830000,0.994940,40,3000000,1000000,13376,3.42974359e-4,1.33760000e-2,-0.108750,-0.097798,-27.535000,3,weakly_unstable,0,1,68.00
0.650000,0.974120,40,3000000,1000000,26504,6.79589744e-4,2.65040000e-2,0.072500,-0.041727,-312.355000,3,weakly_unstable,0,1,77.23
0.830000,0.979440,40,3000000,1000000,27077,6.94282051e-4,2.70770000e-2,0.073750,0.085309,-126.137500,3,weakly_unstable,0,1,67.38
0.650000,0.984120,40,3000000,1000000,41307,1.05915385e-3,4.13070000e-2,-0.531250,-0.500143,-124.530000,3,weakly_unstable,0,1,75.79
0.530000,0.957150,40,3000000,1000000,44121,1.13130769e-3,4.41210000e-2,-0.241250,-0.006433,-682.367500,3,weakly_unstable,0,1,92.06
0.450000,0.882820,40,3000000,1000000,138938,3.56251282e-3,1.38938000e-1,0.147500,0.053387,-3465.430000,3,weakly_unstable,0,1,113.46
0.830000,0.983940,40,3000000,1000000,24855,6.37307692e-4,2.48550000e-2,0.148750,0.086693,-53.902500,3,weakly_unstable,0,1,66.98
0.970000,0.995070,40,3000000,1000000,9836,2.52205128e-4,9.83600000e-3,-0.010000,0.030554,-13.525000,3,weakly_unstable,0,1,65.27
0.570000,0.937430,40,3000000,1000000,81535,2.09064103e-3,8.15350000e-2,0.085000,0.030822,-1323.407500,3,weakly_unstable,0,1,83.10
0.550000,0.986940,40,3000000,1000000,-442856,-1.13552821e-2,-4.42856000e-1,0.027500,-0.042702,-94.487500,1,stable,0,0,69.80
1.090000,0.982160,40,3000000,1000000,4795,1.22948718e-4,4.79500000e-3,-0.043750,-0.056905,-74.395000,3,weakly_unstable,0,1,65.38
0.490000,0.901520,40,3000000,1000000,106955,2.74243590e-3,1.06955000e-1,-0.047500,-0.052176,-2722.900000,3,weakly_unstable,0,1,101.16
0.570000,0.975930,40,3000000,1000000,-25221,-6.46692308e-4,-2.52210000e-2,-0.430000,-0.467247,-180.577500,1,chaotic,0,0,71.48
0.790000,0.974650,40,3000000,1000000,32398,8.30717949e-4,3.23980000e-2,-0.053750,-0.062847,-225.225000,3,weakly_unstable,0,1,68.63
0.590000,0.979640,40,3000000,1000000,15064,3.86256410e-4,1.50640000e-2,0.692500,0.702153,-116.332500,1,metastable,1,1,70.43
0.450000,0.776820,40,3000000,1000000,143748,3.68584615e-3,1.43748000e-1,0.025000,-0.002190,-8720.435000,3,weakly_unstable,0,1,112.80
0.830000,0.995440,40,3000000,1000000,47706,1.22323077e-3,4.77060000e-2,-0.892500,-0.893331,-19.442500,1,metastable,1,1,58.79
0.830000,0.979940,40,3000000,1000000,29005,7.43717949e-4,2.90050000e-2,-0.047500,-0.038252,-93.382500,3,weakly_unstable,0,1,67.00
0.650000,0.974620,40,3000000,1000000,34197,8.76846154e-4,3.41970000e-2,-0.242500,-0.102334,-347.285000,3,weakly_unstable,0,1,76.43
0.650000,0.984620,40,3000000,1000000,96493,2.47417949e-3,9.64930000e-2,0.851250,0.831752,-107.777500,1,metastable,1,1,72.85
0.830000,0.984440,40,3000000,1000000,26294,6.74205128e-4,2.62940000e-2,0.058750,-0.033542,-97.040000,3,weakly_unstable,0,1,66.61
0.970000,0.995570,40,3000000,1000000,7930,2.03333333e-4,7.93000000e-3,-0.010000,-0.007261,-3.017500,3,weakly_unstable,0,1,64.71
1.090000,0.982660,40,3000000,1000000,5878,1.50717949e-4,5.87800000e-3,-0.183750,-0.179408,-76.905000,3,weakly_unstable,0,1,66.35
0.550000,0.987440,40,3000000,1000000,-411848,-1.05602051e-2,-4.11848000e-1,-0.095000,-0.055521,-79.315000,1,stable,0,0,70.60
0.530000,0.957650,40,3000000,1000000,55830,1.43153846e-3,5.58300000e-2,0.288750,-0.065654,-701.060000,3,weakly_unstable,0,1,91.72
0.570000,0.976430,40,3000000,1000000,-40884,-1.04830769e-3,-4.08840000e-2,-0.530000,-0.503648,-173.212500,1,chaotic,0,0,72.24
0.570000,0.937930,40,3000000,1000000,62969,1.61458974e-3,6.29690000e-2,0.270000,0.045580,-1247.480000,3,weakly_unstable,0,1,83.58
0.790000,0.975150,40,3000000,1000000,38089,9.76641026e-4,3.80890000e-2,-0.022500,-0.006047,-240.555000,3,weakly_unstable,0,1,68.90
0.830000,0.995940,40,3000000,1000000,21589,5.53564103e-4,2.15890000e-2,0.892500,0.889507,-18.810000,1,metastable,1,1,58.39
0.590000,0.980140,40,3000000,1000000,14083,3.61102564e-4,1.40830000e-2,0.746250,0.698926,-135.190000,1,metastable,1,1,70.43
0.450000,0.883320,40,3000000,1000000,155172,3.97876923e-3,1.55172000e-1,-0.085000,-0.036982,-3401.980000,3,weakly_unstable,0,1,113.73
0.490000,0.902020,40,3000000,1000000,123345,3.16269231e-3,1.23345000e-1,-0.096250,-0.025536,-2714.192500,3,weakly_unstable,0,1,100.48
0.830000,0.980440,40,3000000,1000000,25913,6.64435897e-4,2.59130000e-2,0.092500,0.031660,-114.920000,3,weakly_unstable,0,1,66.55
0.650000,0.985120,40,3000000,1000000,57956,1.48605128e-3,5.79560000e-2,-0.826250,-0.835492,-91.355000,1,metastable,1,1,66.27
0.830000,0.984940,40,3000000,1000000,20935,5.36794872e-4,2.09350000e-2,0.081250,0.014544,-82.932500,3,weakly_unstable,0,1,68.19
0.970000,0.996070,40,3000000,1000000,6225,1.59615385e-4,6.22500000e-3,-0.017500,-0.056146,-2.195000,3,weakly_unstable,0,1,65.60
0.650000,0.975120,40,3000000,1000000,33074,8.48051282e-4,3.30740000e-2,0.112500,-0.020472,-352.230000,3,weakly_unstable,0,1,76.13
1.090000,0.983160,40,3000000,1000000,5691,1.45923077e-4,5.69100000e-3,0.020000,0.049080,-63.582500,3,weakly_unstable,0,1,67.36
0.550000,0.987940,40,3000000,1000000,-469827,-1.20468462e-2,-4.69827000e-1,0.001250,-0.034006,-68.507500,1,stable,0,0,70.28
0.450000,0.777320,40,3000000,1000000,149265,3.82730769e-3,1.49265000e-1,0.048750,0.010947,-8786.907500,3,weakly_unstable,0,1,115.32
0.830000,0.996440,40,3000000,1000000,-20156,-5.16820513e-4,-2.01560000e-2,0.883750,0.892088,-9.162500,1,chaotic,0,0,59.31
0.570000,0.976930,40,3000000,1000000,8903,2.28282051e-4,8.90300000e-3,0.650000,0.720288,-232.840000,1,metastable,1,1,73.63
0.790000,0.975650,40,3000000,1000000,33984,8.71384615e-4,3.39840000e-2,-0.088750,-0.021705,-154.660000,3,weakly_unstable,0,1,70.27
0.590000,0.980640,40,3000000,1000000,9464,2.42666667e-4,9.46400000e-3,-0.667500,-0.648005,-138.660000,1,metastable,1,1,73.18
0.570000,0.938430,40,3000000,1000000,66457,1.70402564e-3,6.64570000e-2,-0.006250,-0.118815,-1270.925000,3,weakly_unstable,0,1,85.79
0.530000,0.958150,40,3000000,1000000,53008,1.35917949e-3,5.30080000e-2,0.017500,0.097812,-712.812500,3,weakly_unstable,0,1,93.17
0.830000,0.980940,40,3000000,1000000,26058,6.68153846e-4,2.60580000e-2,0.067500,0.020961,-127.232500,3,weakly_unstable,0,1,67.21
0.650000,0.985620,40,3000000,1000000,58213,1.49264103e-3,5.82130000e-2,-0.850000,-0.843191,-91.167500,1,metastable,1,1,66.25
0.970000,0.996570,40,3000000,1000000,6856,1.75794872e-4,6.85600000e-3,-0.125000,-0.154002,-12.835000,3,weakly_unstable,0,1,66.46
0.830000,0.985440,40,3000000,1000000,25606,6.56564103e-4,2.56060000e-2,-0.060000,-0.024340,-74.997500,3,weakly_unstable,0,1,68.26
0.650000,0.975620,40,3000000,1000000,34821,8.92846154e-4,3.48210000e-2,-0.070000,-0.066072,-303.172500,3,weakly_unstable,0,1,76.89
1.090000,0.983660,40,3000000,1000000,5472,1.40307692e-4,5.47200000e-3,0.010000,-0.025023,-79.245000,3,weakly_unstable,0,1,67.57
0.490000,0.902520,40,3000000,1000000,106343,2.72674359e-3,1.06343000e-1,0.037500,-0.016653,-2627.387500,3,weakly_unstable,0,1,102.04
0.830000,0.996940,40,3000000,1000000,364,9.33333333e-6,3.64000000e-4,-0.875000,-0.877586,-10.450000,1,metastable,1,1,58.89
0.550000,0.988440,40,3000000,1000000,-456327,-1.17006923e-2,-4.56327000e-1,-0.090000,-0.072418,-44.222500,1,stable,0,0,70.87
0.450000,0.883820,40,3000000,1000000,139156,3.56810256e-3,1.39156000e-1,-0.022500,0.009847,-3504.170000,3,weakly_unstable,0,1,116.09
0.790000,0.976150,40,3000000,1000000,37761,9.68230769e-4,3.77610000e-2,-0.015000,-0.037445,-155.000000,3,weakly_unstable,0,1,68.47
0.570000,0.977430,40,3000000,1000000,-39295,-1.00756410e-3,-3.92950000e-2,-0.460000,-0.549104,-183.445000,1,chaotic,0,0,72.39
0.590000,0.981140,40,3000000,1000000,-2296,-5.88717949e-5,-2.29600000e-3,0.632500,0.670461,-119.912500,1,chaotic,0,0,70.68
0.830000,0.981440,40,3000000,1000000,25542,6.54923077e-4,2.55420000e-2,0.143750,0.168230,-87.495000,3,weakly_unstable,0,1,67.71
0.650000,0.986120,40,3000000,1000000,36689,9.40743590e-4,3.66890000e-2,-0.793750,-0.833781,-86.652500,1,metastable,1,1,65.53
0.570000,0.938930,40,3000000,1000000,62503,1.60264103e-3,6.25030000e-2,-0.057500,-0.059082,-1266.810000,3,weakly_unstable,0,1,84.06
0.970000,0.997070,40,3000000,1000000,6693,1.71615385e-4,6.69300000e-3,0.090000,0.139774,-4.447500,3,weakly_unstable,0,1,66.47
0.450000,0.777820,40,3000000,1000000,139682,3.58158974e-3,1.39682000e-1,-0.115000,-0.049316,-8858.132500,3,weakly_unstable,0,1,115.76
0.830000,0.985940,40,3000000,1000000,22230,5.70000000e-4,2.22300000e-2,0.028750,-0.007188,-80.627500,3,weakly_unstable,0,1,67.72
0.530000,0.958650,40,3000000,1000000,55270,1.41717949e-3,5.52700000e-2,-0.370000,-0.175295,-668.087500,3,weakly_unstable,0,1,94.78
0.830000,0.997440,40,3000000,1000000,-22410,-5.74615385e-4,-2.24100000e-2,0.791250,0.818362,-4.940000,1,chaotic,0,0,60.12
1.090000,0.984160,40,3000000,1000000,5312,1.36205128e-4,5.31200000e-3,0.102500,0.079416,-48.645000,3,weakly_unstable,0,1,67.69
0.650000,0.976120,40,3000000,1000000,32624,8.36512821e-4,3.26240000e-2,0.311250,0.137741,-274.390000,3,weakly_unstable,0,1,75.99
0.550000,0.988940,40,3000000,1000000,-504582,-1.29380000e-2,-5.04582000e-1,-0.068750,-0.058312,-33.735000,1,stable,0,0,70.75
0.790000,0.976650,40,3000000,1000000,30613,7.84948718e-4,3.06130000e-2,0.180000,0.137289,-179.575000,3,weakly_unstable,0,1,69.17
0.570000,0.977930,40,3000000,1000000,-13304,-3.41128205e-4,-1.33040000e-2,0.326250,0.403833,-152.765000,1,chaotic,0,0,73.17
0.590000,0.981640,40,3000000,1000000,-28425,-7.28846154e-4,-2.84250000e-2,0.335000,0.313156,-143.907500,1,stable,0,0,72.13
0.490000,0.903020,40,3000000,1000000,116999,2.99997436e-3,1.16999000e-1,-0.123750,-0.026181,-2665.950000,3,weakly_unstable,0,1,101.32
0.970000,0.997570,40,3000000,1000000,-3133,-8.03333333e-5,-3.13300000e-3,0.938750,0.941622,-1.402500,1,chaotic,0,0,57.53
0.830000,0.981940,40,3000000,1000000,29421,7.54384615e-4,2.94210000e-2,-0.007500,-0.039074,-95.337500,3,weakly_unstable,0,1,68.68
0.650000,0.986620,40,3000000,1000000,35449,9.08948718e-4,3.54490000e-2,-0.836250,-0.809341,-73.632500,1,metastable,1,1,66.30
0.830000,0.997940,40,3000000,1000000,-24009,-6.15615385e-4,-2.40090000e-2,0.217500,0.116351,-5.547500,1,stable,0,0,59.28
0.830000,0.986440,40,3000000,1000000,26161,6.70794872e-4,2.61610000e-2,0.088750,0.099156,-85.047500,3,weakly_unstable,0,1,68.41
0.450000,0.884320,40,3000000,1000000,126820,3.25179487e-3,1.26820000e-1,-0.128750,-0.077537,-3354.975000,3,weakly_unstable,0,1,116.36
0.570000,0.939430,40,3000000,1000000,55982,1.43543590e-3,5.59820000e-2,-0.096250,0.041357,-1227.490000,3,weakly_unstable,0,1,85.20
1.090000,0.984660,40,3000000,1000000,3954,1.01384615e-4,3.95400000e-3,-0.001250,-0.002736,-65.060000,3,weakly_unstable,0,1,67.74
0.550000,0.989440,40,3000000,1000000,-524831,-1.34572051e-2,-5.24831000e-1,-0.026250,-0.018532,-52.097500,1,stable,0,0,69.56
0.650000,0.976620,40,3000000,1000000,32797,8.40948718e-4,3.27970000e-2,-0.012500,0.042641,-281.330000,3,weakly_unstable,0,1,75.70
0.530000,0.959150,40,3000000,1000000,51214,1.31317949e-3,5.12140000e-2,-0.272500,-0.052799,-655.092500,3,weakly_unstable,0,1,93.50
0.790000,0.977150,40,3000000,1000000,32242,8.26717949e-4,3.22420000e-2,0.008750,0.023943,-170.082500,3,weakly_unstable,0,1,69.15
0.570000,0.978430,40,3000000,1000000,-39838,-1.02148718e-3,-3.98380000e-2,-0.161250,-0.224955,-112.925000,1,stable,0,0,72.68
0.970000,0.998070,40,3000000,1000000,16271,4.17205128e-4,1.62710000e-2,0.935000,0.928403,-3.580000,1,metastable,1,1,56.96
0.450000,0.778320,40,3000000,1000000,134910,3.45923077e-3,1.34910000e-1,-0.035000,0.005511,-8787.345000,3,weakly_unstable,0,1,114.02
0.590000,0.982140,40,3000000,1000000,-15642,-4.01076923e-4,-1.56420000e-2,0.645000,0.658655,-102.922500,1,chaotic,0,0,70.51
0.650000,0.987120,40,3000000,1000000,7985,2.04743590e-4,7.98500000e-3,0.743750,0.747613,-68.917500,1,metastable,1,1,65.15
0.830000,0.982440,40,3000000,1000000,29386,7.53487179e-4,2.93860000e-2,-0.036250,-0.031378,-95.360000,3,weakly_unstable,0,1,66.97
0.830000,0.998440,40,3000000,1000000,-60755,-1.55782051e-3,-6.07550000e-2,-0.555000,-0.573826,-7.805000,1,chaotic,0,0,59.32
0.830000,0.986940,40,3000000,1000000,22695,5.81923077e-4,2.26950000e-2,-0.195000,-0.139438,-54.920000,3,weakly_unstable,0,1,67.27
1.090000,0.985160,40,3000000,1000000,5892,1.51076923e-4,5.89200000e-3,0.061250,0.034417,-34.640000,3,weakly_unstable,0,1,67.94
0.490000,0.903520,40,3000000,1000000,110268,2.82738462e-3,1.10268000e-1,0.025000,-0.030305,-2623.745000,3,weakly_unstable,0,1,102.16
0.570000,0.939930,40,3000000,1000000,64106,1.64374359e-3,6.41060000e-2,-0.052500,-0.154956,-1230.722500,3,weakly_unstable,0,1,84.90
0.550000,0.989940,40,3000000,1000000,-545603,-1.39898205e-2,-5.45603000e-1,0.071250,0.045895,-50.147500,1,stable,0,0,69.51
0.970000,0.998570,40,3000000,1000000,-14051,-3.60282051e-4,-1.40510000e-2,-0.925000,-0.933068,-2.857500,1,chaotic,0,0,56.89
0.790000,0.977650,40,3000000,1000000,31770,8.14615385e-4,3.17700000e-2,-0.075000,-0.075864,-149.175000,3,weakly_unstable,0,1,68.12
0.650000,0.977120,40,3000000,1000000,40489,1.03817949e-3,4.04890000e-2,-0.021250,0.027009,-257.400000,3,weakly_unstable,0,1,75.97
0.570000,0.978930,40,3000000,1000000,-52296,-1.34092308e-3,-5.22960000e-2,0.580000,0.546156,-151.197500,1,chaotic,0,0,72.74
0.830000,0.998940,40,3000000,1000000,-52524,-1.34676923e-3,-5.25240000e-2,-0.595000,-0.562423,-2.137500,1,chaotic,0,0,57.98
0.590000,0.982640,40,3000000,1000000,-94110,-2.41307692e-3,-9.41100000e-2,0.320000,0.353963,-140.170000,1,stable,0,0,69.41
0.650000,0.987620,40,3000000,1000000,3448,8.84102564e-5,3.44800000e-3,0.717500,0.735929,-100.500000,1,metastable,1,1,65.48
0.450000,0.884820,40,3000000,1000000,136383,3.49700000e-3,1.36383000e-1,-0.058750,-0.009418,-3370.715000,3,weakly_unstable,0,1,116.52
0.830000,0.982940,40,3000000,1000000,29291,7.51051282e-4,2.92910000e-2,0.167500,0.098513,-77.145000,3,weakly_unstable,0,1,67.30
0.530000,0.959650,40,3000000,1000000,46494,1.19215385e-3,4.64940000e-2,0.118750,0.106500,-624.580000,3,weakly_unstable,0,1,95.12
0.830000,0.987440,40,3000000,1000000,21973,5.63410256e-4,2.19730000e-2,0.095000,0.037815,-54.302500,3,weakly_unstable,0,1,67.31
1.090000,0.985660,40,3000000,1000000,5236,1.34256410e-4,5.23600000e-3,0.037500,0.055876,-45.345000,3,weakly_unstable,0,1,68.27
0.970000,0.999070,40,3000000,1000000,-16365,-4.19615385e-4,-1.63650000e-2,-0.896250,-0.862097,-2.297500,1,chaotic,0,0,57.80
0.450000,0.778820,40,3000000,1000000,130003,3.33341026e-3,1.30003000e-1,0.091250,0.034666,-8749.042500,3,weakly_unstable,0,1,114.41
0.550000,0.990440,40,3000000,1000000,-538944,-1.38190769e-2,-5.38944000e-1,-0.002500,0.000840,-34.615000,1,stable,0,0,69.73
0.790000,0.978150,40,3000000,1000000,34086,8.74000000e-4,3.40860000e-2,0.075000,0.073722,-144.687500,3,weakly_unstable,0,1,70.01
0.830000,0.999440,40,3000000,1000000,-65238,-1.67276923e-3,-6.52380000e-2,0.063750,0.044814,-1.987500,1,stable,0,0,59.11
0.570000,0.940430,40,3000000,1000000,65139,1.67023077e-3,6.51390000e-2,-0.140000,-0.053052,-1190.682500,3,weakly_unstable,0,1,84.53
0.530000,0.963650,40,3000000,1000000,40974,1.05061538e-3,4.09740000e-2,-0.758750,-0.747254,-487.885000,1,metastable,1,1,78.98
0.490000,0.904020,40,3000000,1000000,100929,2.58792308e-3,1.00929000e-1,0.197500,0.011708,-2626.325000,3,weakly_unstable,0,1,100.11
0.650000,0.988120,40,3000000,1000000,-22588,-5.79179487e-4,-2.25880000e-2,0.748750,0.761466,-60.055000,1,chaotic,0,0,66.55
0.570000,0.979430,40,3000000,1000000,-100243,-2.57033333e-3,-1.00243000e-1,0.435000,0.406183,-135.910000,1,chaotic,0,0,72.87
0.590000,0.983140,40,3000000,1000000,-88287,-2.26376923e-3,-8.82870000e-2,0.015000,0.012637,-76.337500,1,stable,0,0,69.49
0.830000,0.983440,40,3000000,1000000,25707,6.59153846e-4,2.57070000e-2,0.195000,0.119794,-92.212500,3,weakly_unstable,0,1,68.14
0.830000,0.987940,40,3000000,1000000,23378,5.99435897e-4,2.33780000e-2,0.005000,-0.020576,-70.667500,3,weakly_unstable,0,1,68.09
1.090000,0.986160,40,3000000,1000000,5296,1.35794872e-4,5.29600000e-3,0.098750,0.101639,-79.207500,3,weakly_unstable,0,1,68.27
0.530000,0.960150,40,3000000,1000000,98638,2.52917949e-3,9.86380000e-2,-0.516250,-0.533647,-613.652500,1,metastable,1,1,88.94
0.970000,0.999570,40,3000000,1000000,-25580,-6.55897436e-4,-2.55800000e-2,-0.150000,-0.140160,-1.937500,1,stable,0,0,57.76
0.550000,0.990940,40,3000000,1000000,-584336,-1.49829744e-2,-5.84336000e-1,0.022500,0.029044,-36.985000,1,stable,0,0,69.14
0.830000,0.999940,40,3000000,1000000,-91113,-2.33623077e-3,-9.11130000e-2,0.012500,-0.006277,-1.942500,1,stable,0,0,58.26
0.450000,0.885320,40,3000000,1000000,141205,3.62064103e-3,1.41205000e-1,-0.053750,-0.018117,-3348.907500,3,weakly_unstable,0,1,115.77
0.790000,0.978650,40,3000000,1000000,35210,9.02820513e-4,3.52100000e-2,-0.008750,-0.058471,-129.662500,3,weakly_unstable,0,1,70.05
0.650000,0.988620,40,3000000,1000000,-15444,-3.96000000e-4,-1.54440000e-2,-0.557500,-0.494518,-52.852500,1,chaotic,0,0,66.39
0.590000,1.000000,40,3000000,1000000,-646425,-1.65750000e-2,-6.46425000e-1,0.011250,0.000284,-2.070000,1,stable,0,0,63.68
0.590000,0.983640,40,3000000,1000000,-67037,-1.71889744e-3,-6.70370000e-2,0.521250,0.559074,-110.612500,1,chaotic,0,0,70.68
0.570000,0.979930,40,3000000,1000000,-135851,-3.48335897e-3,-1.35851000e-1,-0.201250,-0.241592,-129.957500,1,stable,0,0,72.86
0.530000,0.964150,40,3000000,1000000,57776,1.48143590e-3,5.77760000e-2,0.703750,0.703993,-416.290000,1,metastable,1,1,81.25
0.570000,0.940930,40,3000000,1000000,60645,1.55500000e-3,6.06450000e-2,0.145000,0.033082,-1185.252500,3,weakly_unstable,0,1,85.36
0.830000,0.988440,40,3000000,1000000,25134,6.44461538e-4,2.51340000e-2,0.098750,0.051937,-51.345000,3,weakly_unstable,0,1,68.72
0.970000,1.000000,40,3000000,1000000,-26087,-6.68897436e-4,-2.60870000e-2,-0.016250,0.008740,-1.942500,1,stable,0,0,57.52
0.450000,0.779320,40,3000000,1000000,127225,3.26217949e-3,1.27225000e-1,-0.123750,0.010559,-8866.605000,3,weakly_unstable,0,1,115.62
1.090000,0.986660,40,3000000,1000000,5432,1.39282051e-4,5.43200000e-3,0.026250,0.039307,-73.215000,3,weakly_unstable,0,1,68.98
0.490000,0.904520,40,3000000,1000000,105017,2.69274359e-3,1.05017000e-1,0.103750,0.063842,-2579.402500,3,weakly_unstable,0,1,101.04
0.830000,1.000000,40,3000000,1000000,-91072,-2.33517949e-3,-9.10720000e-2,-0.025000,-0.023209,-1.932500,1,stable,0,0,58.62
0.530000,0.960650,40,3000000,1000000,90808,2.32841026e-3,9.08080000e-2,0.765000,0.751388,-573.457500,1,metastable,1,1,81.59
0.550000,0.991440,40,3000000,1000000,-577763,-1.48144359e-2,-5.77763000e-1,-0.078750,-0.053903,-30.482500,1,stable,0,0,70.35
0.790000,0.979150,40,3000000,1000000,32530,8.34102564e-4,3.25300000e-2,0.068750,-0.051375,-154.752500,3,weakly_unstable,0,1,70.18
0.650000,0.989120,40,3000000,1000000,-3331,-8.54102564e-5,-3.33100000e-3,-0.607500,-0.648304,-39.790000,1,chaotic,0,0,66.17
0.590000,0.984140,40,3000000,1000000,-33810,-8.66923077e-4,-3.38100000e-2,-0.140000,-0.191519,-69.195000,1,stable,0,0,71.20
0.570000,0.980430,40,3000000,1000000,-160642,-4.11902564e-3,-1.60642000e-1,0.220000,0.186881,-158.480000,1,stable,0,0,71.29
0.610000,0.946230,40,3000000,1000000,56729,1.45458974e-3,5.67290000e-2,0.057500,0.055652,-953.885000,3,weakly_unstable,0,1,80.02
0.830000,0.988940,40,3000000,1000000,17860,4.57948718e-4,1.78600000e-2,0.066250,0.016921,-55.765000,3,weakly_unstable,0,1,69.50
0.990000,0.969210,40,3000000,1000000,12149,3.11512821e-4,1.21490000e-2,-0.122500,-0.129439,-231.515000,3,weakly_unstable,0,1,68.32
0.530000,0.964650,40,3000000,1000000,55233,1.41623077e-3,5.52330000e-2,0.708750,0.673668,-358.000000,1,metastable,1,1,80.44
0.570000,0.941430,40,3000000,1000000,59411,1.52335897e-3,5.94110000e-2,-0.041250,0.040517,-1231.157500,3,weakly_unstable,0,1,85.21
1.090000,0.987160,40,3000000,1000000,4761,1.22076923e-4,4.76100000e-3,-0.100000,-0.100694,-62.330000,3,weakly_unstable,0,1,69.08
0.450000,0.885820,40,3000000,1000000,142211,3.64643590e-3,1.42211000e-1,0.013750,-0.074800,-3362.667500,3,weakly_unstable,0,1,118.73
0.850000,0.967430,40,3000000,1000000,28000,7.17948718e-4,2.80000000e-2,0.091250,0.071360,-237.287500,3,weakly_unstable,0,1,67.46
0.550000,0.991940,40,3000000,1000000,-606724,-1.55570256e-2,-6.06724000e-1,-0.047500,-0.010338,-39.037500,1,stable,0,0,69.59
0.790000,0.979650,40,3000000,1000000,32281,8.27717949e-4,3.22810000e-2,0.035000,0.032404,-148.452500,3,weakly_unstable,0,1,70.33
0.650000,0.989620,40,3000000,1000000,-58356,-1.49630769e-3,-5.83560000e-2,-0.491250,-0.479810,-61.785000,1,chaotic,0,0,65.09
0.490000,0.905020,40,3000000,1000000,107847,2.76530769e-3,1.07847000e-1,-0.002500,-0.025717,-2606.517500,3,weakly_unstable,0,1,100.71
0.530000,0.961150,40,3000000,1000000,56737,1.45479487e-3,5.67370000e-2,0.707500,0.194743,-524.797500,3,weakly_unstable,0,1,88.68
0.450000,0.779820,40,3000000,1000000,126766,3.25041026e-3,1.26766000e-1,0.088750,-0.072507,-8480.715000,3,weakly_unstable,0,1,115.19
0.590000,0.984640,40,3000000,1000000,-180586,-4.63041026e-3,-1.80586000e-1,-0.123750,-0.017776,-76.202500,1,stable,0,0,69.20
0.570000,0.980930,40,3000000,1000000,-108271,-2.77617949e-3,-1.08271000e-1,-0.021250,-0.054280,-138.075000,1,stable,0,0,71.48
0.830000,0.989440,40,3000000,1000000,18141,4.65153846e-4,1.81410000e-2,0.038750,0.142631,-47.697500,3,weakly_unstable,0,1,68.50
0.990000,0.969710,40,3000000,1000000,10756,2.75794872e-4,1.07560000e-2,-0.020000,-0.028270,-247.135000,3,weakly_unstable,0,1,67.49
0.610000,0.946730,40,3000000,1000000,60800,1.55897436e-3,6.08000000e-2,0.202500,0.133828,-938.330000,3,weakly_unstable,0,1,79.67
1.090000,0.987660,40,3000000,1000000,5560,1.42564103e-4,5.56000000e-3,0.072500,0.088833,-23.212500,3,weakly_unstable,0,1,67.50
0.530000,0.965150,40,3000000,1000000,5898,1.51230769e-4,5.89800000e-3,0.701250,0.687920,-483.375000,1,metastable,1,1,80.89
0.850000,0.967930,40,3000000,1000000,25820,6.62051282e-4,2.58200000e-2,0.065000,0.095286,-254.657500,3,weakly_unstable,0,1,67.69
0.570000,0.941930,40,3000000,1000000,67694,1.73574359e-3,6.76940000e-2,-0.010000,-0.139446,-1245.530000,3,weakly_unstable,0,1,84.79
0.550000,0.992440,40,3000000,1000000,-617794,-1.58408718e-2,-6.17794000e-1,-0.041250,-0.047554,-28.607500,1,stable,0,0,69.44
0.650000,0.990120,40,3000000,1000000,-64339,-1.64971795e-3,-6.43390000e-2,0.095000,0.054402,-75.752500,1,stable,0,0,65.08
0.790000,0.980150,40,3000000,1000000,28157,7.21974359e-4,2.81570000e-2,0.086250,0.030814,-120.260000,3,weakly_unstable,0,1,69.40
0.590000,0.985140,40,3000000,1000000,-119631,-3.06746154e-3,-1.19631000e-1,0.173750,0.080604,-85.012500,1,stable,0,0,70.33
0.530000,0.961650,40,3000000,1000000,92505,2.37192308e-3,9.25050000e-2,0.738750,0.726584,-466.660000,1,metastable,1,1,87.43
0.450000,0.886320,40,3000000,1000000,116259,2.98100000e-3,1.16259000e-1,-0.007500,-0.006941,-3359.480000,3,weakly_unstable,0,1,117.86
0.570000,0.981430,40,3000000,1000000,-88479,-2.26869231e-3,-8.84790000e-2,-0.392500,-0.352641,-114.005000,1,stable,0,0,71.66
0.990000,0.970210,40,3000000,1000000,9276,2.37846154e-4,9.27600000e-3,-0.030000,-0.040198,-275.567500,3,weakly_unstable,0,1,67.82
0.830000,0.989940,40,3000000,1000000,21826,5.59641026e-4,2.18260000e-2,-0.061250,-0.063340,-30.265000,3,weakly_unstable,0,1,69.70
0.490000,0.905520,40,3000000,1000000,91042,2.33441026e-3,9.10420000e-2,0.162500,0.133138,-2634.757500,3,weakly_unstable,0,1,102.29
1.090000,0.988160,40,3000000,1000000,5299,1.35871795e-4,5.29900000e-3,0.065000,0.056531,-24.047500,3,weakly_unstable,0,1,68.18
0.610000,0.947230,40,3000000,1000000,58733,1.50597436e-3,5.87330000e-2,0.183750,0.069423,-965.647500,3,weakly_unstable,0,1,79.59
0.850000,0.968430,40,3000000,1000000,24501,6.28230769e-4,2.45010000e-2,0.026250,0.001480,-209.902500,3,weakly_unstable,0,1,68.38
0.530000,0.965650,40,3000000,1000000,26112,6.69538462e-4,2.61120000e-2,-0.756250,-0.702107,-425.140000,1,metastable,1,1,80.54
0.450000,0.780320,40,3000000,1000000,137867,3.53505128e-3,1.37867000e-1,0.000000,-0.009690,-8832.260000,3,weakly_unstable,0,1,115.41
0.550000,0.992940,40,3000000,1000000,-629159,-1.61322821e-2,-6.29159000e-1,0.013750,-0.010835,-26.627500,1,stable,0,0,69.43
0.650000,0.990620,40,3000000,1000000,-67068,-1.71969231e-3,-6.70680000e-2,-0.082500,-0.044677,-35.202500,1,stable,0,0,64.75
0.570000,0.942430,40,3000000,1000000,62992,1.61517949e-3,6.29920000e-2,0.048750,0.042794,-1176.935000,3,weakly_unstable,0,1,84.72
0.790000,0.980650,40,3000000,1000000,28228,7.23794872e-4,2.82280000e-2,0.026250,-0.019492,-128.790000,3,weakly_unstable,0,1,69.27
0.590000,0.985640,40,3000000,1000000,-138302,-3.54620513e-3,-1.38302000e-1,0.311250,0.401559,-67.387500,1,chaotic,0,0,69.46
0.990000,0.970710,40,3000000,1000000,13359,3.42538462e-4,1.33590000e-2,0.060000,0.043075,-191.460000,3,weakly_unstable,0,1,67.27
0.570000,0.981930,40,3000000,1000000,-163292,-4.18697436e-3,-1.63292000e-1,0.306250,0.299300,-127.795000,1,stable,0,0,70.66
0.830000,0.990440,40,3000000,1000000,18418,4.72256410e-4,1.84180000e-2,-0.115000,-0.091290,-35.742500,3,weakly_unstable,0,1,68.83
0.530000,0.962150,40,3000000,1000000,86127,2.20838462e-3,8.61270000e-2,0.712500,0.729555,-442.797500,1,metastable,1,1,81.83
1.090000,0.988660,40,3000000,1000000,5514,1.41384615e-4,5.51400000e-3,-0.027500,-0.027593,-22.877500,3,weakly_unstable,0,1,69.88
0.850000,0.968930,40,3000000,1000000,24519,6.28692308e-4,2.45190000e-2,-0.061250,-0.017674,-271.492500,3,weakly_unstable,0,1,67.15
0.610000,0.947730,40,3000000,1000000,62676,1.60707692e-3,6.26760000e-2,0.031250,-0.024962,-970.080000,3,weakly_unstable,0,1,79.46
0.650000,0.991120,40,3000000,1000000,-69096,-1.77169231e-3,-6.90960000e-2,0.010000,0.103130,-28.690000,1,stable,0,0,64.82
0.550000,0.993440,40,3000000,1000000,-680969,-1.74607436e-2,-6.80969000e-1,-0.032500,0.005307,-34.030000,1,stable,0,0,68.65
0.530000,0.966150,40,3000000,1000000,25822,6.62102564e-4,2.58220000e-2,0.732500,0.686968,-436.982500,1,metastable,1,1,79.97
0.490000,0.906020,40,3000000,1000000,101143,2.59341026e-3,1.01143000e-1,0.050000,0.063943,-2442.475000,3,weakly_unstable,0,1,101.33
0.790000,0.981150,40,3000000,1000000,30888,7.92000000e-4,3.08880000e-2,-0.057500,-0.023677,-115.230000,3,weakly_unstable,0,1,69.47
0.450000,0.886820,40,3000000,1000000,130592,3.34851282e-3,1.30592000e-1,-0.107500,0.021988,-3386.445000,3,weakly_unstable,0,1,118.15
0.570000,0.942930,40,3000000,1000000,66764,1.71189744e-3,6.67640000e-2,-0.118750,-0.029274,-1138.185000,3,weakly_unstable,0,1,84.78
0.590000,0.986140,40,3000000,1000000,-150559,-3.86048718e-3,-1.50559000e-1,0.071250,0.078145,-73.172500,1,stable,0,0,68.83
0.990000,0.971210,40,3000000,1000000,10368,2.65846154e-4,1.03680000e-2,0.005000,0.038884,-169.172500,3,weakly_unstable,0,1,66.28
0.570000,0.982430,40,3000000,1000000,-187214,-4.80035897e-3,-1.87214000e-1,0.058750,0.168651,-117.825000,1,stable,0,0,70.25
0.830000,0.990940,40,3000000,1000000,17347,4.44794872e-4,1.73470000e-2,-0.040000,-0.079772,-43.532500,3,weakly_unstable,0,1,68.76
0.450000,0.780820,40,3000000,1000000,138278,3.54558974e-3,1.38278000e-1,-0.152500,-0.079012,-8543.985000,3,weakly_unstable,0,1,116.97
1.090000,0.989160,40,3000000,1000000,5876,1.50666667e-4,5.87600000e-3,-0.058750,-0.073952,-39.742500,3,weakly_unstable,0,1,66.73
0.850000,0.969430,40,3000000,1000000,27306,7.00153846e-4,2.73060000e-2,0.096250,0.094893,-244.220000,3,weakly_unstable,0,1,66.93
0.530000,0.962650,40,3000000,1000000,64644,1.65753846e-3,6.46440000e-2,-0.762500,-0.725063,-464.017500,1,metastable,1,1,81.22
0.650000,0.991620,40,3000000,1000000,-88761,-2.27592308e-3,-8.87610000e-2,0.182500,0.179910,-33.887500,1,stable,0,0,64.42
0.550000,0.993940,40,3000000,1000000,-686323,-1.75980256e-2,-6.86323000e-1,0.010000,-0.016590,-13.990000,1,stable,0,0,69.03
0.610000,0.948230,40,3000000,1000000,56015,1.43628205e-3,5.60150000e-2,-0.081250,0.064147,-956.615000,3,weakly_unstable,0,1,79.57
0.790000,0.981650,40,3000000,1000000,27368,7.01743590e-4,2.73680000e-2,0.122500,0.116366,-143.582500,3,weakly_unstable,0,1,68.38
0.530000,0.966650,40,3000000,1000000,20536,5.26564103e-4,2.05360000e-2,-0.803750,-0.689028,-449.455000,1,metastable,1,1,78.96
0.590000,0.986640,40,3000000,1000000,-195911,-5.02335897e-3,-1.95911000e-1,0.078750,0.090594,-74.812500,1,stable,0,0,68.24
0.990000,0.971710,40,3000000,1000000,10951,2.80794872e-4,1.09510000e-2,-0.087500,-0.071244,-179.842500,3,weakly_unstable,0,1,67.44
0.830000,0.991440,40,3000000,1000000,16812,4.31076923e-4,1.68120000e-2,-0.266250,-0.287260,-47.975000,3,weakly_unstable,0,1,68.69
0.570000,0.982930,40,3000000,1000000,-188872,-4.84287179e-3,-1.88872000e-1,0.310000,0.278709,-123.452500,1,stable,0,0,70.81
0.570000,0.943430,40,3000000,1000000,61696,1.58194872e-3,6.16960000e-2,0.065000,0.044087,-1152.147500,3,weakly_unstable,0,1,84.15
0.490000,0.906520,40,3000000,1000000,95414,2.44651282e-3,9.54140000e-2,0.270000,-0.088711,-2608.630000,3,weakly_unstable,0,1,102.18
1.090000,0.989660,40,3000000,1000000,4692,1.20307692e-4,4.69200000e-3,0.143750,0.119746,-41.682500,3,weakly_unstable,0,1,67.40
0.850000,0.969930,40,3000000,1000000,26189,6.71512821e-4,2.61890000e-2,-0.050000,-0.041315,-281.317500,3,weakly_unstable,0,1,67.37
0.450000,0.887320,40,3000000,1000000,129441,3.31900000e-3,1.29441000e-1,0.228750,-0.025586,-3295.022500,3,weakly_unstable,0,1,114.80
0.650000,0.992120,40,3000000,1000000,-97854,-2.50907692e-3,-9.78540000e-2,-0.131250,-0.208506,-27.620000,1,stable,0,0,64.38
0.530000,0.963150,40,3000000,1000000,49179,1.26100000e-3,4.91790000e-2,0.745000,0.748502,-490.722500,1,metastable,1,1,80.25
0.550000,0.994440,40,3000000,1000000,-676332,-1.73418462e-2,-6.76332000e-1,0.020000,-0.014390,-20.162500,1,stable,0,0,68.91
0.790000,0.982150,40,3000000,1000000,31066,7.96564103e-4,3.10660000e-2,0.041250,-0.043234,-148.825000,3,weakly_unstable,0,1,68.17
0.610000,0.948730,40,3000000,1000000,52396,1.34348718e-3,5.23960000e-2,-0.005000,-0.117635,-923.535000,3,weakly_unstable,0,1,80.05
0.450000,0.781320,40,3000000,1000000,148439,3.80612821e-3,1.48439000e-1,-0.023750,0.014476,-8277.685000,3,weakly_unstable,0,1,116.34
0.530000,0.967150,40,3000000,1000000,-19818,-5.08153846e-4,-1.98180000e-2,-0.246250,-0.458317,-389.092500,1,chaotic,0,0,78.55
0.590000,0.987140,40,3000000,1000000,-221153,-5.67058974e-3,-2.21153000e-1,0.058750,0.085346,-68.397500,1,stable,0,0,68.21
0.990000,0.972210,40,3000000,1000000,9692,2.48512821e-4,9.69200000e-3,-0.116250,-0.140914,-191.905000,3,weakly_unstable,0,1,67.38
0.590000,0.992140,40,3000000,1000000,-376711,-9.65925641e-3,-3.76711000e-1,-0.062500,-0.052395,-40.347500,1,stable,0,0,67.00
0.570000,0.983430,40,3000000,1000000,-174594,-4.47676923e-3,-1.74594000e-1,0.021250,0.101484,-80.997500,1,stable,0,0,70.31
1.090000,0.990160,40,3000000,1000000,5022,1.28769231e-4,5.02200000e-3,0.063750,0.081769,-1.327500,3,weakly_unstable,0,1,67.40
0.850000,0.970430,40,3000000,1000000,24859,6.37410256e-4,2.48590000e-2,-0.077500,-0.085654,-182.632500,3,weakly_unstable,0,1,67.76
0.570000,0.943930,40,3000000,1000000,58824,1.50830769e-3,5.88240000e-2,0.092500,-0.000431,-1114.422500,3,weakly_unstable,0,1,84.89
0.650000,0.992620,40,3000000,1000000,-133368,-3.41969231e-3,-1.33368000e-1,0.096250,0.064219,-21.775000,1,stable,0,0,64.86
0.650000,0.993620,40,3000000,1000000,-171509,-4.39766667e-3,-1.71509000e-1,0.110000,0.071425,-11.387500,1,stable,0,0,64.55
0.550000,0.994940,40,3000000,1000000,-702006,-1.80001538e-2,-7.02006000e-1,-0.008750,0.007008,-6.222500,1,stable,0,0,68.64
0.490000,0.907020,40,3000000,1000000,100631,2.58028205e-3,1.00631000e-1,0.062500,-0.008908,-2486.962500,3,weakly_unstable,0,1,101.60
0.790000,0.982650,40,3000000,1000000,30622,7.85179487e-4,3.06220000e-2,-0.012500,0.022745,-103.295000,3,weakly_unstable,0,1,68.82
0.610000,0.949230,40,3000000,1000000,55840,1.43179487e-3,5.58400000e-2,0.116250,-0.039285,-910.860000,3,weakly_unstable,0,1,79.98
0.990000,0.972710,40,3000000,1000000,11152,2.85948718e-4,1.11520000e-2,-0.131250,-0.105827,-153.067500,3,weakly_unstable,0,1,66.63
0.590000,0.987640,40,3000000,1000000,-171504,-4.39753846e-3,-1.71504000e-1,0.177500,0.065777,-71.880000,1,stable,0,0,69.96
0.590000,0.992640,40,3000000,1000000,-360921,-9.25438462e-3,-3.60921000e-1,0.062500,0.010453,-13.435000,1,stable,0,0,66.96
0.450000,0.887820,40,3000000,1000000,139244,3.57035897e-3,1.39244000e-1,-0.043750,-0.021279,-3294.755000,3,weakly_unstable,0,1,114.35
0.530000,0.967650,40,3000000,1000000,-11015,-2.82435897e-4,-1.10150000e-2,0.633750,0.633854,-363.247500,1,chaotic,0,0,79.25
1.090000,0.990660,40,3000000,1000000,5215,1.33717949e-4,5.21500000e-3,-0.195000,-0.191483,2.297500,3,weakly_unstable,0,1,66.69
0.570000,0.983930,40,3000000,1000000,-210428,-5.39558974e-3,-2.10428000e-1,0.158750,0.137091,-63.772500,1,stable,0,0,70.33
0.850000,0.970930,40,3000000,1000000,27166,6.96564103e-4,2.71660000e-2,-0.088750,-0.095219,-262.460000,3,weakly_unstable,0,1,67.46
0.650000,0.993120,40,3000000,1000000,-105473,-2.70443590e-3,-1.05473000e-1,-0.123750,-0.104538,-19.782500,1,stable,0,0,64.39
0.650000,0.994120,40,3000000,1000000,-228906,-5.86938462e-3,-2.28906000e-1,-0.280000,-0.234524,-20.565000,1,stable,0,0,63.69
0.550000,0.995440,40,3000000,1000000,-769278,-1.97250769e-2,-7.69278000e-1,-0.053750,-0.031595,-18.345000,1,stable,0,0,67.78
0.570000,0.944430,40,3000000,1000000,63191,1.62028205e-3,6.31910000e-2,-0.138750,-0.039278,-1126.975000,3,weakly_unstable,0,1,84.10
0.450000,0.781820,40,3000000,1000000,135636,3.47784615e-3,1.35636000e-1,0.046250,-0.000741,-8555.652500,3,weakly_unstable,0,1,118.13
0.790000,0.983150,40,3000000,1000000,33261,8.52846154e-4,3.32610000e-2,-0.096250,-0.068392,-132.535000,3,weakly_unstable,0,1,69.56
0.990000,0.973210,40,3000000,1000000,10990,2.81794872e-4,1.09900000e-2,0.147500,0.163048,-127.562500,3,weakly_unstable,0,1,67.23
0.590000,0.988140,40,3000000,1000000,-234927,-6.02376923e-3,-2.34927000e-1,0.172500,0.147320,-51.287500,1,stable,0,0,69.25
0.590000,0.993140,40,3000000,1000000,-387122,-9.92620513e-3,-3.87122000e-1,-0.017500,0.013118,-32.300000,1,stable,0,0,67.01
0.610000,0.949730,40,3000000,1000000,54682,1.40210256e-3,5.46820000e-2,-0.027500,-0.018053,-914.217500,3,weakly_unstable,0,1,80.80
1.090000,0.991160,40,3000000,1000000,4901,1.25666667e-4,4.90100000e-3,-0.030000,-0.049007,-16.992500,3,weakly_unstable,0,1,66.75
0.490000,0.907520,40,3000000,1000000,109002,2.79492308e-3,1.09002000e-1,-0.187500,0.002293,-2435.810000,3,weakly_unstable,0,1,101.61
0.570000,0.984430,40,3000000,1000000,-211904,-5.43343590e-3,-2.11904000e-1,0.106250,0.054409,-109.980000,1,stable,0,0,70.16
0.850000,0.971430,40,3000000,1000000,26002,6.66717949e-4,2.60020000e-2,0.087500,0.058477,-274.502500,3,weakly_unstable,0,1,66.99
0.530000,0.968150,40,3000000,1000000,-39124,-1.00317949e-3,-3.91240000e-2,-0.717500,-0.640761,-338.815000,1,chaotic,0,0,78.50
0.990000,0.990210,40,3000000,1000000,8437,2.16333333e-4,8.43700000e-3,-0.015000,0.002020,-24.562500,3,weakly_unstable,0,1,66.20
0.650000,0.994620,40,3000000,1000000,-252362,-6.47082051e-3,-2.52362000e-1,-0.061250,-0.068874,-13.747500,1,stable,0,0,63.45
0.550000,0.995940,40,3000000,1000000,-762846,-1.95601538e-2,-7.62846000e-1,-0.011250,-0.015525,-15.192500,1,stable,0,0,67.76
0.790000,0.983650,40,3000000,1000000,31145,7.98589744e-4,3.11450000e-2,-0.047500,0.028405,-128.827500,3,weakly_unstable,0,1,69.37
0.450000,0.888320,40,3000000,1000000,131015,3.35935897e-3,1.31015000e-1,-0.021250,0.006952,-3070.145000,3,weakly_unstable,0,1,115.87
0.570000,0.944930,40,3000000,1000000,58825,1.50833333e-3,5.88250000e-2,-0.130000,-0.038487,-1184.260000,3,weakly_unstable,0,1,84.46
0.990000,0.973710,40,3000000,1000000,11474,2.94205128e-4,1.14740000e-2,-0.011250,0.019566,-173.162500,3,weakly_unstable,0,1,66.52
0.590000,0.988640,40,3000000,1000000,-265455,-6.80653846e-3,-2.65455000e-1,0.060000,0.053201,-65.322500,1,stable,0,0,68.04
0.590000,0.993640,40,3000000,1000000,-387524,-9.93651282e-3,-3.87524000e-1,-0.001250,0.045632,-16.262500,1,stable,0,0,66.09
1.090000,0.991660,40,3000000,1000000,5073,1.30076923e-4,5.07300000e-3,-0.001250,0.021867,-24.865000,3,weakly_unstable,0,1,68.05
0.850000,0.971930,40,3000000,1000000,25254,6.47538462e-4,2.52540000e-2,0.161250,0.153201,-247.795000,3,weakly_unstable,0,1,66.12
0.570000,0.984930,40,3000000,1000000,-293333,-7.52135897e-3,-2.93333000e-1,-0.132500,-0.071929,-111.955000,1,stable,0,0,69.18
0.990000,0.990710,40,3000000,1000000,10779,2.76384615e-4,1.07790000e-2,-0.071250,-0.063115,-22.635000,3,weakly_unstable,0,1,65.84
0.650000,0.995120,40,3000000,1000000,-252142,-6.46517949e-3,-2.52142000e-1,-0.151250,-0.177575,-12.702500,1,stable,0,0,63.25
0.450000,0.782320,40,3000000,1000000,155911,3.99771795e-3,1.55911000e-1,-0.102500,-0.006658,-8225.502500,3,weakly_unstable,0,1,115.83
0.610000,0.950230,40,3000000,1000000,62840,1.61128205e-3,6.28400000e-2,0.101250,0.095347,-903.500000,3,weakly_unstable,0,1,80.64
0.530000,0.968650,40,3000000,1000000,-56285,-1.44320513e-3,-5.62850000e-2,-0.576250,-0.545321,-274.197500,1,chaotic,0,0,78.23
0.550000,0.996440,40,3000000,1000000,-787951,-2.02038718e-2,-7.87951000e-1,0.031250,0.046275,-12.225000,1,stable,0,0,66.93
0.490000,0.908020,40,3000000,1000000,91891,2.35617949e-3,9.18910000e-2,0.081250,-0.007402,-2441.947500,3,weakly_unstable,0,1,100.56
0.790000,0.984150,40,3000000,1000000,28182,7.22615385e-4,2.81820000e-2,0.063750,0.068510,-89.770000,3,weakly_unstable,0,1,69.18
0.990000,0.974210,40,3000000,1000000,11431,2.93102564e-4,1.14310000e-2,-0.092500,-0.068774,-147.147500,3,weakly_unstable,0,1,66.35
0.590000,0.994140,40,3000000,1000000,-434240,-1.11343590e-2,-4.34240000e-1,0.025000,0.062679,-25.505000,1,stable,0,0,66.38
0.590000,0.989140,40,3000000,1000000,-289597,-7.42556410e-3,-2.89597000e-1,-0.003750,-0.021881,-63.457500,1,stable,0,0,66.87
0.570000,0.945430,40,3000000,1000000,72801,1.86669231e-3,7.28010000e-2,-0.131250,0.093595,-1038.575000,3,weakly_unstable,0,1,85.01
1.090000,0.992160,40,3000000,1000000,5172,1.32615385e-4,5.17200000e-3,-0.098750,-0.102326,-3.232500,3,weakly_unstable,0,1,69.35
0.850000,0.972430,40,3000000,1000000,24645,6.31923077e-4,2.46450000e-2,-0.087500,-0.006809,-209.757500,3,weakly_unstable,0,1,65.96
0.650000,0.995620,40,3000000,1000000,-245049,-6.28330769e-3,-2.45049000e-1,0.292500,0.215674,-9.267500,1,stable,0,0,63.07
0.990000,0.991210,40,3000000,1000000,10443,2.67769231e-4,1.04430000e-2,-0.057500,-0.060067,-32.000000,3,weakly_unstable,0,1,66.60
0.570000,0.985430,40,3000000,1000000,-300283,-7.69956410e-3,-3.00283000e-1,-0.091250,-0.064520,-85.015000,1,stable,0,0,69.17
0.450000,0.888820,40,3000000,1000000,132150,3.38846154e-3,1.32150000e-1,-0.238750,-0.043053,-3328.577500,3,weakly_unstable,0,1,114.69
0.610000,0.950730,40,3000000,1000000,68177,1.74812821e-3,6.81770000e-2,-0.042500,0.026157,-890.555000,3,weakly_unstable,0,1,80.20
0.550000,0.996940,40,3000000,1000000,-783844,-2.00985641e-2,-7.83844000e-1,0.001250,0.010942,-5.245000,1,stable,0,0,67.96
0.530000,0.969150,40,3000000,1000000,-26997,-6.92230769e-4,-2.69970000e-2,-0.125000,-0.089839,-352.677500,1,stable,0,0,80.45
0.790000,0.984650,40,3000000,1000000,24922,6.39025641e-4,2.49220000e-2,0.128750,0.053871,-114.992500,3,weakly_unstable,0,1,69.89
0.990000,0.974710,40,3000000,1000000,12008,3.07897436e-4,1.20080000e-2,-0.106250,-0.116965,-126.522500,3,weakly_unstable,0,1,67.08
0.590000,0.994640,40,3000000,1000000,-482268,-1.23658462e-2,-4.82268000e-1,0.008750,-0.007414,-14.117500,1,stable,0,0,66.74
0.590000,0.989640,40,3000000,1000000,-295524,-7.57753846e-3,-2.95524000e-1,0.005000,-0.001117,-54.072500,1,stable,0,0,68.12
0.450000,0.782820,40,3000000,1000000,137715,3.53115385e-3,1.37715000e-1,0.026250,0.080574,-8608.037500,3,weakly_unstable,0,1,117.50
0.490000,0.908520,40,3000000,1000000,116817,2.99530769e-3,1.16817000e-1,-0.410000,-0.051116,-2417.127500,3,weakly_unstable,0,1,100.24
0.650000,0.996120,40,3000000,1000000,-266597,-6.83582051e-3,-2.66597000e-1,-0.112500,-0.062251,-14.852500,1,stable,0,0,64.01
0.850000,0.972930,40,3000000,1000000,26455,6.78333333e-4,2.64550000e-2,0.047500,0.074890,-216.342500,3,weakly_unstable,0,1,67.22
1.090000,0.992660,40,3000000,1000000,4374,1.12153846e-4,4.37400000e-3,0.140000,0.159781,-17.055000,3,weakly_unstable,0,1,69.88
0.990000,0.991710,40,3000000,1000000,8080,2.07179487e-4,8.08000000e-3,-0.067500,-0.046050,-28.755000,3,weakly_unstable,0,1,67.10
0.570000,0.985930,40,3000000,1000000,-320239,-8.21125641e-3,-3.20239000e-1,-0.070000,-0.111693,-57.610000,1,stable,0,0,69.10
0.570000,0.945930,40,3000000,1000000,66806,1.71297436e-3,6.68060000e-2,-0.065000,0.024354,-1074.260000,3,weakly_unstable,0,1,86.38
0.550000,0.997440,40,3000000,1000000,-803451,-2.06013077e-2,-8.03451000e-1,0.012500,-0.026080,-4.782500,1,stable,0,0,67.86
0.610000,0.951230,40,3000000,1000000,55124,1.41343590e-3,5.51240000e-2,0.163750,0.045590,-865.240000,3,weakly_unstable,0,1,81.59
0.530000,0.969650,40,3000000,1000000,-47682,-1.22261538e-3,-4.76820000e-2,0.127500,0.251746,-321.707500,1,stable,0,0,80.62
0.790000,0.985150,40,3000000,1000000,22083,5.66230769e-4,2.20830000e-2,-0.041250,-0.142479,-80.215000,3,weakly_unstable,0,1,70.98
0.990000,0.975210,40,3000000,1000000,9144,2.34461538e-4,9.14400000e-3,-0.032500,-0.029047,-148.455000,3,weakly_unstable,0,1,67.50
0.590000,0.995140,40,3000000,1000000,-472375,-1.21121795e-2,-4.72375000e-1,-0.006250,0.014804,-19.080000,1,stable,0,0,67.03
0.590000,0.990140,40,3000000,1000000,-278760,-7.14769231e-3,-2.78760000e-1,0.102500,0.009765,-54.357500,1,stable,0,0,68.10
0.650000,0.996620,40,3000000,1000000,-302997,-7.76915385e-3,-3.02997000e-1,0.051250,-0.005175,-8.062500,1,stable,0,0,62.97
0.850000,0.973430,40,3000000,1000000,26934,6.90615385e-4,2.69340000e-2,-0.008750,0.010851,-223.070000,3,weakly_unstable,0,1,67.44
0.450000,0.889320,40,3000000,1000000,135927,3.48530769e-3,1.35927000e-1,-0.138750,-0.026692,-3082.797500,3,weakly_unstable,0,1,114.87
0.990000,0.992210,40,3000000,1000000,10592,2.71589744e-4,1.05920000e-2,0.087500,0.064604,-27.517500,3,weakly_unstable,0,1,65.78
1.090000,0.993160,40,3000000,1000000,4169,1.06897436e-4,4.16900000e-3,0.130000,0.156877,-8.500000,3,weakly_unstable,0,1,68.54
0.570000,0.986430,40,3000000,1000000,-232215,-5.95423077e-3,-2.32215000e-1,-0.073750,-0.129733,-91.617500,1,stable,0,0,70.45
0.550000,0.997940,40,3000000,1000000,-827217,-2.12106923e-2,-8.27217000e-1,0.007500,0.006770,-4.280000,1,stable,0,0,67.48
0.570000,0.946430,40,3000000,1000000,63140,1.61897436e-3,6.31400000e-2,0.088750,0.025708,-1026.675000,3,weakly_unstable,0,1,86.23
0.490000,0.909020,40,3000000,1000000,106275,2.72500000e-3,1.06275000e-1,-0.183750,-0.079318,-2480.117500,3,weakly_unstable,0,1,103.58
0.450000,0.783320,40,3000000,1000000,158686,4.06887179e-3,1.58686000e-1,0.093750,0.027703,-8458.615000,3,weakly_unstable,0,1,116.01
0.790000,0.985650,40,3000000,1000000,26585,6.81666667e-4,2.65850000e-2,0.031250,0.098373,-94.880000,3,weakly_unstable,0,1,70.10
0.990000,0.975710,40,3000000,1000000,10013,2.56743590e-4,1.00130000e-2,-0.031250,-0.071715,-164.110000,3,weakly_unstable,0,1,67.56
0.610000,0.951730,40,3000000,1000000,54180,1.38923077e-3,5.41800000e-2,-0.123750,-0.043855,-902.422500,3,weakly_unstable,0,1,80.87
0.530000,0.970150,40,3000000,1000000,-95201,-2.44105128e-3,-9.52010000e-2,0.195000,0.234143,-283.305000,1,stable,0,0,78.01
0.590000,0.995640,40,3000000,1000000,-495061,-1.26938718e-2,-4.95061000e-1,0.071250,0.095341,-5.067500,1,stable,0,0,66.66
0.590000,0.990640,40,3000000,1000000,-324533,-8.32135897e-3,-3.24533000e-1,0.025000,-0.031415,-63.475000,1,stable,0,0,67.47
0.650000,0.997120,40,3000000,1000000,-259855,-6.66294872e-3,-2.59855000e-1,-0.130000,-0.095818,-3.110000,1,stable,0,0,62.38
0.990000,0.992710,40,3000000,1000000,7930,2.03333333e-4,7.93000000e-3,0.127500,0.075835,-32.347500,3,weakly_unstable,0,1,66.18
0.850000,0.973930,40,3000000,1000000,24290,6.22820513e-4,2.42900000e-2,-0.077500,-0.063790,-191.647500,3,weakly_unstable,0,1,68.11
1.090000,0.993660,40,3000000,1000000,4225,1.08333333e-4,4.22500000e-3,-0.117500,-0.110398,-8.035000,3,weakly_unstable,0,1,67.59
0.570000,0.986930,40,3000000,1000000,-328452,-8.42184615e-3,-3.28452000e-1,-0.166250,-0.082381,-83.440000,1,stable,0,0,68.31
0.550000,0.998440,40,3000000,1000000,-849419,-2.17799744e-2,-8.49419000e-1,0.056250,0.028065,-3.422500,1,stable,0,0,65.40
0.450000,0.889820,40,3000000,1000000,137241,3.51900000e-3,1.37241000e-1,-0.150000,0.010401,-3034.325000,3,weakly_unstable,0,1,115.37
0.990000,0.976210,40,3000000,1000000,11601,2.97461538e-4,1.16010000e-2,0.095000,0.072083,-112.125000,3,weakly_unstable,0,1,68.16
0.570000,0.946930,40,3000000,1000000,70319,1.80305128e-3,7.03190000e-2,0.037500,-0.081558,-1077.692500,3,weakly_unstable,0,1,85.70
0.790000,0.986150,40,3000000,1000000,29701,7.61564103e-4,2.97010000e-2,-0.140000,-0.105812,-57.972500,3,weakly_unstable,0,1,69.08
0.590000,0.996140,40,3000000,1000000,-541715,-1.38901282e-2,-5.41715000e-1,0.057500,0.083283,-7.745000,1,stable,0,0,65.89
0.650000,0.997620,40,3000000,1000000,-293013,-7.51315385e-3,-2.93013000e-1,0.151250,0.121103,-5.412500,1,stable,0,0,62.57
0.590000,0.991140,40,3000000,1000000,-331361,-8.49643590e-3,-3.31361000e-1,0.003750,0.006080,-51.117500,1,stable,0,0,66.72
0.610000,0.952230,40,3000000,1000000,64433,1.65212821e-3,6.44330000e-2,0.053750,0.116072,-823.062500,3,weakly_unstable,0,1,80.48
0.530000,0.970650,40,3000000,1000000,-50916,-1.30553846e-3,-5.09160000e-2,-0.255000,-0.272941,-345.810000,1,stable,0,0,79.47
0.490000,0.909520,40,3000000,1000000,93876,2.40707692e-3,9.38760000e-2,0.040000,0.104183,-2293.727500,3,weakly_unstable,0,1,101.08
0.990000,0.993210,40,3000000,1000000,7210,1.84871795e-4,7.21000000e-3,-0.067500,-0.098569,-10.095000,3,weakly_unstable,0,1,66.97
0.850000,0.974430,40,3000000,1000000,24731,6.34128205e-4,2.47310000e-2,-0.063750,-0.038825,-200.010000,3,weakly_unstable,0,1,67.65
1.090000,0.994160,40,3000000,1000000,3523,9.03333333e-5,3.52300000e-3,0.122500,0.121289,2.560000,3,weakly_unstable,0,1,66.47
0.570000,0.987430,40,3000000,1000000,-302410,-7.75410256e-3,-3.02410000e-1,-0.085000,-0.051366,-64.605000,1,stable,0,0,69.63
0.450000,0.783820,40,3000000,1000000,128280,3.28923077e-3,1.28280000e-1,-0.006250,0.019483,-8373.072500,3,weakly_unstable,0,1,118.08
0.550000,0.998940,40,3000000,1000000,-848066,-2.17452821e-2,-8.48066000e-1,0.008750,0.003054,-3.102500,1,stable,0,0,66.84
0.650000,0.998120,40,3000000,1000000,-297043,-7.61648718e-3,-2.97043000e-1,0.062500,0.067436,-6.230000,1,stable,0,0,62.74
0.990000,0.976710,40,3000000,1000000,11922,3.05692308e-4,1.19220000e-2,-0.052500,-0.008205,-117.035000,3,weakly_unstable,0,1,66.50
0.590000,0.996640,40,3000000,1000000,-542277,-1.39045385e-2,-5.42277000e-1,-0.002500,0.045193,-6.275000,1,stable,0,0,65.04
0.790000,0.986650,40,3000000,1000000,24650,6.32051282e-4,2.46500000e-2,-0.206250,-0.054810,-97.250000,3,weakly_unstable,0,1,69.45
0.590000,0.991640,40,3000000,1000000,-408147,-1.04653077e-2,-4.08147000e-1,-0.133750,-0.117178,-39.835000,1,stable,0,0,66.85
0.990000,0.993710,40,3000000,1000000,8428,2.16102564e-4,8.42800000e-3,0.123750,0.141755,-8.907500,3,weakly_unstable,0,1,65.04
0.850000,0.974930,40,3000000,1000000,25233,6.47000000e-4,2.52330000e-2,-0.162500,-0.144779,-181.677500,3,weakly_unstable,0,1,67.96
0.570000,0.947430,40,3000000,1000000,65729,1.68535897e-3,6.57290000e-2,-0.182500,-0.161512,-1052.365000,3,weakly_unstable,0,1,86.71
1.090000,0.994660,40,3000000,1000000,5196,1.33230769e-4,5.19600000e-3,0.028750,0.047075,-7.922500,3,weakly_unstable,0,1,67.34
0.530000,0.971150,40,3000000,1000000,-158141,-4.05489744e-3,-1.58141000e-1,0.062500,0.039216,-254.640000,1,stable,0,0,78.16
0.610000,0.952730,40,3000000,1000000,52827,1.35453846e-3,5.28270000e-2,0.125000,0.105302,-866.525000,3,weakly_unstable,0,1,79.54
0.570000,0.987930,40,3000000,1000000,-262383,-6.72776923e-3,-2.62383000e-1,-0.317500,-0.200379,-44.735000,1,stable,0,0,69.15
0.450000,0.890320,40,3000000,1000000,144863,3.71443590e-3,1.44863000e-1,-0.086250,-0.013863,-3130.360000,3,weakly_unstable,0,1,114.86
0.490000,0.910020,40,3000000,1000000,103974,2.66600000e-3,1.03974000e-1,-0.056250,0.001153,-2315.295000,3,weakly_unstable,0,1,101.92
0.610000,0.961730,40,3000000,1000000,48534,1.24446154e-3,4.85340000e-2,0.100000,-0.068108,-606.255000,3,weakly_unstable,0,1,81.04
0.650000,0.998620,40,3000000,1000000,-342275,-8.77628205e-3,-3.42275000e-1,0.015000,0.057709,-2.732500,1,stable,0,0,62.46
0.590000,0.997140,40,3000000,1000000,-564616,-1.44773333e-2,-5.64616000e-1,0.012500,0.031386,-9.167500,1,stable,0,0,64.50
0.990000,0.977210,40,3000000,1000000,10886,2.79128205e-4,1.08860000e-2,0.090000,0.120354,-147.167500,3,weakly_unstable,0,1,66.00
0.790000,0.987150,40,3000000,1000000,20893,5.35717949e-4,2.08930000e-2,0.088750,0.113304,-86.685000,3,weakly_unstable,0,1,69.09
0.790000,0.987650,40,3000000,1000000,23997,6.15307692e-4,2.39970000e-2,0.023750,0.054549,-82.462500,3,weakly_unstable,0,1,70.60
0.990000,0.994210,40,3000000,1000000,8207,2.10435897e-4,8.20700000e-3,0.010000,-0.045335,-7.525000,3,weakly_unstable,0,1,65.40
1.090000,0.995160,40,3000000,1000000,4513,1.15717949e-4,4.51300000e-3,0.221250,0.254011,-0.080000,3,weakly_unstable,0,1,65.00
0.450000,0.784320,40,3000000,1000000,129189,3.31253846e-3,1.29189000e-1,-0.190000,0.017176,-8331.092500,3,weakly_unstable,0,1,113.77
0.850000,0.975430,40,3000000,1000000,24008,6.15589744e-4,2.40080000e-2,-0.017500,-0.032927,-149.370000,3,weakly_unstable,0,1,68.44
0.570000,0.988430,40,3000000,1000000,-337026,-8.64169231e-3,-3.37026000e-1,0.067500,0.071755,-54.450000,1,stable,0,0,69.21
0.530000,0.971650,40,3000000,1000000,-123242,-3.16005128e-3,-1.23242000e-1,-0.150000,-0.186058,-304.415000,1,stable,0,0,78.51
0.610000,0.953230,40,3000000,1000000,62260,1.59641026e-3,6.22600000e-2,0.123750,0.030969,-868.762500,3,weakly_unstable,0,1,80.24
0.570000,0.947930,40,3000000,1000000,65450,1.67820513e-3,6.54500000e-2,-0.060000,-0.053141,-972.557500,3,weakly_unstable,0,1,86.28
0.650000,0.999120,40,3000000,1000000,-362384,-9.29189744e-3,-3.62384000e-1,0.035000,-0.001827,-2.312500,1,stable,0,0,62.50
0.590000,0.997640,40,3000000,1000000,-551761,-1.41477179e-2,-5.51761000e-1,-0.027500,-0.001160,-3.697500,1,stable,0,0,64.59
0.990000,0.977710,40,3000000,1000000,10417,2.67102564e-4,1.04170000e-2,0.016250,0.026497,-113.802500,3,weakly_unstable,0,1,66.82
0.590000,0.998140,40,3000000,1000000,-558216,-1.43132308e-2,-5.58216000e-1,-0.036250,-0.035080,-3.355000,1,stable,0,0,65.02
0.610000,0.962230,40,3000000,1000000,51728,1.32635897e-3,5.17280000e-2,-0.222500,-0.102767,-648.192500,3,weakly_unstable,0,1,81.45
0.790000,0.988150,40,3000000,1000000,21746,5.57589744e-4,2.17460000e-2,-0.185000,-0.065149,-86.722500,3,weakly_unstable,0,1,69.37
0.990000,0.994710,40,3000000,1000000,7370,1.88974359e-4,7.37000000e-3,0.075000,0.099951,-8.907500,3,weakly_unstable,0,1,65.45
1.090000,0.995660,40,3000000,1000000,4292,1.10051282e-4,4.29200000e-3,0.051250,0.054992,-5.267500,3,weakly_unstable,0,1,65.24
0.490000,0.910520,40,3000000,1000000,108954,2.79369231e-3,1.08954000e-1,0.078750,0.038582,-2348.927500,3,weakly_unstable,0,1,101.98
0.850000,0.975930,40,3000000,1000000,29031,7.44384615e-4,2.90310000e-2,0.052500,0.010374,-165.402500,3,weakly_unstable,0,1,68.47
0.450000,0.890820,40,3000000,1000000,132618,3.40046154e-3,1.32618000e-1,0.037500,0.037367,-3012.487500,3,weakly_unstable,0,1,115.57
0.570000,0.988930,40,3000000,1000000,-370920,-9.51076923e-3,-3.70920000e-1,-0.140000,-0.090989,-50.352500,1,stable,0,0,68.94
0.530000,0.972150,40,3000000,1000000,-118224,-3.03138462e-3,-1.18224000e-1,-0.227500,-0.137546,-261.322500,1,stable,0,0,78.71
0.650000,0.999620,40,3000000,1000000,-376988,-9.66635897e-3,-3.76988000e-1,-0.065000,-0.041714,-2.112500,1,stable,0,0,62.38
0.610000,0.953730,40,3000000,1000000,60750,1.55769231e-3,6.07500000e-2,0.072500,-0.064059,-737.330000,3,weakly_unstable,0,1,81.20
0.570000,0.948430,40,3000000,1000000,57894,1.48446154e-3,5.78940000e-2,0.205000,0.006576,-977.047500,3,weakly_unstable,0,1,85.57
0.990000,0.982210,40,3000000,1000000,9986,2.56051282e-4,9.98600000e-3,0.002500,0.025202,-123.627500,3,weakly_unstable,0,1,66.50
0.990000,0.978210,40,3000000,1000000,10318,2.64564103e-4,1.03180000e-2,-0.197500,-0.189461,-198.277500,3,weakly_unstable,0,1,67.61
0.590000,0.998640,40,3000000,1000000,-601578,-1.54250769e-2,-6.01578000e-1,-0.033750,0.005186,-8.527500,1,stable,0,0,64.09
0.450000,0.784820,40,3000000,1000000,143688,3.68430769e-3,1.43688000e-1,0.163750,0.043435,-8268.987500,3,weakly_unstable,0,1,116.46
0.990000,0.995210,40,3000000,1000000,8672,2.22358974e-4,8.67200000e-3,0.176250,0.169413,-8.520000,3,weakly_unstable,0,1,65.47
0.790000,0.988650,40,3000000,1000000,20724,5.31384615e-4,2.07240000e-2,0.118750,0.067297,-69.222500,3,weakly_unstable,0,1,68.08
1.090000,0.996160,40,3000000,1000000,3784,9.70256410e-5,3.78400000e-3,-0.010000,0.012145,-4.990000,3,weakly_unstable,0,1,65.55
0.610000,0.962730,40,3000000,1000000,54775,1.40448718e-3,5.47750000e-2,-0.013750,-0.168571,-586.467500,3,weakly_unstable,0,1,81.14
0.850000,0.976430,40,3000000,1000000,25080,6.43076923e-4,2.50800000e-2,0.090000,0.079970,-128.995000,3,weakly_unstable,0,1,67.17
0.570000,0.989430,40,3000000,1000000,-418466,-1.07298974e-2,-4.18466000e-1,0.093750,0.080521,-46.067500,1,stable,0,0,68.66
0.650000,1.000000,40,3000000,1000000,-398806,-1.02257949e-2,-3.98806000e-1,-0.007500,0.009196,-2.037500,1,stable,0,0,61.06
0.490000,0.911020,40,3000000,1000000,96869,2.48382051e-3,9.68690000e-2,0.007500,-0.025047,-2358.095000,3,weakly_unstable,0,1,100.70
0.530000,0.972650,40,3000000,1000000,-126117,-3.23376923e-3,-1.26117000e-1,-0.348750,-0.281091,-279.105000,1,stable,0,0,77.59
0.990000,0.982710,40,3000000,1000000,10096,2.58871795e-4,1.00960000e-2,-0.062500,-0.070795,-120.612500,3,weakly_unstable,0,1,66.55
0.590000,0.999140,40,3000000,1000000,-635484,-1.62944615e-2,-6.35484000e-1,0.018750,-0.004129,-2.590000,1,stable,0,0,63.95
0.990000,0.978710,40,3000000,1000000,9718,2.49179487e-4,9.71800000e-3,-0.063750,-0.042866,-85.327500,3,weakly_unstable,0,1,67.97
0.610000,0.954230,40,3000000,1000000,58336,1.49579487e-3,5.83360000e-2,-0.128750,0.117375,-826.752500,3,weakly_unstable,0,1,81.07
0.570000,0.948930,40,3000000,1000000,57958,1.48610256e-3,5.79580000e-2,-0.172500,0.002517,-1021.910000,3,weakly_unstable,0,1,84.73
0.450000,0.891320,40,3000000,1000000,143764,3.68625641e-3,1.43764000e-1,0.070000,-0.027848,-3143.830000,3,weakly_unstable,0,1,115.02
0.990000,0.995710,40,3000000,1000000,8365,2.14487179e-4,8.36500000e-3,0.001250,0.057652,-12.242500,3,weakly_unstable,0,1,66.10
1.090000,0.996660,40,3000000,1000000,3437,8.81282051e-5,3.43700000e-3,-0.001250,0.006041,-2.640000,3,weakly_unstable,0,1,65.46
0.790000,0.989150,40,3000000,1000000,21865,5.60641026e-4,2.18650000e-2,-0.203750,-0.155344,-64.252500,3,weakly_unstable,0,1,69.25
0.850000,0.976930,40,3000000,1000000,23476,6.01948718e-4,2.34760000e-2,0.046250,-0.006616,-154.987500,3,weakly_unstable,0,1,67.00
0.610000,0.963230,40,3000000,1000000,40339,1.03433333e-3,4.03390000e-2,0.006250,-0.070450,-569.307500,3,weakly_unstable,0,1,81.20
0.570000,0.989930,40,3000000,1000000,-404434,-1.03701026e-2,-4.04434000e-1,-0.113750,-0.091846,-28.827500,1,stable,0,0,68.43
0.450000,0.785320,40,3000000,1000000,140071,3.59156410e-3,1.40071000e-1,-0.086250,0.002129,-8390.885000,3,weakly_unstable,0,1,115.57
0.670000,0.956930,40,3000000,1000000,50033,1.28289744e-3,5.00330000e-2,-0.170000,-0.057087,-657.660000,3,weakly_unstable,0,1,73.97
0.990000,0.983210,40,3000000,1000000,10351,2.65410256e-4,1.03510000e-2,-0.135000,-0.118542,-48.157500,3,weakly_unstable,0,1,65.71
0.590000,0.999640,40,3000000,1000000,-627453,-1.60885385e-2,-6.27453000e-1,0.030000,0.004459,-2.510000,1,stable,0,0,63.08
0.990000,0.979210,40,3000000,1000000,8889,2.27923077e-4,8.88900000e-3,-0.138750,-0.130932,-124.565000,3,weakly_unstable,0,1,67.17
0.530000,0.973150,40,3000000,1000000,-119682,-3.06876923e-3,-1.19682000e-1,-0.117500,-0.007678,-241.965000,1,stable,0,0,76.51
0.990000,0.996210,40,3000000,1000000,7320,1.87692308e-4,7.32000000e-3,-0.108750,-0.110111,-7.190000,3,weakly_unstable,0,1,66.48
1.090000,0.997160,40,3000000,1000000,3868,9.91794872e-5,3.86800000e-3,-0.030000,-0.049125,-5.797500,3,weakly_unstable,0,1,65.31
0.610000,0.954730,40,3000000,1000000,48540,1.24461538e-3,4.85400000e-2,0.077500,-0.034713,-719.210000,3,weakly_unstable,0,1,80.19
0.790000,0.989650,40,3000000,1000000,24343,6.24179487e-4,2.43430000e-2,-0.126250,-0.071758,-54.497500,3,weakly_unstable,0,1,69.44
0.490000,0.911520,40,3000000,1000000,79054,2.02702564e-3,7.90540000e-2,0.160000,-0.016014,-2394.957500,3,weakly_unstable,0,1,101.08
0.850000,0.977430,40,3000000,1000000,26468,6.78666667e-4,2.64680000e-2,0.050000,0.003886,-176.525000,3,weakly_unstable,0,1,66.78
0.570000,0.949430,40,3000000,1000000,56819,1.45689744e-3,5.68190000e-2,0.118750,-0.034974,-979.875000,3,weakly_unstable,0,1,86.02
0.570000,0.990430,40,3000000,1000000,-431569,-1.10658718e-2,-4.31569000e-1,-0.053750,-0.030420,-35.732500,1,stable,0,0,67.67
0.610000,0.963730,40,3000000,1000000,48567,1.24530769e-3,4.85670000e-2,-0.018750,-0.053020,-576.872500,3,weakly_unstable,0,1,80.91
0.990000,0.983710,40,3000000,1000000,11369,2.91512821e-4,1.13690000e-2,0.060000,0.015220,-44.312500,3,weakly_unstable,0,1,65.50
0.450000,0.891820,40,3000000,1000000,130186,3.33810256e-3,1.30186000e-1,0.076250,0.043306,-3188.390000,3,weakly_unstable,0,1,117.07
0.670000,0.957430,40,3000000,1000000,55455,1.42192308e-3,5.54550000e-2,-0.096250,-0.073939,-613.890000,3,weakly_unstable,0,1,74.77
0.790000,0.991650,40,3000000,1000000,13417,3.44025641e-4,1.34170000e-2,0.062500,-0.041474,-49.292500,3,weakly_unstable,0,1,69.70
0.990000,0.979710,40,3000000,1000000,11459,2.93820513e-4,1.14590000e-2,0.028750,0.051236,-111.752500,3,weakly_unstable,0,1,67.86
0.990000,0.996710,40,3000000,1000000,7318,1.87641026e-4,7.31800000e-3,-0.092500,-0.067474,-5.830000,3,weakly_unstable,0,1,65.10
1.090000,0.997660,40,3000000,1000000,3326,8.52820513e-5,3.32600000e-3,-0.111250,-0.162452,-2.300000,3,weakly_unstable,0,1,64.69
0.530000,0.973650,40,3000000,1000000,-187275,-4.80192308e-3,-1.87275000e-1,-0.410000,-0.364842,-194.535000,1,stable,0,0,76.15
0.790000,0.990150,40,3000000,1000000,18069,4.63307692e-4,1.80690000e-2,0.040000,0.052437,-49.852500,3,weakly_unstable,0,1,69.63
0.850000,0.977930,40,3000000,1000000,23913,6.13153846e-4,2.39130000e-2,0.163750,0.158070,-193.837500,3,weakly_unstable,0,1,66.41
0.610000,0.955230,40,3000000,1000000,47037,1.20607692e-3,4.70370000e-2,-0.151250,-0.024128,-731.095000,3,weakly_unstable,0,1,79.86
0.450000,0.785820,40,3000000,1000000,160748,4.12174359e-3,1.60748000e-1,-0.126250,-0.024332,-8542.757500,3,weakly_unstable,0,1,114.98
0.570000,0.990930,40,3000000,1000000,-450861,-1.15605385e-2,-4.50861000e-1,-0.002500,0.012244,-38.322500,1,stable,0,0,67.46
0.570000,0.949930,40,3000000,1000000,54580,1.39948718e-3,5.45800000e-2,0.021250,0.187785,-943.400000,3,weakly_unstable,0,1,86.00
0.490000,0.912020,40,3000000,1000000,104921,2.69028205e-3,1.04921000e-1,-0.136250,-0.078236,-2307.085000,3,weakly_unstable,0,1,101.36
0.990000,0.984210,40,3000000,1000000,11572,2.96717949e-4,1.15720000e-2,-0.038750,-0.013192,-57.515000,3,weakly_unstable,0,1,67.01
0.610000,0.964230,40,3000000,1000000,48798,1.25123077e-3,4.87980000e-2,-0.106250,-0.003267,-567.322500,3,weakly_unstable,0,1,79.59
0.790000,0.992150,40,3000000,1000000,14340,3.67692308e-4,1.43400000e-2,0.015000,0.029825,-39.515000,3,weakly_unstable,0,1,71.41
0.990000,0.980210,40,3000000,1000000,11568,2.96615385e-4,1.15680000e-2,0.022500,0.062520,-120.572500,3,weakly_unstable,0,1,67.93
0.670000,0.957930,40,3000000,1000000,54606,1.40015385e-3,5.46060000e-2,0.111250,0.095959,-639.902500,3,weakly_unstable,0,1,75.58
0.990000,0.997210,40,3000000,1000000,6717,1.72230769e-4,6.71700000e-3,0.105000,0.078936,-3.785000,3,weakly_unstable,0,1,65.43
1.090000,0.998160,40,3000000,1000000,2724,6.98461538e-5,2.72400000e-3,0.040000,0.037691,-4.927500,3,weakly_unstable,0,1,66.30
0.530000,0.974150,40,3000000,1000000,-204075,-5.23269231e-3,-2.04075000e-1,0.071250,0.123010,-201.095000,1,stable,0,0,77.25
0.850000,0.978430,40,3000000,1000000,23145,5.93461538e-4,2.31450000e-2,-0.105000,-0.020165,-106.147500,3,weakly_unstable,0,1,67.48
0.790000,0.990650,40,3000000,1000000,17693,4.53666667e-4,1.76930000e-2,-0.312500,-0.284843,-47.352500,3,weakly_unstable,0,1,70.53
0.610000,0.955730,40,3000000,1000000,58334,1.49574359e-3,5.83340000e-2,-0.011250,-0.078330,-771.767500,3,weakly_unstable,0,1,80.35
0.450000,0.892320,40,3000000,1000000,130349,3.34228205e-3,1.30349000e-1,-0.112500,-0.012592,-3021.807500,3,weakly_unstable,0,1,114.90
0.570000,0.991430,40,3000000,1000000,-488828,-1.25340513e-2,-4.88828000e-1,-0.071250,-0.067017,-23.055000,1,stable,0,0,68.54
0.990000,0.984710,40,3000000,1000000,9710,2.48974359e-4,9.71000000e-3,-0.068750,-0.119217,-66.967500,3,weakly_unstable,0,1,66.47
0.790000,0.992650,40,3000000,1000000,41368,1.06071795e-3,4.13680000e-2,-0.911250,-0.911923,-30.945000,1,metastable,1,1,60.69
0.570000,0.950430,40,3000000,1000000,57678,1.47892308e-3,5.76780000e-2,0.020000,0.050160,-992.787500,3,weakly_unstable,0,1,84.98
0.990000,0.980710,40,3000000,1000000,10366,2.65794872e-4,1.03660000e-2,-0.025000,-0.013745,-91.467500,3,weakly_unstable,0,1,66.19
0.610000,0.964730,40,3000000,1000000,46503,1.19238462e-3,4.65030000e-2,-0.177500,-0.052485,-587.845000,3,weakly_unstable,0,1,81.08
0.990000,0.997710,40,3000000,1000000,4287,1.09923077e-4,4.28700000e-3,-0.037500,-0.060254,-5.625000,3,weakly_unstable,0,1,66.04
1.090000,0.998660,40,3000000,1000000,1733,4.44358974e-5,1.73300000e-3,0.016250,0.016228,-2.270000,3,weakly_unstable,0,1,65.09
0.670000,0.958430,40,3000000,1000000,49398,1.26661538e-3,4.93980000e-2,-0.070000,-0.019067,-594.042500,3,weakly_unstable,0,1,74.38
0.450000,0.786320,40,3000000,1000000,140628,3.60584615e-3,1.40628000e-1,0.110000,-0.021166,-8301.092500,3,weakly_unstable,0,1,115.48
0.490000,0.912520,40,3000000,1000000,99457,2.55017949e-3,9.94570000e-2,0.246250,-0.007638,-2245.362500,3,weakly_unstable,0,1,101.43
0.850000,0.978930,40,3000000,1000000,25234,6.47025641e-4,2.52340000e-2,-0.132500,-0.099480,-123.540000,3,weakly_unstable,0,1,66.88
0.790000,0.991150,40,3000000,1000000,21307,5.46333333e-4,2.13070000e-2,0.127500,0.083341,-53.545000,3,weakly_unstable,0,1,70.71
0.530000,0.974650,40,3000000,1000000,-195077,-5.00197436e-3,-1.95077000e-1,-0.157500,-0.132765,-210.487500,1,stable,0,0,76.26
0.570000,0.991930,40,3000000,1000000,-494368,-1.26761026e-2,-4.94368000e-1,0.037500,0.051651,-37.652500,1,stable,0,0,68.77
0.610000,0.956230,40,3000000,1000000,53376,1.36861538e-3,5.33760000e-2,0.101250,0.027366,-746.412500,3,weakly_unstable,0,1,79.70
0.990000,0.985210,40,3000000,1000000,11638,2.98410256e-4,1.16380000e-2,0.158750,0.152389,-109.982500,3,weakly_unstable,0,1,66.49
0.790000,0.993150,40,3000000,1000000,12301,3.15410256e-4,1.23010000e-2,0.032500,-0.042082,-48.035000,3,weakly_unstable,0,1,70.66
0.990000,0.981210,40,3000000,1000000,11968,3.06871795e-4,1.19680000e-2,-0.077500,-0.060589,-103.717500,3,weakly_unstable,0,1,66.58
0.990000,0.998210,40,3000000,1000000,4885,1.25256410e-4,4.88500000e-3,-0.762500,-0.710728,-3.112500,1,metastable,1,1,64.18
1.090000,0.999160,40,3000000,1000000,3081,7.90000000e-5,3.08100000e-3,-0.211250,-0.226711,-2.810000,1,weakly_unstable,0,1,63.58
0.570000,0.950930,40,3000000,1000000,51473,1.31982051e-3,5.14730000e-2,0.125000,0.051596,-884.835000,3,weakly_unstable,0,1,85.25
0.670000,0.958930,40,3000000,1000000,58333,1.49571795e-3,5.83330000e-2,-0.185000,-0.093158,-521.757500,3,weakly_unstable,0,1,74.22
0.610000,0.965230,40,3000000,1000000,40541,1.03951282e-3,4.05410000e-2,0.102500,0.115672,-488.475000,3,weakly_unstable,0,1,80.33
0.450000,0.892820,40,3000000,1000000,129519,3.32100000e-3,1.29519000e-1,0.332500,-0.026188,-2933.815000,3,weakly_unstable,0,1,113.55
0.850000,0.979430,40,3000000,1000000,26538,6.80461538e-4,2.65380000e-2,0.005000,0.049289,-131.247500,3,weakly_unstable,0,1,68.04
0.530000,0.975150,40,3000000,1000000,-270269,-6.92997436e-3,-2.70269000e-1,0.188750,0.136204,-182.382500,1,stable,0,0,76.65
0.570000,0.992430,40,3000000,1000000,-530000,-1.35897436e-2,-5.30000000e-1,-0.031250,-0.009195,-26.422500,1,stable,0,0,67.65
0.570000,0.955930,40,3000000,1000000,48500,1.24358974e-3,4.85000000e-2,0.035000,0.125391,-768.662500,3,weakly_unstable,0,1,84.91
0.990000,0.985710,40,3000000,1000000,9335,2.39358974e-4,9.33500000e-3,-0.017500,-0.009971,-46.990000,3,weakly_unstable,0,1,66.61
0.490000,0.913020,40,3000000,1000000,102681,2.63284615e-3,1.02681000e-1,-0.040000,0.013838,-2202.715000,3,weakly_unstable,0,1,103.02
0.790000,0.993650,40,3000000,1000000,44935,1.15217949e-3,4.49350000e-2,0.923750,0.908484,-35.867500,1,metastable,1,1,60.30
0.990000,0.998710,40,3000000,1000000,-3333,-8.54615385e-5,-3.33300000e-3,-0.927500,-0.918053,-3.362500,1,chaotic,0,0,57.29
0.450000,0.786820,40,3000000,1000000,143785,3.68679487e-3,1.43785000e-1,0.071250,-0.055207,-8352.925000,3,weakly_unstable,0,1,115.75
0.610000,0.956730,40,3000000,1000000,59485,1.52525641e-3,5.94850000e-2,-0.087500,0.063442,-730.720000,3,weakly_unstable,0,1,80.72
0.990000,0.981710,40,3000000,1000000,11553,2.96230769e-4,1.15530000e-2,-0.018750,-0.034263,-73.407500,3,weakly_unstable,0,1,66.78
1.090000,0.999660,40,3000000,1000000,3393,8.70000000e-5,3.39300000e-3,0.101250,0.055171,-2.155000,1,weakly_unstable,0,1,64.22
0.670000,0.959430,40,3000000,1000000,57058,1.46302564e-3,5.70580000e-2,-0.038750,-0.001562,-547.277500,3,weakly_unstable,0,1,74.39
0.850000,0.979930,40,3000000,1000000,24093,6.17769231e-4,2.40930000e-2,-0.076250,-0.013606,-135.045000,3,weakly_unstable,0,1,68.32
0.610000,0.965730,40,3000000,1000000,40992,1.05107692e-3,4.09920000e-2,-0.043750,0.147655,-518.650000,3,weakly_unstable,0,1,80.40
0.570000,0.951430,40,3000000,1000000,52393,1.34341026e-3,5.23930000e-2,-0.058750,-0.103788,-916.037500,3,weakly_unstable,0,1,86.36
0.570000,0.992930,40,3000000,1000000,-506003,-1.29744359e-2,-5.06003000e-1,0.043750,0.080708,-16.357500,1,stable,0,0,68.01
0.530000,0.975650,40,3000000,1000000,-195141,-5.00361538e-3,-1.95141000e-1,-0.266250,-0.113176,-182.230000,1,stable,0,0,76.47
0.990000,0.999210,40,3000000,1000000,-11391,-2.92076923e-4,-1.13910000e-2,0.862500,0.881003,-2.482500,1,chaotic,0,0,57.86
0.790000,0.994150,40,3000000,1000000,22327,5.72487179e-4,2.23270000e-2,-0.898750,-0.891555,-23.067500,1,metastable,1,1,61.13
0.990000,0.986210,40,3000000,1000000,10430,2.67435897e-4,1.04300000e-2,-0.085000,-0.085690,-54.375000,3,weakly_unstable,0,1,66.68
1.090000,1.000000,40,3000000,1000000,-7218,-1.85076923e-4,-7.21800000e-3,0.000000,0.000011,-1.950000,1,stable,0,0,57.20
0.570000,0.956430,40,3000000,1000000,45670,1.17102564e-3,4.56700000e-2,-0.231250,-0.043768,-803.857500,3,weakly_unstable,0,1,85.53
1.010000,0.990830,40,3000000,1000000,7931,2.03358974e-4,7.93100000e-3,-0.008750,-0.006777,-25.527500,3,weakly_unstable,0,1,66.95
0.450000,0.893320,40,3000000,1000000,150296,3.85374359e-3,1.50296000e-1,-0.182500,0.002117,-3019.300000,3,weakly_unstable,0,1,116.80
0.610000,0.957230,40,3000000,1000000,62629,1.60587179e-3,6.26290000e-2,-0.073750,-0.088330,-716.187500,3,weakly_unstable,0,1,80.05
0.490000,0.913520,40,3000000,1000000,100090,2.56641026e-3,1.00090000e-1,-0.117500,0.029053,-2149.207500,3,weakly_unstable,0,1,102.59
0.850000,0.980430,40,3000000,1000000,22223,5.69820513e-4,2.22230000e-2,0.025000,0.062077,-89.837500,3,weakly_unstable,0,1,68.67
0.670000,0.959930,40,3000000,1000000,51820,1.32871795e-3,5.18200000e-2,-0.085000,-0.050687,-550.490000,3,weakly_unstable,0,1,75.19
0.990000,0.999710,40,3000000,1000000,-24616,-6.31179487e-4,-2.46160000e-2,0.015000,0.006718,-1.940000,1,stable,0,0,56.89
0.610000,0.966230,40,3000000,1000000,44396,1.13835897e-3,4.43960000e-2,-0.046250,0.005194,-538.672500,3,weakly_unstable,0,1,80.34
0.790000,0.994650,40,3000000,1000000,28544,7.31897436e-4,2.85440000e-2,0.876250,0.884241,-26.327500,1,metastable,1,1,60.39
0.450000,0.787320,40,3000000,1000000,147771,3.78900000e-3,1.47771000e-1,0.015000,-0.013372,-8329.275000,3,weakly_unstable,0,1,117.21
0.570000,0.993430,40,3000000,1000000,-543412,-1.39336410e-2,-5.43412000e-1,-0.031250,-0.052513,-15.060000,1,stable,0,0,68.50
0.570000,0.951930,40,3000000,1000000,65170,1.67102564e-3,6.51700000e-2,-0.078750,0.144377,-924.740000,3,weakly_unstable,0,1,85.41
0.990000,0.986710,40,3000000,1000000,10236,2.62461538e-4,1.02360000e-2,-0.038750,-0.035936,-41.500000,3,weakly_unstable,0,1,67.69
0.530000,0.976150,40,3000000,1000000,-280759,-7.19894872e-3,-2.80759000e-1,0.210000,0.130029,-191.205000,1,stable,0,0,75.42
1.110000,0.969710,40,3000000,1000000,4699,1.20487179e-4,4.69900000e-3,0.092500,0.101972,-226.787500,3,weakly_unstable,0,1,68.84
1.010000,0.991330,40,3000000,1000000,7952,2.03897436e-4,7.95200000e-3,0.090000,0.070353,-6.015000,3,weakly_unstable,0,1,66.92
0.570000,0.956930,40,3000000,1000000,50581,1.29694872e-3,5.05810000e-2,-0.176250,-0.028943,-755.932500,3,weakly_unstable,0,1,85.42
0.610000,0.957730,40,3000000,1000000,60694,1.55625641e-3,6.06940000e-2,-0.052500,-0.066582,-702.107500,3,weakly_unstable,0,1,79.66
0.850000,0.980930,40,3000000,1000000,23954,6.14205128e-4,2.39540000e-2,-0.025000,-0.052463,-135.690000,3,weakly_unstable,0,1,67.99
0.990000,1.000000,40,3000000,1000000,-23428,-6.00717949e-4,-2.34280000e-2,-0.063750,-0.011222,-1.935000,1,stable,0,0,56.68
0.790000,0.995150,40,3000000,1000000,34198,8.76871795e-4,3.41980000e-2,0.880000,0.874243,-26.275000,1,metastable,1,1,60.68
0.670000,0.960430,40,3000000,1000000,48886,1.25348718e-3,4.88860000e-2,0.047500,0.099116,-519.420000,3,weakly_unstable,0,1,75.25
0.570000,0.993930,40,3000000,1000000,-574191,-1.47228462e-2,-5.74191000e-1,0.041250,0.033074,-16.207500,1,stable,0,0,67.88
0.450000,0.893820,40,3000000,1000000,147369,3.77869231e-3,1.47369000e-1,-0.047500,-0.036605,-2934.867500,3,weakly_unstable,0,1,116.77
0.990000,0.987210,40,3000000,1000000,9744,2.49846154e-4,9.74400000e-3,0.048750,0.048310,-47.837500,3,weakly_unstable,0,1,67.87
0.610000,0.966730,40,3000000,1000000,44979,1.15330769e-3,4.49790000e-2,0.080000,0.013505,-479.335000,3,weakly_unstable,0,1,79.81
0.490000,0.914020,40,3000000,1000000,95151,2.43976923e-3,9.51510000e-2,-0.152500,-0.084031,-2188.290000,3,weakly_unstable,0,1,101.73
1.110000,0.970210,40,3000000,1000000,3458,8.86666667e-5,3.45800000e-3,-0.493750,-0.547975,-183.602500,3,weakly_unstable,0,1,69.89
0.530000,0.976650,40,3000000,1000000,-290867,-7.45812821e-3,-2.90867000e-1,-0.128750,-0.114532,-217.215000,1,stable,0,0,75.19
1.010000,0.991830,40,3000000,1000000,10408,2.66871795e-4,1.04080000e-2,-0.027500,-0.043953,-23.425000,3,weakly_unstable,0,1,68.94
0.570000,0.952430,40,3000000,1000000,50431,1.29310256e-3,5.04310000e-2,0.028750,0.071743,-877.557500,3,weakly_unstable,0,1,86.42
0.450000,0.787820,40,3000000,1000000,157813,4.04648718e-3,1.57813000e-1,-0.012500,0.017000,-8017.617500,3,weakly_unstable,0,1,115.34
0.850000,0.981430,40,3000000,1000000,27290,6.99743590e-4,2.72900000e-2,0.121250,0.037821,-102.517500,3,weakly_unstable,0,1,67.91
1.010000,0.969330,40,3000000,1000000,8633,2.21358974e-4,8.63300000e-3,0.008750,-0.003988,-197.385000,3,weakly_unstable,0,1,66.97
0.790000,0.995650,40,3000000,1000000,-12491,-3.20282051e-4,-1.24910000e-2,0.073750,0.031193,-19.315000,1,stable,0,0,60.67
0.570000,0.957430,40,3000000,1000000,57228,1.46738462e-3,5.72280000e-2,-0.031250,0.053097,-794.435000,3,weakly_unstable,0,1,87.14
0.610000,0.958230,40,3000000,1000000,49012,1.25671795e-3,4.90120000e-2,0.197500,0.128541,-683.187500,3,weakly_unstable,0,1,79.25
0.570000,0.994430,40,3000000,1000000,-581717,-1.49158205e-2,-5.81717000e-1,0.016250,0.050908,-12.532500,1,stable,0,0,67.07
0.670000,0.960930,40,3000000,1000000,51150,1.31153846e-3,5.11500000e-2,-0.007500,-0.021476,-512.672500,3,weakly_unstable,0,1,74.81
0.990000,0.987710,40,3000000,1000000,10191,2.61307692e-4,1.01910000e-2,0.015000,0.022658,-30.985000,3,weakly_unstable,0,1,67.86
1.110000,0.970710,40,3000000,1000000,3916,1.00410256e-4,3.91600000e-3,-0.072500,-0.062435,-149.427500,3,weakly_unstable,0,1,68.55
1.010000,0.992330,40,3000000,1000000,8811,2.25923077e-4,8.81100000e-3,-0.001250,-0.006843,-22.495000,3,weakly_unstable,0,1,67.45
0.610000,0.967230,40,3000000,1000000,34317,8.79923077e-4,3.43170000e-2,-0.106250,-0.049940,-531.622500,3,weakly_unstable,0,1,80.99
0.530000,0.977150,40,3000000,1000000,-272406,-6.98476923e-3,-2.72406000e-1,0.068750,0.120209,-178.785000,1,stable,0,0,74.50
0.570000,0.952930,40,3000000,1000000,56598,1.45123077e-3,5.65980000e-2,0.216250,0.059128,-879.282500,3,weakly_unstable,0,1,86.20
0.490000,0.914520,40,3000000,1000000,101176,2.59425641e-3,1.01176000e-1,-0.277500,-0.044003,-2180.112500,3,weakly_unstable,0,1,101.80
0.850000,0.981930,40,3000000,1000000,25318,6.49179487e-4,2.53180000e-2,0.077500,0.108744,-69.947500,3,weakly_unstable,0,1,67.75
1.010000,0.969830,40,3000000,1000000,9785,2.50897436e-4,9.78500000e-3,-0.175000,-0.137382,-257.967500,3,weakly_unstable,0,1,67.31
0.450000,0.894320,40,3000000,1000000,132022,3.38517949e-3,1.32022000e-1,-0.358750,-0.026655,-2888.507500,3,weakly_unstable,0,1,116.58
0.610000,0.969730,40,3000000,1000000,36836,9.44512821e-4,3.68360000e-2,0.138750,-0.010021,-394.680000,3,weakly_unstable,0,1,81.41
0.570000,0.994930,40,3000000,1000000,-615185,-1.57739744e-2,-6.15185000e-1,-0.013750,-0.010613,-18.847500,1,stable,0,0,66.76
0.610000,0.958730,40,3000000,1000000,55614,1.42600000e-3,5.56140000e-2,-0.153750,0.051888,-697.892500,3,weakly_unstable,0,1,78.80
0.570000,0.957930,40,3000000,1000000,47541,1.21900000e-3,4.75410000e-2,0.047500,0.002352,-754.840000,3,weakly_unstable,0,1,85.99
0.670000,0.961430,40,3000000,1000000,53039,1.35997436e-3,5.30390000e-2,0.082500,-0.029147,-528.267500,3,weakly_unstable,0,1,73.92
0.990000,0.988210,40,3000000,1000000,10118,2.59435897e-4,1.01180000e-2,0.085000,0.093308,-48.547500,3,weakly_unstable,0,1,67.75
1.110000,0.971210,40,3000000,1000000,4276,1.09641026e-4,4.27600000e-3,0.083750,0.089715,-239.807500,3,weakly_unstable,0,1,69.17
1.010000,0.992830,40,3000000,1000000,6951,1.78230769e-4,6.95100000e-3,0.018750,0.067567,-26.937500,3,weakly_unstable,0,1,65.57
0.450000,0.788320,40,3000000,1000000,146819,3.76458974e-3,1.46819000e-1,0.038750,-0.027569,-8004.395000,3,weakly_unstable,0,1,114.79
0.530000,0.977650,40,3000000,1000000,-279593,-7.16905128e-3,-2.79593000e-1,-0.126250,-0.018135,-155.490000,1,stable,0,0,75.60
0.610000,0.967730,40,3000000,1000000,28308,7.25846154e-4,2.83080000e-2,-0.045000,0.102924,-457.147500,3,weakly_unstable,0,1,80.39
0.850000,0.982430,40,3000000,1000000,24068,6.17128205e-4,2.40680000e-2,0.036250,0.050140,-130.090000,3,weakly_unstable,0,1,67.52
1.010000,0.970330,40,3000000,1000000,8760,2.24615385e-4,8.76000000e-3,-0.200000,-0.185742,-274.215000,3,weakly_unstable,0,1,67.63
0.570000,0.953430,40,3000000,1000000,57204,1.46676923e-3,5.72040000e-2,-0.088750,-0.111390,-834.227500,3,weakly_unstable,0,1,86.64
0.570000,0.995430,40,3000000,1000000,-575276,-1.47506667e-2,-5.75276000e-1,-0.002500,-0.003965,-9.272500,1,stable,0,0,66.99
0.990000,0.988710,40,3000000,1000000,9617,2.46589744e-4,9.61700000e-3,-0.013750,-0.008123,-39.442500,3,weakly_unstable,0,1,66.63
0.610000,0.959230,40,3000000,1000000,44458,1.13994872e-3,4.44580000e-2,-0.030000,-0.079274,-694.970000,3,weakly_unstable,0,1,79.18
0.610000,0.970230,40,3000000,1000000,45965,1.17858974e-3,4.59650000e-2,-0.140000,-0.170144,-404.505000,3,weakly_unstable,0,1,81.64
0.670000,0.961930,40,3000000,1000000,53945,1.38320513e-3,5.39450000e-2,-0.096250,0.042220,-546.135000,3,weakly_unstable,0,1,75.33
0.490000,0.915020,40,3000000,1000000,89516,2.29528205e-3,8.95160000e-2,0.008750,-0.044814,-2102.645000,3,weakly_unstable,0,1,103.13
1.010000,0.993330,40,3000000,1000000,7167,1.83769231e-4,7.16700000e-3,-0.088750,-0.125652,-7.175000,3,weakly_unstable,0,1,66.55
1.110000,0.971710,40,3000000,1000000,4824,1.23692308e-4,4.82400000e-3,0.028750,0.008661,-197.120000,3,weakly_unstable,0,1,70.02
0.570000,0.958430,40,3000000,1000000,57490,1.47410256e-3,5.74900000e-2,0.066250,0.054620,-726.450000,3,weakly_unstable,0,1,86.28
0.450000,0.894820,40,3000000,1000000,137698,3.53071795e-3,1.37698000e-1,-0.140000,-0.015875,-2970.635000,3,weakly_unstable,0,1,116.10
0.530000,0.978150,40,3000000,1000000,-294661,-7.55541026e-3,-2.94661000e-1,0.303750,0.243993,-213.617500,1,stable,0,0,75.95
0.850000,0.982930,40,3000000,1000000,26100,6.69230769e-4,2.61000000e-2,0.023750,0.024631,-86.200000,3,weakly_unstable,0,1,67.25
0.610000,0.968230,40,3000000,1000000,38407,9.84794872e-4,3.84070000e-2,-0.155000,-0.088879,-470.985000,3,weakly_unstable,0,1,79.40
1.010000,0.970830,40,3000000,1000000,8503,2.18025641e-4,8.50300000e-3,0.097500,0.051474,-211.885000,3,weakly_unstable,0,1,67.17
0.570000,0.995930,40,3000000,1000000,-613358,-1.57271282e-2,-6.13358000e-1,0.008750,-0.021980,-14.832500,1,stable,0,0,66.64
0.450000,0.788820,40,3000000,1000000,139417,3.57479487e-3,1.39417000e-1,0.165000,0.017569,-8614.705000,3,weakly_unstable,0,1,113.50
0.990000,0.989210,40,3000000,1000000,10536,2.70153846e-4,1.05360000e-2,0.060000,0.029738,-39.297500,3,weakly_unstable,0,1,65.74
0.570000,0.953930,40,3000000,1000000,48444,1.24215385e-3,4.84440000e-2,0.103750,-0.069420,-824.465000,3,weakly_unstable,0,1,84.14
1.010000,0.993830,40,3000000,1000000,7708,1.97641026e-4,7.70800000e-3,-0.106250,-0.114944,-24.072500,3,weakly_unstable,0,1,65.81
0.670000,0.962430,40,3000000,1000000,48302,1.23851282e-3,4.83020000e-2,-0.163750,-0.075779,-495.432500,3,weakly_unstable,0,1,74.44
1.110000,0.972210,40,3000000,1000000,4398,1.12769231e-4,4.39800000e-3,-0.036250,-0.014012,-166.332500,3,weakly_unstable,0,1,68.70
0.610000,0.959730,40,3000000,1000000,58008,1.48738462e-3,5.80080000e-2,-0.090000,-0.089101,-639.662500,3,weakly_unstable,0,1,81.09
0.610000,0.970730,40,3000000,1000000,34605,8.87307692e-4,3.46050000e-2,-0.111250,-0.149749,-422.360000,3,weakly_unstable,0,1,80.70
0.570000,0.958930,40,3000000,1000000,45453,1.16546154e-3,4.54530000e-2,-0.051250,-0.052692,-688.875000,3,weakly_unstable,0,1,85.76
0.850000,0.983430,40,3000000,1000000,23506,6.02717949e-4,2.35060000e-2,-0.026250,-0.004632,-82.027500,3,weakly_unstable,0,1,67.71
1.010000,0.971330,40,3000000,1000000,8908,2.28410256e-4,8.90800000e-3,-0.138750,-0.142320,-151.035000,3,weakly_unstable,0,1,66.30
0.530000,0.978650,40,3000000,1000000,-366065,-9.38628205e-3,-3.66065000e-1,0.046250,0.029128,-146.105000,1,stable,0,0,74.45
0.490000,0.915520,40,3000000,1000000,110474,2.83266667e-3,1.10474000e-1,0.007500,0.012525,-2183.692500,3,weakly_unstable,0,1,102.70
0.610000,0.968730,40,3000000,1000000,42873,1.09930769e-3,4.28730000e-2,0.142500,0.175030,-470.955000,3,weakly_unstable,0,1,80.64
0.570000,0.996430,40,3000000,1000000,-618609,-1.58617692e-2,-6.18609000e-1,0.048750,0.005936,-9.982500,1,stable,0,0,66.58
0.990000,0.989710,40,3000000,1000000,8790,2.25384615e-4,8.79000000e-3,-0.006250,0.024598,-30.090000,3,weakly_unstable,0,1,66.74
0.450000,0.895320,40,3000000,1000000,126791,3.25105128e-3,1.26791000e-1,0.105000,-0.079621,-2919.915000,3,weakly_unstable,0,1,115.35
1.010000,0.994330,40,3000000,1000000,7660,1.96410256e-4,7.66000000e-3,0.162500,0.110723,3.982500,3,weakly_unstable,0,1,66.53
1.110000,0.972710,40,3000000,1000000,5226,1.34000000e-4,5.22600000e-3,0.022500,0.010068,-225.340000,3,weakly_unstable,0,1,67.62
0.670000,0.962930,40,3000000,1000000,47586,1.22015385e-3,4.75860000e-2,0.047500,-0.039742,-453.497500,3,weakly_unstable,0,1,75.17
0.570000,0.954430,40,3000000,1000000,51908,1.33097436e-3,5.19080000e-2,-0.250000,-0.142204,-878.687500,3,weakly_unstable,0,1,85.07
0.610000,0.960230,40,3000000,1000000,51426,1.31861538e-3,5.14260000e-2,0.035000,0.018372,-626.387500,3,weakly_unstable,0,1,79.03
0.610000,0.971230,40,3000000,1000000,46784,1.19958974e-3,4.67840000e-2,0.238750,-0.059191,-411.012500,3,weakly_unstable,0,1,82.15
0.850000,0.983930,40,3000000,1000000,23117,5.92743590e-4,2.31170000e-2,-0.013750,-0.010165,-57.530000,3,weakly_unstable,0,1,67.23
1.010000,0.971830,40,3000000,1000000,9388,2.40717949e-4,9.38800000e-3,0.070000,0.062554,-181.690000,3,weakly_unstable,0,1,67.32
0.450000,0.789320,40,3000000,1000000,144658,3.70917949e-3,1.44658000e-1,-0.031250,-0.049538,-7854.650000,3,weakly_unstable,0,1,113.63
0.530000,0.979150,40,3000000,1000000,-410386,-1.05227179e-2,-4.10386000e-1,0.057500,-0.012045,-148.795000,1,stable,0,0,74.41
0.570000,0.959430,40,3000000,1000000,48980,1.25589744e-3,4.89800000e-2,-0.172500,-0.216151,-703.880000,3,weakly_unstable,0,1,86.51
0.570000,0.996930,40,3000000,1000000,-666289,-1.70843333e-2,-6.66289000e-1,0.010000,0.025847,-7.490000,1,stable,0,0,65.61
0.610000,0.969230,40,3000000,1000000,36992,9.48512821e-4,3.69920000e-2,-0.036250,-0.089380,-457.932500,3,weakly_unstable,0,1,79.77
1.010000,0.974830,40,3000000,1000000,8516,2.18358974e-4,8.51600000e-3,-0.066250,-0.096996,-193.985000,3,weakly_unstable,0,1,68.19
1.010000,0.994830,40,3000000,1000000,6486,1.66307692e-4,6.48600000e-3,0.082500,0.101943,-4.650000,3,weakly_unstable,0,1,64.82
0.490000,0.916020,40,3000000,1000000,96480,2.47384615e-3,9.64800000e-2,0.051250,-0.003395,-2051.107500,3,weakly_unstable,0,1,103.75
1.110000,0.973210,40,3000000,1000000,3774,9.67692308e-5,3.77400000e-3,-0.006250,-0.000581,-209.445000,3,weakly_unstable,0,1,67.47
0.670000,0.963430,40,3000000,1000000,43395,1.11269231e-3,4.33950000e-2,-0.172500,-0.106574,-482.157500,3,weakly_unstable,0,1,75.46
0.570000,0.954930,40,3000000,1000000,68699,1.76151282e-3,6.86990000e-2,-0.061250,-0.095041,-798.395000,3,weakly_unstable,0,1,83.93
0.850000,0.984430,40,3000000,1000000,23706,6.07846154e-4,2.37060000e-2,-0.041250,-0.030633,-62.717500,3,weakly_unstable,0,1,67.24
1.010000,0.972330,40,3000000,1000000,9012,2.31076923e-4,9.01200000e-3,-0.071250,-0.070608,-288.905000,3,weakly_unstable,0,1,67.38
0.610000,0.960730,40,3000000,1000000,50218,1.28764103e-3,5.02180000e-2,-0.008750,-0.007571,-656.757500,3,weakly_unstable,0,1,81.00
0.610000,0.971730,40,3000000,1000000,37082,9.50820513e-4,3.70820000e-2,-0.331250,-0.166139,-413.075000,3,weakly_unstable,0,1,82.62
0.570000,0.997430,40,3000000,1000000,-683333,-1.75213590e-2,-6.83333000e-1,-0.007500,-0.015130,-5.992500,1,stable,0,0,66.20
0.530000,0.979650,40,3000000,1000000,-380656,-9.76041026e-3,-3.80656000e-1,0.122500,0.056420,-156.910000,1,stable,0,0,74.37
0.450000,0.895820,40,3000000,1000000,122037,3.12915385e-3,1.22037000e-1,-0.133750,-0.063614,-2876.060000,3,weakly_unstable,0,1,115.19
1.030000,0.975440,40,3000000,1000000,8087,2.07358974e-4,8.08700000e-3,0.011250,0.013563,-184.417500,3,weakly_unstable,0,1,67.08
1.010000,0.975330,40,3000000,1000000,9438,2.42000000e-4,9.43800000e-3,-0.002500,0.032988,-167.700000,3,weakly_unstable,0,1,67.52
1.010000,0.995330,40,3000000,1000000,7712,1.97743590e-4,7.71200000e-3,0.025000,0.022355,-10.942500,3,weakly_unstable,0,1,65.03
0.570000,0.959930,40,3000000,1000000,51943,1.33187179e-3,5.19430000e-2,-0.076250,0.160820,-720.192500,3,weakly_unstable,0,1,86.76
1.110000,0.973710,40,3000000,1000000,4840,1.24102564e-4,4.84000000e-3,-0.040000,-0.009064,-140.132500,3,weakly_unstable,0,1,68.73
0.450000,0.789820,40,3000000,1000000,133207,3.41556410e-3,1.33207000e-1,0.072500,0.082028,-8092.485000,3,weakly_unstable,0,1,113.75
0.670000,0.963930,40,3000000,1000000,53762,1.37851282e-3,5.37620000e-2,-0.081250,0.025115,-483.827500,3,weakly_unstable,0,1,75.46
0.850000,0.984930,40,3000000,1000000,22677,5.81461538e-4,2.26770000e-2,0.117500,0.120075,-83.327500,3,weakly_unstable,0,1,67.45
1.010000,0.972830,40,3000000,1000000,9015,2.31153846e-4,9.01500000e-3,-0.085000,-0.045782,-139.382500,3,weakly_unstable,0,1,67.97
0.490000,0.916520,40,3000000,1000000,101315,2.59782051e-3,1.01315000e-1,0.130000,0.046589,-2126.482500,3,weakly_unstable,0,1,101.95
0.570000,0.997930,40,3000000,1000000,-681385,-1.74714103e-2,-6.81385000e-1,0.018750,0.017624,-4.010000,1,stable,0,0,65.44
0.610000,0.961230,40,3000000,1000000,46087,1.18171795e-3,4.60870000e-2,-0.105000,0.032549,-632.717500,3,weakly_unstable,0,1,80.49
0.570000,0.955430,40,3000000,1000000,68298,1.75123077e-3,6.82980000e-2,-0.253750,-0.008051,-839.272500,3,weakly_unstable,0,1,84.57
0.610000,0.972230,40,3000000,1000000,42212,1.08235897e-3,4.22120000e-2,-0.258750,-0.062721,-433.240000,3,weakly_unstable,0,1,81.92
1.030000,0.975940,40,3000000,1000000,9267,2.37615385e-4,9.26700000e-3,-0.038750,-0.053880,-134.542500,3,weakly_unstable,0,1,66.48
1.010000,0.995830,40,3000000,1000000,6439,1.65102564e-4,6.43900000e-3,-0.116250,-0.073544,-6.775000,3,weakly_unstable,0,1,64.84
1.010000,0.975830,40,3000000,1000000,8070,2.06923077e-4,8.07000000e-3,-0.196250,-0.187488,-198.795000,3,weakly_unstable,0,1,68.13
0.570000,0.961930,40,3000000,1000000,43093,1.10494872e-3,4.30930000e-2,0.162500,-0.085971,-647.080000,3,weakly_unstable,0,1,85.00
1.110000,0.974210,40,3000000,1000000,4121,1.05666667e-4,4.12100000e-3,0.148750,0.117567,-144.917500,3,weakly_unstable,0,1,68.67
0.570000,0.960430,40,3000000,1000000,47298,1.21276923e-3,4.72980000e-2,0.063750,0.046230,-716.885000,3,weakly_unstable,0,1,86.32
0.450000,0.896320,40,3000000,1000000,132196,3.38964103e-3,1.32196000e-1,-0.077500,-0.025060,-2825.192500,3,weakly_unstable,0,1,114.42
0.850000,0.985430,40,3000000,1000000,24333,6.23923077e-4,2.43330000e-2,0.120000,0.064603,-68.525000,3,weakly_unstable,0,1,67.42
1.010000,0.973330,40,3000000,1000000,11025,2.82692308e-4,1.10250000e-2,-0.027500,-0.047923,-157.487500,3,weakly_unstable,0,1,67.27
0.670000,0.964430,40,3000000,1000000,47778,1.22507692e-3,4.77780000e-2,0.093750,0.151192,-452.745000,3,weakly_unstable,0,1,74.62
0.570000,0.998430,40,3000000,1000000,-678126,-1.73878462e-2,-6.78126000e-1,-0.043750,-0.036434,-6.182500,1,stable,0,0,65.76
1.110000,0.996210,40,3000000,1000000,3522,9.03076923e-5,3.52200000e-3,0.015000,0.012625,-7.950000,3,weakly_unstable,0,1,65.34
1.030000,0.976440,40,3000000,1000000,7896,2.02461538e-4,7.89600000e-3,0.055000,0.048572,-157.615000,3,weakly_unstable,0,1,66.65
1.010000,0.996330,40,3000000,1000000,5887,1.50948718e-4,5.88700000e-3,0.110000,0.102198,-5.965000,3,weakly_unstable,0,1,66.31
1.010000,0.976330,40,3000000,1000000,8484,2.17538462e-4,8.48400000e-3,-0.021250,0.003264,-165.625000,3,weakly_unstable,0,1,67.87
0.450000,0.790320,40,3000000,1000000,143762,3.68620513e-3,1.43762000e-1,0.127500,0.065227,-8076.680000,3,weakly_unstable,0,1,114.51
0.610000,0.972730,40,3000000,1000000,38105,9.77051282e-4,3.81050000e-2,0.160000,0.053810,-362.432500,3,weakly_unstable,0,1,82.31
0.490000,0.917020,40,3000000,1000000,94997,2.43582051e-3,9.49970000e-2,0.091250,0.019937,-2203.677500,3,weakly_unstable,0,1,101.49
1.110000,0.974710,40,3000000,1000000,4691,1.20282051e-4,4.69100000e-3,-0.040000,-0.034016,-168.810000,3,weakly_unstable,0,1,69.54
0.570000,0.962430,40,3000000,1000000,51704,1.32574359e-3,5.17040000e-2,0.178750,0.000867,-609.372500,3,weakly_unstable,0,1,86.91
0.450000,0.911820,40,3000000,1000000,124996,3.20502564e-3,1.24996000e-1,-0.070000,-0.179452,-2232.847500,3,weakly_unstable,0,1,117.68
0.850000,0.985930,40,3000000,1000000,21169,5.42794872e-4,2.11690000e-2,0.042500,-0.035686,-69.985000,3,weakly_unstable,0,1,67.41
1.010000,0.973830,40,3000000,1000000,10895,2.79358974e-4,1.08950000e-2,0.171250,0.170970,-148.407500,3,weakly_unstable,0,1,66.85
0.570000,0.960930,40,3000000,1000000,46093,1.18187179e-3,4.60930000e-2,0.045000,-0.030624,-693.235000,3,weakly_unstable,0,1,84.28
0.570000,0.998930,40,3000000,1000000,-715244,-1.83395897e-2,-7.15244000e-1,-0.007500,0.019498,-2.595000,1,stable,0,0,65.97
1.110000,0.996710,40,3000000,1000000,2730,7.00000000e-5,2.73000000e-3,-0.046250,-0.030864,-2.190000,3,weakly_unstable,0,1,66.18
0.670000,0.964930,40,3000000,1000000,44374,1.13779487e-3,4.43740000e-2,-0.038750,-0.008251,-471.805000,3,weakly_unstable,0,1,75.65
1.030000,0.976940,40,3000000,1000000,9406,2.41179487e-4,9.40600000e-3,-0.082500,-0.041047,-117.437500,3,weakly_unstable,0,1,66.28
1.010000,0.996830,40,3000000,1000000,5833,1.49564103e-4,5.83300000e-3,-0.098750,-0.092268,-3.522500,3,weakly_unstable,0,1,64.82
1.010000,0.976830,40,3000000,1000000,10394,2.66512821e-4,1.03940000e-2,0.041250,0.077452,-138.287500,3,weakly_unstable,0,1,67.17
0.450000,0.896820,40,3000000,1000000,121124,3.10574359e-3,1.21124000e-1,0.190000,0.052233,-2780.300000,3,weakly_unstable,0,1,115.19
1.110000,0.975210,40,3000000,1000000,4966,1.27333333e-4,4.96600000e-3,-0.022500,-0.019775,-156.080000,3,weakly_unstable,0,1,67.38
0.610000,0.973230,40,3000000,1000000,29049,7.44846154e-4,2.90490000e-2,0.015000,0.014945,-383.402500,3,weakly_unstable,0,1,80.14
1.010000,0.974330,40,3000000,1000000,10675,2.73717949e-4,1.06750000e-2,0.031250,0.013057,-221.300000,3,weakly_unstable,0,1,66.37
0.850000,0.986430,40,3000000,1000000,21429,5.49461538e-4,2.14290000e-2,-0.043750,-0.074032,-74.530000,3,weakly_unstable,0,1,68.05
0.570000,0.962930,40,3000000,1000000,38284,9.81641026e-4,3.82840000e-2,0.218750,0.064079,-606.002500,3,weakly_unstable,0,1,85.44
0.570000,0.999430,40,3000000,1000000,-726789,-1.86356154e-2,-7.26789000e-1,0.005000,-0.007279,-2.570000,1,stable,0,0,65.20
0.490000,0.917520,40,3000000,1000000,118795,3.04602564e-3,1.18795000e-1,-0.150000,-0.065577,-2054.925000,3,weakly_unstable,0,1,100.67
1.110000,0.997210,40,3000000,1000000,3177,8.14615385e-5,3.17700000e-3,-0.038750,-0.056535,-7.125000,3,weakly_unstable,0,1,64.51
0.450000,0.790820,40,3000000,1000000,136633,3.50341026e-3,1.36633000e-1,0.143750,-0.040657,-7988.365000,3,weakly_unstable,0,1,115.00
0.570000,0.961430,40,3000000,1000000,59403,1.52315385e-3,5.94030000e-2,-0.257500,-0.180893,-660.310000,3,weakly_unstable,0,1,84.71
0.670000,0.965430,40,3000000,1000000,44351,1.13720513e-3,4.43510000e-2,-0.186250,-0.091101,-457.210000,3,weakly_unstable,0,1,74.48
1.010000,0.997330,40,3000000,1000000,4670,1.19743590e-4,4.67000000e-3,0.062500,0.026572,-3.475000,3,weakly_unstable,0,1,64.88
1.030000,0.977440,40,3000000,1000000,9987,2.56076923e-4,9.98700000e-3,-0.028750,-0.002088,-143.250000,3,weakly_unstable,0,1,66.28
1.010000,0.977330,40,3000000,1000000,10057,2.57871795e-4,1.00570000e-2,-0.021250,-0.001229,-100.880000,3,weakly_unstable,0,1,67.97
0.450000,0.912320,40,3000000,1000000,111870,2.86846154e-3,1.11870000e-1,0.010000,0.097572,-2092.527500,3,weakly_unstable,0,1,116.82
1.110000,0.975710,40,3000000,1000000,4316,1.10666667e-4,4.31600000e-3,0.196250,0.201780,-144.825000,3,weakly_unstable,0,1,69.77
0.610000,0.973730,40,3000000,1000000,29309,7.51512821e-4,2.93090000e-2,-0.040000,-0.078722,-345.982500,3,weakly_unstable,0,1,80.16
1.010000,0.982830,40,3000000,1000000,8525,2.18589744e-4,8.52500000e-3,0.076250,0.096391,-58.910000,3,weakly_unstable,0,1,67.33
0.850000,0.986930,40,3000000,1000000,22592,5.79282051e-4,2.25920000e-2,-0.103750,-0.077364,-75.450000,3,weakly_unstable,0,1,67.68
0.570000,0.999930,40,3000000,1000000,-765889,-1.96381795e-2,-7.65889000e-1,0.040000,0.001422,-2.230000,1,stable,0,0,65.01
1.110000,0.997710,40,3000000,1000000,3282,8.41538462e-5,3.28200000e-3,-0.102500,-0.102526,-2.410000,3,weakly_unstable,0,1,65.55
1.010000,0.998830,40,3000000,1000000,472,1.21025641e-5,4.72000000e-4,0.945000,0.937131,-2.802500,1,metastable,1,1,56.89
1.010000,0.997830,40,3000000,1000000,5098,1.30717949e-4,5.09800000e-3,-0.137500,-0.141717,-2.752500,3,weakly_unstable,0,1,64.86
0.570000,0.963430,40,3000000,1000000,48390,1.24076923e-3,4.83900000e-2,0.070000,-0.229389,-586.082500,3,weakly_unstable,0,1,85.31
1.030000,0.977940,40,3000000,1000000,9388,2.40717949e-4,9.38800000e-3,-0.052500,-0.085244,-131.197500,3,weakly_unstable,0,1,67.12
0.450000,0.897320,40,3000000,1000000,123000,3.15384615e-3,1.23000000e-1,-0.096250,-0.073932,-2848.450000,3,weakly_unstable,0,1,118.38
0.670000,0.965930,40,3000000,1000000,44156,1.13220513e-3,4.41560000e-2,0.008750,0.037572,-446.267500,3,weakly_unstable,0,1,76.49
1.010000,0.977830,40,3000000,1000000,9797,2.51205128e-4,9.79700000e-3,0.002500,0.001303,-167.037500,3,weakly_unstable,0,1,67.44
0.490000,0.918020,40,3000000,1000000,98929,2.53664103e-3,9.89290000e-2,-0.056250,-0.001247,-1994.042500,3,weakly_unstable,0,1,101.27
1.110000,0.976210,40,3000000,1000000,4123,1.05717949e-4,4.12300000e-3,0.128750,0.119959,-177.307500,3,weakly_unstable,0,1,67.67
0.450000,0.791320,40,3000000,1000000,143040,3.66769231e-3,1.43040000e-1,-0.105000,-0.046793,-8032.330000,3,weakly_unstable,0,1,115.73
1.010000,0.999330,40,3000000,1000000,4219,1.08179487e-4,4.21900000e-3,0.892500,0.890956,-4.437500,1,metastable,1,1,56.83
1.010000,0.983330,40,3000000,1000000,9249,2.37153846e-4,9.24900000e-3,0.126250,0.099683,-58.975000,3,weakly_unstable,0,1,66.65
0.850000,0.987430,40,3000000,1000000,25323,6.49307692e-4,2.53230000e-2,-0.070000,-0.006309,-70.877500,3,weakly_unstable,0,1,66.20
0.570000,1.000000,40,3000000,1000000,-765137,-1.96188974e-2,-7.65137000e-1,0.033750,0.003280,-2.232500,1,stable,0,0,65.08
1.110000,0.998210,40,3000000,1000000,2539,6.51025641e-5,2.53900000e-3,-0.156250,-0.123717,-7.420000,3,weakly_unstable,0,1,64.19
0.610000,0.974230,40,3000000,1000000,25818,6.62000000e-4,2.58180000e-2,0.146250,0.058056,-336.455000,3,weakly_unstable,0,1,79.43
1.010000,0.998330,40,3000000,1000000,3094,7.93333333e-5,3.09400000e-3,-0.077500,-0.087107,-4.042500,3,weakly_unstable,0,1,66.33
1.030000,0.978440,40,3000000,1000000,8263,2.11871795e-4,8.26300000e-3,0.018750,0.015925,-110.977500,3,weakly_unstable,0,1,66.44
1.150000,0.998290,40,3000000,1000000,2197,5.63333333e-5,2.19700000e-3,-0.032500,-0.027861,-5.175000,3,weakly_unstable,0,1,66.01
1.010000,0.978330,40,3000000,1000000,8396,2.15282051e-4,8.39600000e-3,0.002500,-0.005373,-134.677500,3,weakly_unstable,0,1,66.47
0.450000,0.912820,40,3000000,1000000,102800,2.63589744e-3,1.02800000e-1,0.206250,-0.063799,-2200.732500,3,weakly_unstable,0,1,116.98
0.570000,0.963930,40,3000000,1000000,45053,1.15520513e-3,4.50530000e-2,-0.155000,-0.046388,-538.960000,3,weakly_unstable,0,1,85.53
1.110000,0.976710,40,3000000,1000000,4815,1.23461538e-4,4.81500000e-3,-0.027500,-0.029307,-170.070000,3,weakly_unstable,0,1,68.62
1.010000,0.999830,40,3000000,1000000,-15244,-3.90871795e-4,-1.52440000e-2,0.381250,0.386523,-1.945000,1,stable,0,0,58.02
1.010000,0.983830,40,3000000,1000000,8807,2.25820513e-4,8.80700000e-3,0.040000,0.041491,-90.352500,3,weakly_unstable,0,1,66.79
0.850000,0.987930,40,3000000,1000000,21630,5.54615385e-4,2.16300000e-2,-0.056250,-0.062520,-43.435000,3,weakly_unstable,0,1,68.20
1.110000,0.998710,40,3000000,1000000,1911,4.90000000e-5,1.91100000e-3,-0.035000,-0.037645,-2.425000,3,weakly_unstable,0,1,65.55
0.490000,0.918520,40,3000000,1000000,95553,2.45007692e-3,9.55530000e-2,0.108750,0.062415,-2035.032500,3,weakly_unstable,0,1,102.28
0.450000,0.897820,40,3000000,1000000,112343,2.88058974e-3,1.12343000e-1,0.063750,0.073685,-2788.245000,3,weakly_unstable,0,1,117.48
0.590000,0.940640,40,3000000,1000000,52625,1.34935897e-3,5.26250000e-2,0.012500,0.052033,-1142.422500,3,weakly_unstable,0,1,82.53
0.850000,0.990430,40,3000000,1000000,17454,4.47538462e-4,1.74540000e-2,0.005000,0.045044,-32.667500,3,weakly_unstable,0,1,67.06
1.030000,0.978940,40,3000000,1000000,7480,1.91794872e-4,7.48000000e-3,0.277500,0.236922,-85.317500,3,weakly_unstable,0,1,67.40
0.610000,0.974730,40,3000000,1000000,32496,8.33230769e-4,3.24960000e-2,0.101250,-0.015918,-345.182500,3,weakly_unstable,0,1,81.17
1.150000,0.998790,40,3000000,1000000,1654,4.24102564e-5,1.65400000e-3,0.062500,0.072634,-2.422500,3,weakly_unstable,0,1,66.72
1.010000,0.978830,40,3000000,1000000,9582,2.45692308e-4,9.58200000e-3,0.030000,0.044267,-99.732500,3,weakly_unstable,0,1,68.29
0.870000,0.973330,40,3000000,1000000,19570,5.01794872e-4,1.95700000e-2,-0.025000,-0.064707,-182.010000,3,weakly_unstable,0,1,67.71
0.450000,0.791820,40,3000000,1000000,141339,3.62407692e-3,1.41339000e-1,0.018750,0.000691,-7987.172500,3,weakly_unstable,0,1,118.21
1.010000,1.000000,40,3000000,1000000,-20465,-5.24743590e-4,-2.04650000e-2,-0.055000,-0.041413,-1.937500,1,stable,0,0,58.18
1.110000,0.977210,40,3000000,1000000,5641,1.44641026e-4,5.64100000e-3,-0.073750,-0.069871,-79.830000,3,weakly_unstable,0,1,68.45
1.010000,0.984330,40,3000000,1000000,7816,2.00410256e-4,7.81600000e-3,0.237500,0.219334,-81.865000,3,weakly_unstable,0,1,66.51
0.850000,0.988430,40,3000000,1000000,23247,5.96076923e-4,2.32470000e-2,0.101250,0.018627,-51.285000,3,weakly_unstable,0,1,66.90
1.110000,0.999210,40,3000000,1000000,2475,6.34615385e-5,2.47500000e-3,-0.273750,-0.249938,-1.942500,3,weakly_unstable,0,1,65.09
0.450000,0.913320,40,3000000,1000000,113649,2.91407692e-3,1.13649000e-1,0.016250,0.036068,-1986.227500,3,weakly_unstable,0,1,117.55
0.850000,0.990930,40,3000000,1000000,20585,5.27820513e-4,2.05850000e-2,-0.126250,-0.109010,-28.757500,3,weakly_unstable,0,1,66.47
1.030000,0.979440,40,3000000,1000000,10017,2.56846154e-4,1.00170000e-2,0.026250,0.039555,-119.770000,3,weakly_unstable,0,1,66.58
1.150000,0.999290,40,3000000,1000000,561,1.43846154e-5,5.61000000e-4,-0.577500,-0.557435,-2.092500,1,metastable,1,1,65.20
0.610000,0.975230,40,3000000,1000000,32646,8.37076923e-4,3.26460000e-2,0.167500,-0.004440,-267.635000,3,weakly_unstable,0,1,76.18
1.010000,0.979330,40,3000000,1000000,8422,2.15948718e-4,8.42200000e-3,0.101250,0.064894,-150.265000,3,weakly_unstable,0,1,68.13
0.590000,0.941140,40,3000000,1000000,61065,1.56576923e-3,6.10650000e-2,0.030000,0.037769,-1185.507500,3,weakly_unstable,0,1,81.80
0.870000,0.973830,40,3000000,1000000,24860,6.37435897e-4,2.48600000e-2,0.007500,0.058281,-176.322500,3,weakly_unstable,0,1,67.08
0.490000,0.919020,40,3000000,1000000,104413,2.67725641e-3,1.04413000e-1,0.003750,0.065527,-2088.137500,3,weakly_unstable,0,1,102.33
1.030000,0.969440,40,3000000,1000000,8341,2.13871795e-4,8.34100000e-3,0.042500,0.061088,-229.032500,3,weakly_unstable,0,1,66.91
1.110000,0.977710,40,3000000,1000000,4646,1.19128205e-4,4.64600000e-3,0.011250,0.018858,-131.612500,3,weakly_unstable,0,1,67.84
1.110000,0.999710,40,3000000,1000000,-6641,-1.70282051e-4,-6.64100000e-3,0.427500,0.413857,-1.942500,1,chaotic,0,0,56.88
0.450000,0.898320,40,3000000,1000000,142356,3.65015385e-3,1.42356000e-1,0.012500,0.011184,-2817.710000,3,weakly_unstable,0,1,116.58
1.010000,0.984830,40,3000000,1000000,9974,2.55743590e-4,9.97400000e-3,0.055000,0.053443,-80.102500,3,weakly_unstable,0,1,66.54
0.850000,0.988930,40,3000000,1000000,19519,5.00487179e-4,1.95190000e-2,-0.170000,-0.045573,-57.120000,3,weakly_unstable,0,1,67.54
1.150000,0.999790,40,3000000,1000000,-4331,-1.11051282e-4,-4.33100000e-3,0.640000,0.627861,-1.942500,1,chaotic,0,0,59.24
0.850000,0.991430,40,3000000,1000000,19698,5.05076923e-4,1.96980000e-2,0.047500,-0.024518,-18.650000,3,weakly_unstable,0,1,67.55
1.030000,0.979940,40,3000000,1000000,7889,2.02282051e-4,7.88900000e-3,0.052500,0.059447,-151.370000,3,weakly_unstable,0,1,66.70
0.450000,0.792320,40,3000000,1000000,152963,3.92212821e-3,1.52963000e-1,-0.111250,0.018523,-8128.682500,3,weakly_unstable,0,1,115.29
1.010000,0.979830,40,3000000,1000000,8041,2.06179487e-4,8.04100000e-3,0.150000,0.160436,-99.570000,3,weakly_unstable,0,1,67.09
0.870000,0.974330,40,3000000,1000000,21937,5.62487179e-4,2.19370000e-2,0.040000,0.032053,-193.885000,3,weakly_unstable,0,1,66.99
0.610000,0.975730,40,3000000,1000000,33300,8.53846154e-4,3.33000000e-2,-0.236250,-0.084225,-321.780000,3,weakly_unstable,0,1,80.34
1.110000,1.000000,40,3000000,1000000,-3982,-1.02102564e-4,-3.98200000e-3,-0.018750,-0.000306,-1.942500,1,stable,0,0,55.75
1.030000,0.969940,40,3000000,1000000,6749,1.73051282e-4,6.74900000e-3,0.003750,0.003438,-276.875000,3,weakly_unstable,0,1,67.38
0.590000,0.941640,40,3000000,1000000,60796,1.55887179e-3,6.07960000e-2,0.017500,0.023842,-1184.450000,3,weakly_unstable,0,1,83.23
1.110000,0.978210,40,3000000,1000000,5354,1.37282051e-4,5.35400000e-3,0.141250,0.153250,-136.645000,3,weakly_unstable,0,1,68.23
0.450000,0.913820,40,3000000,1000000,118446,3.03707692e-3,1.18446000e-1,-0.183750,-0.017240,-1984.422500,3,weakly_unstable,0,1,116.27
1.010000,0.985330,40,3000000,1000000,10337,2.65051282e-4,1.03370000e-2,0.037500,0.051866,-27.167500,3,weakly_unstable,0,1,66.46
0.850000,0.989430,40,3000000,1000000,22008,5.64307692e-4,2.20080000e-2,0.108750,0.078607,-32.665000,3,weakly_unstable,0,1,67.06
1.150000,1.000000,40,3000000,1000000,-1638,-4.20000000e-5,-1.63800000e-3,0.000000,-0.001132,-1.950000,1,stable,0,0,55.89
0.490000,0.919520,40,3000000,1000000,95384,2.44574359e-3,9.53840000e-2,-0.060000,0.031645,-2007.117500,3,weakly_unstable,0,1,100.08
0.850000,0.991930,40,3000000,1000000,17664,4.52923077e-4,1.76640000e-2,0.037500,0.033552,-33.587500,3,weakly_unstable,0,1,67.83
1.030000,0.980440,40,3000000,1000000,9002,2.30820513e-4,9.00200000e-3,-0.081250,-0.072905,-135.555000,3,weakly_unstable,0,1,66.54
1.010000,0.980330,40,3000000,1000000,10247,2.62743590e-4,1.02470000e-2,-0.067500,-0.056238,-94.520000,3,weakly_unstable,0,1,67.03
0.870000,0.974830,40,3000000,1000000,25777,6.60948718e-4,2.57770000e-2,0.088750,0.085017,-214.070000,3,weakly_unstable,0,1,66.88
0.450000,0.898820,40,3000000,1000000,138785,3.55858974e-3,1.38785000e-1,-0.105000,-0.032922,-2677.697500,3,weakly_unstable,0,1,117.95
1.030000,0.970440,40,3000000,1000000,9786,2.50923077e-4,9.78600000e-3,0.032500,0.072162,-239.490000,3,weakly_unstable,0,1,68.19
1.130000,0.969750,40,3000000,1000000,4285,1.09871795e-4,4.28500000e-3,-0.141250,-0.132154,-190.987500,3,weakly_unstable,0,1,70.16
1.110000,0.978710,40,3000000,1000000,5318,1.36358974e-4,5.31800000e-3,-0.037500,-0.034253,-108.915000,3,weakly_unstable,0,1,69.30
0.610000,0.976230,40,3000000,1000000,24517,6.28641026e-4,2.45170000e-2,0.145000,0.182631,-297.882500,3,weakly_unstable,0,1,80.40
0.590000,0.942140,40,3000000,1000000,61713,1.58238462e-3,6.17130000e-2,-0.075000,0.008815,-1073.405000,3,weakly_unstable,0,1,82.12
1.010000,0.985830,40,3000000,1000000,7236,1.85538462e-4,7.23600000e-3,0.081250,0.073566,-44.460000,3,weakly_unstable,0,1,67.04
0.850000,0.989930,40,3000000,1000000,18320,4.69743590e-4,1.83200000e-2,-0.098750,-0.059157,-35.770000,3,weakly_unstable,0,1,67.61
0.450000,0.792820,40,3000000,1000000,147068,3.77097436e-3,1.47068000e-1,0.002500,-0.077813,-7873.752500,3,weakly_unstable,0,1,115.02
1.030000,0.983440,40,3000000,1000000,8593,2.20333333e-4,8.59300000e-3,0.128750,0.092822,-53.432500,3,weakly_unstable,0,1,67.27
1.170000,0.969820,40,3000000,1000000,4210,1.07948718e-4,4.21000000e-3,0.005000,-0.025689,-256.175000,3,weakly_unstable,0,1,72.40
1.030000,0.980940,40,3000000,1000000,7795,1.99871795e-4,7.79500000e-3,0.090000,0.098765,-102.260000,3,weakly_unstable,0,1,66.54
0.850000,0.992430,40,3000000,1000000,15207,3.89923077e-4,1.52070000e-2,0.037500,-0.001182,-24.005000,3,weakly_unstable,0,1,68.61
1.010000,0.980830,40,3000000,1000000,9043,2.31871795e-4,9.04300000e-3,0.002500,0.057990,-114.557500,3,weakly_unstable,0,1,66.95
0.870000,0.975330,40,3000000,1000000,24617,6.31205128e-4,2.46170000e-2,0.061250,-0.008950,-136.602500,3,weakly_unstable,0,1,66.23
0.450000,0.914320,40,3000000,1000000,111595,2.86141026e-3,1.11595000e-1,0.120000,0.323309,-1892.115000,1,weakly_unstable,0,1,116.56
1.030000,0.970940,40,3000000,1000000,6639,1.70230769e-4,6.63900000e-3,-0.298750,-0.285628,-216.270000,3,weakly_unstable,0,1,67.83
1.130000,0.970250,40,3000000,1000000,3728,9.55897436e-5,3.72800000e-3,-0.096250,-0.097523,-236.465000,3,weakly_unstable,0,1,69.06
1.110000,0.979210,40,3000000,1000000,5509,1.41256410e-4,5.50900000e-3,0.015000,0.001359,-84.485000,3,weakly_unstable,0,1,67.92
1.010000,0.986330,40,3000000,1000000,8355,2.14230769e-4,8.35500000e-3,-0.092500,-0.117028,-49.382500,3,weakly_unstable,0,1,66.18
0.610000,0.976730,40,3000000,1000000,27450,7.03846154e-4,2.74500000e-2,-0.007500,-0.171774,-260.725000,3,weakly_unstable,0,1,73.60
0.870000,0.981330,40,3000000,1000000,20034,5.13692308e-4,2.00340000e-2,-0.193750,-0.128938,-82.867500,3,weakly_unstable,0,1,67.89
1.030000,0.983940,40,3000000,1000000,8871,2.27461538e-4,8.87100000e-3,-0.080000,-0.062320,-53.582500,3,weakly_unstable,0,1,66.64
0.590000,0.942640,40,3000000,1000000,65453,1.67828205e-3,6.54530000e-2,0.085000,-0.002048,-1145.812500,3,weakly_unstable,0,1,81.62
1.170000,0.970320,40,3000000,1000000,2526,6.47692308e-5,2.52600000e-3,-0.166250,-0.171798,-254.955000,3,weakly_unstable,0,1,70.84
1.030000,0.981440,40,3000000,1000000,7717,1.97871795e-4,7.71700000e-3,0.236250,0.200598,-151.315000,3,weakly_unstable,0,1,67.33
0.850000,0.992930,40,3000000,1000000,17399,4.46128205e-4,1.73990000e-2,-0.093750,-0.070189,-26.617500,3,weakly_unstable,0,1,68.36
0.450000,0.899320,40,3000000,1000000,120290,3.08435897e-3,1.20290000e-1,0.017500,-0.065552,-2610.945000,3,weakly_unstable,0,1,118.71
1.010000,0.981330,40,3000000,1000000,10227,2.62230769e-4,1.02270000e-2,-0.023750,0.018916,-86.612500,3,weakly_unstable,0,1,67.18
0.870000,0.975830,40,3000000,1000000,20891,5.35666667e-4,2.08910000e-2,-0.007500,-0.019300,-158.382500,3,weakly_unstable,0,1,66.53
1.030000,0.971440,40,3000000,1000000,7283,1.86743590e-4,7.28300000e-3,0.015000,0.025473,-186.670000,3,weakly_unstable,0,1,67.39
0.450000,0.793320,40,3000000,1000000,139143,3.56776923e-3,1.39143000e-1,0.022500,0.001068,-7874.920000,3,weakly_unstable,0,1,114.72
1.130000,0.970750,40,3000000,1000000,4601,1.17974359e-4,4.60100000e-3,-0.013750,0.012991,-150.840000,3,weakly_unstable,0,1,68.49
1.110000,0.979710,40,3000000,1000000,5498,1.40974359e-4,5.49800000e-3,0.016250,0.021664,-147.122500,3,weakly_unstable,0,1,66.92
1.010000,0.986830,40,3000000,1000000,8931,2.29000000e-4,8.93100000e-3,-0.093750,-0.099954,-32.942500,3,weakly_unstable,0,1,67.09
0.870000,0.981830,40,3000000,1000000,22821,5.85153846e-4,2.28210000e-2,-0.005000,0.041837,-107.992500,3,weakly_unstable,0,1,68.75
1.030000,0.984440,40,3000000,1000000,8170,2.09487179e-4,8.17000000e-3,0.011250,0.015839,-82.197500,3,weakly_unstable,0,1,66.75
0.610000,0.977230,40,3000000,1000000,31717,8.13256410e-4,3.17170000e-2,-0.132500,-0.065771,-276.665000,3,weakly_unstable,0,1,81.39
1.030000,0.981940,40,3000000,1000000,7363,1.88794872e-4,7.36300000e-3,-0.088750,-0.105786,-56.930000,3,weakly_unstable,0,1,66.19
1.170000,0.970820,40,3000000,1000000,3409,8.74102564e-5,3.40900000e-3,-0.002500,0.004252,-198.867500,3,weakly_unstable,0,1,71.48
0.850000,0.993430,40,3000000,1000000,10890,2.79230769e-4,1.08900000e-2,0.218750,0.157150,-21.387500,3,weakly_unstable,0,1,66.91
0.590000,0.943140,40,3000000,1000000,55517,1.42351282e-3,5.55170000e-2,-0.106250,-0.016083,-1087.885000,3,weakly_unstable,0,1,82.63
1.010000,0.981830,40,3000000,1000000,9179,2.35358974e-4,9.17900000e-3,-0.005000,0.014419,-69.445000,3,weakly_unstable,0,1,66.42
0.450000,0.914820,40,3000000,1000000,114454,2.93471795e-3,1.14454000e-1,-0.070000,0.130336,-2009.752500,3,weakly_unstable,0,1,118.96
0.870000,0.976330,40,3000000,1000000,24031,6.16179487e-4,2.40310000e-2,-0.121250,-0.097248,-187.752500,3,weakly_unstable,0,1,66.72
1.030000,0.971940,40,3000000,1000000,10596,2.71692308e-4,1.05960000e-2,-0.016250,0.006518,-217.340000,3,weakly_unstable,0,1,67.62
1.130000,0.971250,40,3000000,1000000,3389,8.68974359e-5,3.38900000e-3,0.097500,0.104693,-202.655000,3,weakly_unstable,0,1,67.75
1.110000,0.980210,40,3000000,1000000,4033,1.03410256e-4,4.03300000e-3,-0.023750,-0.031445,-110.727500,3,weakly_unstable,0,1,68.48
1.010000,0.987330,40,3000000,1000000,8373,2.14692308e-4,8.37300000e-3,0.301250,0.296271,-49.887500,3,weakly_unstable,0,1,67.10
0.870000,0.982330,40,3000000,1000000,18971,4.86435897e-4,1.89710000e-2,-0.022500,0.009270,-104.260000,3,weakly_unstable,0,1,66.10
1.030000,0.984940,40,3000000,1000000,10399,2.66641026e-4,1.03990000e-2,0.163750,0.169173,-30.810000,3,weakly_unstable,0,1,67.96
0.450000,0.899820,40,3000000,1000000,131545,3.37294872e-3,1.31545000e-1,-0.136250,0.059513,-2594.072500,3,weakly_unstable,0,1,117.12
0.610000,0.977730,40,3000000,1000000,29413,7.54179487e-4,2.94130000e-2,0.195000,0.007887,-201.770000,3,weakly_unstable,0,1,74.09
1.030000,0.982440,40,3000000,1000000,8163,2.09307692e-4,8.16300000e-3,0.027500,-0.004430,-66.065000,3,weakly_unstable,0,1,66.74
1.170000,0.971320,40,3000000,1000000,3658,9.37948718e-5,3.65800000e-3,0.052500,0.061021,-245.530000,3,weakly_unstable,0,1,69.18
0.850000,0.993930,40,3000000,1000000,13595,3.48589744e-4,1.35950000e-2,0.001250,0.023205,-27.685000,3,weakly_unstable,0,1,68.33
1.010000,0.982330,40,3000000,1000000,9765,2.50384615e-4,9.76500000e-3,0.016250,-0.007023,-104.450000,3,weakly_unstable,0,1,65.80
0.450000,0.793820,40,3000000,1000000,142759,3.66048718e-3,1.42759000e-1,-0.078750,-0.021059,-8030.137500,3,weakly_unstable,0,1,114.58
0.870000,0.976830,40,3000000,1000000,22484,5.76512821e-4,2.24840000e-2,0.083750,0.047683,-143.900000,3,weakly_unstable,0,1,66.38
0.590000,0.943640,40,3000000,1000000,58400,1.49743590e-3,5.84000000e-2,0.143750,0.104823,-1126.817500,3,weakly_unstable,0,1,82.44
1.030000,0.972440,40,3000000,1000000,6902,1.76974359e-4,6.90200000e-3,0.171250,0.164527,-211.747500,3,weakly_unstable,0,1,67.58
1.130000,0.971750,40,3000000,1000000,3717,9.53076923e-5,3.71700000e-3,0.052500,0.038204,-272.610000,3,weakly_unstable,0,1,69.48
1.110000,0.980710,40,3000000,1000000,5877,1.50692308e-4,5.87700000e-3,-0.055000,-0.064994,-76.640000,3,weakly_unstable,0,1,67.55
1.010000,0.987830,40,3000000,1000000,10035,2.57307692e-4,1.00350000e-2,0.045000,0.033125,-61.625000,3,weakly_unstable,0,1,66.20
0.870000,0.982830,40,3000000,1000000,22898,5.87128205e-4,2.28980000e-2,-0.118750,-0.036270,-78.930000,3,weakly_unstable,0,1,68.04
1.030000,0.985440,40,3000000,1000000,6867,1.76076923e-4,6.86700000e-3,-0.128750,-0.142695,-65.840000,3,weakly_unstable,0,1,68.12
0.450000,0.915320,40,3000000,1000000,88064,2.25805128e-3,8.80640000e-2,-0.187500,-0.063222,-1917.327500,3,weakly_unstable,0,1,117.33
0.850000,0.994430,40,3000000,1000000,51532,1.32133333e-3,5.15320000e-2,-0.933750,-0.926074,-39.577500,1,metastable,1,1,58.91
1.130000,0.997250,40,3000000,1000000,1776,4.55384615e-5,1.77600000e-3,0.186250,0.226176,-2.630000,3,weakly_unstable,0,1,65.67
1.030000,0.982940,40,3000000,1000000,7664,1.96512821e-4,7.66400000e-3,-0.055000,-0.067065,-86.585000,3,weakly_unstable,0,1,65.53
1.170000,0.971820,40,3000000,1000000,2336,5.98974359e-5,2.33600000e-3,-0.101250,-0.103329,-206.400000,3,weakly_unstable,0,1,67.80
1.030000,0.987440,40,3000000,1000000,8183,2.09820513e-4,8.18300000e-3,-0.025000,-0.035180,-21.867500,3,weakly_unstable,0,1,66.05
0.870000,0.977330,40,3000000,1000000,25752,6.60307692e-4,2.57520000e-2,-0.001250,0.018897,-152.865000,3,weakly_unstable,0,1,67.33
1.030000,0.972940,40,3000000,1000000,8205,2.10384615e-4,8.20500000e-3,-0.088750,-0.076314,-201.727500,3,weakly_unstable,0,1,67.42
0.590000,0.944140,40,3000000,1000000,61307,1.57197436e-3,6.13070000e-2,-0.041250,-0.178443,-1110.965000,3,weakly_unstable,0,1,81.50
1.130000,0.972250,40,3000000,1000000,4339,1.11256410e-4,4.33900000e-3,-0.011250,-0.013021,-150.512500,3,weakly_unstable,0,1,69.46
0.450000,0.900320,40,3000000,1000000,136666,3.50425641e-3,1.36666000e-1,-0.126250,0.061885,-2616.200000,3,weakly_unstable,0,1,116.52
1.110000,0.981210,40,3000000,1000000,4336,1.11179487e-4,4.33600000e-3,-0.201250,-0.209550,-80.155000,3,weakly_unstable,0,1,69.18
1.010000,0.988330,40,3000000,1000000,7772,1.99282051e-4,7.77200000e-3,0.171250,0.150793,-43.017500,3,weakly_unstable,0,1,66.97
0.870000,0.983330,40,3000000,1000000,20870,5.35128205e-4,2.08700000e-2,0.117500,0.093735,-94.932500,3,weakly_unstable,0,1,67.47
1.030000,0.985940,40,3000000,1000000,8013,2.05461538e-4,8.01300000e-3,-0.046250,-0.016511,-37.452500,3,weakly_unstable,0,1,66.31
0.450000,0.794320,40,3000000,1000000,145122,3.72107692e-3,1.45122000e-1,-0.010000,0.020828,-7976.250000,3,weakly_unstable,0,1,113.62
1.130000,0.997750,40,3000000,1000000,2307,5.91538462e-5,2.30700000e-3,-0.117500,-0.104070,-2.322500,3,weakly_unstable,0,1,65.68
0.850000,0.994930,40,3000000,1000000,9240,2.36923077e-4,9.24000000e-3,-0.102500,-0.088174,-20.692500,3,weakly_unstable,0,1,68.51
0.870000,0.985330,40,3000000,1000000,19855,5.09102564e-4,1.98550000e-2,0.023750,-0.010051,-64.602500,3,weakly_unstable,0,1,66.81
1.170000,0.972320,40,3000000,1000000,2136,5.47692308e-5,2.13600000e-3,0.292500,0.300695,-161.365000,3,weakly_unstable,0,1,70.32
1.030000,0.987940,40,3000000,1000000,8396,2.15282051e-4,8.39600000e-3,-0.110000,-0.110296,-43.015000,3,weakly_unstable,0,1,67.36
0.870000,0.977830,40,3000000,1000000,23455,6.01410256e-4,2.34550000e-2,-0.025000,0.011264,-165.142500,3,weakly_unstable,0,1,66.74
1.030000,0.973440,40,3000000,1000000,8956,2.29641026e-4,8.95600000e-3,-0.035000,-0.043645,-136.610000,3,weakly_unstable,0,1,66.70
1.130000,0.972750,40,3000000,1000000,5089,1.30487179e-4,5.08900000e-3,-0.068750,-0.065383,-171.347500,3,weakly_unstable,0,1,68.58
1.110000,0.981710,40,3000000,1000000,5091,1.30538462e-4,5.09100000e-3,0.010000,0.030758,-117.097500,3,weakly_unstable,0,1,68.42
1.010000,0.988830,40,3000000,1000000,9787,2.50948718e-4,9.78700000e-3,-0.023750,-0.031636,-23.407500,3,weakly_unstable,0,1,67.67
0.450000,0.915820,40,3000000,1000000,128739,3.30100000e-3,1.28739000e-1,0.132500,0.052765,-1859.212500,3,weakly_unstable,0,1,119.02
0.590000,0.944640,40,3000000,1000000,64796,1.66143590e-3,6.47960000e-2,-0.118750,-0.109142,-1077.222500,3,weakly_unstable,0,1,81.30
0.870000,0.983830,40,3000000,1000000,21129,5.41769231e-4,2.11290000e-2,-0.058750,-0.042795,-75.505000,3,weakly_unstable,0,1,65.90
1.030000,0.986440,40,3000000,1000000,7267,1.86333333e-4,7.26700000e-3,-0.152500,-0.125675,-60.785000,3,weakly_unstable,0,1,66.84
1.130000,0.998250,40,3000000,1000000,2612,6.69743590e-5,2.61200000e-3,0.133750,0.129361,-2.222500,3,weakly_unstable,0,1,64.69
0.850000,0.995430,40,3000000,1000000,8940,2.29230769e-4,8.94000000e-3,-0.033750,0.003289,-15.600000,3,weakly_unstable,0,1,68.86
0.870000,0.985830,40,3000000,1000000,22034,5.64974359e-4,2.20340000e-2,-0.061250,-0.039747,-91.970000,3,weakly_unstable,0,1,68.72
1.030000,0.988440,40,3000000,1000000,7889,2.02282051e-4,7.88900000e-3,-0.007500,-0.021666,-49.327500,3,weakly_unstable,0,1,65.88
1.170000,0.972820,40,3000000,1000000,3734,9.57435897e-5,3.73400000e-3,-0.012500,0.001236,-189.875000,3,weakly_unstable,0,1,70.78
0.870000,0.978330,40,3000000,1000000,20897,5.35820513e-4,2.08970000e-2,0.203750,0.148145,-123.395000,3,weakly_unstable,0,1,68.31
0.450000,0.900820,40,3000000,1000000,122689,3.14587179e-3,1.22689000e-1,-0.045000,0.027964,-2567.877500,3,weakly_unstable,0,1,114.98
1.030000,0.973940,40,3000000,1000000,9006,2.30923077e-4,9.00600000e-3,-0.027500,-0.029235,-185.180000,3,weakly_unstable,0,1,67.30
0.450000,0.794820,40,3000000,1000000,132971,3.40951282e-3,1.32971000e-1,0.033750,-0.018953,-8142.662500,3,weakly_unstable,0,1,113.22
1.130000,0.973250,40,3000000,1000000,3893,9.98205128e-5,3.89300000e-3,0.008750,-0.008651,-216.172500,3,weakly_unstable,0,1,68.56
1.110000,0.982210,40,3000000,1000000,5330,1.36666667e-4,5.33000000e-3,-0.090000,-0.099080,-107.300000,3,weakly_unstable,0,1,67.27
1.010000,0.989330,40,3000000,1000000,8957,2.29666667e-4,8.95700000e-3,0.056250,0.064026,-45.677500,3,weakly_unstable,0,1,68.04
0.870000,0.984330,40,3000000,1000000,21792,5.58769231e-4,2.17920000e-2,0.077500,0.081099,-87.640000,3,weakly_unstable,0,1,66.67
1.030000,0.986940,40,3000000,1000000,7943,2.03666667e-4,7.94300000e-3,-0.101250,-0.079311,-24.927500,3,weakly_unstable,0,1,68.21
1.130000,0.998750,40,3000000,1000000,2368,6.07179487e-5,2.36800000e-3,-0.106250,-0.104664,-2.030000,3,weakly_unstable,0,1,65.54
0.590000,0.945140,40,3000000,1000000,60731,1.55720513e-3,6.07310000e-2,0.248750,0.117081,-1073.527500,3,weakly_unstable,0,1,83.19
0.870000,0.986330,40,3000000,1000000,20081,5.14897436e-4,2.00810000e-2,-0.161250,-0.152376,-54.152500,3,weakly_unstable,0,1,68.18
0.850000,0.995930,40,3000000,1000000,7971,2.04384615e-4,7.97100000e-3,0.082500,0.154805,-15.742500,3,weakly_unstable,0,1,69.80
1.030000,0.988940,40,3000000,1000000,7121,1.82589744e-4,7.12100000e-3,0.020000,-0.003615,-55.902500,3,weakly_unstable,0,1,67.26
1.170000,0.973320,40,3000000,1000000,3202,8.21025641e-5,3.20200000e-3,0.122500,0.103089,-204.285000,3,weakly_unstable,0,1,69.27
0.870000,0.978830,40,3000000,1000000,22254,5.70615385e-4,2.22540000e-2,-0.005000,-0.072507,-101.637500,3,weakly_unstable,0,1,67.30
0.450000,0.916320,40,3000000,1000000,97807,2.50787179e-3,9.78070000e-2,0.108750,-0.014415,-1919.367500,3,weakly_unstable,0,1,118.63
1.030000,0.974440,40,3000000,1000000,8838,2.26615385e-4,8.83800000e-3,-0.138750,-0.156189,-178.482500,3,weakly_unstable,0,1,67.77
1.110000,0.982710,40,3000000,1000000,5339,1.36897436e-4,5.33900000e-3,0.016250,-0.021144,-68.812500,3,weakly_unstable,0,1,66.93
1.010000,0.989830,40,3000000,1000000,9121,2.33871795e-4,9.12100000e-3,-0.048750,-0.031793,-20.910000,3,weakly_unstable,0,1,66.39
1.130000,0.973750,40,3000000,1000000,3776,9.68205128e-5,3.77600000e-3,0.605000,0.571386,-199.725000,3,weakly_unstable,0,1,69.46
1.130000,0.999250,40,3000000,1000000,-2374,-6.08717949e-5,-2.37400000e-3,0.948750,0.948193,-2.297500,1,chaotic,0,0,56.34
0.870000,0.984830,40,3000000,1000000,17255,4.42435897e-4,1.72550000e-2,0.025000,0.042387,-98.607500,3,weakly_unstable,0,1,66.58
0.850000,0.996430,40,3000000,1000000,8109,2.07923077e-4,8.10900000e-3,-0.931250,-0.916033,-21.052500,1,metastable,1,1,60.15
0.870000,0.986830,40,3000000,1000000,22559,5.78435897e-4,2.25590000e-2,0.125000,0.153821,-77.157500,3,weakly_unstable,0,1,66.66
0.450000,0.901320,40,3000000,1000000,119356,3.06041026e-3,1.19356000e-1,0.070000,0.140164,-2657.885000,3,weakly_unstable,0,1,115.83
0.590000,0.952140,40,3000000,1000000,57985,1.48679487e-3,5.79850000e-2,0.143750,0.079663,-899.580000,3,weakly_unstable,0,1,81.08
1.030000,0.989440,40,3000000,1000000,6585,1.68846154e-4,6.58500000e-3,0.158750,0.150125,3.967500,3,weakly_unstable,0,1,66.41
1.170000,0.973820,40,3000000,1000000,2816,7.22051282e-5,2.81600000e-3,0.001250,0.007566,-223.122500,3,weakly_unstable,0,1,69.74
0.590000,0.945640,40,3000000,1000000,60726,1.55707692e-3,6.07260000e-2,0.038750,0.053627,-1001.952500,3,weakly_unstable,0,1,83.02
0.870000,0.979330,40,3000000,1000000,23868,6.12000000e-4,2.38680000e-2,-0.162500,-0.072485,-124.780000,3,weakly_unstable,0,1,67.98
0.450000,0.795320,40,3000000,1000000,141476,3.62758974e-3,1.41476000e-1,-0.027500,-0.038152,-7750.790000,3,weakly_unstable,0,1,115.36
1.030000,0.974940,40,3000000,1000000,8076,2.07076923e-4,8.07600000e-3,-0.003750,-0.002061,-149.915000,3,weakly_unstable,0,1,67.72
1.130000,0.999750,40,3000000,1000000,-5464,-1.40102564e-4,-5.46400000e-3,-0.701250,-0.723552,-1.962500,1,chaotic,0,0,57.75
1.010000,0.990330,40,3000000,1000000,7558,1.93794872e-4,7.55800000e-3,-0.006250,-0.018175,-25.057500,3,weakly_unstable,0,1,66.61
1.110000,0.983210,40,3000000,1000000,5304,1.36000000e-4,5.30400000e-3,-0.046250,-0.034233,-74.097500,3,weakly_unstable,0,1,67.71
1.130000,0.974250,40,3000000,1000000,4329,1.11000000e-4,4.32900000e-3,0.050000,0.041771,-176.090000,3,weakly_unstable,0,1,68.02
1.150000,0.982290,40,3000000,1000000,3510,9.00000000e-5,3.51000000e-3,-0.033750,-0.046734,-78.592500,3,weakly_unstable,0,1,68.87
0.850000,0.996930,40,3000000,1000000,-4000,-1.02564103e-4,-4.00000000e-3,-0.910000,-0.905520,-19.110000,1,chaotic,0,0,58.74
0.870000,0.987330,40,3000000,1000000,19116,4.90153846e-4,1.91160000e-2,-0.055000,-0.051896,-63.740000,3,weakly_unstable,0,1,67.40
1.030000,0.989940,40,3000000,1000000,8045,2.06282051e-4,8.04500000e-3,0.017500,-0.025689,-23.665000,3,weakly_unstable,0,1,65.96
0.450000,0.916820,40,3000000,1000000,110643,2.83700000e-3,1.10643000e-1,-0.008750,-0.131640,-1911.382500,3,weakly_unstable,0,1,117.45
0.590000,0.952640,40,3000000,1000000,60704,1.55651282e-3,6.07040000e-2,0.088750,0.058547,-833.790000,3,weakly_unstable,0,1,80.17
0.870000,0.979830,40,3000000,1000000,20760,5.32307692e-4,2.07600000e-2,-0.058750,-0.033033,-111.560000,3,weakly_unstable,0,1,67.29
1.170000,0.974320,40,3000000,1000000,2114,5.42051282e-5,2.11400000e-3,-0.196250,-0.194802,-163.777500,5,weakly_unstable,0,1,71.78
1.130000,1.000000,40,3000000,1000000,-3549,-9.10000000e-5,-3.54900000e-3,0.000000,0.001469,-1.950000,1,stable,0,0,56.33
0.590000,0.946140,40,3000000,1000000,72021,1.84669231e-3,7.20210000e-2,-0.248750,-0.128783,-1076.650000,3,weakly_unstable,0,1,83.01
1.110000,0.987710,40,3000000,1000000,3725,9.55128205e-5,3.72500000e-3,-0.182500,-0.153494,-16.627500,3,weakly_unstable,0,1,69.46
1.030000,0.990440,40,3000000,1000000,7379,1.89205128e-4,7.37900000e-3,0.001250,0.009948,-38.877500,3,weakly_unstable,0,1,66.06
1.110000,0.983710,40,3000000,1000000,4918,1.26102564e-4,4.91800000e-3,0.052500,0.070529,-45.802500,3,weakly_unstable,0,1,67.39
0.850000,0.997430,40,3000000,1000000,38166,9.78615385e-4,3.81660000e-2,0.647500,0.590333,-3.245000,1,metastable,1,1,61.71
1.130000,0.974750,40,3000000,1000000,3548,9.09743590e-5,3.54800000e-3,0.066250,0.076866,-116.667500,3,weakly_unstable,0,1,70.36
0.450000,0.901820,40,3000000,1000000,111919,2.86971795e-3,1.11919000e-1,0.115000,-0.000892,-2598.462500,3,weakly_unstable,0,1,115.50
1.150000,0.982790,40,3000000,1000000,3797,9.73589744e-5,3.79700000e-3,0.040000,0.036640,-118.422500,3,weakly_unstable,0,1,69.24
0.870000,0.987830,40,3000000,1000000,19651,5.03871795e-4,1.96510000e-2,-0.052500,0.025619,-59.167500,3,weakly_unstable,0,1,66.21
0.450000,0.795820,40,3000000,1000000,146110,3.74641026e-3,1.46110000e-1,-0.033750,0.029082,-7785.522500,3,weakly_unstable,0,1,115.31
1.130000,0.981250,40,3000000,1000000,4593,1.17769231e-4,4.59300000e-3,-0.060000,-0.035635,-106.352500,3,weakly_unstable,0,1,68.05
0.870000,0.980330,40,3000000,1000000,22681,5.81564103e-4,2.26810000e-2,-0.051250,0.067258,-104.807500,3,weakly_unstable,0,1,66.36
1.170000,0.974820,40,3000000,1000000,3417,8.76153846e-5,3.41700000e-3,0.118750,0.139714,-209.590000,3,weakly_unstable,0,1,70.86
1.150000,0.969790,40,3000000,1000000,3711,9.51538462e-5,3.71100000e-3,-0.061250,-0.042719,-199.487500,3,weakly_unstable,0,1,70.80
0.590000,0.953140,40,3000000,1000000,56883,1.45853846e-3,5.68830000e-2,-0.041250,-0.038321,-874.337500,3,weakly_unstable,0,1,82.16
1.110000,0.988210,40,3000000,1000000,5848,1.49948718e-4,5.84800000e-3,0.011250,0.025659,-34.592500,3,weakly_unstable,0,1,66.91
0.850000,0.997930,40,3000000,1000000,-22087,-5.66333333e-4,-2.20870000e-2,0.766250,0.775826,-9.955000,1,chaotic,0,0,57.91
1.030000,0.990940,40,3000000,1000000,6131,1.57205128e-4,6.13100000e-3,0.127500,0.121977,1.337500,3,weakly_unstable,0,1,66.18
1.110000,0.984210,40,3000000,1000000,5336,1.36820513e-4,5.33600000e-3,0.048750,0.033920,-54.285000,3,weakly_unstable,0,1,68.37
0.590000,0.946640,40,3000000,1000000,70684,1.81241026e-3,7.06840000e-2,0.056250,-0.015361,-995.197500,3,weakly_unstable,0,1,82.84
1.130000,0.975250,40,3000000,1000000,4567,1.17102564e-4,4.56700000e-3,0.026250,0.015138,-182.355000,3,weakly_unstable,0,1,69.27
1.150000,0.983290,40,3000000,1000000,3733,9.57179487e-5,3.73300000e-3,-0.011250,-0.022360,-71.217500,3,weakly_unstable,0,1,71.36
0.450000,0.917320,40,3000000,1000000,115707,2.96684615e-3,1.15707000e-1,0.356250,0.324460,-1848.022500,1,weakly_unstable,0,1,113.71
0.870000,0.988330,40,3000000,1000000,19607,5.02743590e-4,1.96070000e-2,-0.092500,-0.093432,-52.345000,3,weakly_unstable,0,1,66.76
1.130000,0.981750,40,3000000,1000000,3782,9.69743590e-5,3.78200000e-3,0.042500,0.040511,-107.492500,3,weakly_unstable,0,1,67.85
0.870000,0.980830,40,3000000,1000000,23676,6.07076923e-4,2.36760000e-2,0.042500,-0.041692,-122.790000,3,weakly_unstable,0,1,65.72
1.170000,0.975320,40,3000000,1000000,3420,8.76923077e-5,3.42000000e-3,-0.032500,-0.036089,-164.877500,3,weakly_unstable,0,1,69.16
0.850000,0.998430,40,3000000,1000000,-33478,-8.58410256e-4,-3.34780000e-2,0.452500,0.456987,-4.997500,1,chaotic,0,0,58.82
0.450000,0.902320,40,3000000,1000000,115420,2.95948718e-3,1.15420000e-1,0.013750,0.063599,-2525.502500,3,weakly_unstable,0,1,114.73
1.150000,0.970290,40,3000000,1000000,4036,1.03487179e-4,4.03600000e-3,-0.001250,0.019612,-245.555000,3,weakly_unstable,0,1,69.33
1.110000,0.988710,40,3000000,1000000,5319,1.36384615e-4,5.31900000e-3,0.010000,0.005678,-27.670000,3,weakly_unstable,0,1,68.51
1.030000,0.991440,40,3000000,1000000,7523,1.92897436e-4,7.52300000e-3,-0.106250,-0.110454,-17.822500,3,weakly_unstable,0,1,66.31
1.110000,0.984710,40,3000000,1000000,6137,1.57358974e-4,6.13700000e-3,-0.073750,-0.051603,-51.505000,3,weakly_unstable,0,1,66.92
0.590000,0.953640,40,3000000,1000000,58209,1.49253846e-3,5.82090000e-2,-0.042500,0.034010,-865.165000,3,weakly_unstable,0,1,81.55
0.450000,0.796320,40,3000000,1000000,153312,3.93107692e-3,1.53312000e-1,0.052500,0.033985,-7880.422500,3,weakly_unstable,0,1,115.26
1.130000,0.975750,40,3000000,1000000,4036,1.03487179e-4,4.03600000e-3,0.063750,0.053991,-148.250000,3,weakly_unstable,0,1,69.56
1.150000,0.983790,40,3000000,1000000,3991,1.02333333e-4,3.99100000e-3,-0.001250,0.008411,-86.542500,3,weakly_unstable,0,1,68.63
0.590000,0.947140,40,3000000,1000000,65388,1.67661538e-3,6.53880000e-2,0.102500,-0.012078,-988.910000,3,weakly_unstable,0,1,81.24
0.870000,0.988830,40,3000000,1000000,21841,5.60025641e-4,2.18410000e-2,-0.028750,0.000266,-54.692500,3,weakly_unstable,0,1,66.67
1.130000,0.982250,40,3000000,1000000,3924,1.00615385e-4,3.92400000e-3,-0.036250,-0.083953,-79.322500,3,weakly_unstable,0,1,69.51
0.850000,0.998930,40,3000000,1000000,-62110,-1.59256410e-3,-6.21100000e-2,-0.126250,-0.171228,-1.980000,1,stable,0,0,58.25
1.170000,0.975820,40,3000000,1000000,3625,9.29487179e-5,3.62500000e-3,-0.031250,-0.032221,-182.460000,3,weakly_unstable,0,1,70.53
1.150000,0.970790,40,3000000,1000000,2983,7.64871795e-5,2.98300000e-3,0.180000,0.153036,-271.777500,3,weakly_unstable,0,1,68.49
1.110000,0.989210,40,3000000,1000000,3851,9.87435897e-5,3.85100000e-3,-0.026250,-0.046593,-39.667500,3,weakly_unstable,0,1,69.64
0.450000,0.917820,40,3000000,1000000,90887,2.33043590e-3,9.08870000e-2,-0.137500,0.136522,-1829.872500,3,weakly_unstable,0,1,116.87
1.110000,0.985210,40,3000000,1000000,5854,1.50102564e-4,5.85400000e-3,0.066250,0.065680,-56.627500,3,weakly_unstable,0,1,68.07
1.130000,0.976250,40,3000000,1000000,4038,1.03538462e-4,4.03800000e-3,0.023750,0.025373,-141.610000,3,weakly_unstable,0,1,69.33
1.150000,0.984290,40,3000000,1000000,3055,7.83333333e-5,3.05500000e-3,-0.003750,-0.000275,-59.070000,3,weakly_unstable,0,1,68.59
0.450000,0.815320,40,3000000,1000000,158215,4.05679487e-3,1.58215000e-1,-0.062500,0.004120,-6848.412500,3,weakly_unstable,0,1,112.81
0.590000,0.954140,40,3000000,1000000,57436,1.47271795e-3,5.74360000e-2,-0.126250,0.052335,-852.562500,3,weakly_unstable,0,1,82.73
0.870000,0.989330,40,3000000,1000000,16127,4.13512821e-4,1.61270000e-2,0.085000,0.048087,-29.380000,3,weakly_unstable,0,1,67.10
0.590000,0.947640,40,3000000,1000000,67884,1.74061538e-3,6.78840000e-2,0.043750,-0.025068,-954.755000,3,weakly_unstable,0,1,82.22
1.130000,0.982750,40,3000000,1000000,4524,1.16000000e-4,4.52400000e-3,0.080000,0.058840,-67.522500,3,weakly_unstable,0,1,68.41
0.850000,0.999430,40,3000000,1000000,-51151,-1.31156410e-3,-5.11510000e-2,-0.048750,-0.038824,-1.980000,1,stable,0,0,59.41
0.450000,0.902820,40,3000000,1000000,113516,2.91066667e-3,1.13516000e-1,0.007500,-0.041940,-2480.887500,3,weakly_unstable,0,1,116.46
0.450000,0.799320,40,3000000,1000000,148752,3.81415385e-3,1.48752000e-1,0.008750,-0.031129,-7524.477500,3,weakly_unstable,0,1,114.02
0.450000,0.796820,40,3000000,1000000,128512,3.29517949e-3,1.28512000e-1,-0.041250,0.003988,-7684.142500,3,weakly_unstable,0,1,117.19
1.170000,0.976320,40,3000000,1000000,2903,7.44358974e-5,2.90300000e-3,0.041250,0.044410,-150.262500,3,weakly_unstable,0,1,69.81
1.150000,0.971290,40,3000000,1000000,3609,9.25384615e-5,3.60900000e-3,0.001250,-0.011493,-246.407500,3,weakly_unstable,0,1,69.58
1.110000,0.989710,40,3000000,1000000,4809,1.23307692e-4,4.80900000e-3,-0.108750,-0.106744,-25.532500,3,weakly_unstable,0,1,70.61
1.110000,0.985710,40,3000000,1000000,5023,1.28794872e-4,5.02300000e-3,0.023750,0.034362,-61.087500,3,weakly_unstable,0,1,68.02
1.170000,0.999320,40,3000000,1000000,-1061,-2.72051282e-5,-1.06100000e-3,-0.950000,-0.949538,-1.972500,1,chaotic,0,0,56.86
1.130000,0.976750,40,3000000,1000000,3155,8.08974359e-5,3.15500000e-3,-0.017500,-0.026890,-102.070000,3,weakly_unstable,0,1,69.33
1.150000,0.984790,40,3000000,1000000,3609,9.25384615e-5,3.60900000e-3,-0.038750,-0.024161,-39.762500,3,weakly_unstable,0,1,69.69
0.850000,0.999930,40,3000000,1000000,-76686,-1.96630769e-3,-7.66860000e-2,-0.027500,0.027644,-1.942500,1,stable,0,0,57.87
0.590000,0.954640,40,3000000,1000000,48600,1.24615385e-3,4.86000000e-2,-0.197500,-0.157359,-797.467500,3,weakly_unstable,0,1,81.87
1.130000,0.983250,40,3000000,1000000,3833,9.82820513e-5,3.83300000e-3,-0.067500,-0.054385,-42.962500,3,weakly_unstable,0,1,67.72
0.590000,0.948140,40,3000000,1000000,54439,1.39587179e-3,5.44390000e-2,0.060000,-0.108664,-950.985000,3,weakly_unstable,0,1,81.74
0.450000,0.918320,40,3000000,1000000,119407,3.06171795e-3,1.19407000e-1,-0.192500,0.170169,-1923.002500,3,weakly_unstable,0,1,115.38
1.170000,0.976820,40,3000000,1000000,3477,8.91538462e-5,3.47700000e-3,0.050000,0.048541,-139.417500,3,weakly_unstable,0,1,71.94
1.150000,0.971790,40,3000000,1000000,4254,1.09076923e-4,4.25400000e-3,0.052500,0.062483,-156.300000,3,weakly_unstable,0,1,69.64
0.450000,0.815820,40,3000000,1000000,158132,4.05466667e-3,1.58132000e-1,-0.058750,0.010933,-6667.010000,3,weakly_unstable,0,1,113.34
1.110000,0.990210,40,3000000,1000000,4338,1.11230769e-4,4.33800000e-3,0.052500,0.034712,-20.137500,3,weakly_unstable,0,1,68.97
1.110000,0.986210,40,3000000,1000000,4570,1.17179487e-4,4.57000000e-3,0.021250,0.011694,-56.897500,3,weakly_unstable,0,1,69.42
1.170000,0.999820,40,3000000,1000000,-1428,-3.66153846e-5,-1.42800000e-3,-0.282500,-0.295501,-1.905000,1,stable,0,0,60.92
1.130000,0.977250,40,3000000,1000000,4582,1.17487179e-4,4.58200000e-3,0.076250,0.059025,-150.312500,3,weakly_unstable,0,1,68.33
0.850000,1.000000,40,3000000,1000000,-76676,-1.96605128e-3,-7.66760000e-2,0.010000,0.016941,-1.942500,1,stable,0,0,58.03
0.450000,0.903320,40,3000000,1000000,130666,3.35041026e-3,1.30666000e-1,-0.055000,0.020840,-2600.747500,3,weakly_unstable,0,1,117.14
0.450000,0.799820,40,3000000,1000000,139581,3.57900000e-3,1.39581000e-1,0.046250,0.006582,-7675.710000,3,weakly_unstable,0,1,114.67
1.150000,0.985290,40,3000000,1000000,3437,8.81282051e-5,3.43700000e-3,-0.021250,-0.021114,-70.887500,3,weakly_unstable,0,1,71.32
1.130000,0.983750,40,3000000,1000000,4628,1.18666667e-4,4.62800000e-3,-0.012500,-0.007703,-41.537500,3,weakly_unstable,0,1,68.02
0.450000,0.797320,40,3000000,1000000,137087,3.51505128e-3,1.37087000e-1,0.193750,0.039008,-7687.317500,3,weakly_unstable,0,1,115.19
0.590000,0.955140,40,3000000,1000000,53604,1.37446154e-3,5.36040000e-2,0.015000,0.065929,-792.892500,3,weakly_unstable,0,1,83.03
1.170000,1.000000,40,3000000,1000000,-2437,-6.24871795e-5,-2.43700000e-3,0.000000,-0.003986,-1.950000,1,stable,0,0,55.90
1.170000,0.977320,40,3000000,1000000,3428,8.78974359e-5,3.42800000e-3,0.050000,0.066878,-81.997500,3,weakly_unstable,0,1,68.85
0.590000,0.948640,40,3000000,1000000,62168,1.59405128e-3,6.21680000e-2,0.175000,0.091819,-1023.657500,3,weakly_unstable,0,1,82.39
1.150000,0.972290,40,3000000,1000000,1980,5.07692308e-5,1.98000000e-3,0.763750,0.715742,-250.147500,3,weakly_unstable,0,1,70.95
1.110000,0.990710,40,3000000,1000000,5176,1.32717949e-4,5.17600000e-3,0.053750,0.047233,-33.377500,3,weakly_unstable,0,1,68.54
1.110000,0.986710,40,3000000,1000000,4757,1.21974359e-4,4.75700000e-3,-0.078750,-0.087530,-75.367500,3,weakly_unstable,0,1,68.10
1.130000,0.977750,40,3000000,1000000,4671,1.19769231e-4,4.67100000e-3,-0.100000,-0.102922,-137.702500,3,weakly_unstable,0,1,68.33
0.870000,0.967830,40,3000000,1000000,24187,6.20179487e-4,2.41870000e-2,-0.118750,-0.082521,-257.472500,3,weakly_unstable,0,1,67.60
1.150000,0.985790,40,3000000,1000000,4048,1.03794872e-4,4.04800000e-3,0.037500,0.021919,-26.090000,3,weakly_unstable,0,1,70.06
0.450000,0.918820,40,3000000,1000000,103875,2.66346154e-3,1.03875000e-1,-0.422500,-0.163774,-1737.017500,3,weakly_unstable,0,1,114.47
1.130000,0.984250,40,3000000,1000000,4445,1.13974359e-4,4.44500000e-3,0.001250,0.004359,-84.997500,3,weakly_unstable,0,1,67.75
0.450000,0.816320,40,3000000,1000000,157150,4.02948718e-3,1.57150000e-1,0.078750,-0.012705,-6678.960000,3,weakly_unstable,0,1,113.55
1.170000,0.977820,40,3000000,1000000,2932,7.51794872e-5,2.93200000e-3,-0.031250,-0.026115,-136.350000,3,weakly_unstable,0,1,70.36
1.190000,0.969850,40,3000000,1000000,3190,8.17948718e-5,3.19000000e-3,0.082500,0.086595,-261.145000,3,weakly_unstable,0,1,71.74
0.590000,0.955640,40,3000000,1000000,59405,1.52320513e-3,5.94050000e-2,0.028750,-0.078213,-755.210000,3,weakly_unstable,0,1,82.64
0.450000,0.800320,40,3000000,1000000,158527,4.06479487e-3,1.58527000e-1,-0.087500,-0.060004,-7647.770000,3,weakly_unstable,0,1,112.65
1.110000,0.991210,40,3000000,1000000,5324,1.36512821e-4,5.32400000e-3,-0.008750,-0.023531,-17.280000,3,weakly_unstable,0,1,68.18
1.150000,0.972790,40,3000000,1000000,2485,6.37179487e-5,2.48500000e-3,0.778750,0.758332,-187.822500,3,weakly_unstable,0,1,69.33
0.450000,0.903820,40,3000000,1000000,116560,2.98871795e-3,1.16560000e-1,0.172500,-0.096611,-2432.142500,3,weakly_unstable,0,1,117.52
1.110000,0.987210,40,3000000,1000000,4861,1.24641026e-4,4.86100000e-3,0.026250,0.027360,-37.180000,3,weakly_unstable,0,1,67.01
0.590000,0.949140,40,3000000,1000000,56846,1.45758974e-3,5.68460000e-2,-0.122500,-0.088060,-922.042500,3,weakly_unstable,0,1,81.33
0.870000,0.968330,40,3000000,1000000,23343,5.98538462e-4,2.33430000e-2,0.120000,0.142369,-203.747500,3,weakly_unstable,0,1,66.98
0.450000,0.797820,40,3000000,1000000,138786,3.55861538e-3,1.38786000e-1,0.006250,0.029198,-7646.900000,3,weakly_unstable,0,1,117.28
1.130000,0.978250,40,3000000,1000000,2904,7.44615385e-5,2.90400000e-3,0.297500,0.268829,-150.927500,3,weakly_unstable,0,1,70.19
1.150000,0.986290,40,3000000,1000000,4021,1.03102564e-4,4.02100000e-3,-0.060000,-0.066840,-42.282500,3,weakly_unstable,0,1,68.34
1.130000,0.984750,40,3000000,1000000,4157,1.06589744e-4,4.15700000e-3,0.095000,0.120514,-48.220000,3,weakly_unstable,0,1,67.94
1.170000,0.978320,40,3000000,1000000,3166,8.11794872e-5,3.16600000e-3,-0.087500,-0.089599,-118.752500,3,weakly_unstable,0,1,68.65
1.190000,0.970350,40,3000000,1000000,2637,6.76153846e-5,2.63700000e-3,0.045000,0.056608,-247.230000,3,weakly_unstable,0,1,68.89
1.110000,0.991710,40,3000000,1000000,4688,1.20205128e-4,4.68800000e-3,0.026250,0.012927,-41.295000,3,weakly_unstable,0,1,69.42
1.150000,0.973290,40,3000000,1000000,3377,8.65897436e-5,3.37700000e-3,-0.016250,-0.017731,-153.265000,3,weakly_unstable,0,1,70.61
0.450000,0.919320,40,3000000,1000000,96903,2.48469231e-3,9.69030000e-2,0.146250,-0.020419,-1771.982500,3,weakly_unstable,0,1,115.43
0.590000,0.956140,40,3000000,1000000,41177,1.05582051e-3,4.11770000e-2,0.062500,0.031075,-723.152500,3,weakly_unstable,0,1,82.48
0.870000,0.968830,40,3000000,1000000,23481,6.02076923e-4,2.34810000e-2,-0.155000,-0.044464,-168.915000,3,weakly_unstable,0,1,67.96
1.130000,0.978750,40,3000000,1000000,4998,1.28153846e-4,4.99800000e-3,0.010000,0.001129,-85.880000,3,weakly_unstable,0,1,67.86
0.590000,0.950140,40,3000000,1000000,55834,1.43164103e-3,5.58340000e-2,0.338750,0.058863,-920.950000,3,weakly_unstable,0,1,83.82
0.450000,0.816820,40,3000000,1000000,146282,3.75082051e-3,1.46282000e-1,0.091250,0.006210,-6747.150000,3,weakly_unstable,0,1,114.08
0.590000,0.949640,40,3000000,1000000,54100,1.38717949e-3,5.41000000e-2,0.071250,0.067647,-937.637500,3,weakly_unstable,0,1,82.28
1.150000,0.986790,40,3000000,1000000,4515,1.15769231e-4,4.51500000e-3,-0.063750,-0.067267,-39.430000,3,weakly_unstable,0,1,67.95
1.130000,0.985250,40,3000000,1000000,4406,1.12974359e-4,4.40600000e-3,0.038750,0.037447,-50.952500,3,weakly_unstable,0,1,67.94
0.450000,0.800820,40,3000000,1000000,149696,3.83835897e-3,1.49696000e-1,-0.003750,-0.002599,-7330.077500,3,weakly_unstable,0,1,115.60
0.450000,0.904320,40,3000000,1000000,135852,3.48338462e-3,1.35852000e-1,0.072500,0.035716,-2494.995000,3,weakly_unstable,0,1,116.55
0.450000,0.798320,40,3000000,1000000,150200,3.85128205e-3,1.50200000e-1,0.122500,0.015396,-7475.460000,3,weakly_unstable,0,1,113.77
1.170000,0.978820,40,3000000,1000000,3651,9.36153846e-5,3.65100000e-3,-0.011250,-0.027946,-152.220000,3,weakly_unstable,0,1,68.36
1.190000,0.970850,40,3000000,1000000,1490,3.82051282e-5,1.49000000e-3,-0.350000,-0.287951,-220.552500,5,weakly_unstable,0,1,71.13
1.110000,0.992210,40,3000000,1000000,4638,1.18923077e-4,4.63800000e-3,0.022500,0.038394,-5.862500,3,weakly_unstable,0,1,67.13
1.150000,0.973790,40,3000000,1000000,4178,1.07128205e-4,4.17800000e-3,-0.048750,-0.027885,-224.050000,3,weakly_unstable,0,1,69.97
0.870000,0.969330,40,3000000,1000000,24516,6.28615385e-4,2.45160000e-2,0.017500,-0.010939,-203.442500,3,weakly_unstable,0,1,66.68
1.130000,0.979250,40,3000000,1000000,4784,1.22666667e-4,4.78400000e-3,-0.060000,-0.082801,-127.997500,3,weakly_unstable,0,1,68.27
1.150000,0.974290,40,3000000,1000000,3064,7.85641026e-5,3.06400000e-3,0.068750,0.051013,-193.957500,3,weakly_unstable,0,1,69.55
0.590000,0.956640,40,3000000,1000000,44727,1.14684615e-3,4.47270000e-2,-0.181250,-0.085437,-820.440000,3,weakly_unstable,0,1,82.99
1.150000,0.987290,40,3000000,1000000,3693,9.46923077e-5,3.69300000e-3,-0.057500,-0.057685,-31.295000,3,weakly_unstable,0,1,68.26
0.590000,0.950640,40,3000000,1000000,57578,1.47635897e-3,5.75780000e-2,-0.083750,-0.026167,-902.645000,3,weakly_unstable,0,1,81.68
1.130000,0.985750,40,3000000,1000000,3473,8.90512821e-5,3.47300000e-3,0.076250,0.061276,-86.810000,3,weakly_unstable,0,1,68.07
0.450000,0.919820,40,3000000,1000000,96919,2.48510256e-3,9.69190000e-2,0.072500,0.058664,-1871.042500,3,weakly_unstable,0,1,115.70
0.450000,0.817320,40,3000000,1000000,141438,3.62661538e-3,1.41438000e-1,0.017500,-0.064531,-6611.507500,3,weakly_unstable,0,1,113.70
1.170000,0.979320,40,3000000,1000000,4125,1.05769231e-4,4.12500000e-3,0.015000,0.001142,-129.865000,3,weakly_unstable,0,1,71.92
1.110000,0.992710,40,3000000,1000000,3710,9.51282051e-5,3.71000000e-3,-0.078750,-0.056352,-11.042500,3,weakly_unstable,0,1,69.58
1.190000,0.971350,40,3000000,1000000,2011,5.15641026e-5,2.01100000e-3,-0.185000,-0.179622,-226.445000,5,weakly_unstable,0,1,72.24
1.110000,0.993710,40,3000000,1000000,4082,1.04666667e-4,4.08200000e-3,-0.040000,-0.031216,-18.377500,3,weakly_unstable,0,1,69.70
0.870000,0.969830,40,3000000,1000000,21279,5.45615385e-4,2.12790000e-2,0.052500,0.042421,-265.395000,3,weakly_unstable,0,1,68.05
1.130000,0.979750,40,3000000,1000000,4008,1.02769231e-4,4.00800000e-3,-0.028750,-0.019053,-119.155000,3,weakly_unstable,0,1,68.14
1.150000,0.974790,40,3000000,1000000,3556,9.11794872e-5,3.55600000e-3,-0.048750,-0.068410,-175.857500,3,weakly_unstable,0,1,69.77
0.450000,0.801320,40,3000000,1000000,149677,3.83787179e-3,1.49677000e-1,0.030000,0.026315,-7589.575000,3,weakly_unstable,0,1,116.38
1.150000,0.987790,40,3000000,1000000,3648,9.35384615e-5,3.64800000e-3,0.116250,0.106463,-19.890000,3,weakly_unstable,0,1,71.04
0.450000,0.904820,40,3000000,1000000,121943,3.12674359e-3,1.21943000e-1,-0.040000,0.020518,-2398.592500,3,weakly_unstable,0,1,117.69
1.130000,0.986250,40,3000000,1000000,3618,9.27692308e-5,3.61800000e-3,-0.035000,-0.047220,-50.010000,3,weakly_unstable,0,1,70.51
0.590000,0.957140,40,3000000,1000000,53214,1.36446154e-3,5.32140000e-2,-0.156250,0.080538,-771.370000,3,weakly_unstable,0,1,82.50
0.450000,0.798820,40,3000000,1000000,158512,4.06441026e-3,1.58512000e-1,0.053750,-0.039300,-7568.027500,3,weakly_unstable,0,1,117.35
0.590000,0.951140,40,3000000,1000000,60095,1.54089744e-3,6.00950000e-2,-0.023750,0.025451,-907.650000,3,weakly_unstable,0,1,82.55
1.110000,0.993210,40,3000000,1000000,4087,1.04794872e-4,4.08700000e-3,0.020000,0.029503,-13.540000,3,weakly_unstable,0,1,68.85
1.170000,0.979820,40,3000000,1000000,3473,8.90512821e-5,3.47300000e-3,0.027500,0.037670,-82.267500,3,weakly_unstable,0,1,72.38
1.190000,0.971850,40,3000000,1000000,1663,4.26410256e-5,1.66300000e-3,0.392500,0.350463,-214.460000,5,weakly_unstable,0,1,71.96
1.110000,0.994210,40,3000000,1000000,3050,7.82051282e-5,3.05000000e-3,0.057500,0.049446,-13.780000,3,weakly_unstable,0,1,69.75
0.870000,0.970330,40,3000000,1000000,24106,6.18102564e-4,2.41060000e-2,-0.116250,-0.137786,-195.177500,3,weakly_unstable,0,1,69.35
1.130000,0.980250,40,3000000,1000000,4639,1.18948718e-4,4.63900000e-3,0.008750,0.005848,-133.082500,3,weakly_unstable,0,1,68.71
1.150000,0.975290,40,3000000,1000000,3281,8.41282051e-5,3.28100000e-3,-0.011250,-0.028953,-165.112500,3,weakly_unstable,0,1,69.45
0.450000,0.920320,40,3000000,1000000,81600,2.09230769e-3,8.16000000e-2,-0.540000,-0.424455,-1676.127500,1,metastable,1,1,109.70
1.150000,0.988290,40,3000000,1000000,3864,9.90769231e-5,3.86400000e-3,-0.030000,-0.027601,-55.397500,3,weakly_unstable,0,1,70.38
1.130000,0.986750,40,3000000,1000000,4460,1.14358974e-4,4.46000000e-3,0.035000,0.050253,-44.785000,3,weakly_unstable,0,1,69.55
0.450000,0.817820,40,3000000,1000000,152133,3.90084615e-3,1.52133000e-1,-0.053750,-0.029520,-6617.927500,3,weakly_unstable,0,1,113.65
1.190000,0.984350,40,3000000,1000000,3418,8.76410256e-5,3.41800000e-3,0.098750,0.076195,-76.092500,3,weakly_unstable,0,1,70.05
0.590000,0.957640,40,3000000,1000000,40621,1.04156410e-3,4.06210000e-2,-0.053750,0.025047,-763.685000,3,weakly_unstable,0,1,82.46
0.590000,0.951640,40,3000000,1000000,59226,1.51861538e-3,5.92260000e-2,-0.122500,-0.020160,-910.895000,3,weakly_unstable,0,1,80.49
1.170000,0.980320,40,3000000,1000000,3334,8.54871795e-5,3.33400000e-3,-0.091250,-0.089342,-74.682500,3,weakly_unstable,0,1,69.71
1.190000,0.976350,40,3000000,1000000,2503,6.41794872e-5,2.50300000e-3,-0.043750,-0.030505,-173.452500,5,weakly_unstable,0,1,71.79
0.450000,0.801820,40,3000000,1000000,150613,3.86187179e-3,1.50613000e-1,0.017500,-0.057970,-7478.355000,3,weakly_unstable,0,1,115.23
1.110000,0.994710,40,3000000,1000000,3094,7.93333333e-5,3.09400000e-3,0.062500,0.074076,-2.502500,3,weakly_unstable,0,1,67.76
1.190000,0.972350,40,3000000,1000000,2321,5.95128205e-5,2.32100000e-3,0.005000,0.002197,-142.730000,3,weakly_unstable,0,1,71.79
0.450000,0.905320,40,3000000,1000000,95953,2.46033333e-3,9.59530000e-2,-0.072500,0.103595,-2418.580000,3,weakly_unstable,0,1,117.66
0.870000,0.970830,40,3000000,1000000,23846,6.11435897e-4,2.38460000e-2,-0.012500,-0.045137,-254.970000,3,weakly_unstable,0,1,67.08
1.130000,0.980750,40,3000000,1000000,4262,1.09282051e-4,4.26200000e-3,-0.050000,-0.066889,-103.680000,3,weakly_unstable,0,1,69.09
1.150000,0.975790,40,3000000,1000000,3437,8.81282051e-5,3.43700000e-3,0.001250,0.014334,-194.405000,3,weakly_unstable,0,1,69.10
1.150000,0.988790,40,3000000,1000000,3448,8.84102564e-5,3.44800000e-3,0.057500,0.052191,-36.802500,3,weakly_unstable,0,1,69.36
1.130000,0.987250,40,3000000,1000000,4191,1.07461538e-4,4.19100000e-3,-0.082500,-0.071849,-31.365000,3,weakly_unstable,0,1,70.31
1.190000,0.984850,40,3000000,1000000,2691,6.90000000e-5,2.69100000e-3,0.097500,0.081601,-50.790000,3,weakly_unstable,0,1,70.66
1.170000,0.983320,40,3000000,1000000,3311,8.48974359e-5,3.31100000e-3,-0.058750,-0.070750,-112.517500,3,weakly_unstable,0,1,68.59
0.590000,0.958140,40,3000000,1000000,54830,1.40589744e-3,5.48300000e-2,0.078750,0.065778,-747.792500,3,weakly_unstable,0,1,83.75
0.450000,0.920820,40,3000000,1000000,121668,3.11969231e-3,1.21668000e-1,-0.568750,-0.416166,-1712.745000,1,metastable,1,1,113.82
1.110000,0.995210,40,3000000,1000000,4247,1.08897436e-4,4.24700000e-3,-0.103750,-0.121679,-18.690000,3,weakly_unstable,0,1,65.46
1.190000,0.976850,40,3000000,1000000,2000,5.12820513e-5,2.00000000e-3,0.150000,0.148957,-74.305000,3,weakly_unstable,0,1,70.00
1.170000,0.980820,40,3000000,1000000,3397,8.71025641e-5,3.39700000e-3,0.136250,0.139788,-114.440000,5,weakly_unstable,0,1,71.82
0.870000,0.971330,40,3000000,1000000,21095,5.40897436e-4,2.10950000e-2,0.026250,0.016447,-200.185000,3,weakly_unstable,0,1,67.30
1.190000,0.972850,40,3000000,1000000,2898,7.43076923e-5,2.89800000e-3,0.021250,0.009876,-206.785000,3,weakly_unstable,0,1,71.23
1.110000,0.995710,40,3000000,1000000,3236,8.29743590e-5,3.23600000e-3,0.210000,0.233908,-2.430000,3,weakly_unstable,0,1,65.67
0.450000,0.818320,40,3000000,1000000,141876,3.63784615e-3,1.41876000e-1,0.003750,0.031728,-6554.625000,3,weakly_unstable,0,1,113.36
1.150000,0.976290,40,3000000,1000000,3713,9.52051282e-5,3.71300000e-3,-0.048750,-0.053913,-138.970000,3,weakly_unstable,0,1,70.41
1.150000,0.989290,40,3000000,1000000,3315,8.50000000e-5,3.31500000e-3,-0.013750,-0.026691,-44.692500,3,weakly_unstable,0,1,70.97
1.130000,0.987750,40,3000000,1000000,3568,9.14871795e-5,3.56800000e-3,-0.022500,-0.013829,-56.855000,3,weakly_unstable,0,1,68.54
1.190000,0.985350,40,3000000,1000000,2750,7.05128205e-5,2.75000000e-3,-0.051250,-0.034075,-47.765000,3,weakly_unstable,0,1,72.86
0.450000,0.802320,40,3000000,1000000,146351,3.75258974e-3,1.46351000e-1,0.065000,0.021976,-7250.055000,3,weakly_unstable,0,1,115.32
1.170000,0.983820,40,3000000,1000000,3197,8.19743590e-5,3.19700000e-3,0.055000,0.049604,-73.067500,3,weakly_unstable,0,1,69.30
0.450000,0.905820,40,3000000,1000000,105359,2.70151282e-3,1.05359000e-1,0.205000,0.007999,-2342.342500,3,weakly_unstable,0,1,116.74
1.190000,0.977350,40,3000000,1000000,2551,6.54102564e-5,2.55100000e-3,-0.043750,-0.046128,-177.212500,3,weakly_unstable,0,1,70.77
1.170000,0.981320,40,3000000,1000000,2502,6.41538462e-5,2.50200000e-3,-0.003750,-0.007626,-68.180000,3,weakly_unstable,0,1,70.57
0.870000,0.971830,40,3000000,1000000,26201,6.71820513e-4,2.62010000e-2,0.027500,0.050623,-238.312500,3,weakly_unstable,0,1,67.17
0.590000,0.958640,40,3000000,1000000,57479,1.47382051e-3,5.74790000e-2,0.093750,-0.005287,-716.505000,3,weakly_unstable,0,1,84.24
1.190000,0.973350,40,3000000,1000000,1209,3.10000000e-5,1.20900000e-3,-0.088750,-0.069318,-125.932500,5,weakly_unstable,0,1,74.32
1.150000,0.976790,40,3000000,1000000,2711,6.95128205e-5,2.71100000e-3,0.002500,0.006641,-133.332500,3,weakly_unstable,0,1,70.52
1.150000,0.989790,40,3000000,1000000,2838,7.27692308e-5,2.83800000e-3,0.055000,0.064529,-55.750000,3,weakly_unstable,0,1,68.72
1.130000,0.988250,40,3000000,1000000,4537,1.16333333e-4,4.53700000e-3,-0.043750,-0.061510,-39.622500,3,weakly_unstable,0,1,67.92
0.450000,0.921320,40,3000000,1000000,101441,2.60105128e-3,1.01441000e-1,-0.401250,-0.354956,-1610.680000,1,weakly_unstable,0,1,114.44
0.450000,0.907820,40,3000000,1000000,114552,2.93723077e-3,1.14552000e-1,-0.106250,-0.077268,-2374.735000,3,weakly_unstable,0,1,116.65
1.190000,0.985850,40,3000000,1000000,2680,6.87179487e-5,2.68000000e-3,-0.032500,-0.028873,-34.722500,3,weakly_unstable,0,1,71.79
1.170000,0.984320,40,3000000,1000000,3500,8.97435897e-5,3.50000000e-3,-0.032500,-0.042052,-96.055000,3,weakly_unstable,0,1,69.89
0.450000,0.909820,40,3000000,1000000,108273,2.77623077e-3,1.08273000e-1,0.153750,0.050217,-2310.247500,3,weakly_unstable,0,1,116.32
0.450000,0.818820,40,3000000,1000000,153932,3.94697436e-3,1.53932000e-1,-0.125000,0.007725,-6680.770000,3,weakly_unstable,0,1,116.92
0.870000,0.972330,40,3000000,1000000,23404,6.00102564e-4,2.34040000e-2,-0.046250,-0.018102,-173.212500,3,weakly_unstable,0,1,67.20
1.170000,0.981820,40,3000000,1000000,3386,8.68205128e-5,3.38600000e-3,0.023750,0.033332,-84.647500,3,weakly_unstable,0,1,69.50
1.190000,0.977850,40,3000000,1000000,3583,9.18717949e-5,3.58300000e-3,-0.116250,-0.114574,-155.962500,3,weakly_unstable,0,1,71.78
1.190000,0.973850,40,3000000,1000000,3846,9.86153846e-5,3.84600000e-3,0.085000,0.092760,-139.742500,3,weakly_unstable,0,1,72.16
0.590000,0.959140,40,3000000,1000000,49692,1.27415385e-3,4.96920000e-2,0.000000,0.019840,-693.125000,3,weakly_unstable,0,1,81.94
1.150000,0.977290,40,3000000,1000000,3087,7.91538462e-5,3.08700000e-3,0.040000,0.049224,-111.212500,3,weakly_unstable,0,1,69.54
0.450000,0.802820,40,3000000,1000000,153074,3.92497436e-3,1.53074000e-1,-0.035000,-0.045154,-7333.882500,3,weakly_unstable,0,1,116.77
1.150000,0.990290,40,3000000,1000000,2197,5.63333333e-5,2.19700000e-3,-0.105000,-0.096289,-30.347500,3,weakly_unstable,0,1,69.17
1.130000,0.988750,40,3000000,1000000,4551,1.16692308e-4,4.55100000e-3,0.020000,0.021939,-19.352500,3,weakly_unstable,0,1,68.26
0.450000,0.906320,40,3000000,1000000,108756,2.78861538e-3,1.08756000e-1,0.045000,0.008552,-2491.715000,3,weakly_unstable,0,1,117.68
1.190000,0.986350,40,3000000,1000000,2957,7.58205128e-5,2.95700000e-3,-0.073750,-0.056821,-52.742500,3,weakly_unstable,0,1,71.66
1.170000,0.984820,40,3000000,1000000,3271,8.38717949e-5,3.27100000e-3,-0.061250,-0.052721,-50.972500,3,weakly_unstable,0,1,69.51
0.870000,0.972830,40,3000000,1000000,22067,5.65820513e-4,2.20670000e-2,0.048750,0.027586,-209.902500,3,weakly_unstable,0,1,67.55
1.170000,0.982320,40,3000000,1000000,4281,1.09769231e-4,4.28100000e-3,-0.085000,-0.090214,-33.737500,3,weakly_unstable,0,1,70.24
1.190000,0.978350,40,3000000,1000000,1618,4.14871795e-5,1.61800000e-3,0.023750,0.018648,-80.407500,5,weakly_unstable,0,1,72.28
0.450000,0.921820,40,3000000,1000000,86418,2.21584615e-3,8.64180000e-2,0.556250,0.186305,-1665.837500,1,weakly_unstable,0,1,114.15
1.190000,0.974350,40,3000000,1000000,3310,8.48717949e-5,3.31000000e-3,-0.042500,-0.046364,-142.170000,3,weakly_unstable,0,1,71.89
0.450000,0.908320,40,3000000,1000000,119872,3.07364103e-3,1.19872000e-1,0.047500,0.028599,-2359.780000,3,weakly_unstable,0,1,118.36
1.150000,0.977790,40,3000000,1000000,4519,1.15871795e-4,4.51900000e-3,-0.066250,-0.083116,-104.920000,3,weakly_unstable,0,1,71.44
1.150000,0.990790,40,3000000,1000000,2691,6.90000000e-5,2.69100000e-3,-0.051250,-0.060053,-41.202500,3,weakly_unstable,0,1,68.19
1.130000,0.989250,40,3000000,1000000,4131,1.05923077e-4,4.13100000e-3,-0.017500,-0.036284,-47.367500,3,weakly_unstable,0,1,70.52
0.450000,0.910320,40,3000000,1000000,106876,2.74041026e-3,1.06876000e-1,0.080000,0.082614,-2236.195000,3,weakly_unstable,0,1,115.93
0.590000,0.959640,40,3000000,1000000,49397,1.26658974e-3,4.93970000e-2,-0.005000,-0.009441,-720.495000,3,weakly_unstable,0,1,81.34
0.450000,0.819320,40,3000000,1000000,146745,3.76269231e-3,1.46745000e-1,0.075000,0.005533,-6326.727500,3,weakly_unstable,0,1,115.00
1.190000,0.986850,40,3000000,1000000,2861,7.33589744e-5,2.86100000e-3,0.032500,0.027319,-49.825000,3,weakly_unstable,0,1,69.80
1.170000,0.985320,40,3000000,1000000,3444,8.83076923e-5,3.44400000e-3,0.010000,0.012451,-47.585000,3,weakly_unstable,0,1,69.75
1.130000,0.993250,40,3000000,1000000,3636,9.32307692e-5,3.63600000e-3,-0.017500,-0.016516,-10.825000,3,weakly_unstable,0,1,69.49
0.450000,0.803320,40,3000000,1000000,165845,4.25243590e-3,1.65845000e-1,0.081250,0.022144,-7281.310000,3,weakly_unstable,0,1,115.68
1.170000,0.982820,40,3000000,1000000,3988,1.02256410e-4,3.98800000e-3,0.060000,0.044826,-73.840000,3,weakly_unstable,0,1,69.96
0.450000,0.906820,40,3000000,1000000,122709,3.14638462e-3,1.22709000e-1,0.071250,0.036432,-2348.710000,3,weakly_unstable,0,1,116.12
1.190000,0.978850,40,3000000,1000000,2934,7.52307692e-5,2.93400000e-3,0.033750,0.038368,-107.140000,3,weakly_unstable,0,1,72.52
1.190000,0.974850,40,3000000,1000000,1776,4.55384615e-5,1.77600000e-3,0.406250,0.351555,-126.890000,3,weakly_unstable,0,1,70.85
1.150000,0.978290,40,3000000,1000000,2933,7.52051282e-5,2.93300000e-3,0.000000,0.002984,-115.147500,3,weakly_unstable,0,1,69.43
1.150000,0.991290,40,3000000,1000000,3637,9.32564103e-5,3.63700000e-3,0.111250,0.098031,-25.227500,3,weakly_unstable,0,1,69.52
1.130000,0.989750,40,3000000,1000000,4746,1.21692308e-4,4.74600000e-3,-0.116250,-0.132125,-44.552500,3,weakly_unstable,0,1,67.53
0.590000,0.960140,40,3000000,1000000,54679,1.40202564e-3,5.46790000e-2,0.007500,0.053744,-659.857500,3,weakly_unstable,0,1,81.20
1.190000,0.987350,40,3000000,1000000,2626,6.73333333e-5,2.62600000e-3,-0.003750,0.006288,-44.515000,3,weakly_unstable,0,1,71.57
0.450000,0.922320,40,3000000,1000000,88211,2.26182051e-3,8.82110000e-2,0.302500,0.446503,-1641.910000,1,metastable,1,1,108.27
1.170000,0.985820,40,3000000,1000000,3613,9.26410256e-5,3.61300000e-3,-0.003750,-0.001056,-45.327500,3,weakly_unstable,0,1,71.42
1.130000,0.993750,40,3000000,1000000,2724,6.98461538e-5,2.72400000e-3,0.076250,0.074998,-10.887500,3,weakly_unstable,0,1,69.09
0.450000,0.908820,40,3000000,1000000,97754,2.50651282e-3,9.77540000e-2,0.047500,-0.080567,-2152.187500,3,weakly_unstable,0,1,117.24
1.190000,0.992350,40,3000000,1000000,2473,6.34102564e-5,2.47300000e-3,-0.025000,-0.040112,-10.687500,5,weakly_unstable,0,1,72.03
0.450000,0.910820,40,3000000,1000000,107548,2.75764103e-3,1.07548000e-1,0.048750,0.069772,-2274.085000,3,weakly_unstable,0,1,117.57
1.190000,0.979350,40,3000000,1000000,2537,6.50512821e-5,2.53700000e-3,0.062500,0.054118,-141.035000,5,weakly_unstable,0,1,71.48
0.450000,0.819820,40,3000000,1000000,165480,4.24307692e-3,1.65480000e-1,-0.036250,0.011640,-6425.207500,3,weakly_unstable,0,1,114.94
1.190000,0.975350,40,3000000,1000000,3120,8.00000000e-5,3.12000000e-3,-0.098750,-0.108155,-206.545000,3,weakly_unstable,0,1,69.77
1.150000,0.978790,40,3000000,1000000,3955,1.01410256e-4,3.95500000e-3,-0.005000,-0.000311,-121.895000,3,weakly_unstable,0,1,70.84
1.150000,0.991790,40,3000000,1000000,3777,9.68461538e-5,3.77700000e-3,0.041250,0.036961,-8.362500,3,weakly_unstable,0,1,70.63
1.130000,0.990250,40,3000000,1000000,3850,9.87179487e-5,3.85000000e-3,-0.118750,-0.108643,-41.990000,3,weakly_unstable,0,1,68.77
0.450000,0.803820,40,3000000,1000000,149719,3.83894872e-3,1.49719000e-1,-0.050000,-0.006544,-7252.582500,3,weakly_unstable,0,1,115.81
1.190000,0.987850,40,3000000,1000000,2376,6.09230769e-5,2.37600000e-3,-0.023750,-0.000419,-36.447500,3,weakly_unstable,0,1,71.11
1.170000,0.986320,40,3000000,1000000,3614,9.26666667e-5,3.61400000e-3,-0.120000,-0.113160,-69.990000,3,weakly_unstable,0,1,69.47
0.450000,0.907320,40,3000000,1000000,119994,3.07676923e-3,1.19994000e-1,-0.275000,0.063608,-2235.595000,3,weakly_unstable,0,1,117.38
0.590000,0.960640,40,3000000,1000000,29759,7.63051282e-4,2.97590000e-2,-0.065000,-0.138541,-681.797500,3,weakly_unstable,0,1,83.39
1.130000,0.994250,40,3000000,1000000,4061,1.04128205e-4,4.06100000e-3,-0.155000,-0.184151,-16.150000,3,weakly_unstable,0,1,68.76
1.190000,0.992850,40,3000000,1000000,2118,5.43076923e-5,2.11800000e-3,-0.026250,-0.019333,-10.625000,5,weakly_unstable,0,1,72.75
1.190000,0.979850,40,3000000,1000000,3533,9.05897436e-5,3.53300000e-3,-0.041250,-0.043376,-93.340000,3,weakly_unstable,0,1,69.34
1.190000,0.975850,40,3000000,1000000,3336,8.55384615e-5,3.33600000e-3,0.050000,0.040579,-145.397500,3,weakly_unstable,0,1,70.46
1.150000,0.979290,40,3000000,1000000,4389,1.12538462e-4,4.38900000e-3,0.172500,0.168714,-113.202500,3,weakly_unstable,0,1,68.73
1.130000,0.990750,40,3000000,1000000,4182,1.07230769e-4,4.18200000e-3,0.048750,0.014122,-13.885000,3,weakly_unstable,0,1,68.29
1.150000,0.992290,40,3000000,1000000,2959,7.58717949e-5,2.95900000e-3,0.066250,0.069888,-14.280000,3,weakly_unstable,0,1,71.25
0.450000,0.922820,40,3000000,1000000,104458,2.67841026e-3,1.04458000e-1,-0.063750,-0.172547,-1681.877500,1,weakly_unstable,0,1,113.67
0.450000,0.909320,40,3000000,1000000,109800,2.81538462e-3,1.09800000e-1,0.112500,0.038420,-2242.782500,3,weakly_unstable,0,1,118.35
1.170000,0.986820,40,3000000,1000000,3600,9.23076923e-5,3.60000000e-3,-0.077500,-0.069384,-19.527500,3,weakly_unstable,0,1,70.28
1.150000,0.980290,40,3000000,1000000,3313,8.49487179e-5,3.31300000e-3,0.078750,0.091971,-160.390000,3,weakly_unstable,0,1,69.18
1.190000,0.988350,40,3000000,1000000,2299,5.89487179e-5,2.29900000e-3,-0.051250,-0.038392,-30.752500,5,weakly_unstable,0,1,73.45
0.450000,0.820320,40,3000000,1000000,166046,4.25758974e-3,1.66046000e-1,0.063750,-0.039169,-6447.115000,3,weakly_unstable,0,1,114.50
0.450000,0.911320,40,3000000,1000000,113451,2.90900000e-3,1.13451000e-1,0.021250,0.018388,-2270.442500,3,weakly_unstable,0,1,117.07
1.130000,0.994750,40,3000000,1000000,3588,9.20000000e-5,3.58800000e-3,-0.120000,-0.151704,-16.910000,3,weakly_unstable,0,1,69.71
0.590000,0.961140,40,3000000,1000000,51273,1.31469231e-3,5.12730000e-2,-0.087500,-0.126926,-667.312500,3,weakly_unstable,0,1,83.98
1.190000,0.980350,40,3000000,1000000,2764,7.08717949e-5,2.76400000e-3,0.075000,0.069124,-144.395000,3,weakly_unstable,0,1,71.99
1.190000,0.993350,40,3000000,1000000,2268,5.81538462e-5,2.26800000e-3,0.033750,0.024964,-18.862500,5,weakly_unstable,0,1,73.68
1.190000,0.990350,40,3000000,1000000,2860,7.33333333e-5,2.86000000e-3,-0.180000,-0.185605,-47.080000,3,weakly_unstable,0,1,71.34
0.450000,0.804320,40,3000000,1000000,159075,4.07884615e-3,1.59075000e-1,0.018750,-0.004536,-7045.230000,3,weakly_unstable,0,1,116.32
1.150000,0.979790,40,3000000,1000000,2106,5.40000000e-5,2.10600000e-3,0.001250,-0.000431,-110.367500,3,weakly_unstable,0,1,70.41
1.150000,0.992790,40,3000000,1000000,3238,8.30256410e-5,3.23800000e-3,-0.105000,-0.107716,-16.042500,3,weakly_unstable,0,1,70.07
1.130000,0.991250,40,3000000,1000000,3404,8.72820513e-5,3.40400000e-3,-0.056250,-0.053798,-19.332500,3,weakly_unstable,0,1,70.36
1.150000,0.980790,40,3000000,1000000,3670,9.41025641e-5,3.67000000e-3,-0.006250,-0.007344,-106.022500,3,weakly_unstable,0,1,69.69
1.170000,0.987320,40,3000000,1000000,3195,8.19230769e-5,3.19500000e-3,0.090000,0.048011,-53.677500,3,weakly_unstable,0,1,70.85
1.190000,0.988850,40,3000000,1000000,3321,8.51538462e-5,3.32100000e-3,0.050000,0.049390,-36.015000,3,weakly_unstable,0,1,70.26
1.130000,0.992250,40,3000000,1000000,4110,1.05384615e-4,4.11000000e-3,0.238750,0.255211,2.952500,3,weakly_unstable,0,1,69.85
1.130000,0.995250,40,3000000,1000000,2864,7.34358974e-5,2.86400000e-3,-0.078750,-0.076192,2.832500,3,weakly_unstable,0,1,68.23
0.450000,0.923320,40,3000000,1000000,131171,3.36335897e-3,1.31171000e-1,0.628750,0.258180,-1649.130000,1,weakly_unstable,0,1,113.34
0.450000,0.943820,40,3000000,1000000,-244613,-6.27212821e-3,-2.44613000e-1,0.005000,0.081446,-910.900000,1,stable,0,0,97.92
1.190000,0.980850,40,3000000,1000000,2321,5.95128205e-5,2.32100000e-3,0.098750,0.098738,-70.210000,3,weakly_unstable,0,1,69.81
1.190000,0.993850,40,3000000,1000000,2186,5.60512821e-5,2.18600000e-3,-0.085000,-0.065404,-7.872500,3,weakly_unstable,0,1,72.22
0.590000,0.961640,40,3000000,1000000,47999,1.23074359e-3,4.79990000e-2,-0.015000,0.042959,-654.145000,3,weakly_unstable,0,1,83.16
1.130000,0.996250,40,3000000,1000000,2907,7.45384615e-5,2.90700000e-3,-0.265000,-0.282738,-7.625000,3,weakly_unstable,0,1,65.52
1.190000,0.990850,40,3000000,1000000,2606,6.68205128e-5,2.60600000e-3,0.100000,0.109905,-44.610000,3,weakly_unstable,0,1,71.69
1.130000,0.991750,40,3000000,1000000,3872,9.92820513e-5,3.87200000e-3,0.017500,0.003006,-24.570000,3,weakly_unstable,0,1,67.76
1.150000,0.993290,40,3000000,1000000,3293,8.44358974e-5,3.29300000e-3,-0.023750,-0.032128,-25.102500,3,weakly_unstable,0,1,68.14
0.450000,0.820820,40,3000000,1000000,157514,4.03882051e-3,1.57514000e-1,-0.021250,-0.043212,-6322.465000,3,weakly_unstable,0,1,113.83
1.150000,0.981290,40,3000000,1000000,3399,8.71538462e-5,3.39900000e-3,0.001250,0.010246,-78.625000,3,weakly_unstable,0,1,69.07
1.170000,0.987820,40,3000000,1000000,3503,8.98205128e-5,3.50300000e-3,0.073750,0.072631,-58.160000,3,weakly_unstable,0,1,68.94
1.130000,0.992750,40,3000000,1000000,3782,9.69743590e-5,3.78200000e-3,-0.001250,-0.003591,-10.557500,3,weakly_unstable,0,1,68.46
1.190000,0.989350,40,3000000,1000000,3333,8.54615385e-5,3.33300000e-3,-0.057500,-0.047087,-16.502500,3,weakly_unstable,0,1,70.54
1.130000,0.995750,40,3000000,1000000,3139,8.04871795e-5,3.13900000e-3,-0.291250,-0.297325,-13.200000,3,weakly_unstable,0,1,64.11
0.450000,0.804820,40,3000000,1000000,137847,3.53453846e-3,1.37847000e-1,-0.040000,0.044880,-7350.072500,3,weakly_unstable,0,1,117.04
1.190000,0.981350,40,3000000,1000000,3233,8.28974359e-5,3.23300000e-3,-0.122500,-0.122661,-59.030000,3,weakly_unstable,0,1,71.23
1.130000,0.996750,40,3000000,1000000,2742,7.03076923e-5,2.74200000e-3,0.070000,0.092456,-7.747500,3,weakly_unstable,0,1,66.07
1.190000,0.994350,40,3000000,1000000,1810,4.64102564e-5,1.81000000e-3,0.043750,0.060549,-7.807500,5,weakly_unstable,0,1,72.12
1.190000,0.991350,40,3000000,1000000,2336,5.98974359e-5,2.33600000e-3,-0.037500,-0.036975,-19.417500,3,weakly_unstable,0,1,71.02
1.150000,0.993790,40,3000000,1000000,2724,6.98461538e-5,2.72400000e-3,-0.050000,-0.053772,-10.795000,3,weakly_unstable,0,1,68.81
1.190000,0.989850,40,3000000,1000000,2169,5.56153846e-5,2.16900000e-3,0.110000,0.070461,-33.657500,3,weakly_unstable,0,1,73.34
0.590000,0.962140,40,3000000,1000000,46935,1.20346154e-3,4.69350000e-2,-0.027500,0.093006,-667.470000,3,weakly_unstable,0,1,82.95
0.450000,0.944320,40,3000000,1000000,-274684,-7.04317949e-3,-2.74684000e-1,0.055000,0.062189,-986.705000,1,stable,0,0,97.08
0.450000,0.923820,40,3000000,1000000,55050,1.41153846e-3,5.50500000e-2,0.625000,0.499240,-1647.892500,1,metastable,1,1,105.71
1.190000,0.996350,40,3000000,1000000,2027,5.19743590e-5,2.02700000e-3,-0.406250,-0.415603,-2.347500,3,weakly_unstable,0,1,64.67
1.150000,0.981790,40,3000000,1000000,3476,8.91282051e-5,3.47600000e-3,-0.091250,-0.131220,-86.780000,3,weakly_unstable,0,1,69.36
1.170000,0.988320,40,3000000,1000000,2525,6.47435897e-5,2.52500000e-3,0.005000,0.017583,-22.550000,3,weakly_unstable,0,1,70.45
1.190000,0.982350,40,3000000,1000000,3007,7.71025641e-5,3.00700000e-3,-0.053750,-0.056366,-81.937500,5,weakly_unstable,0,1,71.51
1.190000,0.981850,40,3000000,1000000,2550,6.53846154e-5,2.55000000e-3,0.021250,0.016088,-118.615000,3,weakly_unstable,0,1,72.36
0.450000,0.821320,40,3000000,1000000,156264,4.00676923e-3,1.56264000e-1,-0.135000,-0.023186,-6425.012500,3,weakly_unstable,0,1,115.62
1.190000,0.994850,40,3000000,1000000,2541,6.51538462e-5,2.54100000e-3,-0.152500,-0.156189,-32.730000,3,weakly_unstable,0,1,67.40
1.190000,0.991850,40,3000000,1000000,2919,7.48461538e-5,2.91900000e-3,0.023750,0.026322,-10.695000,5,weakly_unstable,0,1,71.95
1.150000,0.994290,40,3000000,1000000,3130,8.02564103e-5,3.13000000e-3,-0.021250,-0.011928,-5.885000,3,weakly_unstable,0,1,70.53
1.190000,0.995350,40,3000000,1000000,2604,6.67692308e-5,2.60400000e-3,0.108750,0.073048,-2.305000,5,weakly_unstable,0,1,72.52
0.450000,0.959820,40,3000000,1000000,-763006,-1.95642564e-2,-7.63006000e-1,-0.080000,-0.018223,-522.125000,1,stable,0,0,91.48
0.450000,0.951820,40,3000000,1000000,-539626,-1.38365641e-2,-5.39626000e-1,0.076250,-0.026541,-649.542500,1,stable,0,0,94.00
0.590000,0.962640,40,3000000,1000000,46377,1.18915385e-3,4.63770000e-2,-0.051250,-0.128900,-604.377500,3,weakly_unstable,0,1,84.50
1.190000,0.996850,40,3000000,1000000,1689,4.33076923e-5,1.68900000e-3,0.298750,0.305751,-10.307500,3,weakly_unstable,0,1,65.44
0.450000,0.805320,40,3000000,1000000,146675,3.76089744e-3,1.46675000e-1,0.093750,-0.020521,-7203.952500,3,weakly_unstable,0,1,117.90
1.150000,0.996290,40,3000000,1000000,2883,7.39230769e-5,2.88300000e-3,-0.205000,-0.251313,-2.262500,3,weakly_unstable,0,1,64.83
1.170000,0.988820,40,3000000,1000000,2546,6.52820513e-5,2.54600000e-3,-0.053750,-0.050477,-47.675000,3,weakly_unstable,0,1,70.25
1.190000,0.982850,40,3000000,1000000,2155,5.52564103e-5,2.15500000e-3,-0.122500,-0.133872,-64.905000,3,weakly_unstable,0,1,70.19
0.450000,0.944820,40,3000000,1000000,-283297,-7.26402564e-3,-2.83297000e-1,0.145000,0.110840,-911.992500,1,stable,0,0,98.65
0.450000,0.924320,40,3000000,1000000,66101,1.69489744e-3,6.61010000e-2,-0.465000,-0.388611,-1512.275000,1,weakly_unstable,0,1,108.52
0.450000,0.967820,40,3000000,1000000,-945885,-2.42534615e-2,-9.45885000e-1,-0.035000,0.017424,-326.175000,1,stable,0,0,88.17
1.150000,0.994790,40,3000000,1000000,4104,1.05230769e-4,4.10400000e-3,0.051250,0.027698,-5.142500,3,weakly_unstable,0,1,69.73
1.190000,0.995850,40,3000000,1000000,2575,6.60256410e-5,2.57500000e-3,-0.101250,-0.124065,-2.062500,3,weakly_unstable,0,1,69.28
0.450000,0.955820,40,3000000,1000000,-613460,-1.57297436e-2,-6.13460000e-1,0.030000,0.043983,-554.032500,1,stable,0,0,92.75
1.190000,0.997350,40,3000000,1000000,1437,3.68461538e-5,1.43700000e-3,-0.188750,-0.218778,-2.052500,3,weakly_unstable,0,1,65.51
1.150000,0.996790,40,3000000,1000000,2483,6.36666667e-5,2.48300000e-3,-0.291250,-0.311511,-7.690000,3,weakly_unstable,0,1,64.84
0.450000,0.953820,40,3000000,1000000,-577482,-1.48072308e-2,-5.77482000e-1,-0.111250,0.010700,-612.470000,1,stable,0,0,92.79
0.450000,0.821820,40,3000000,1000000,165047,4.23197436e-3,1.65047000e-1,0.115000,-0.042987,-6444.605000,3,weakly_unstable,0,1,117.32
1.170000,0.989320,40,3000000,1000000,3235,8.29487179e-5,3.23500000e-3,-0.082500,-0.085211,-30.610000,3,weakly_unstable,0,1,68.69
0.450000,0.960320,40,3000000,1000000,-745647,-1.91191538e-2,-7.45647000e-1,-0.103750,-0.043592,-514.332500,1,stable,0,0,90.55
0.590000,0.963140,40,3000000,1000000,48796,1.25117949e-3,4.87960000e-2,0.165000,0.121546,-574.502500,3,weakly_unstable,0,1,82.87
1.190000,0.983350,40,3000000,1000000,2370,6.07692308e-5,2.37000000e-3,-0.041250,-0.040872,-109.125000,3,weakly_unstable,0,1,69.86
0.450000,0.952320,40,3000000,1000000,-507261,-1.30066923e-2,-5.07261000e-1,-0.137500,-0.038997,-761.487500,1,stable,0,0,94.17
0.450000,0.945320,40,3000000,1000000,-330967,-8.48633333e-3,-3.30967000e-1,0.148750,0.063850,-899.505000,1,stable,0,0,97.84
1.150000,0.995290,40,3000000,1000000,3401,8.72051282e-5,3.40100000e-3,0.050000,0.040795,-5.360000,3,weakly_unstable,0,1,68.72
0.450000,0.805820,40,3000000,1000000,150503,3.85905128e-3,1.50503000e-1,-0.033750,-0.020914,-7255.322500,3,weakly_unstable,0,1,115.95
0.450000,0.968320,40,3000000,1000000,-898343,-2.30344359e-2,-8.98343000e-1,-0.080000,-0.021622,-403.387500,1,stable,0,0,85.98
1.150000,0.997290,40,3000000,1000000,2386,6.11794872e-5,2.38600000e-3,-0.201250,-0.209938,-4.740000,3,weakly_unstable,0,1,65.08
1.190000,0.997850,40,3000000,1000000,1208,3.09743590e-5,1.20800000e-3,-0.045000,-0.046579,0.677500,3,weakly_unstable,0,1,65.59
0.450000,0.924820,40,3000000,1000000,94711,2.42848718e-3,9.47110000e-2,0.000000,0.237369,-1632.687500,1,weakly_unstable,0,1,113.25
1.170000,0.989820,40,3000000,1000000,3166,8.11794872e-5,3.16600000e-3,0.032500,0.052626,-36.777500,3,weakly_unstable,0,1,70.02
1.190000,0.983850,40,3000000,1000000,2981,7.64358974e-5,2.98100000e-3,0.086250,0.096251,-73.242500,3,weakly_unstable,0,1,70.08
0.450000,0.956320,40,3000000,1000000,-611479,-1.56789487e-2,-6.11479000e-1,0.116250,0.058773,-644.785000,1,stable,0,0,93.64
0.590000,0.963640,40,3000000,1000000,45379,1.16356410e-3,4.53790000e-2,0.150000,0.091841,-580.120000,3,weakly_unstable,0,1,82.90
0.450000,0.954320,40,3000000,1000000,-543758,-1.39425128e-2,-5.43758000e-1,-0.037500,0.030297,-708.827500,1,stable,0,0,93.10
0.450000,0.927820,40,3000000,1000000,91732,2.35210256e-3,9.17320000e-2,0.387500,0.057411,-1535.235000,1,weakly_unstable,0,1,110.99
0.450000,0.960820,40,3000000,1000000,-691374,-1.77275385e-2,-6.91374000e-1,-0.022500,-0.064731,-502.020000,1,stable,0,0,91.17
0.450000,0.952820,40,3000000,1000000,-498360,-1.27784615e-2,-4.98360000e-1,-0.022500,0.017813,-726.187500,1,stable,0,0,94.87
1.150000,0.995790,40,3000000,1000000,2521,6.46410256e-5,2.52100000e-3,-0.127500,-0.123458,-2.470000,3,weakly_unstable,0,1,70.18
0.450000,0.822320,40,3000000,1000000,154912,3.97210256e-3,1.54912000e-1,0.162500,-0.041656,-6221.305000,3,weakly_unstable,0,1,115.57
1.190000,0.998350,40,3000000,1000000,1172,3.00512821e-5,1.17200000e-3,0.073750,0.087329,-1.960000,3,weakly_unstable,0,1,64.66
1.150000,0.997790,40,3000000,1000000,2653,6.80256410e-5,2.65300000e-3,-0.077500,-0.074183,-2.042500,3,weakly_unstable,0,1,65.35
0.450000,0.968820,40,3000000,1000000,-913050,-2.34115385e-2,-9.13050000e-1,-0.058750,0.008967,-349.712500,1,stable,0,0,87.60
0.450000,0.945820,40,3000000,1000000,-349865,-8.97089744e-3,-3.49865000e-1,-0.116250,-0.010852,-850.707500,1,stable,0,0,97.46
1.170000,0.990320,40,3000000,1000000,3319,8.51025641e-5,3.31900000e-3,-0.067500,-0.073175,-25.045000,3,weakly_unstable,0,1,71.52
0.450000,0.806320,40,3000000,1000000,131474,3.37112821e-3,1.31474000e-1,-0.037500,0.021412,-7122.292500,3,weakly_unstable,0,1,114.10
0.590000,0.964140,40,3000000,1000000,43896,1.12553846e-3,4.38960000e-2,0.156250,-0.023426,-564.697500,3,weakly_unstable,0,1,83.22
0.590000,0.966140,40,3000000,1000000,48211,1.23617949e-3,4.82110000e-2,-0.042500,-0.215197,-534.667500,3,weakly_unstable,0,1,82.63
0.450000,0.956820,40,3000000,1000000,-668175,-1.71326923e-2,-6.68175000e-1,0.028750,0.064387,-507.137500,1,stable,0,0,90.58
0.450000,0.925320,40,3000000,1000000,103088,2.64328205e-3,1.03088000e-1,-0.243750,-0.459032,-1528.430000,1,metastable,1,1,109.69
0.450000,0.954820,40,3000000,1000000,-555482,-1.42431282e-2,-5.55482000e-1,0.010000,0.050880,-602.057500,1,stable,0,0,93.25
0.450000,0.961320,40,3000000,1000000,-738643,-1.89395641e-2,-7.38643000e-1,0.096250,0.058437,-497.050000,1,stable,0,0,91.18
1.190000,0.998850,40,3000000,1000000,1326,3.40000000e-5,1.32600000e-3,0.098750,0.126332,-2.022500,3,weakly_unstable,0,1,66.78
0.450000,0.928320,40,3000000,1000000,62029,1.59048718e-3,6.20290000e-2,-0.350000,-0.294529,-1331.907500,1,weakly_unstable,0,1,106.81
0.450000,0.971820,40,3000000,1000000,-1061751,-2.72243846e-2,-1.06175100e0,-0.042500,-0.048717,-288.220000,1,stable,0,0,86.77
0.450000,0.953320,40,3000000,1000000,-555552,-1.42449231e-2,-5.55552000e-1,0.065000,0.008971,-642.562500,1,stable,0,0,94.11
0.450000,0.969820,40,3000000,1000000,-934044,-2.39498462e-2,-9.34044000e-1,0.010000,0.007094,-318.342500,1,stable,0,0,87.10
1.170000,0.990820,40,3000000,1000000,2879,7.38205128e-5,2.87900000e-3,0.141250,0.158100,-25.437500,3,weakly_unstable,0,1,71.30
0.450000,0.969320,40,3000000,1000000,-1003418,-2.57286667e-2,-1.00341800e0,-0.011250,-0.021053,-314.977500,1,stable,0,0,88.32
0.450000,0.822820,40,3000000,1000000,125931,3.22900000e-3,1.25931000e-1,-0.035000,-0.002320,-6202.527500,3,weakly_unstable,0,1,116.51
0.450000,0.946320,40,3000000,1000000,-325688,-8.35097436e-3,-3.25688000e-1,-0.127500,-0.031544,-892.577500,1,stable,0,0,97.71
0.590000,0.964640,40,3000000,1000000,38618,9.90205128e-4,3.86180000e-2,-0.405000,-0.129986,-601.577500,3,weakly_unstable,0,1,83.49
1.190000,0.999350,40,3000000,1000000,-2292,-5.87692308e-5,-2.29200000e-3,-0.573750,-0.544510,-1.942500,1,chaotic,0,0,57.38
0.590000,0.966640,40,3000000,1000000,35951,9.21820513e-4,3.59510000e-2,0.341250,0.090986,-511.792500,3,weakly_unstable,0,1,85.41
0.450000,0.957320,40,3000000,1000000,-606697,-1.55563333e-2,-6.06697000e-1,-0.022500,-0.029781,-598.145000,1,stable,0,0,93.03
0.450000,0.806820,40,3000000,1000000,124315,3.18756410e-3,1.24315000e-1,-0.090000,0.005446,-7283.297500,3,weakly_unstable,0,1,116.03
0.450000,0.955320,40,3000000,1000000,-575529,-1.47571538e-2,-5.75529000e-1,0.020000,0.031493,-563.300000,1,stable,0,0,92.89
0.450000,0.961820,40,3000000,1000000,-805528,-2.06545641e-2,-8.05528000e-1,0.032500,-0.046258,-487.417500,1,stable,0,0,91.44
0.450000,0.972320,40,3000000,1000000,-1056586,-2.70919487e-2,-1.05658600e0,-0.006250,-0.010409,-225.487500,1,stable,0,0,86.35
0.450000,0.925820,40,3000000,1000000,61143,1.56776923e-3,6.11430000e-2,0.583750,0.498420,-1458.895000,1,metastable,1,1,107.52
1.170000,0.991320,40,3000000,1000000,2584,6.62564103e-5,2.58400000e-3,-0.067500,-0.061782,-22.152500,3,weakly_unstable,0,1,70.84
0.450000,0.957820,40,3000000,1000000,-603450,-1.54730769e-2,-6.03450000e-1,0.001250,-0.024363,-573.545000,1,stable,0,0,93.04
0.450000,0.970320,40,3000000,1000000,-991586,-2.54252821e-2,-9.91586000e-1,-0.036250,0.009840,-347.370000,1,stable,0,0,87.30
0.450000,0.928820,40,3000000,1000000,25296,6.48615385e-4,2.52960000e-2,0.443750,0.447251,-1334.412500,1,metastable,1,1,106.62
1.190000,0.999850,40,3000000,1000000,-3377,-8.65897436e-5,-3.37700000e-3,0.841250,0.829106,-1.955000,1,chaotic,0,0,58.73
0.590000,0.967140,40,3000000,1000000,36117,9.26076923e-4,3.61170000e-2,-0.026250,-0.042987,-479.172500,3,weakly_unstable,0,1,84.72
0.590000,0.965140,40,3000000,1000000,38849,9.96128205e-4,3.88490000e-2,0.241250,0.215394,-602.557500,3,weakly_unstable,0,1,82.08
1.170000,0.995320,40,3000000,1000000,2321,5.95128205e-5,2.32100000e-3,-0.001250,-0.007035,-2.157500,3,weakly_unstable,0,1,72.27
0.450000,0.946820,40,3000000,1000000,-411749,-1.05576667e-2,-4.11749000e-1,0.033750,0.015319,-845.212500,1,stable,0,0,96.00
0.450000,0.823320,40,3000000,1000000,150150,3.85000000e-3,1.50150000e-1,0.140000,0.011813,-6170.562500,3,weakly_unstable,0,1,114.88
0.450000,0.958820,40,3000000,1000000,-702225,-1.80057692e-2,-7.02225000e-1,-0.070000,-0.057826,-535.947500,1,stable,0,0,93.00
1.170000,0.991820,40,3000000,1000000,2795,7.16666667e-5,2.79500000e-3,0.010000,0.021707,-25.000000,3,weakly_unstable,0,1,69.81
1.190000,1.000000,40,3000000,1000000,-682,-1.74871795e-5,-6.82000000e-4,0.000000,-0.000010,-1.950000,1,stable,0,0,56.71
0.450000,0.959320,40,3000000,1000000,-661305,-1.69565385e-2,-6.61305000e-1,-0.096250,-0.026332,-566.122500,1,stable,0,0,91.33
0.450000,0.962320,40,3000000,1000000,-750445,-1.92421795e-2,-7.50445000e-1,0.005000,0.040623,-443.467500,1,stable,0,0,91.64
0.450000,0.972820,40,3000000,1000000,-1107368,-2.83940513e-2,-1.10736800e0,0.046250,0.023048,-231.807500,1,stable,0,0,86.78
0.450000,0.970820,40,3000000,1000000,-1065002,-2.73077436e-2,-1.06500200e0,-0.016250,0.003760,-331.800000,1,stable,0,0,87.28
0.450000,0.958320,40,3000000,1000000,-649826,-1.66622051e-2,-6.49826000e-1,0.033750,0.019425,-492.152500,1,stable,0,0,92.47
0.450000,0.807320,40,3000000,1000000,156480,4.01230769e-3,1.56480000e-1,-0.167500,-0.029577,-7137.600000,3,weakly_unstable,0,1,115.84
0.590000,0.967640,40,3000000,1000000,39003,1.00007692e-3,3.90030000e-2,-0.066250,0.003147,-452.085000,3,weakly_unstable,0,1,83.23
0.450000,0.926320,40,3000000,1000000,40139,1.02920513e-3,4.01390000e-2,0.548750,0.511264,-1488.355000,1,metastable,1,1,105.83
1.170000,0.995820,40,3000000,1000000,2052,5.26153846e-5,2.05200000e-3,0.188750,0.169161,-10.887500,3,weakly_unstable,0,1,71.97
0.590000,0.965640,40,3000000,1000000,34595,8.87051282e-4,3.45950000e-2,-0.116250,-0.056922,-554.295000,3,weakly_unstable,0,1,83.14
0.450000,0.929320,40,3000000,1000000,17357,4.45051282e-4,1.73570000e-2,0.616250,0.534920,-1410.110000,1,metastable,1,1,107.17
1.170000,0.992320,40,3000000,1000000,3527,9.04358974e-5,3.52700000e-3,0.018750,0.028344,-19.560000,3,weakly_unstable,0,1,69.82
0.450000,0.947320,40,3000000,1000000,-362141,-9.28566667e-3,-3.62141000e-1,-0.001250,0.089017,-794.265000,1,stable,0,0,96.03
0.450000,0.973320,40,3000000,1000000,-1119685,-2.87098718e-2,-1.11968500e0,0.010000,0.035626,-240.955000,1,stable,0,0,84.42
0.450000,0.935820,40,3000000,1000000,-130402,-3.34364103e-3,-1.30402000e-1,-0.192500,-0.026802,-1109.527500,1,stable,0,0,102.76
0.450000,0.962820,40,3000000,1000000,-792713,-2.03259744e-2,-7.92713000e-1,-0.081250,-0.021877,-408.452500,1,stable,0,0,89.39
0.450000,0.823820,40,3000000,1000000,152929,3.92125641e-3,1.52929000e-1,0.210000,0.008856,-6246.645000,3,weakly_unstable,0,1,115.46
1.170000,0.996320,40,3000000,1000000,2101,5.38717949e-5,2.10100000e-3,-0.306250,-0.312953,-13.102500,3,weakly_unstable,0,1,65.93
0.450000,0.931820,40,3000000,1000000,-35225,-9.03205128e-4,-3.52250000e-2,-0.353750,-0.110371,-1208.650000,1,stable,0,0,107.53
0.450000,0.933820,40,3000000,1000000,-32054,-8.21897436e-4,-3.20540000e-2,-0.090000,-0.177358,-1249.290000,1,stable,0,0,105.13
0.450000,0.971320,40,3000000,1000000,-996225,-2.55442308e-2,-9.96225000e-1,0.050000,0.023379,-264.057500,1,stable,0,0,87.68
0.450000,0.963820,40,3000000,1000000,-863126,-2.21314359e-2,-8.63126000e-1,0.066250,0.053934,-427.382500,1,stable,0,0,88.55
0.450000,0.929820,40,3000000,1000000,26438,6.77897436e-4,2.64380000e-2,0.397500,0.436413,-1433.870000,1,metastable,1,1,105.05
0.450000,0.963320,40,3000000,1000000,-837027,-2.14622308e-2,-8.37027000e-1,0.067500,0.036472,-459.382500,1,stable,0,0,87.57
0.450000,0.926820,40,3000000,1000000,8729,2.23820513e-4,8.72900000e-3,-0.368750,-0.444971,-1424.577500,1,metastable,1,1,105.26
1.170000,0.992820,40,3000000,1000000,2738,7.02051282e-5,2.73800000e-3,0.058750,0.070467,-16.410000,3,weakly_unstable,0,1,71.74
0.450000,0.807820,40,3000000,1000000,136749,3.50638462e-3,1.36749000e-1,0.035000,-0.033829,-7194.312500,3,weakly_unstable,0,1,116.34
0.450000,0.947820,40,3000000,1000000,-390873,-1.00223846e-2,-3.90873000e-1,-0.045000,0.054662,-741.900000,1,stable,0,0,96.93
1.170000,0.996820,40,3000000,1000000,-1,-2.56410256e-8,-1.00000000e-6,-0.300000,-0.300022,-7.735000,3,weakly_unstable,0,0,65.24
0.450000,0.973820,40,3000000,1000000,-1084532,-2.78085128e-2,-1.08453200e0,0.031250,0.022938,-270.167500,1,stable,0,0,85.36
0.450000,0.811320,40,3000000,1000000,163632,4.19569231e-3,1.63632000e-1,0.038750,-0.023283,-6967.977500,3,weakly_unstable,0,1,115.41
0.450000,0.936320,40,3000000,1000000,-92810,-2.37974359e-3,-9.28100000e-2,-0.268750,-0.159582,-1205.715000,1,stable,0,0,104.68
1.170000,0.993320,40,3000000,1000000,2462,6.31282051e-5,2.46200000e-3,-0.196250,-0.187005,-10.812500,3,weakly_unstable,0,1,69.43
0.450000,0.964320,40,3000000,1000000,-840147,-2.15422308e-2,-8.40147000e-1,-0.007500,0.005010,-369.292500,1,stable,0,0,90.35
1.170000,0.997320,40,3000000,1000000,1457,3.73589744e-5,1.45700000e-3,0.266250,0.295078,-4.887500,3,weakly_unstable,0,1,65.43
0.450000,0.932320,40,3000000,1000000,-76795,-1.96910256e-3,-7.67950000e-2,0.427500,0.286188,-1243.297500,1,stable,0,0,105.56
0.450000,0.809320,40,3000000,1000000,150067,3.84787179e-3,1.50067000e-1,0.013750,0.012892,-6971.440000,3,weakly_unstable,0,1,115.23
0.450000,0.934320,40,3000000,1000000,-71945,-1.84474359e-3,-7.19450000e-2,0.365000,0.362548,-1212.007500,1,stable,0,0,104.00
0.450000,0.824320,40,3000000,1000000,151305,3.87961538e-3,1.51305000e-1,-0.045000,-0.025542,-6414.412500,3,weakly_unstable,0,1,116.45
0.450000,0.808320,40,3000000,1000000,141744,3.63446154e-3,1.41744000e-1,-0.181250,-0.001754,-7144.582500,3,weakly_unstable,0,1,117.61
0.450000,0.930320,40,3000000,1000000,-12084,-3.09846154e-4,-1.20840000e-2,0.302500,0.409462,-1361.742500,1,chaotic,0,0,106.36
0.450000,0.948320,40,3000000,1000000,-383574,-9.83523077e-3,-3.83574000e-1,0.022500,0.004166,-873.550000,1,stable,0,0,95.69
0.450000,0.927320,40,3000000,1000000,51979,1.33279487e-3,5.19790000e-2,-0.252500,-0.281845,-1467.905000,1,weakly_unstable,0,1,109.58
0.450000,0.808820,40,3000000,1000000,147961,3.79387179e-3,1.47961000e-1,0.038750,0.022578,-7105.140000,3,weakly_unstable,0,1,115.55
0.450000,0.974320,40,3000000,1000000,-1150345,-2.94960256e-2,-1.15034500e0,-0.048750,-0.019168,-216.355000,1,stable,0,0,85.08
0.450000,0.932820,40,3000000,1000000,-129107,-3.31043590e-3,-1.29107000e-1,-0.100000,0.045351,-1210.712500,1,stable,0,0,102.67
1.170000,0.997820,40,3000000,1000000,2162,5.54358974e-5,2.16200000e-3,-0.175000,-0.180679,-2.285000,3,weakly_unstable,0,1,65.47
1.170000,0.993820,40,3000000,1000000,3056,7.83589744e-5,3.05600000e-3,0.002500,0.012719,-10.865000,3,weakly_unstable,0,1,71.08
0.450000,0.964820,40,3000000,1000000,-833658,-2.13758462e-2,-8.33658000e-1,0.046250,-0.030033,-372.947500,1,stable,0,0,89.07
0.450000,0.811820,40,3000000,1000000,133833,3.43161538e-3,1.33833000e-1,-0.093750,-0.035361,-6979.750000,3,weakly_unstable,0,1,115.80
0.450000,0.936820,40,3000000,1000000,-225599,-5.78458974e-3,-2.25599000e-1,-0.333750,-0.182528,-1189.872500,1,stable,0,0,101.49
0.450000,0.949820,40,3000000,1000000,-501376,-1.28557949e-2,-5.01376000e-1,-0.143750,-0.031636,-735.012500,1,stable,0,0,96.00
1.170000,0.994320,40,3000000,1000000,2916,7.47692308e-5,2.91600000e-3,-0.012500,-0.016437,-5.202500,3,weakly_unstable,0,1,71.58
0.450000,0.934820,40,3000000,1000000,-100694,-2.58189744e-3,-1.00694000e-1,-0.186250,-0.129320,-1231.037500,1,stable,0,0,103.48
1.170000,0.994820,40,3000000,1000000,3026,7.75897436e-5,3.02600000e-3,0.028750,0.015266,0.642500,3,weakly_unstable,0,1,71.80
0.450000,0.809820,40,3000000,1000000,138222,3.54415385e-3,1.38222000e-1,-0.006250,-0.028221,-6864.007500,3,weakly_unstable,0,1,115.54
0.450000,0.824820,40,3000000,1000000,159054,4.07830769e-3,1.59054000e-1,0.083750,0.051305,-6289.692500,3,weakly_unstable,0,1,114.93
0.450000,0.948820,40,3000000,1000000,-408926,-1.04852821e-2,-4.08926000e-1,0.020000,0.068488,-734.025000,1,stable,0,0,96.88
1.170000,0.998320,40,3000000,1000000,1337,3.42820513e-5,1.33700000e-3,-0.262500,-0.276321,-1.955000,3,weakly_unstable,0,1,65.53
0.450000,0.930820,40,3000000,1000000,-16776,-4.30153846e-4,-1.67760000e-2,0.017500,0.334444,-1409.075000,1,stable,0,0,103.13
0.450000,0.810320,40,3000000,1000000,151698,3.88969231e-3,1.51698000e-1,0.045000,0.028120,-6907.197500,3,weakly_unstable,0,1,117.59
0.450000,0.974820,40,3000000,1000000,-1167220,-2.99287179e-2,-1.16722000e0,-0.003750,0.021540,-252.225000,1,stable,0,0,85.24
0.450000,0.933320,40,3000000,1000000,-79487,-2.03812821e-3,-7.94870000e-2,-0.451250,-0.156381,-1355.180000,1,stable,0,0,102.64
0.450000,0.931320,40,3000000,1000000,-17440,-4.47179487e-4,-1.74400000e-2,-0.476250,-0.081491,-1308.005000,1,stable,0,0,105.81
0.450000,0.965320,40,3000000,1000000,-833518,-2.13722564e-2,-8.33518000e-1,0.000000,0.012698,-371.765000,1,stable,0,0,90.60
1.170000,0.998820,40,3000000,1000000,1429,3.66410256e-5,1.42900000e-3,0.095000,0.096987,-2.017500,3,weakly_unstable,0,1,65.94
0.450000,0.937320,40,3000000,1000000,-97593,-2.50238462e-3,-9.75930000e-2,-0.027500,0.018425,-1097.502500,1,stable,0,0,101.68
0.450000,0.950320,40,3000000,1000000,-434810,-1.11489744e-2,-4.34810000e-1,-0.050000,-0.051945,-710.010000,1,stable,0,0,96.51
0.450000,0.812320,40,3000000,1000000,144786,3.71246154e-3,1.44786000e-1,-0.062500,-0.014743,-7007.045000,3,weakly_unstable,0,1,116.76
0.450000,0.939820,40,3000000,1000000,-197663,-5.06828205e-3,-1.97663000e-1,0.150000,0.028356,-1020.967500,1,stable,0,0,99.15
0.450000,0.935320,40,3000000,1000000,-117960,-3.02461538e-3,-1.17960000e-1,-0.226250,-0.181412,-1097.680000,1,stable,0,0,103.49
0.450000,0.949320,40,3000000,1000000,-402624,-1.03236923e-2,-4.02624000e-1,0.005000,0.099688,-729.557500,1,stable,0,0,95.40
0.450000,0.950820,40,3000000,1000000,-526136,-1.34906667e-2,-5.26136000e-1,-0.057500,-0.012231,-731.177500,1,stable,0,0,94.70
0.450000,0.975320,40,3000000,1000000,-1143596,-2.93229744e-2,-1.14359600e0,-0.032500,-0.001599,-205.467500,1,stable,0,0,85.15
0.450000,0.813320,40,3000000,1000000,164834,4.22651282e-3,1.64834000e-1,-0.338750,-0.056008,-6952.352500,3,weakly_unstable,0,1,116.47
0.450000,0.812820,40,3000000,1000000,148745,3.81397436e-3,1.48745000e-1,0.026250,0.042270,-6814.250000,3,weakly_unstable,0,1,115.94
0.450000,0.825320,40,3000000,1000000,145001,3.71797436e-3,1.45001000e-1,0.020000,-0.025184,-6238.825000,3,weakly_unstable,0,1,114.48
0.450000,0.810820,40,3000000,1000000,160165,4.10679487e-3,1.60165000e-1,-0.142500,-0.037821,-6901.790000,3,weakly_unstable,0,1,116.23
0.450000,0.965820,40,3000000,1000000,-887553,-2.27577692e-2,-8.87553000e-1,-0.047500,-0.047201,-367.917500,1,stable,0,0,87.96
0.450000,0.937820,40,3000000,1000000,-93170,-2.38897436e-3,-9.31700000e-2,0.366250,0.365646,-1153.795000,1,stable,0,0,103.50
0.450000,0.831320,40,3000000,1000000,142796,3.66143590e-3,1.42796000e-1,0.177500,0.038955,-5962.827500,3,weakly_unstable,0,1,115.87
0.450000,0.975820,40,3000000,1000000,-1136226,-2.91340000e-2,-1.13622600e0,-0.035000,-0.023452,-193.247500,1,stable,0,0,86.27
0.450000,0.940320,40,3000000,1000000,-265543,-6.80879487e-3,-2.65543000e-1,0.241250,0.113262,-957.722500,1,stable,0,0,98.91
0.450000,0.827320,40,3000000,1000000,155503,3.98725641e-3,1.55503000e-1,-0.007500,-0.027094,-6044.015000,3,weakly_unstable,0,1,115.81
0.450000,0.826320,40,3000000,1000000,141008,3.61558974e-3,1.41008000e-1,0.087500,-0.018085,-6314.620000,3,weakly_unstable,0,1,117.04
0.450000,0.825820,40,3000000,1000000,160364,4.11189744e-3,1.60364000e-1,0.207500,-0.041275,-6078.572500,3,weakly_unstable,0,1,117.13
0.450000,0.826820,40,3000000,1000000,165093,4.23315385e-3,1.65093000e-1,-0.016250,0.013418,-6206.900000,3,weakly_unstable,0,1,114.48
0.450000,0.951320,40,3000000,1000000,-430468,-1.10376410e-2,-4.30468000e-1,-0.007500,-0.067787,-698.792500,1,stable,0,0,96.18
0.450000,0.938820,40,3000000,1000000,-148374,-3.80446154e-3,-1.48374000e-1,0.223750,0.154975,-1001.002500,1,stable,0,0,100.01
0.450000,0.966820,40,3000000,1000000,-842546,-2.16037436e-2,-8.42546000e-1,-0.111250,-0.069373,-359.622500,1,stable,0,0,89.62
0.450000,0.939320,40,3000000,1000000,-171687,-4.40223077e-3,-1.71687000e-1,0.052500,0.020643,-1085.502500,1,stable,0,0,99.25
0.450000,0.813820,40,3000000,1000000,148955,3.81935897e-3,1.48955000e-1,0.037500,-0.008969,-6491.380000,3,weakly_unstable,0,1,117.14
0.450000,0.966320,40,3000000,1000000,-856607,-2.19642821e-2,-8.56607000e-1,0.001250,0.025606,-411.995000,1,stable,0,0,89.73
0.450000,0.839320,40,3000000,1000000,166495,4.26910256e-3,1.66495000e-1,0.111250,-0.052076,-5571.015000,3,weakly_unstable,0,1,116.74
0.450000,0.843320,40,3000000,1000000,146689,3.76125641e-3,1.46689000e-1,-0.061250,0.051039,-5201.930000,3,weakly_unstable,0,1,115.44
0.450000,0.938320,40,3000000,1000000,-154776,-3.96861538e-3,-1.54776000e-1,0.088750,0.047471,-1139.705000,1,stable,0,0,103.29
0.450000,0.967320,40,3000000,1000000,-947987,-2.43073590e-2,-9.47987000e-1,0.040000,0.001233,-294.087500,1,stable,0,0,89.71
0.450000,0.831820,40,3000000,1000000,140831,3.61105128e-3,1.40831000e-1,0.210000,-0.066440,-5972.487500,3,weakly_unstable,0,1,115.15
0.450000,0.940820,40,3000000,1000000,-239813,-6.14905128e-3,-2.39813000e-1,-0.198750,-0.078078,-990.195000,1,stable,0,0,100.04
0.450000,0.841320,40,3000000,1000000,158996,4.07682051e-3,1.58996000e-1,-0.083750,-0.006125,-5369.770000,3,weakly_unstable,0,1,116.08
0.450000,0.941820,40,3000000,1000000,-276565,-7.09141026e-3,-2.76565000e-1,0.213750,0.166322,-939.370000,1,stable,0,0,98.02
0.450000,0.827820,40,3000000,1000000,164701,4.22310256e-3,1.64701000e-1,-0.212500,0.029869,-6106.805000,3,weakly_unstable,0,1,117.57
0.450000,0.814320,40,3000000,1000000,159990,4.10230769e-3,1.59990000e-1,0.071250,0.020550,-6802.890000,3,weakly_unstable,0,1,116.74
0.450000,0.835320,40,3000000,1000000,169137,4.33684615e-3,1.69137000e-1,0.062500,0.021720,-5691.695000,3,weakly_unstable,0,1,113.96
0.450000,0.833320,40,3000000,1000000,158041,4.05233333e-3,1.58041000e-1,0.077500,-0.039862,-5885.605000,3,weakly_unstable,0,1,114.98
0.450000,0.840320,40,3000000,1000000,149492,3.83312821e-3,1.49492000e-1,0.056250,0.011291,-5379.832500,3,weakly_unstable,0,1,115.18
0.450000,0.837320,40,3000000,1000000,163725,4.19807692e-3,1.63725000e-1,-0.101250,-0.062450,-5602.717500,3,weakly_unstable,0,1,118.85
0.450000,0.836320,40,3000000,1000000,152020,3.89794872e-3,1.52020000e-1,-0.170000,-0.071581,-5809.297500,3,weakly_unstable,0,1,115.57
0.450000,0.834320,40,3000000,1000000,168685,4.32525641e-3,1.68685000e-1,0.083750,0.039783,-5756.150000,3,weakly_unstable,0,1,115.77
0.450000,0.839820,40,3000000,1000000,156581,4.01489744e-3,1.56581000e-1,0.033750,-0.011742,-5683.462500,3,weakly_unstable,0,1,114.13
0.450000,0.843820,40,3000000,1000000,153814,3.94394872e-3,1.53814000e-1,0.046250,-0.028543,-5312.272500,3,weakly_unstable,0,1,116.71
0.450000,0.834820,40,3000000,1000000,160887,4.12530769e-3,1.60887000e-1,0.132500,0.019482,-5694.110000,3,weakly_unstable,0,1,116.86
0.450000,0.941320,40,3000000,1000000,-255048,-6.53969231e-3,-2.55048000e-1,0.148750,0.177447,-977.507500,1,stable,0,0,98.63
0.450000,0.832320,40,3000000,1000000,157103,4.02828205e-3,1.57103000e-1,0.183750,-0.014783,-5958.182500,3,weakly_unstable,0,1,115.31
0.450000,0.838320,40,3000000,1000000,171937,4.40864103e-3,1.71937000e-1,-0.105000,-0.031180,-5655.285000,3,weakly_unstable,0,1,116.99
0.450000,0.942320,40,3000000,1000000,-251416,-6.44656410e-3,-2.51416000e-1,0.253750,0.092288,-985.442500,1,stable,0,0,98.90
0.450000,0.841820,40,3000000,1000000,160832,4.12389744e-3,1.60832000e-1,0.128750,-0.029742,-5475.222500,3,weakly_unstable,0,1,114.30
0.450000,0.814820,40,3000000,1000000,140514,3.60292308e-3,1.40514000e-1,-0.005000,-0.018657,-6656.422500,3,weakly_unstable,0,1,115.01
0.450000,0.828320,40,3000000,1000000,157739,4.04458974e-3,1.57739000e-1,0.148750,0.057905,-6448.120000,3,weakly_unstable,0,1,115.88
0.450000,0.835820,40,3000000,1000000,153449,3.93458974e-3,1.53449000e-1,0.005000,-0.029476,-5785.010000,3,weakly_unstable,0,1,115.81
0.450000,0.833820,40,3000000,1000000,154767,3.96838462e-3,1.54767000e-1,0.092500,-0.030600,-5883.310000,3,weakly_unstable,0,1,117.02
0.450000,0.840820,40,3000000,1000000,160473,4.11469231e-3,1.60473000e-1,-0.008750,-0.043736,-5656.177500,3,weakly_unstable,0,1,116.06
0.450000,0.837820,40,3000000,1000000,159064,4.07856410e-3,1.59064000e-1,-0.188750,-0.056649,-5764.067500,3,weakly_unstable,0,1,115.00
0.450000,0.942820,40,3000000,1000000,-225703,-5.78725641e-3,-2.25703000e-1,0.026250,0.066603,-959.382500,1,stable,0,0,99.49
0.450000,0.836820,40,3000000,1000000,162177,4.15838462e-3,1.62177000e-1,0.040000,-0.016960,-5594.332500,3,weakly_unstable,0,1,116.82
0.450000,0.829320,40,3000000,1000000,148848,3.81661538e-3,1.48848000e-1,0.011250,-0.054569,-6019.520000,3,weakly_unstable,0,1,116.09
0.450000,0.844320,40,3000000,1000000,155622,3.99030769e-3,1.55622000e-1,-0.035000,-0.038528,-5193.920000,3,weakly_unstable,0,1,114.98
0.450000,0.838820,40,3000000,1000000,146044,3.74471795e-3,1.46044000e-1,-0.076250,-0.039235,-5532.382500,3,weakly_unstable,0,1,114.46
0.450000,0.943320,40,3000000,1000000,-251333,-6.44443590e-3,-2.51333000e-1,-0.241250,-0.153289,-917.210000,1,stable,0,0,100.70
0.450000,0.832820,40,3000000,1000000,160682,4.12005128e-3,1.60682000e-1,-0.028750,0.022352,-5854.702500,3,weakly_unstable,0,1,113.70
0.450000,0.842320,40,3000000,1000000,158426,4.06220513e-3,1.58426000e-1,-0.158750,-0.077566,-5249.585000,3,weakly_unstable,0,1,116.83
0.450000,0.828820,40,3000000,1000000,154539,3.96253846e-3,1.54539000e-1,-0.092500,-0.058731,-6174.255000,3,weakly_unstable,0,1,116.55
0.450000,0.845320,40,3000000,1000000,154404,3.95907692e-3,1.54404000e-1,0.190000,0.030311,-5309.252500,3,weakly_unstable,0,1,114.28
0.450000,0.846320,40,3000000,1000000,143192,3.67158974e-3,1.43192000e-1,-0.056250,0.028908,-5298.315000,3,weakly_unstable,0,1,112.23
0.450000,0.846820,40,3000000,1000000,161098,4.13071795e-3,1.61098000e-1,0.183750,-0.059463,-5096.242500,3,weakly_unstable,0,1,114.19
0.450000,0.842820,40,3000000,1000000,144825,3.71346154e-3,1.44825000e-1,0.170000,-0.005928,-5416.802500,3,weakly_unstable,0,1,113.15
0.450000,0.847320,40,3000000,1000000,153529,3.93664103e-3,1.53529000e-1,0.212500,0.031656,-5092.365000,3,weakly_unstable,0,1,109.15
0.450000,0.830320,40,3000000,1000000,170039,4.35997436e-3,1.70039000e-1,-0.071250,0.006246,-5897.617500,3,weakly_unstable,0,1,112.85
0.450000,0.830820,40,3000000,1000000,153928,3.94687179e-3,1.53928000e-1,-0.150000,-0.006053,-5981.672500,3,weakly_unstable,0,1,110.37
0.450000,0.845820,40,3000000,1000000,149928,3.84430769e-3,1.49928000e-1,0.162500,0.046142,-5200.285000,3,weakly_unstable,0,1,106.92
0.450000,0.844820,40,3000000,1000000,151538,3.88558974e-3,1.51538000e-1,-0.025000,0.013656,-5255.242500,3,weakly_unstable,0,1,104.55
0.450000,0.829820,40,3000000,1000000,148087,3.79710256e-3,1.48087000e-1,-0.058750,-0.016663,-6120.992500,3,weakly_unstable,0,1,100.48
