beta,m_plus,l,therm_sweeps,meas_sweeps,sum_current,j_flux,j_per_sweep,final_mag,mean_mag,final_energy,zero_crossings,phase,is_metastable,is_uphill,elapsed_sec
0.965700,0.977040,40,1000000,500000,5686,2.91589744e-4,1.13720000e-2,-0.036250,-0.048829,-55.977500,3,weakly_unstable,0,1,26.94
0.745700,0.977540,40,1000000,500000,15048,7.71692308e-4,3.00960000e-2,-0.012500,-0.117846,-67.810000,3,weakly_unstable,0,1,27.47
0.585700,0.950240,40,1000000,500000,31143,1.59707692e-3,6.22860000e-2,-0.076250,-0.053931,-363.685000,3,weakly_unstable,0,1,31.09
0.505700,0.919380,40,1000000,500000,45485,2.33256410e-3,9.09700000e-2,-0.078750,-0.134055,-726.752500,3,weakly_unstable,0,1,35.59
0.465700,0.848810,40,1000000,500000,62487,3.20446154e-3,1.24974000e-1,0.157500,0.028464,-1876.012500,3,weakly_unstable,0,1,40.20
0.445700,0.665600,40,1000000,500000,31587,1.61984615e-3,6.31740000e-2,-0.007500,0.046147,-5449.555000,3,weakly_unstable,0,1,45.99
0.965700,0.978040,40,1000000,500000,6189,3.17384615e-4,1.23780000e-2,-0.101250,-0.078412,-63.295000,3,weakly_unstable,0,1,31.85
0.745700,0.978540,40,1000000,500000,15130,7.75897436e-4,3.02600000e-2,-0.066250,-0.058138,-55.580000,3,weakly_unstable,0,1,33.73
0.585700,0.951240,40,1000000,500000,28894,1.48174359e-3,5.77880000e-2,-0.086250,0.060511,-345.275000,3,weakly_unstable,0,1,39.27
0.505700,0.920380,40,1000000,500000,48909,2.50815385e-3,9.78180000e-2,-0.241250,0.003827,-716.260000,3,weakly_unstable,0,1,48.04
0.465700,0.849810,40,1000000,500000,77887,3.99420513e-3,1.55774000e-1,-0.027500,-0.059471,-1910.272500,3,weakly_unstable,0,1,55.63
0.965700,0.979040,40,1000000,500000,7717,3.95743590e-4,1.54340000e-2,0.163750,0.079776,-27.935000,3,weakly_unstable,0,1,39.84
0.745700,0.979540,40,1000000,500000,16083,8.24769231e-4,3.21660000e-2,0.030000,0.077937,-63.602500,3,weakly_unstable,0,1,40.58
0.445700,0.666600,40,1000000,500000,38901,1.99492308e-3,7.78020000e-2,-0.180000,-0.097365,-5573.695000,3,weakly_unstable,0,1,62.11
0.585700,0.952240,40,1000000,500000,24012,1.23138462e-3,4.80240000e-2,0.150000,-0.030069,-341.572500,3,weakly_unstable,0,1,45.84
0.505700,0.921380,40,1000000,500000,43853,2.24887179e-3,8.77060000e-2,-0.061250,-0.057234,-722.190000,3,weakly_unstable,0,1,52.85
0.965700,0.980040,40,1000000,500000,5858,3.00410256e-4,1.17160000e-2,-0.023750,-0.052910,-51.787500,3,weakly_unstable,0,1,40.06
0.745700,0.980540,40,1000000,500000,17303,8.87333333e-4,3.46060000e-2,-0.005000,-0.046392,-66.270000,3,weakly_unstable,0,1,40.50
0.465700,0.850810,40,1000000,500000,68251,3.50005128e-3,1.36502000e-1,-0.002500,-0.124339,-1888.090000,3,weakly_unstable,0,1,58.46
0.585700,0.953240,40,1000000,500000,27992,1.43548718e-3,5.59840000e-2,-0.186250,-0.127206,-336.272500,3,weakly_unstable,0,1,45.65
0.445700,0.667600,40,1000000,500000,30388,1.55835897e-3,6.07760000e-2,0.113750,-0.036332,-5467.567500,3,weakly_unstable,0,1,63.99
0.965700,0.981040,40,1000000,500000,5989,3.07128205e-4,1.19780000e-2,-0.058750,-0.067351,-39.967500,3,weakly_unstable,0,1,42.10
0.745700,0.981540,40,1000000,500000,16814,8.62256410e-4,3.36280000e-2,0.118750,0.041117,-55.782500,3,weakly_unstable,0,1,43.60
0.505700,0.922380,40,1000000,500000,53850,2.76153846e-3,1.07700000e-1,0.317500,0.118939,-705.152500,3,weakly_unstable,0,1,55.94
0.585700,0.954240,40,1000000,500000,28058,1.43887179e-3,5.61160000e-2,0.078750,0.003047,-314.885000,3,weakly_unstable,0,1,49.23
0.465700,0.851810,40,1000000,500000,63302,3.24625641e-3,1.26604000e-1,-0.107500,-0.055670,-1836.292500,3,weakly_unstable,0,1,61.54
0.965700,0.982040,40,1000000,500000,6592,3.38051282e-4,1.31840000e-2,-0.010000,-0.040576,-48.782500,3,weakly_unstable,0,1,41.40
0.745700,0.982540,40,1000000,500000,14405,7.38717949e-4,2.88100000e-2,0.015000,-0.052391,-48.500000,3,weakly_unstable,0,1,41.07
0.445700,0.668600,40,1000000,500000,24341,1.24825641e-3,4.86820000e-2,-0.076250,-0.093015,-5463.797500,3,weakly_unstable,0,1,66.93
0.505700,0.923380,40,1000000,500000,47532,2.43753846e-3,9.50640000e-2,0.178750,-0.018385,-687.002500,3,weakly_unstable,0,1,52.52
0.585700,0.955240,40,1000000,500000,28296,1.45107692e-3,5.65920000e-2,0.030000,0.094340,-297.685000,3,weakly_unstable,0,1,46.15
0.965700,0.983040,40,1000000,500000,7098,3.64000000e-4,1.41960000e-2,0.046250,0.011854,-37.295000,3,weakly_unstable,0,1,39.61
0.745700,0.983540,40,1000000,500000,12719,6.52256410e-4,2.54380000e-2,0.033750,-0.030539,-60.025000,3,weakly_unstable,0,1,40.22
0.465700,0.852810,40,1000000,500000,62976,3.22953846e-3,1.25952000e-1,0.052500,0.067170,-1835.057500,3,weakly_unstable,0,1,57.72
0.505700,0.924380,40,1000000,500000,55582,2.85035897e-3,1.11164000e-1,0.118750,0.008762,-686.312500,3,weakly_unstable,0,1,52.95
0.965700,0.984040,40,1000000,500000,6919,3.54820513e-4,1.38380000e-2,-0.061250,-0.012922,-43.470000,3,weakly_unstable,0,1,40.01
0.585700,0.956240,40,1000000,500000,27155,1.39256410e-3,5.43100000e-2,0.277500,0.242837,-304.805000,3,weakly_unstable,0,1,45.77
0.445700,0.669600,40,1000000,500000,33507,1.71830769e-3,6.70140000e-2,0.007500,-0.017310,-5320.762500,3,weakly_unstable,0,1,64.57
0.745700,0.984540,40,1000000,500000,14727,7.55230769e-4,2.94540000e-2,-0.111250,-0.097607,-43.122500,3,weakly_unstable,0,1,41.44
0.465700,0.853810,40,1000000,500000,61397,3.14856410e-3,1.22794000e-1,-0.121250,-0.029753,-1809.577500,3,weakly_unstable,0,1,59.07
0.965700,0.985040,40,1000000,500000,5373,2.75538462e-4,1.07460000e-2,0.071250,0.078133,-24.842500,3,weakly_unstable,0,1,40.12
0.585700,0.957240,40,1000000,500000,29330,1.50410256e-3,5.86600000e-2,-0.063750,0.007526,-282.317500,3,weakly_unstable,0,1,47.16
0.745700,0.985540,40,1000000,500000,14023,7.19128205e-4,2.80460000e-2,-0.076250,-0.033132,-40.847500,3,weakly_unstable,0,1,42.02
0.505700,0.925380,40,1000000,500000,44842,2.29958974e-3,8.96840000e-2,0.142500,0.119964,-662.305000,3,weakly_unstable,0,1,53.75
0.445700,0.670600,40,1000000,500000,31785,1.63000000e-3,6.35700000e-2,-0.201250,-0.051840,-5475.720000,3,weakly_unstable,0,1,64.43
0.965700,0.986040,40,1000000,500000,7132,3.65743590e-4,1.42640000e-2,0.115000,0.083080,-38.170000,3,weakly_unstable,0,1,40.47
0.745700,0.986540,40,1000000,500000,10683,5.47846154e-4,2.13660000e-2,0.073750,0.020022,-42.705000,3,weakly_unstable,0,1,40.36
0.465700,0.854810,40,1000000,500000,62164,3.18789744e-3,1.24328000e-1,0.101250,0.014116,-1852.600000,3,weakly_unstable,0,1,59.97
0.585700,0.958240,40,1000000,500000,27501,1.41030769e-3,5.50020000e-2,-0.120000,0.003029,-283.117500,3,weakly_unstable,0,1,46.42
0.505700,0.926380,40,1000000,500000,44109,2.26200000e-3,8.82180000e-2,0.175000,0.042697,-650.132500,3,weakly_unstable,0,1,53.69
0.965700,0.987040,40,1000000,500000,6720,3.44615385e-4,1.34400000e-2,-0.031250,-0.056953,-21.900000,3,weakly_unstable,0,1,39.86
0.445700,0.671600,40,1000000,500000,22115,1.13410256e-3,4.42300000e-2,0.025000,0.032067,-5453.835000,3,weakly_unstable,0,1,64.78
0.745700,0.987540,40,1000000,500000,10938,5.60923077e-4,2.18760000e-2,-0.020000,0.058478,-38.312500,3,weakly_unstable,0,1,42.38
0.585700,0.959240,40,1000000,500000,32189,1.65071795e-3,6.43780000e-2,-0.036250,0.009115,-264.235000,3,weakly_unstable,0,1,48.98
0.465700,0.855810,40,1000000,500000,64610,3.31333333e-3,1.29220000e-1,-0.167500,0.046788,-1793.675000,3,weakly_unstable,0,1,62.37
0.505700,0.927380,40,1000000,500000,49541,2.54056410e-3,9.90820000e-2,-0.061250,0.000242,-655.200000,3,weakly_unstable,0,1,57.42
0.965700,0.988040,40,1000000,500000,7202,3.69333333e-4,1.44040000e-2,0.071250,0.087922,-8.952500,3,weakly_unstable,0,1,46.47
0.745700,0.988540,40,1000000,500000,6858,3.51692308e-4,1.37160000e-2,0.065000,0.174603,-26.440000,3,weakly_unstable,0,1,48.07
0.585700,0.960240,40,1000000,500000,23804,1.22071795e-3,4.76080000e-2,0.016250,-0.020352,-245.352500,3,weakly_unstable,0,1,54.58
0.445700,0.672600,40,1000000,500000,38136,1.95569231e-3,7.62720000e-2,-0.158750,0.040793,-5435.355000,3,weakly_unstable,0,1,72.76
0.965700,0.989040,40,1000000,500000,5798,2.97333333e-4,1.15960000e-2,-0.052500,-0.064784,-11.697500,3,weakly_unstable,0,1,47.79
0.465700,0.856810,40,1000000,500000,53076,2.72184615e-3,1.06152000e-1,0.010000,0.014338,-1775.407500,3,weakly_unstable,0,1,67.11
0.505700,0.928380,40,1000000,500000,41485,2.12743590e-3,8.29700000e-2,0.132500,-0.028287,-603.090000,3,weakly_unstable,0,1,60.71
0.745700,0.989540,40,1000000,500000,7463,3.82717949e-4,1.49260000e-2,0.038750,-0.000323,-31.982500,3,weakly_unstable,0,1,48.62
0.585700,0.961240,40,1000000,500000,26355,1.35153846e-3,5.27100000e-2,-0.341250,-0.083754,-246.377500,3,weakly_unstable,0,1,53.24
0.965700,0.990040,40,1000000,500000,5679,2.91230769e-4,1.13580000e-2,-0.086250,-0.112227,-10.235000,3,weakly_unstable,0,1,46.85
0.445700,0.673600,40,1000000,500000,22072,1.13189744e-3,4.41440000e-2,0.077500,0.021240,-5427.492500,3,weakly_unstable,0,1,70.80
0.745700,0.990540,40,1000000,500000,17641,9.04666667e-4,3.52820000e-2,-0.531250,-0.528361,-23.980000,3,weakly_unstable,0,1,47.58
0.505700,0.929380,40,1000000,500000,47402,2.43087179e-3,9.48040000e-2,-0.192500,-0.099673,-611.290000,3,weakly_unstable,0,1,60.19
0.465700,0.857810,40,1000000,500000,77916,3.99569231e-3,1.55832000e-1,-0.087500,-0.061987,-1723.565000,3,weakly_unstable,0,1,67.03
0.585700,0.962240,40,1000000,500000,29325,1.50384615e-3,5.86500000e-2,-0.152500,-0.002921,-250.420000,3,weakly_unstable,0,1,53.43
0.965700,0.991040,40,1000000,500000,5767,2.95743590e-4,1.15340000e-2,0.225000,0.228682,-4.562500,3,weakly_unstable,0,1,46.46
0.745700,0.991540,40,1000000,500000,19030,9.75897436e-4,3.80600000e-2,-0.901250,-0.896144,-16.477500,1,metastable,1,1,43.00
0.465700,1.000000,40,1000000,500000,-878169,-4.50343077e-2,-1.75633800e0,0.013750,-0.003787,-2.557500,1,stable,0,0,49.43
0.505700,0.930380,40,1000000,500000,35153,1.80271795e-3,7.03060000e-2,0.078750,-0.022658,-602.665000,3,weakly_unstable,0,1,60.22
0.445700,0.674600,40,1000000,500000,26160,1.34153846e-3,5.23200000e-2,0.210000,0.058152,-5341.887500,3,weakly_unstable,0,1,72.48
0.965700,0.992040,40,1000000,500000,6483,3.32461538e-4,1.29660000e-2,-0.050000,-0.038981,-13.675000,3,weakly_unstable,0,1,46.82
0.585700,0.963240,40,1000000,500000,25146,1.28953846e-3,5.02920000e-2,-0.058750,-0.059861,-225.070000,3,weakly_unstable,0,1,53.84
0.745700,0.992540,40,1000000,500000,3792,1.94461538e-4,7.58400000e-3,-0.897500,-0.891463,-19.647500,1,metastable,1,1,42.54
0.485700,0.858940,40,1000000,500000,55801,2.86158974e-3,1.11602000e-1,-0.097500,-0.038670,-1744.675000,3,weakly_unstable,0,1,63.00
0.965700,0.993040,40,1000000,500000,6016,3.08512821e-4,1.20320000e-2,-0.101250,-0.112026,-11.610000,3,weakly_unstable,0,1,45.42
0.505700,0.931380,40,1000000,500000,34973,1.79348718e-3,6.99460000e-2,-0.082500,-0.025686,-578.960000,3,weakly_unstable,0,1,60.70
0.745700,0.993540,40,1000000,500000,11807,6.05487179e-4,2.36140000e-2,0.831250,0.823258,-6.987500,1,metastable,1,1,42.94
0.585700,0.964240,40,1000000,500000,26509,1.35943590e-3,5.30180000e-2,-0.051250,0.023865,-226.982500,3,weakly_unstable,0,1,53.72
0.445700,0.675600,40,1000000,500000,38595,1.97923077e-3,7.71900000e-2,0.046250,-0.051971,-5364.752500,3,weakly_unstable,0,1,71.80
0.965700,0.994040,40,1000000,500000,5389,2.76358974e-4,1.07780000e-2,-0.106250,-0.122751,-11.865000,3,weakly_unstable,0,1,45.25
0.745700,0.994540,40,1000000,500000,-23355,-1.19769231e-3,-4.67100000e-2,0.857500,0.853011,-8.065000,1,chaotic,0,0,42.62
0.485700,0.859940,40,1000000,500000,61748,3.16656410e-3,1.23496000e-1,-0.158750,0.036692,-1682.097500,3,weakly_unstable,0,1,62.49
0.505700,0.932380,40,1000000,500000,38896,1.99466667e-3,7.77920000e-2,0.146250,-0.033042,-569.040000,3,weakly_unstable,0,1,60.57
0.585700,0.965240,40,1000000,500000,27632,1.41702564e-3,5.52640000e-2,0.063750,-0.011980,-211.432500,3,weakly_unstable,0,1,53.14
0.745700,0.995540,40,1000000,500000,-18939,-9.71230769e-4,-3.78780000e-2,0.072500,0.145276,-3.617500,1,stable,0,0,42.26
0.445700,0.676600,40,1000000,500000,41717,2.13933333e-3,8.34340000e-2,-0.095000,0.083119,-5256.665000,3,weakly_unstable,0,1,70.75
0.965700,0.995040,40,1000000,500000,4027,2.06512821e-4,8.05400000e-3,-0.161250,-0.183869,-2.300000,3,weakly_unstable,0,1,45.56
0.585700,0.966240,40,1000000,500000,23319,1.19584615e-3,4.66380000e-2,0.222500,0.169821,-193.712500,3,weakly_unstable,0,1,52.66
0.505700,0.933380,40,1000000,500000,33732,1.72984615e-3,6.74640000e-2,-0.116250,-0.082133,-546.015000,3,weakly_unstable,0,1,60.30
0.485700,0.860940,40,1000000,500000,54245,2.78179487e-3,1.08490000e-1,0.142500,0.070132,-1702.605000,3,weakly_unstable,0,1,62.83
0.745700,0.996540,40,1000000,500000,-18399,-9.43538462e-4,-3.67980000e-2,0.108750,0.082108,-6.355000,1,stable,0,0,42.02
0.965700,0.996040,40,1000000,500000,2884,1.47897436e-4,5.76800000e-3,0.055000,0.084163,-3.077500,3,weakly_unstable,0,1,44.57
0.445700,0.677600,40,1000000,500000,38982,1.99907692e-3,7.79640000e-2,0.072500,0.015287,-5255.127500,3,weakly_unstable,0,1,70.20
0.585700,0.967240,40,1000000,500000,17845,9.15128205e-4,3.56900000e-2,0.113750,0.046078,-191.922500,3,weakly_unstable,0,1,53.27
0.745700,0.997540,40,1000000,500000,-52939,-2.71482051e-3,-1.05878000e-1,-0.302500,-0.301202,-3.847500,1,stable,0,0,41.59
0.965700,0.997040,40,1000000,500000,2787,1.42923077e-4,5.57400000e-3,0.123750,0.139877,-5.847500,3,weakly_unstable,0,1,44.98
0.505700,0.934380,40,1000000,500000,39434,2.02225641e-3,7.88680000e-2,0.023750,-0.000143,-569.220000,3,weakly_unstable,0,1,60.58
0.485700,0.861940,40,1000000,500000,60398,3.09733333e-3,1.20796000e-1,-0.111250,-0.109167,-1690.632500,3,weakly_unstable,0,1,62.08
0.745700,0.998540,40,1000000,500000,-78136,-4.00697436e-3,-1.56272000e-1,0.008750,0.029186,-2.042500,1,stable,0,0,41.63
0.585700,0.968240,40,1000000,500000,11390,5.84102564e-4,2.27800000e-2,0.118750,0.026819,-173.780000,3,weakly_unstable,0,1,52.75
0.965700,0.998040,40,1000000,500000,4208,2.15794872e-4,8.41600000e-3,-0.078750,-0.076194,-2.502500,3,weakly_unstable,0,1,47.65
0.445700,0.678600,40,1000000,500000,25611,1.31338462e-3,5.12220000e-2,0.086250,-0.080176,-5361.817500,3,weakly_unstable,0,1,69.84
0.505700,0.935380,40,1000000,500000,48016,2.46235897e-3,9.60320000e-2,-0.177500,-0.106227,-528.482500,3,weakly_unstable,0,1,60.21
0.485700,0.862940,40,1000000,500000,58451,2.99748718e-3,1.16902000e-1,-0.097500,0.014036,-1674.102500,3,weakly_unstable,0,1,61.86
0.745700,0.999540,40,1000000,500000,-82846,-4.24851282e-3,-1.65692000e-1,0.062500,0.067258,-1.942500,1,stable,0,0,41.25
0.965700,0.999040,40,1000000,500000,2003,1.02717949e-4,4.00600000e-3,0.872500,0.771401,-1.975000,1,metastable,1,1,40.42
0.585700,0.969240,40,1000000,500000,16366,8.39282051e-4,3.27320000e-2,0.138750,0.097687,-178.955000,3,weakly_unstable,0,1,53.11
0.745700,1.000000,40,1000000,500000,-91276,-4.68082051e-3,-1.82552000e-1,-0.027500,0.007141,-1.955000,1,stable,0,0,41.50
0.445700,0.679600,40,1000000,500000,26668,1.36758974e-3,5.33360000e-2,-0.105000,0.032742,-5265.045000,3,weakly_unstable,0,1,70.03
0.505700,0.936380,40,1000000,500000,32742,1.67907692e-3,6.54840000e-2,-0.027500,-0.035668,-496.147500,3,weakly_unstable,0,1,59.92
0.485700,0.863940,40,1000000,500000,53298,2.73323077e-3,1.06596000e-1,0.210000,0.033208,-1636.537500,3,weakly_unstable,0,1,61.70
0.965700,1.000000,40,1000000,500000,-14925,-7.65384615e-4,-2.98500000e-2,-0.035000,-0.023217,-1.942500,1,stable,0,0,43.77
0.585700,0.970240,40,1000000,500000,16470,8.44615385e-4,3.29400000e-2,-0.037500,0.074928,-161.835000,3,weakly_unstable,0,1,53.21
0.765700,0.964600,40,1000000,500000,16747,8.58820513e-4,3.34940000e-2,-0.138750,-0.063354,-133.200000,3,weakly_unstable,0,1,47.79
0.985700,0.969180,40,1000000,500000,6555,3.36153846e-4,1.31100000e-2,0.018750,0.042107,-107.562500,3,weakly_unstable,0,1,47.42
0.505700,0.937380,40,1000000,500000,29161,1.49543590e-3,5.83220000e-2,-0.067500,-0.139296,-492.000000,3,weakly_unstable,0,1,59.45
0.445700,0.680600,40,1000000,500000,36389,1.86610256e-3,7.27780000e-2,-0.258750,-0.149644,-5200.502500,3,weakly_unstable,0,1,70.75
0.485700,0.864940,40,1000000,500000,67719,3.47276923e-3,1.35438000e-1,-0.146250,-0.009457,-1706.015000,3,weakly_unstable,0,1,61.76
0.585700,0.971240,40,1000000,500000,22636,1.16082051e-3,4.52720000e-2,0.160000,-0.003711,-144.772500,3,weakly_unstable,0,1,53.12
0.765700,0.965600,40,1000000,500000,18957,9.72153846e-4,3.79140000e-2,-0.051250,-0.049989,-158.267500,3,weakly_unstable,0,1,47.09
0.985700,0.970180,40,1000000,500000,4969,2.54820513e-4,9.93800000e-3,0.088750,0.095051,-82.105000,3,weakly_unstable,0,1,46.91
0.505700,0.938380,40,1000000,500000,39900,2.04615385e-3,7.98000000e-2,0.142500,0.166142,-473.280000,3,weakly_unstable,0,1,59.72
0.485700,0.865940,40,1000000,500000,56061,2.87492308e-3,1.12122000e-1,-0.122500,-0.041248,-1610.752500,3,weakly_unstable,0,1,61.74
0.585700,0.972240,40,1000000,500000,8183,4.19641026e-4,1.63660000e-2,0.202500,0.212343,-140.862500,3,weakly_unstable,0,1,53.17
0.765700,0.966600,40,1000000,500000,22335,1.14538462e-3,4.46700000e-2,-0.020000,-0.050283,-121.157500,3,weakly_unstable,0,1,46.59
0.445700,0.681600,40,1000000,500000,46043,2.36117949e-3,9.20860000e-2,-0.136250,0.077328,-5190.885000,3,weakly_unstable,0,1,69.81
0.985700,0.971180,40,1000000,500000,5196,2.66461538e-4,1.03920000e-2,0.011250,0.012077,-51.290000,3,weakly_unstable,0,1,46.77
0.505700,1.000000,40,1000000,500000,-647040,-3.31815385e-2,-1.29408000e0,0.022500,-0.003221,-2.105000,1,stable,0,0,46.25
0.765700,0.967600,40,1000000,500000,21331,1.09389744e-3,4.26620000e-2,-0.060000,-0.081705,-123.955000,3,weakly_unstable,0,1,46.91
0.585700,0.973240,40,1000000,500000,27144,1.39200000e-3,5.42880000e-2,0.562500,0.450113,-115.555000,3,weakly_unstable,0,1,52.59
0.485700,0.866940,40,1000000,500000,58074,2.97815385e-3,1.16148000e-1,0.045000,0.060313,-1580.352500,3,weakly_unstable,0,1,62.85
0.985700,0.972180,40,1000000,500000,5015,2.57179487e-4,1.00300000e-2,-0.017500,-0.007252,-78.367500,3,weakly_unstable,0,1,47.19
0.445700,0.682600,40,1000000,500000,45663,2.34169231e-3,9.13260000e-2,-0.138750,-0.100916,-5258.012500,3,weakly_unstable,0,1,70.85
0.525700,0.907800,40,1000000,500000,45158,2.31579487e-3,9.03160000e-2,-0.035000,-0.055785,-917.495000,3,weakly_unstable,0,1,57.53
0.765700,0.968600,40,1000000,500000,18700,9.58974359e-4,3.74000000e-2,-0.012500,0.032793,-117.712500,3,weakly_unstable,0,1,46.56
0.585700,0.974240,40,1000000,500000,36315,1.86230769e-3,7.26300000e-2,-0.810000,-0.800046,-93.540000,1,metastable,1,1,47.56
0.985700,0.973180,40,1000000,500000,5271,2.70307692e-4,1.05420000e-2,0.086250,0.084053,-84.837500,3,weakly_unstable,0,1,46.54
0.485700,0.867940,40,1000000,500000,58311,2.99030769e-3,1.16622000e-1,-0.068750,0.033453,-1596.982500,3,weakly_unstable,0,1,62.98
0.765700,0.969600,40,1000000,500000,19320,9.90769231e-4,3.86400000e-2,-0.030000,0.021632,-111.595000,3,weakly_unstable,0,1,46.81
0.445700,0.683600,40,1000000,500000,42357,2.17215385e-3,8.47140000e-2,-0.187500,-0.110385,-5214.542500,3,weakly_unstable,0,1,70.00
0.525700,0.908800,40,1000000,500000,43841,2.24825641e-3,8.76820000e-2,0.151250,0.167302,-874.637500,3,weakly_unstable,0,1,56.42
0.585700,0.975240,40,1000000,500000,26418,1.35476923e-3,5.28360000e-2,-0.502500,-0.418278,-106.752500,3,weakly_unstable,0,1,53.39
0.985700,0.974180,40,1000000,500000,5767,2.95743590e-4,1.15340000e-2,-0.063750,-0.075437,-62.077500,3,weakly_unstable,0,1,45.76
0.485700,0.868940,40,1000000,500000,49663,2.54682051e-3,9.93260000e-2,-0.208750,0.011367,-1543.245000,3,weakly_unstable,0,1,63.06
0.765700,0.970600,40,1000000,500000,23411,1.20056410e-3,4.68220000e-2,0.027500,-0.038171,-111.612500,3,weakly_unstable,0,1,46.44
0.585700,0.976240,40,1000000,500000,45557,2.33625641e-3,9.11140000e-2,-0.838750,-0.803776,-86.257500,1,metastable,1,1,47.87
0.985700,0.975180,40,1000000,500000,6356,3.25948718e-4,1.27120000e-2,0.018750,0.005083,-55.165000,3,weakly_unstable,0,1,46.90
0.525700,0.909800,40,1000000,500000,40853,2.09502564e-3,8.17060000e-2,0.043750,0.062776,-920.697500,3,weakly_unstable,0,1,56.99
0.445700,0.684600,40,1000000,500000,41803,2.14374359e-3,8.36060000e-2,0.002500,0.066717,-5134.580000,3,weakly_unstable,0,1,71.04
0.765700,0.971600,40,1000000,500000,17392,8.91897436e-4,3.47840000e-2,0.005000,0.025701,-95.875000,3,weakly_unstable,0,1,47.31
0.485700,0.869940,40,1000000,500000,55823,2.86271795e-3,1.11646000e-1,-0.115000,-0.056579,-1535.327500,3,weakly_unstable,0,1,62.53
0.585700,0.977240,40,1000000,500000,30580,1.56820513e-3,6.11600000e-2,0.783750,0.774575,-88.727500,1,metastable,1,1,47.67
0.985700,0.976180,40,1000000,500000,6011,3.08256410e-4,1.20220000e-2,-0.083750,-0.111407,-63.360000,3,weakly_unstable,0,1,46.80
0.525700,0.910800,40,1000000,500000,39292,2.01497436e-3,7.85840000e-2,-0.100000,-0.190827,-877.347500,3,weakly_unstable,0,1,57.65
0.765700,0.972600,40,1000000,500000,20477,1.05010256e-3,4.09540000e-2,-0.032500,0.006328,-82.640000,3,weakly_unstable,0,1,46.88
0.445700,0.685600,40,1000000,500000,29585,1.51717949e-3,5.91700000e-2,0.161250,0.003788,-5186.407500,3,weakly_unstable,0,1,71.39
0.985700,0.977180,40,1000000,500000,5962,3.05743590e-4,1.19240000e-2,-0.093750,-0.106701,-38.502500,3,weakly_unstable,0,1,46.79
0.585700,0.978240,40,1000000,500000,25066,1.28543590e-3,5.01320000e-2,0.670000,0.699849,-74.275000,1,metastable,1,1,47.49
0.485700,0.870940,40,1000000,500000,52313,2.68271795e-3,1.04626000e-1,0.197500,0.069386,-1484.482500,3,weakly_unstable,0,1,62.08
0.525700,0.911800,40,1000000,500000,40763,2.09041026e-3,8.15260000e-2,-0.125000,-0.103300,-846.560000,3,weakly_unstable,0,1,57.41
0.765700,0.973600,40,1000000,500000,19753,1.01297436e-3,3.95060000e-2,-0.066250,-0.127289,-84.520000,3,weakly_unstable,0,1,47.89
0.585700,0.979240,40,1000000,500000,-12657,-6.49076923e-4,-2.53140000e-2,0.787500,0.769099,-70.900000,1,chaotic,0,0,47.16
0.985700,0.978180,40,1000000,500000,5715,2.93076923e-4,1.14300000e-2,0.125000,0.110066,-38.855000,3,weakly_unstable,0,1,47.51
0.445700,0.686600,40,1000000,500000,36628,1.87835897e-3,7.32560000e-2,0.130000,0.049061,-5005.037500,3,weakly_unstable,0,1,70.76
0.485700,0.871940,40,1000000,500000,53477,2.74241026e-3,1.06954000e-1,0.096250,-0.026868,-1517.692500,3,weakly_unstable,0,1,62.58
0.525700,0.912800,40,1000000,500000,41703,2.13861538e-3,8.34060000e-2,0.117500,0.083030,-847.965000,3,weakly_unstable,0,1,57.74
0.765700,0.974600,40,1000000,500000,18659,9.56871795e-4,3.73180000e-2,0.041250,0.004202,-80.162500,3,weakly_unstable,0,1,47.22
0.985700,0.979180,40,1000000,500000,5399,2.76871795e-4,1.07980000e-2,-0.031250,0.028574,-43.495000,3,weakly_unstable,0,1,46.29
0.585700,0.980240,40,1000000,500000,2774,1.42256410e-4,5.54800000e-3,0.671250,0.658007,-62.515000,1,metastable,1,1,47.88
0.765700,0.975600,40,1000000,500000,15979,8.19435897e-4,3.19580000e-2,-0.057500,-0.054112,-72.287500,3,weakly_unstable,0,1,46.77
0.445700,0.687600,40,1000000,500000,45272,2.32164103e-3,9.05440000e-2,-0.150000,-0.033899,-5035.480000,3,weakly_unstable,0,1,70.52
0.525700,0.913800,40,1000000,500000,46629,2.39123077e-3,9.32580000e-2,0.028750,0.030915,-813.857500,3,weakly_unstable,0,1,57.12
0.485700,0.872940,40,1000000,500000,49422,2.53446154e-3,9.88440000e-2,0.101250,-0.030135,-1490.030000,3,weakly_unstable,0,1,62.54
0.985700,0.980180,40,1000000,500000,6423,3.29384615e-4,1.28460000e-2,-0.093750,-0.102974,-29.455000,3,weakly_unstable,0,1,45.92
0.585700,0.981240,40,1000000,500000,-11116,-5.70051282e-4,-2.22320000e-2,-0.650000,-0.618547,-47.585000,1,chaotic,0,0,46.90
0.765700,0.976600,40,1000000,500000,20030,1.02717949e-3,4.00600000e-2,0.075000,0.005190,-78.000000,3,weakly_unstable,0,1,46.96
0.985700,0.981180,40,1000000,500000,5183,2.65794872e-4,1.03660000e-2,-0.112500,-0.106668,-36.027500,3,weakly_unstable,0,1,46.33
0.585700,0.982240,40,1000000,500000,-31969,-1.63943590e-3,-6.39380000e-2,-0.172500,-0.136466,-47.542500,1,stable,0,0,46.90
0.525700,0.914800,40,1000000,500000,47686,2.44543590e-3,9.53720000e-2,-0.033750,0.185887,-793.217500,3,weakly_unstable,0,1,57.45
0.445700,0.688600,40,1000000,500000,28554,1.46430769e-3,5.71080000e-2,-0.043750,0.016354,-5214.767500,3,weakly_unstable,0,1,70.07
0.485700,0.873940,40,1000000,500000,63478,3.25528205e-3,1.26956000e-1,0.140000,-0.004592,-1477.012500,3,weakly_unstable,0,1,62.76
0.765700,0.977600,40,1000000,500000,16776,8.60307692e-4,3.35520000e-2,0.086250,0.092460,-68.100000,3,weakly_unstable,0,1,47.16
0.985700,0.982180,40,1000000,500000,5447,2.79333333e-4,1.08940000e-2,0.048750,0.062523,-39.655000,3,weakly_unstable,0,1,46.83
0.585700,0.983240,40,1000000,500000,-59102,-3.03087179e-3,-1.18204000e-1,0.070000,0.000018,-40.962500,1,stable,0,0,46.47
0.525700,0.915800,40,1000000,500000,38694,1.98430769e-3,7.73880000e-2,0.003750,0.056963,-821.677500,3,weakly_unstable,0,1,57.53
0.485700,0.874940,40,1000000,500000,57013,2.92374359e-3,1.14026000e-1,-0.130000,-0.058894,-1456.742500,3,weakly_unstable,0,1,63.44
0.765700,0.978600,40,1000000,500000,19853,1.01810256e-3,3.97060000e-2,-0.030000,-0.021763,-53.965000,3,weakly_unstable,0,1,47.71
0.445700,0.689600,40,1000000,500000,37493,1.92271795e-3,7.49860000e-2,-0.080000,-0.006737,-5072.102500,3,weakly_unstable,0,1,69.46
0.985700,0.983180,40,1000000,500000,5718,2.93230769e-4,1.14360000e-2,-0.047500,-0.063408,-38.472500,3,weakly_unstable,0,1,46.89
0.585700,0.984240,40,1000000,500000,-43254,-2.21815385e-3,-8.65080000e-2,-0.290000,-0.324670,-41.212500,1,stable,0,0,46.11
0.525700,0.916800,40,1000000,500000,47049,2.41276923e-3,9.40980000e-2,0.087500,0.001820,-750.245000,3,weakly_unstable,0,1,57.58
0.765700,0.979600,40,1000000,500000,18125,9.29487179e-4,3.62500000e-2,-0.028750,-0.086774,-66.905000,3,weakly_unstable,0,1,47.41
0.985700,0.984180,40,1000000,500000,5495,2.81794872e-4,1.09900000e-2,-0.091250,-0.099366,-25.532500,3,weakly_unstable,0,1,46.93
0.585700,0.985240,40,1000000,500000,-92254,-4.73097436e-3,-1.84508000e-1,0.087500,0.071278,-17.130000,1,stable,0,0,45.70
0.485700,0.875940,40,1000000,500000,59453,3.04887179e-3,1.18906000e-1,0.157500,0.035030,-1425.360000,3,weakly_unstable,0,1,62.77
0.445700,0.690600,40,1000000,500000,40416,2.07261538e-3,8.08320000e-2,0.073750,-0.080238,-4986.637500,3,weakly_unstable,0,1,71.61
0.765700,0.980600,40,1000000,500000,15301,7.84666667e-4,3.06020000e-2,-0.025000,-0.060445,-55.710000,3,weakly_unstable,0,1,47.20
0.525700,0.917800,40,1000000,500000,51107,2.62087179e-3,1.02214000e-1,0.003750,0.031851,-792.055000,3,weakly_unstable,0,1,57.42
0.585700,0.986240,40,1000000,500000,-112779,-5.78353846e-3,-2.25558000e-1,0.220000,0.176288,-19.125000,1,stable,0,0,45.68
0.985700,0.985180,40,1000000,500000,5182,2.65743590e-4,1.03640000e-2,-0.016250,-0.009655,-25.930000,3,weakly_unstable,0,1,47.63
0.485700,0.876940,40,1000000,500000,61689,3.16353846e-3,1.23378000e-1,0.157500,0.098896,-1430.617500,3,weakly_unstable,0,1,62.70
0.765700,0.981600,40,1000000,500000,15527,7.96256410e-4,3.10540000e-2,-0.006250,-0.027582,-58.032500,3,weakly_unstable,0,1,46.53
0.445700,0.691600,40,1000000,500000,43267,2.21882051e-3,8.65340000e-2,0.017500,0.023372,-4965.055000,3,weakly_unstable,0,1,71.38
0.585700,0.987240,40,1000000,500000,-115516,-5.92389744e-3,-2.31032000e-1,-0.217500,-0.175771,-20.045000,1,stable,0,0,45.29
0.985700,0.986180,40,1000000,500000,4990,2.55897436e-4,9.98000000e-3,0.053750,0.033982,-19.870000,3,weakly_unstable,0,1,46.56
0.525700,0.918800,40,1000000,500000,34792,1.78420513e-3,6.95840000e-2,-0.170000,-0.065172,-761.427500,3,weakly_unstable,0,1,57.23
0.485700,0.877940,40,1000000,500000,57660,2.95692308e-3,1.15320000e-1,0.152500,-0.031269,-1408.102500,3,weakly_unstable,0,1,62.44
0.765700,0.982600,40,1000000,500000,16808,8.61948718e-4,3.36160000e-2,0.013750,-0.005475,-45.752500,3,weakly_unstable,0,1,46.67
0.585700,0.988240,40,1000000,500000,-128192,-6.57394872e-3,-2.56384000e-1,0.053750,0.100395,-32.387500,1,stable,0,0,45.66
0.985700,0.987180,40,1000000,500000,5260,2.69743590e-4,1.05200000e-2,0.146250,0.106594,-13.720000,3,weakly_unstable,0,1,46.12
0.525700,0.919800,40,1000000,500000,38078,1.95271795e-3,7.61560000e-2,0.245000,0.077053,-723.280000,3,weakly_unstable,0,1,57.56
0.445700,0.692600,40,1000000,500000,36042,1.84830769e-3,7.20840000e-2,0.052500,0.044403,-5070.015000,3,weakly_unstable,0,1,71.79
0.765700,0.983600,40,1000000,500000,13570,6.95897436e-4,2.71400000e-2,0.036250,-0.007438,-45.865000,3,weakly_unstable,0,1,47.19
0.585700,0.989240,40,1000000,500000,-144076,-7.38851282e-3,-2.88152000e-1,-0.002500,-0.024966,-16.822500,1,stable,0,0,45.39
0.985700,0.988180,40,1000000,500000,4750,2.43589744e-4,9.50000000e-3,-0.091250,-0.087697,-16.677500,3,weakly_unstable,0,1,46.20
0.485700,0.878940,40,1000000,500000,56787,2.91215385e-3,1.13574000e-1,0.117500,-0.055132,-1378.802500,3,weakly_unstable,0,1,62.35
0.525700,0.920800,40,1000000,500000,42054,2.15661538e-3,8.41080000e-2,0.006250,0.153242,-718.762500,3,weakly_unstable,0,1,57.10
0.765700,0.984600,40,1000000,500000,15429,7.91230769e-4,3.08580000e-2,-0.051250,-0.048113,-40.867500,3,weakly_unstable,0,1,46.73
0.585700,1.000000,40,1000000,500000,-332379,-1.70450769e-2,-6.64758000e-1,-0.032500,0.002540,-1.985000,1,stable,0,0,43.67
0.445700,0.693600,40,1000000,500000,39191,2.00979487e-3,7.83820000e-2,-0.148750,-0.109452,-4955.562500,3,weakly_unstable,0,1,72.58
0.985700,0.989180,40,1000000,500000,5711,2.92871795e-4,1.14220000e-2,-0.176250,-0.136811,-17.185000,3,weakly_unstable,0,1,46.94
0.485700,0.879940,40,1000000,500000,55396,2.84082051e-3,1.10792000e-1,-0.052500,0.002579,-1381.850000,3,weakly_unstable,0,1,62.26
0.525700,0.921800,40,1000000,500000,40604,2.08225641e-3,8.12080000e-2,0.098750,0.069313,-697.210000,3,weakly_unstable,0,1,57.08
0.765700,0.985600,40,1000000,500000,13762,7.05743590e-4,2.75240000e-2,-0.133750,-0.034583,-47.765000,3,weakly_unstable,0,1,46.50
0.605700,0.945140,40,1000000,500000,27513,1.41092308e-3,5.50260000e-2,0.123750,-0.009779,-387.735000,3,weakly_unstable,0,1,52.21
0.985700,0.990180,40,1000000,500000,4934,2.53025641e-4,9.86800000e-3,-0.025000,-0.056327,-14.747500,3,weakly_unstable,0,1,50.40
0.445700,0.694600,40,1000000,500000,50028,2.56553846e-3,1.00056000e-1,-0.222500,-0.065003,-5008.347500,3,weakly_unstable,0,1,71.01
0.485700,0.880940,40,1000000,500000,47588,2.44041026e-3,9.51760000e-2,0.181250,0.000181,-1370.757500,3,weakly_unstable,0,1,63.60
0.765700,0.986600,40,1000000,500000,12431,6.37487179e-4,2.48620000e-2,0.057500,0.008809,-40.870000,3,weakly_unstable,0,1,46.97
0.525700,0.922800,40,1000000,500000,40225,2.06282051e-3,8.04500000e-2,0.256250,0.086550,-697.082500,3,weakly_unstable,0,1,57.64
0.605700,0.946140,40,1000000,500000,34397,1.76394872e-3,6.87940000e-2,0.106250,0.049555,-375.482500,3,weakly_unstable,0,1,51.24
0.985700,0.991180,40,1000000,500000,3903,2.00153846e-4,7.80600000e-3,0.012500,0.036430,-7.220000,3,weakly_unstable,0,1,46.50
0.765700,0.987600,40,1000000,500000,9125,4.67948718e-4,1.82500000e-2,0.107500,0.182752,-37.025000,3,weakly_unstable,0,1,47.25
0.445700,0.695600,40,1000000,500000,49168,2.52143590e-3,9.83360000e-2,0.253750,0.009291,-4851.422500,3,weakly_unstable,0,1,70.92
0.985700,0.992180,40,1000000,500000,5037,2.58307692e-4,1.00740000e-2,0.151250,0.201530,-7.995000,3,weakly_unstable,0,1,46.21
0.485700,0.881940,40,1000000,500000,56556,2.90030769e-3,1.13112000e-1,0.070000,-0.056921,-1362.162500,3,weakly_unstable,0,1,62.79
0.605700,0.947140,40,1000000,500000,23671,1.21389744e-3,4.73420000e-2,-0.030000,-0.038235,-342.562500,3,weakly_unstable,0,1,51.06
0.525700,0.923800,40,1000000,500000,42517,2.18035897e-3,8.50340000e-2,0.100000,0.011104,-672.202500,3,weakly_unstable,0,1,57.51
0.765700,0.988600,40,1000000,500000,11417,5.85487179e-4,2.28340000e-2,-0.011250,-0.127009,-29.840000,3,weakly_unstable,0,1,46.65
0.985700,0.993180,40,1000000,500000,5438,2.78871795e-4,1.08760000e-2,0.138750,0.144879,-9.815000,3,weakly_unstable,0,1,45.62
0.605700,0.948140,40,1000000,500000,34398,1.76400000e-3,6.87960000e-2,0.055000,-0.018362,-327.257500,3,weakly_unstable,0,1,51.19
0.485700,0.882940,40,1000000,500000,61910,3.17487179e-3,1.23820000e-1,-0.041250,-0.063968,-1326.972500,3,weakly_unstable,0,1,62.55
0.525700,0.924800,40,1000000,500000,44390,2.27641026e-3,8.87800000e-2,0.111250,0.125931,-694.960000,3,weakly_unstable,0,1,57.86
0.445700,0.696600,40,1000000,500000,50857,2.60805128e-3,1.01714000e-1,-0.008750,0.060204,-4957.385000,3,weakly_unstable,0,1,71.26
0.765700,0.989600,40,1000000,500000,8480,4.34871795e-4,1.69600000e-2,0.196250,0.150891,-29.955000,3,weakly_unstable,0,1,46.92
0.985700,0.994180,40,1000000,500000,3847,1.97282051e-4,7.69400000e-3,0.042500,0.066963,-6.667500,3,weakly_unstable,0,1,46.44
0.605700,0.949140,40,1000000,500000,35204,1.80533333e-3,7.04080000e-2,0.213750,0.140096,-344.477500,3,weakly_unstable,0,1,51.23
0.525700,0.925800,40,1000000,500000,42099,2.15892308e-3,8.41980000e-2,-0.178750,-0.054647,-666.032500,3,weakly_unstable,0,1,57.95
0.485700,0.883940,40,1000000,500000,55656,2.85415385e-3,1.11312000e-1,-0.055000,-0.028096,-1258.625000,3,weakly_unstable,0,1,62.35
0.765700,0.990600,40,1000000,500000,6987,3.58307692e-4,1.39740000e-2,0.141250,0.110879,-25.992500,3,weakly_unstable,0,1,47.22
0.985700,0.995180,40,1000000,500000,3779,1.93794872e-4,7.55800000e-3,0.027500,0.077161,-4.862500,3,weakly_unstable,0,1,45.34
0.445700,0.697600,40,1000000,500000,39705,2.03615385e-3,7.94100000e-2,0.001250,-0.018691,-5029.522500,3,weakly_unstable,0,1,70.51
0.605700,0.950140,40,1000000,500000,27539,1.41225641e-3,5.50780000e-2,0.087500,0.072936,-355.200000,3,weakly_unstable,0,1,52.17
0.765700,0.991600,40,1000000,500000,10436,5.35179487e-4,2.08720000e-2,0.080000,0.106427,-21.452500,3,weakly_unstable,0,1,47.57
0.525700,0.926800,40,1000000,500000,33588,1.72246154e-3,6.71760000e-2,-0.045000,0.075879,-640.787500,3,weakly_unstable,0,1,57.70
0.985700,0.996180,40,1000000,500000,2608,1.33743590e-4,5.21600000e-3,0.143750,0.119092,-5.472500,3,weakly_unstable,0,1,44.55
0.485700,0.884940,40,1000000,500000,60816,3.11876923e-3,1.21632000e-1,0.216250,0.108743,-1289.560000,3,weakly_unstable,0,1,63.63
0.445700,0.698600,40,1000000,500000,49460,2.53641026e-3,9.89200000e-2,0.072500,-0.030381,-4824.240000,3,weakly_unstable,0,1,69.76
0.605700,0.951140,40,1000000,500000,26387,1.35317949e-3,5.27740000e-2,0.035000,-0.005511,-337.085000,3,weakly_unstable,0,1,51.44
0.765700,0.992600,40,1000000,500000,6631,3.40051282e-4,1.32620000e-2,-0.122500,-0.066169,-19.277500,3,weakly_unstable,0,1,47.20
0.985700,0.997180,40,1000000,500000,3193,1.63743590e-4,6.38600000e-3,0.040000,0.012806,-4.730000,3,weakly_unstable,0,1,45.23
0.525700,0.927800,40,1000000,500000,44101,2.26158974e-3,8.82020000e-2,-0.052500,0.075474,-596.582500,3,weakly_unstable,0,1,56.33
0.485700,0.885940,40,1000000,500000,61649,3.16148718e-3,1.23298000e-1,-0.028750,0.036297,-1245.842500,3,weakly_unstable,0,1,61.98
0.605700,0.952140,40,1000000,500000,30185,1.54794872e-3,6.03700000e-2,0.188750,0.037160,-319.335000,3,weakly_unstable,0,1,51.29
0.765700,0.993600,40,1000000,500000,7957,4.08051282e-4,1.59140000e-2,0.873750,0.891283,-10.222500,1,metastable,1,1,42.54
0.985700,0.998180,40,1000000,500000,4248,2.17846154e-4,8.49600000e-3,0.322500,0.351642,-3.080000,3,weakly_unstable,0,1,44.30
0.445700,0.699600,40,1000000,500000,35516,1.82133333e-3,7.10320000e-2,-0.146250,-0.030996,-4879.317500,3,weakly_unstable,0,1,70.86
0.525700,0.928800,40,1000000,500000,41714,2.13917949e-3,8.34280000e-2,-0.102500,-0.035661,-613.562500,3,weakly_unstable,0,1,57.81
0.765700,0.994600,40,1000000,500000,3769,1.93282051e-4,7.53800000e-3,0.860000,0.855158,-7.025000,1,metastable,1,1,42.21
0.985700,0.999180,40,1000000,500000,-6592,-3.38051282e-4,-1.31840000e-2,-0.832500,-0.648886,-1.975000,1,chaotic,0,0,40.44
0.605700,0.953140,40,1000000,500000,36364,1.86482051e-3,7.27280000e-2,0.158750,0.136602,-286.950000,3,weakly_unstable,0,1,51.24
0.485700,0.886940,40,1000000,500000,59746,3.06389744e-3,1.19492000e-1,-0.226250,-0.087865,-1268.855000,3,weakly_unstable,0,1,62.45
0.445700,0.700600,40,1000000,500000,38583,1.97861538e-3,7.71660000e-2,-0.117500,-0.064936,-4922.197500,3,weakly_unstable,0,1,71.02
0.765700,0.995600,40,1000000,500000,-18394,-9.43282051e-4,-3.67880000e-2,-0.852500,-0.815815,-7.527500,1,chaotic,0,0,41.45
0.985700,1.000000,40,1000000,500000,-11636,-5.96717949e-4,-2.32720000e-2,-0.010000,-0.008649,-1.937500,1,stable,0,0,40.08
0.525700,0.929800,40,1000000,500000,40392,2.07138462e-3,8.07840000e-2,0.058750,0.086712,-635.542500,3,weakly_unstable,0,1,57.08
0.605700,0.954140,40,1000000,500000,30794,1.57917949e-3,6.15880000e-2,0.091250,0.071711,-292.210000,3,weakly_unstable,0,1,51.41
0.485700,0.887940,40,1000000,500000,51174,2.62430769e-3,1.02348000e-1,-0.018750,0.008728,-1242.677500,3,weakly_unstable,0,1,62.29
0.765700,0.996600,40,1000000,500000,-30413,-1.55964103e-3,-6.08260000e-2,0.526250,0.463199,-4.032500,1,chaotic,0,0,41.57
1.005700,0.969310,40,1000000,500000,3581,1.83641026e-4,7.16200000e-3,0.132500,0.110033,-90.762500,3,weakly_unstable,0,1,46.91
0.525700,0.930800,40,1000000,500000,34160,1.75179487e-3,6.83200000e-2,0.073750,0.002900,-593.790000,3,weakly_unstable,0,1,57.50
0.605700,0.955140,40,1000000,500000,29831,1.52979487e-3,5.96620000e-2,0.043750,-0.100534,-297.295000,3,weakly_unstable,0,1,51.30
0.445700,0.701600,40,1000000,500000,52357,2.68497436e-3,1.04714000e-1,0.092500,0.042181,-4704.522500,3,weakly_unstable,0,1,70.93
0.765700,0.997600,40,1000000,500000,-53246,-2.73056410e-3,-1.06492000e-1,0.222500,0.224395,-2.122500,1,stable,0,0,41.63
0.485700,0.888940,40,1000000,500000,66798,3.42553846e-3,1.33596000e-1,0.108750,0.072789,-1213.590000,3,weakly_unstable,0,1,62.01
1.005700,0.970310,40,1000000,500000,3585,1.83846154e-4,7.17000000e-3,-0.288750,-0.258368,-99.655000,3,weakly_unstable,0,1,47.73
0.525700,0.931800,40,1000000,500000,39718,2.03682051e-3,7.94360000e-2,0.133750,0.140032,-600.697500,3,weakly_unstable,0,1,56.81
0.605700,0.956140,40,1000000,500000,22119,1.13430769e-3,4.42380000e-2,0.023750,0.002607,-280.342500,3,weakly_unstable,0,1,51.94
0.765700,0.998600,40,1000000,500000,-55201,-2.83082051e-3,-1.10402000e-1,-0.035000,-0.036472,-1.842500,1,stable,0,0,40.84
0.445700,0.702600,40,1000000,500000,43462,2.22882051e-3,8.69240000e-2,0.156250,0.001174,-4849.220000,3,weakly_unstable,0,1,70.88
1.005700,0.971310,40,1000000,500000,5253,2.69384615e-4,1.05060000e-2,0.068750,0.081870,-64.602500,3,weakly_unstable,0,1,47.25
0.485700,0.889940,40,1000000,500000,57329,2.93994872e-3,1.14658000e-1,-0.087500,-0.085474,-1178.472500,3,weakly_unstable,0,1,62.46
0.765700,0.999600,40,1000000,500000,-70290,-3.60461538e-3,-1.40580000e-1,-0.075000,-0.038106,-1.925000,1,stable,0,0,41.65
0.605700,0.957140,40,1000000,500000,23307,1.19523077e-3,4.66140000e-2,0.145000,0.021027,-274.337500,3,weakly_unstable,0,1,52.23
0.525700,0.932800,40,1000000,500000,44882,2.30164103e-3,8.97640000e-2,0.193750,0.086995,-588.940000,3,weakly_unstable,0,1,57.87
1.005700,0.972310,40,1000000,500000,4228,2.16820513e-4,8.45600000e-3,-0.143750,-0.106865,-88.772500,3,weakly_unstable,0,1,47.11
0.765700,1.000000,40,1000000,500000,-77294,-3.96379487e-3,-1.54588000e-1,0.038750,0.038360,-1.945000,1,stable,0,0,41.21
0.485700,0.890940,40,1000000,500000,45259,2.32097436e-3,9.05180000e-2,-0.167500,-0.007745,-1233.352500,3,weakly_unstable,0,1,62.36
0.445700,0.703600,40,1000000,500000,40060,2.05435897e-3,8.01200000e-2,0.078750,-0.028430,-4784.257500,3,weakly_unstable,0,1,71.28
0.605700,0.958140,40,1000000,500000,24386,1.25056410e-3,4.87720000e-2,0.003750,0.008386,-267.562500,3,weakly_unstable,0,1,51.78
0.525700,0.933800,40,1000000,500000,31233,1.60169231e-3,6.24660000e-2,-0.123750,0.017544,-562.460000,3,weakly_unstable,0,1,58.10
1.005700,0.973310,40,1000000,500000,4953,2.54000000e-4,9.90600000e-3,0.032500,0.042938,-79.455000,3,weakly_unstable,0,1,47.09
0.785700,0.965480,40,1000000,500000,16153,8.28358974e-4,3.23060000e-2,-0.097500,-0.082967,-102.392500,3,weakly_unstable,0,1,46.37
0.605700,0.959140,40,1000000,500000,23095,1.18435897e-3,4.61900000e-2,-0.002500,0.044873,-239.885000,3,weakly_unstable,0,1,51.45
0.485700,0.891940,40,1000000,500000,58323,2.99092308e-3,1.16646000e-1,-0.030000,0.025295,-1204.637500,3,weakly_unstable,0,1,61.95
0.445700,0.704600,40,1000000,500000,54369,2.78815385e-3,1.08738000e-1,-0.001250,-0.035169,-4732.770000,3,weakly_unstable,0,1,70.65
1.005700,0.974310,40,1000000,500000,4136,2.12102564e-4,8.27200000e-3,-0.031250,-0.011764,-62.050000,3,weakly_unstable,0,1,47.55
0.525700,0.934800,40,1000000,500000,43516,2.23158974e-3,8.70320000e-2,-0.145000,-0.150343,-539.385000,3,weakly_unstable,0,1,57.77
0.785700,0.966480,40,1000000,500000,17482,8.96512821e-4,3.49640000e-2,-0.075000,-0.037657,-123.995000,3,weakly_unstable,0,1,46.41
0.605700,0.960140,40,1000000,500000,27603,1.41553846e-3,5.52060000e-2,-0.143750,-0.113996,-256.357500,3,weakly_unstable,0,1,52.13
1.005700,0.975310,40,1000000,500000,4594,2.35589744e-4,9.18800000e-3,-0.071250,-0.083592,-62.760000,3,weakly_unstable,0,1,47.35
0.485700,0.892940,40,1000000,500000,50546,2.59210256e-3,1.01092000e-1,0.215000,0.040464,-1127.607500,3,weakly_unstable,0,1,62.59
0.785700,0.967480,40,1000000,500000,14585,7.47948718e-4,2.91700000e-2,0.022500,0.018249,-152.470000,3,weakly_unstable,0,1,47.45
0.525700,0.935800,40,1000000,500000,44488,2.28143590e-3,8.89760000e-2,0.110000,0.041711,-550.835000,3,weakly_unstable,0,1,57.84
0.445700,0.705600,40,1000000,500000,46331,2.37594872e-3,9.26620000e-2,-0.162500,-0.059953,-4740.990000,3,weakly_unstable,0,1,71.97
0.605700,0.961140,40,1000000,500000,24004,1.23097436e-3,4.80080000e-2,-0.161250,-0.006523,-246.945000,3,weakly_unstable,0,1,51.18
1.005700,0.976310,40,1000000,500000,5169,2.65076923e-4,1.03380000e-2,0.145000,0.128251,-45.790000,3,weakly_unstable,0,1,47.02
0.785700,0.968480,40,1000000,500000,17838,9.14769231e-4,3.56760000e-2,0.116250,0.086045,-123.947500,3,weakly_unstable,0,1,46.99
0.485700,0.893940,40,1000000,500000,58375,2.99358974e-3,1.16750000e-1,0.080000,-0.114902,-1110.427500,3,weakly_unstable,0,1,62.06
0.525700,0.936800,40,1000000,500000,34250,1.75641026e-3,6.85000000e-2,0.045000,0.037263,-528.152500,3,weakly_unstable,0,1,57.34
1.005700,0.977310,40,1000000,500000,4919,2.52256410e-4,9.83800000e-3,-0.082500,-0.044817,-59.192500,3,weakly_unstable,0,1,46.13
0.445700,0.706600,40,1000000,500000,53091,2.72261538e-3,1.06182000e-1,-0.001250,0.063164,-4745.665000,3,weakly_unstable,0,1,70.64
0.605700,0.962140,40,1000000,500000,21589,1.10712821e-3,4.31780000e-2,-0.148750,-0.226769,-217.900000,3,weakly_unstable,0,1,51.84
0.785700,0.969480,40,1000000,500000,18467,9.47025641e-4,3.69340000e-2,-0.020000,-0.018940,-104.802500,3,weakly_unstable,0,1,46.47
0.485700,0.894940,40,1000000,500000,61556,3.15671795e-3,1.23112000e-1,0.153750,-0.069079,-1163.240000,3,weakly_unstable,0,1,62.90
0.525700,0.937800,40,1000000,500000,34160,1.75179487e-3,6.83200000e-2,0.027500,0.066679,-540.412500,3,weakly_unstable,0,1,57.54
1.005700,0.978310,40,1000000,500000,4645,2.38205128e-4,9.29000000e-3,-0.007500,0.007408,-48.465000,3,weakly_unstable,0,1,47.41
0.605700,0.963140,40,1000000,500000,20113,1.03143590e-3,4.02260000e-2,0.040000,-0.083477,-220.420000,3,weakly_unstable,0,1,51.61
0.785700,0.970480,40,1000000,500000,16417,8.41897436e-4,3.28340000e-2,-0.052500,-0.032658,-99.210000,3,weakly_unstable,0,1,46.67
0.445700,0.707600,40,1000000,500000,45128,2.31425641e-3,9.02560000e-2,-0.083750,-0.122435,-4608.202500,3,weakly_unstable,0,1,70.24
0.525700,0.938800,40,1000000,500000,30992,1.58933333e-3,6.19840000e-2,0.115000,-0.054309,-540.727500,3,weakly_unstable,0,1,57.21
1.005700,0.979310,40,1000000,500000,3821,1.95948718e-4,7.64200000e-3,-0.088750,-0.103767,-47.645000,3,weakly_unstable,0,1,47.20
0.485700,0.895940,40,1000000,500000,53767,2.75728205e-3,1.07534000e-1,-0.046250,-0.052983,-1108.410000,3,weakly_unstable,0,1,61.55
0.605700,0.964140,40,1000000,500000,23032,1.18112821e-3,4.60640000e-2,0.146250,0.002476,-214.130000,3,weakly_unstable,0,1,51.24
0.785700,0.971480,40,1000000,500000,17159,8.79948718e-4,3.43180000e-2,-0.041250,0.004573,-79.215000,3,weakly_unstable,0,1,46.40
0.445700,0.708600,40,1000000,500000,52425,2.68846154e-3,1.04850000e-1,0.007500,0.057232,-4706.772500,3,weakly_unstable,0,1,70.73
1.005700,0.980310,40,1000000,500000,4973,2.55025641e-4,9.94600000e-3,0.127500,0.118372,-38.282500,3,weakly_unstable,0,1,47.01
0.525700,0.939800,40,1000000,500000,36351,1.86415385e-3,7.27020000e-2,0.145000,0.087787,-481.975000,3,weakly_unstable,0,1,57.23
0.785700,0.972480,40,1000000,500000,21198,1.08707692e-3,4.23960000e-2,0.106250,0.084151,-100.272500,3,weakly_unstable,0,1,46.69
0.605700,0.965140,40,1000000,500000,23508,1.20553846e-3,4.70160000e-2,0.103750,0.016408,-218.235000,3,weakly_unstable,0,1,51.21
0.485700,0.896940,40,1000000,500000,54608,2.80041026e-3,1.09216000e-1,-0.041250,0.025860,-1104.360000,3,weakly_unstable,0,1,61.87
1.005700,0.981310,40,1000000,500000,4839,2.48153846e-4,9.67800000e-3,0.017500,-0.000140,-38.145000,3,weakly_unstable,0,1,47.86
0.785700,0.973480,40,1000000,500000,16924,8.67897436e-4,3.38480000e-2,0.102500,0.082381,-93.387500,3,weakly_unstable,0,1,46.94
0.605700,0.966140,40,1000000,500000,24450,1.25384615e-3,4.89000000e-2,0.145000,-0.010289,-203.652500,3,weakly_unstable,0,1,52.61
0.525700,0.940800,40,1000000,500000,34969,1.79328205e-3,6.99380000e-2,-0.061250,0.046808,-461.745000,3,weakly_unstable,0,1,58.37
0.445700,0.709600,40,1000000,500000,36509,1.87225641e-3,7.30180000e-2,0.118750,0.021817,-4637.252500,3,weakly_unstable,0,1,71.70
0.485700,0.897940,40,1000000,500000,67404,3.45661538e-3,1.34808000e-1,0.160000,0.129983,-1068.352500,3,weakly_unstable,0,1,63.51
1.005700,0.982310,40,1000000,500000,5175,2.65384615e-4,1.03500000e-2,0.007500,0.009520,-35.062500,3,weakly_unstable,0,1,46.97
0.785700,0.974480,40,1000000,500000,17628,9.04000000e-4,3.52560000e-2,-0.018750,-0.124003,-82.515000,3,weakly_unstable,0,1,46.68
0.605700,0.967140,40,1000000,500000,16837,8.63435897e-4,3.36740000e-2,-0.182500,-0.009419,-183.055000,3,weakly_unstable,0,1,52.65
0.525700,0.941800,40,1000000,500000,35400,1.81538462e-3,7.08000000e-2,0.121250,-0.022456,-459.260000,3,weakly_unstable,0,1,57.59
1.005700,0.983310,40,1000000,500000,4495,2.30512821e-4,8.99000000e-3,0.010000,-0.020085,-22.935000,3,weakly_unstable,0,1,46.76
0.445700,0.710600,40,1000000,500000,58212,2.98523077e-3,1.16424000e-1,-0.018750,0.061672,-4641.890000,3,weakly_unstable,0,1,71.41
0.485700,0.898940,40,1000000,500000,55836,2.86338462e-3,1.11672000e-1,0.013750,0.110437,-1046.997500,3,weakly_unstable,0,1,62.66
0.785700,0.975480,40,1000000,500000,17340,8.89230769e-4,3.46800000e-2,0.022500,-0.025120,-94.357500,3,weakly_unstable,0,1,46.14
0.605700,0.968140,40,1000000,500000,22515,1.15461538e-3,4.50300000e-2,-0.042500,0.034828,-184.912500,3,weakly_unstable,0,1,51.59
0.525700,0.942800,40,1000000,500000,28130,1.44256410e-3,5.62600000e-2,0.012500,0.000305,-474.967500,3,weakly_unstable,0,1,57.99
1.005700,0.984310,40,1000000,500000,5680,2.91282051e-4,1.13600000e-2,-0.108750,-0.105851,-34.685000,3,weakly_unstable,0,1,47.05
0.785700,0.976480,40,1000000,500000,17689,9.07128205e-4,3.53780000e-2,0.088750,0.028010,-56.695000,3,weakly_unstable,0,1,46.98
0.485700,0.899940,40,1000000,500000,50039,2.56610256e-3,1.00078000e-1,0.170000,0.070444,-1034.857500,3,weakly_unstable,0,1,63.32
0.445700,0.711600,40,1000000,500000,56345,2.88948718e-3,1.12690000e-1,-0.202500,-0.083829,-4583.332500,3,weakly_unstable,0,1,70.94
0.605700,0.969140,40,1000000,500000,21166,1.08543590e-3,4.23320000e-2,0.185000,0.056259,-176.755000,3,weakly_unstable,0,1,52.10
1.005700,0.985310,40,1000000,500000,5247,2.69076923e-4,1.04940000e-2,-0.016250,-0.010704,-11.620000,3,weakly_unstable,0,1,47.10
0.525700,0.943800,40,1000000,500000,25103,1.28733333e-3,5.02060000e-2,-0.127500,-0.112640,-453.082500,3,weakly_unstable,0,1,57.88
0.785700,0.977480,40,1000000,500000,17500,8.97435897e-4,3.50000000e-2,0.030000,0.031019,-72.597500,3,weakly_unstable,0,1,46.39
0.485700,0.900940,40,1000000,500000,59626,3.05774359e-3,1.19252000e-1,0.036250,0.077830,-1025.375000,3,weakly_unstable,0,1,63.85
0.605700,0.970140,40,1000000,500000,23096,1.18441026e-3,4.61920000e-2,0.157500,0.204635,-169.922500,3,weakly_unstable,0,1,53.11
1.005700,0.986310,40,1000000,500000,4501,2.30820513e-4,9.00200000e-3,-0.031250,-0.035374,-33.612500,3,weakly_unstable,0,1,47.95
0.445700,0.712600,40,1000000,500000,37874,1.94225641e-3,7.57480000e-2,-0.115000,0.039842,-4559.687500,3,weakly_unstable,0,1,70.76
0.785700,0.978480,40,1000000,500000,14652,7.51384615e-4,2.93040000e-2,0.007500,0.011839,-46.877500,3,weakly_unstable,0,1,47.21
0.525700,0.944800,40,1000000,500000,33393,1.71246154e-3,6.67860000e-2,-0.040000,-0.097791,-407.667500,3,weakly_unstable,0,1,58.54
0.605700,0.971140,40,1000000,500000,21620,1.10871795e-3,4.32400000e-2,0.242500,0.117160,-155.082500,3,weakly_unstable,0,1,52.43
1.005700,0.987310,40,1000000,500000,4877,2.50102564e-4,9.75400000e-3,0.042500,0.056939,-14.350000,3,weakly_unstable,0,1,50.34
0.485700,0.901940,40,1000000,500000,64110,3.28769231e-3,1.28220000e-1,-0.012500,0.072355,-1008.565000,3,weakly_unstable,0,1,62.69
0.785700,0.979480,40,1000000,500000,17838,9.14769231e-4,3.56760000e-2,0.017500,-0.044447,-54.752500,3,weakly_unstable,0,1,46.21
0.445700,0.713600,40,1000000,500000,45313,2.32374359e-3,9.06260000e-2,-0.056250,0.034409,-4600.945000,3,weakly_unstable,0,1,69.76
0.525700,0.945800,40,1000000,500000,29007,1.48753846e-3,5.80140000e-2,0.022500,-0.031607,-427.747500,3,weakly_unstable,0,1,57.09
0.605700,0.972140,40,1000000,500000,19914,1.02123077e-3,3.98280000e-2,0.176250,0.165130,-158.010000,3,weakly_unstable,0,1,52.66
1.005700,0.988310,40,1000000,500000,3365,1.72564103e-4,6.73000000e-3,-0.052500,-0.054317,-14.470000,3,weakly_unstable,0,1,49.95
0.785700,0.980480,40,1000000,500000,12830,6.57948718e-4,2.56600000e-2,-0.051250,-0.058075,-52.235000,3,weakly_unstable,0,1,47.20
0.485700,0.902940,40,1000000,500000,51324,2.63200000e-3,1.02648000e-1,-0.050000,-0.106969,-956.445000,3,weakly_unstable,0,1,63.19
0.525700,0.946800,40,1000000,500000,30003,1.53861538e-3,6.00060000e-2,-0.052500,0.017691,-403.362500,3,weakly_unstable,0,1,58.27
0.445700,0.714600,40,1000000,500000,58283,2.98887179e-3,1.16566000e-1,-0.315000,-0.078788,-4548.190000,3,weakly_unstable,0,1,70.51
1.005700,0.989310,40,1000000,500000,4591,2.35435897e-4,9.18200000e-3,-0.035000,-0.052471,-11.057500,3,weakly_unstable,0,1,47.57
0.605700,0.973140,40,1000000,500000,20416,1.04697436e-3,4.08320000e-2,-0.067500,0.129139,-130.890000,3,weakly_unstable,0,1,51.84
0.785700,0.981480,40,1000000,500000,15767,8.08564103e-4,3.15340000e-2,-0.050000,-0.000864,-55.442500,3,weakly_unstable,0,1,46.31
0.485700,0.903940,40,1000000,500000,57065,2.92641026e-3,1.14130000e-1,-0.016250,-0.140911,-994.622500,3,weakly_unstable,0,1,62.76
0.525700,0.947800,40,1000000,500000,25204,1.29251282e-3,5.04080000e-2,-0.128750,-0.042238,-388.227500,3,weakly_unstable,0,1,57.07
1.005700,0.990310,40,1000000,500000,4432,2.27282051e-4,8.86400000e-3,-0.015000,-0.021894,-8.855000,3,weakly_unstable,0,1,46.13
0.785700,0.982480,40,1000000,500000,14373,7.37076923e-4,2.87460000e-2,0.013750,0.045363,-31.480000,3,weakly_unstable,0,1,46.89
0.605700,0.974140,40,1000000,500000,12343,6.32974359e-4,2.46860000e-2,0.183750,0.109084,-132.805000,3,weakly_unstable,0,1,51.90
0.445700,0.715600,40,1000000,500000,60146,3.08441026e-3,1.20292000e-1,0.262500,0.046230,-4473.205000,3,weakly_unstable,0,1,69.06
0.485700,0.904940,40,1000000,500000,61813,3.16989744e-3,1.23626000e-1,0.060000,0.064456,-978.452500,3,weakly_unstable,0,1,62.71
1.005700,0.991310,40,1000000,500000,3940,2.02051282e-4,7.88000000e-3,0.008750,-0.035903,-9.862500,3,weakly_unstable,0,1,46.12
0.785700,0.983480,40,1000000,500000,15005,7.69487179e-4,3.00100000e-2,-0.032500,-0.072483,-55.282500,3,weakly_unstable,0,1,46.54
0.525700,0.948800,40,1000000,500000,30575,1.56794872e-3,6.11500000e-2,0.170000,-0.093756,-355.605000,3,weakly_unstable,0,1,58.01
0.605700,0.975140,40,1000000,500000,14920,7.65128205e-4,2.98400000e-2,0.106250,0.270721,-125.007500,3,weakly_unstable,0,1,52.52
0.445700,1.000000,40,1000000,500000,-1025506,-5.25900513e-2,-2.05101200e0,-0.015000,-0.001920,-2.475000,1,stable,0,0,49.93
1.005700,0.992310,40,1000000,500000,3994,2.04820513e-4,7.98800000e-3,0.038750,-0.019631,-7.335000,3,weakly_unstable,0,1,46.80
0.785700,0.984480,40,1000000,500000,14435,7.40256410e-4,2.88700000e-2,-0.052500,-0.059699,-37.955000,3,weakly_unstable,0,1,46.25
0.485700,0.905940,40,1000000,500000,54769,2.80866667e-3,1.09538000e-1,-0.153750,-0.072769,-913.880000,3,weakly_unstable,0,1,63.15
0.525700,0.949800,40,1000000,500000,31692,1.62523077e-3,6.33840000e-2,0.147500,0.074068,-336.215000,3,weakly_unstable,0,1,57.42
0.605700,0.976140,40,1000000,500000,16391,8.40564103e-4,3.27820000e-2,-0.113750,-0.267884,-109.602500,3,weakly_unstable,0,1,52.25
0.465700,0.807810,40,1000000,500000,59979,3.07584615e-3,1.19958000e-1,-0.043750,-0.078636,-2728.987500,3,weakly_unstable,0,1,65.24
1.005700,0.993310,40,1000000,500000,4581,2.34923077e-4,9.16200000e-3,-0.158750,-0.165428,-1.682500,3,weakly_unstable,0,1,44.96
0.785700,0.985480,40,1000000,500000,13919,7.13794872e-4,2.78380000e-2,-0.046250,0.031591,-31.252500,3,weakly_unstable,0,1,46.67
0.605700,0.977140,40,1000000,500000,16598,8.51179487e-4,3.31960000e-2,0.236250,0.305880,-87.637500,3,weakly_unstable,0,1,51.40
0.525700,0.950800,40,1000000,500000,29035,1.48897436e-3,5.80700000e-2,0.032500,0.033441,-335.780000,3,weakly_unstable,0,1,57.53
0.485700,0.906940,40,1000000,500000,50314,2.58020513e-3,1.00628000e-1,-0.046250,0.051891,-905.197500,3,weakly_unstable,0,1,62.63
1.005700,0.994310,40,1000000,500000,4085,2.09487179e-4,8.17000000e-3,-0.018750,-0.021778,-9.637500,3,weakly_unstable,0,1,45.23
0.785700,0.986480,40,1000000,500000,12022,6.16512821e-4,2.40440000e-2,0.060000,0.026388,-27.702500,3,weakly_unstable,0,1,47.13
0.465700,0.808810,40,1000000,500000,57427,2.94497436e-3,1.14854000e-1,-0.173750,-0.099381,-2745.555000,3,weakly_unstable,0,1,65.49
0.605700,0.978140,40,1000000,500000,47013,2.41092308e-3,9.40260000e-2,0.802500,0.819098,-69.212500,1,metastable,1,1,47.19
0.525700,0.951800,40,1000000,500000,29141,1.49441026e-3,5.82820000e-2,-0.100000,0.102104,-317.895000,3,weakly_unstable,0,1,56.79
1.005700,0.995310,40,1000000,500000,2915,1.49487179e-4,5.83000000e-3,-0.043750,-0.041708,-3.605000,3,weakly_unstable,0,1,44.43
0.485700,0.907940,40,1000000,500000,44896,2.30235897e-3,8.97920000e-2,0.372500,0.101331,-953.255000,3,weakly_unstable,0,1,63.24
0.785700,0.987480,40,1000000,500000,11969,6.13794872e-4,2.39380000e-2,-0.055000,-0.093901,-28.437500,3,weakly_unstable,0,1,46.16
0.605700,0.979140,40,1000000,500000,32646,1.67415385e-3,6.52920000e-2,0.765000,0.793532,-74.717500,1,metastable,1,1,46.32
0.465700,0.809810,40,1000000,500000,67068,3.43938462e-3,1.34136000e-1,0.251250,0.085830,-2672.022500,3,weakly_unstable,0,1,64.69
1.005700,0.996310,40,1000000,500000,3489,1.78923077e-4,6.97800000e-3,0.110000,0.098794,-1.747500,3,weakly_unstable,0,1,45.08
0.785700,0.988480,40,1000000,500000,12681,6.50307692e-4,2.53620000e-2,-0.147500,-0.055614,-21.985000,3,weakly_unstable,0,1,44.93
0.525700,0.952800,40,1000000,500000,30921,1.58569231e-3,6.18420000e-2,0.088750,0.179533,-308.957500,3,weakly_unstable,0,1,56.09
0.485700,0.908940,40,1000000,500000,53162,2.72625641e-3,1.06324000e-1,-0.105000,0.086793,-933.060000,3,weakly_unstable,0,1,60.68
0.605700,0.980140,40,1000000,500000,28450,1.45897436e-3,5.69000000e-2,0.803750,0.794110,-59.052500,1,metastable,1,1,42.28
1.005700,0.997310,40,1000000,500000,1899,9.73846154e-5,3.79800000e-3,-0.022500,-0.037658,-2.835000,3,weakly_unstable,0,1,38.52
0.465700,0.810810,40,1000000,500000,52720,2.70358974e-3,1.05440000e-1,0.122500,0.028960,-2632.882500,3,weakly_unstable,0,1,58.64
0.785700,0.989480,40,1000000,500000,11679,5.98923077e-4,2.33580000e-2,-0.268750,-0.249809,-25.020000,3,weakly_unstable,0,1,40.13
0.525700,0.953800,40,1000000,500000,21259,1.09020513e-3,4.25180000e-2,-0.015000,-0.029815,-299.240000,3,weakly_unstable,0,1,50.60
0.485700,1.000000,40,1000000,500000,-749553,-3.84386154e-2,-1.49910600e0,-0.007500,-0.004467,-2.222500,1,stable,0,0,41.10
0.605700,0.981140,40,1000000,500000,19801,1.01543590e-3,3.96020000e-2,0.818750,0.786116,-54.442500,1,metastable,1,1,40.27
1.005700,0.998310,40,1000000,500000,2774,1.42256410e-4,5.54800000e-3,0.137500,0.219220,-3.547500,3,weakly_unstable,0,1,38.17
0.785700,0.990480,40,1000000,500000,6862,3.51897436e-4,1.37240000e-2,-0.112500,-0.074048,-23.860000,3,weakly_unstable,0,1,39.74
0.465700,0.811810,40,1000000,500000,57066,2.92646154e-3,1.14132000e-1,-0.147500,-0.096847,-2569.880000,3,weakly_unstable,0,1,58.63
0.605700,0.982140,40,1000000,500000,-820,-4.20512821e-5,-1.64000000e-3,-0.715000,-0.709602,-41.200000,1,chaotic,0,0,39.68
0.525700,0.954800,40,1000000,500000,55005,2.82076923e-3,1.10010000e-1,-0.560000,-0.613602,-271.752500,1,metastable,1,1,49.41
1.005700,0.999310,40,1000000,500000,-2314,-1.18666667e-4,-4.62800000e-3,-0.618750,-0.625406,-0.870000,1,chaotic,0,0,34.70
0.505700,0.888380,40,1000000,500000,43218,2.21630769e-3,8.64360000e-2,0.016250,0.012064,-1233.140000,3,weakly_unstable,0,1,53.13
0.785700,0.991480,40,1000000,500000,8628,4.42461538e-4,1.72560000e-2,-0.051250,-0.032821,-21.425000,3,weakly_unstable,0,1,40.29
1.005700,1.000000,40,1000000,500000,-8603,-4.41179487e-4,-1.72060000e-2,0.047500,0.047899,-1.940000,1,stable,0,0,33.88
0.605700,0.983140,40,1000000,500000,4850,2.48717949e-4,9.70000000e-3,0.725000,0.703180,-53.890000,1,metastable,1,1,39.63
0.525700,0.955800,40,1000000,500000,22571,1.15748718e-3,4.51420000e-2,-0.077500,0.100950,-258.012500,3,weakly_unstable,0,1,51.02
0.785700,0.992480,40,1000000,500000,25419,1.30353846e-3,5.08380000e-2,0.906250,0.914308,-15.595000,1,metastable,1,1,35.77
0.465700,0.812810,40,1000000,500000,58960,3.02358974e-3,1.17920000e-1,-0.185000,0.026031,-2553.700000,3,weakly_unstable,0,1,58.23
0.505700,0.889380,40,1000000,500000,50654,2.59764103e-3,1.01308000e-1,-0.047500,0.080798,-1227.310000,3,weakly_unstable,0,1,52.75
0.605700,0.984140,40,1000000,500000,-31365,-1.60846154e-3,-6.27300000e-2,-0.570000,-0.481616,-38.310000,1,chaotic,0,0,38.85
1.025700,0.969410,40,1000000,500000,4276,2.19282051e-4,8.55200000e-3,0.023750,0.003017,-88.477500,3,weakly_unstable,0,1,40.49
0.785700,0.993480,40,1000000,500000,14761,7.56974359e-4,2.95220000e-2,-0.913750,-0.908118,-14.125000,1,metastable,1,1,35.13
0.525700,0.956800,40,1000000,500000,57437,2.94548718e-3,1.14874000e-1,0.768750,0.757921,-243.572500,1,metastable,1,1,47.33
0.505700,0.890380,40,1000000,500000,55796,2.86133333e-3,1.11592000e-1,0.081250,0.005786,-1199.247500,3,weakly_unstable,0,1,53.51
0.465700,0.813810,40,1000000,500000,59404,3.04635897e-3,1.18808000e-1,0.127500,0.125560,-2549.767500,3,weakly_unstable,0,1,59.12
0.605700,0.985140,40,1000000,500000,-39690,-2.03538462e-3,-7.93800000e-2,-0.611250,-0.583734,-38.380000,1,chaotic,0,0,39.61
1.025700,0.970410,40,1000000,500000,4211,2.15948718e-4,8.42200000e-3,0.035000,0.053806,-112.720000,3,weakly_unstable,0,1,39.95
0.785700,0.994480,40,1000000,500000,10236,5.24923077e-4,2.04720000e-2,-0.671250,-0.574384,-9.295000,1,metastable,1,1,39.24
0.525700,0.957800,40,1000000,500000,33213,1.70323077e-3,6.64260000e-2,-0.697500,-0.518728,-210.720000,1,metastable,1,1,53.35
0.605700,0.986140,40,1000000,500000,-55877,-2.86548718e-3,-1.11754000e-1,0.370000,0.413256,-26.560000,1,chaotic,0,0,43.94
1.025700,0.971410,40,1000000,500000,3711,1.90307692e-4,7.42200000e-3,-0.015000,-0.007563,-85.605000,3,weakly_unstable,0,1,45.86
0.505700,0.891380,40,1000000,500000,53216,2.72902564e-3,1.06432000e-1,0.192500,0.098157,-1180.942500,3,weakly_unstable,0,1,57.68
0.785700,0.995480,40,1000000,500000,509,2.61025641e-5,1.01800000e-3,0.892500,0.889568,-9.272500,1,metastable,1,1,42.83
0.465700,0.814810,40,1000000,500000,63459,3.25430769e-3,1.26918000e-1,0.027500,0.120223,-2528.952500,3,weakly_unstable,0,1,63.63
0.525700,1.000000,40,1000000,500000,-551843,-2.82996410e-2,-1.10368600e0,-0.003750,0.000133,-2.045000,1,stable,0,0,45.60
0.605700,0.987140,40,1000000,500000,-70549,-3.61789744e-3,-1.41098000e-1,-0.152500,-0.270103,-21.042500,1,stable,0,0,45.92
1.025700,0.972410,40,1000000,500000,4749,2.43538462e-4,9.49800000e-3,0.083750,0.090459,-65.592500,3,weakly_unstable,0,1,46.71
0.785700,0.996480,40,1000000,500000,-6964,-3.57128205e-4,-1.39280000e-2,0.836250,0.770904,-4.345000,1,chaotic,0,0,41.62
0.505700,0.892380,40,1000000,500000,48688,2.49682051e-3,9.73760000e-2,-0.078750,-0.049578,-1144.415000,3,weakly_unstable,0,1,59.71
0.465700,0.815810,40,1000000,500000,62125,3.18589744e-3,1.24250000e-1,-0.073750,-0.022360,-2480.777500,3,weakly_unstable,0,1,65.21
0.605700,0.988140,40,1000000,500000,-87892,-4.50728205e-3,-1.75784000e-1,0.161250,0.105213,-26.627500,1,stable,0,0,45.70
0.545700,0.921510,40,1000000,500000,32247,1.65369231e-3,6.44940000e-2,-0.022500,-0.030341,-720.492500,3,weakly_unstable,0,1,55.62
0.785700,0.997480,40,1000000,500000,-24299,-1.24610256e-3,-4.85980000e-2,-0.307500,-0.346151,-3.085000,1,stable,0,0,41.43
1.025700,0.973410,40,1000000,500000,5207,2.67025641e-4,1.04140000e-2,-0.078750,-0.047123,-56.915000,3,weakly_unstable,0,1,47.25
0.505700,0.893380,40,1000000,500000,48536,2.48902564e-3,9.70720000e-2,-0.140000,-0.015018,-1136.782500,3,weakly_unstable,0,1,59.69
0.785700,0.998480,40,1000000,500000,-39693,-2.03553846e-3,-7.93860000e-2,-0.131250,-0.107732,-3.030000,1,stable,0,0,41.93
0.605700,0.989140,40,1000000,500000,-87026,-4.46287179e-3,-1.74052000e-1,0.228750,0.156692,-20.515000,1,stable,0,0,45.54
1.025700,0.974410,40,1000000,500000,4914,2.52000000e-4,9.82800000e-3,-0.041250,-0.080925,-50.762500,3,weakly_unstable,0,1,46.28
0.545700,0.922510,40,1000000,500000,35037,1.79676923e-3,7.00740000e-2,-0.020000,-0.038196,-686.865000,3,weakly_unstable,0,1,55.15
0.465700,0.816810,40,1000000,500000,63453,3.25400000e-3,1.26906000e-1,0.171250,0.093643,-2388.415000,3,weakly_unstable,0,1,65.19
0.785700,0.999480,40,1000000,500000,-54210,-2.78000000e-3,-1.08420000e-1,-0.122500,-0.153378,-1.962500,1,stable,0,0,41.70
0.605700,0.990140,40,1000000,500000,-112281,-5.75800000e-3,-2.24562000e-1,-0.020000,-0.105933,-10.027500,1,stable,0,0,44.69
1.025700,0.975410,40,1000000,500000,4564,2.34051282e-4,9.12800000e-3,-0.171250,-0.152429,-65.862500,3,weakly_unstable,0,1,47.19
0.505700,0.894380,40,1000000,500000,39667,2.03420513e-3,7.93340000e-2,-0.111250,-0.076394,-1110.482500,3,weakly_unstable,0,1,60.29
0.545700,0.923510,40,1000000,500000,39228,2.01169231e-3,7.84560000e-2,0.052500,0.104068,-651.622500,3,weakly_unstable,0,1,55.44
0.465700,0.817810,40,1000000,500000,61499,3.15379487e-3,1.22998000e-1,0.106250,0.041383,-2485.175000,3,weakly_unstable,0,1,65.22
0.785700,1.000000,40,1000000,500000,-66841,-3.42774359e-3,-1.33682000e-1,-0.032500,0.001365,-1.925000,1,stable,0,0,41.31
0.605700,0.991140,40,1000000,500000,-141757,-7.26958974e-3,-2.83514000e-1,-0.052500,-0.049823,-17.592500,1,stable,0,0,45.13
1.025700,0.976410,40,1000000,500000,3960,2.03076923e-4,7.92000000e-3,0.033750,0.050149,-28.850000,3,weakly_unstable,0,1,47.81
0.505700,0.895380,40,1000000,500000,49095,2.51769231e-3,9.81900000e-2,0.155000,-0.010524,-1100.890000,3,weakly_unstable,0,1,61.29
0.545700,0.924510,40,1000000,500000,46641,2.39184615e-3,9.32820000e-2,-0.226250,-0.059815,-660.895000,3,weakly_unstable,0,1,58.91
0.805700,0.966210,40,1000000,500000,18285,9.37692308e-4,3.65700000e-2,0.007500,0.017588,-116.292500,3,weakly_unstable,0,1,51.15
0.605700,0.992140,40,1000000,500000,-176505,-9.05153846e-3,-3.53010000e-1,-0.067500,-0.049126,-23.007500,1,stable,0,0,48.75
0.465700,0.818810,40,1000000,500000,57063,2.92630769e-3,1.14126000e-1,-0.052500,0.026965,-2520.800000,3,weakly_unstable,0,1,73.83
1.025700,0.977410,40,1000000,500000,4277,2.19333333e-4,8.55400000e-3,-0.026250,-0.055249,-82.842500,3,weakly_unstable,0,1,54.73
0.505700,0.896380,40,1000000,500000,38662,1.98266667e-3,7.73240000e-2,-0.071250,-0.085887,-1096.700000,3,weakly_unstable,0,1,70.07
0.805700,0.967210,40,1000000,500000,16333,8.37589744e-4,3.26660000e-2,0.125000,0.103753,-112.130000,3,weakly_unstable,0,1,55.48
0.545700,0.925510,40,1000000,500000,37440,1.92000000e-3,7.48800000e-2,0.081250,0.015276,-660.377500,3,weakly_unstable,0,1,64.61
0.605700,0.993140,40,1000000,500000,-137346,-7.04338462e-3,-2.74692000e-1,0.100000,-0.021608,-7.400000,1,stable,0,0,53.07
1.025700,0.978410,40,1000000,500000,2863,1.46820513e-4,5.72600000e-3,-0.041250,-0.069478,-31.785000,3,weakly_unstable,0,1,51.84
0.465700,0.819810,40,1000000,500000,56159,2.87994872e-3,1.12318000e-1,-0.161250,0.041086,-2430.400000,3,weakly_unstable,0,1,74.43
0.605700,0.994140,40,1000000,500000,-189809,-9.73379487e-3,-3.79618000e-1,0.010000,0.082192,-11.130000,1,stable,0,0,46.28
0.805700,0.968210,40,1000000,500000,17105,8.77179487e-4,3.42100000e-2,-0.106250,-0.131963,-132.140000,3,weakly_unstable,0,1,49.98
0.545700,0.926510,40,1000000,500000,40499,2.07687179e-3,8.09980000e-2,0.001250,-0.008356,-651.322500,3,weakly_unstable,0,1,58.54
0.505700,0.897380,40,1000000,500000,54377,2.78856410e-3,1.08754000e-1,0.033750,0.029277,-1110.642500,3,weakly_unstable,0,1,63.63
1.025700,0.979410,40,1000000,500000,4556,2.33641026e-4,9.11200000e-3,0.061250,0.080305,-46.680000,3,weakly_unstable,0,1,48.70
0.605700,0.995140,40,1000000,500000,-197117,-1.01085641e-2,-3.94234000e-1,0.021250,0.049167,-5.260000,1,stable,0,0,45.44
0.805700,0.969210,40,1000000,500000,15218,7.80410256e-4,3.04360000e-2,-0.050000,-0.117168,-131.517500,3,weakly_unstable,0,1,48.48
0.465700,0.820810,40,1000000,500000,64260,3.29538462e-3,1.28520000e-1,0.130000,-0.009831,-2373.472500,3,weakly_unstable,0,1,71.30
0.545700,0.927510,40,1000000,500000,38731,1.98620513e-3,7.74620000e-2,0.053750,0.095919,-614.455000,3,weakly_unstable,0,1,57.33
1.025700,0.980410,40,1000000,500000,4063,2.08358974e-4,8.12600000e-3,0.012500,-0.002785,-43.970000,3,weakly_unstable,0,1,49.40
0.505700,0.898380,40,1000000,500000,39915,2.04692308e-3,7.98300000e-2,-0.103750,-0.156547,-1065.877500,3,weakly_unstable,0,1,63.28
0.605700,1.000000,40,1000000,500000,-288683,-1.48042564e-2,-5.77366000e-1,-0.013750,0.018021,-1.977500,1,stable,0,0,44.80
0.805700,0.970210,40,1000000,500000,16163,8.28871795e-4,3.23260000e-2,0.086250,0.063233,-92.390000,3,weakly_unstable,0,1,49.74
1.025700,0.981410,40,1000000,500000,4001,2.05179487e-4,8.00200000e-3,0.061250,0.052000,-30.182500,3,weakly_unstable,0,1,53.04
0.545700,0.928510,40,1000000,500000,34894,1.78943590e-3,6.97880000e-2,-0.082500,-0.017417,-592.790000,3,weakly_unstable,0,1,62.68
0.465700,0.821810,40,1000000,500000,71483,3.66579487e-3,1.42966000e-1,-0.017500,0.036088,-2408.500000,3,weakly_unstable,0,1,75.49
0.505700,0.899380,40,1000000,500000,48470,2.48564103e-3,9.69400000e-2,0.148750,0.040753,-1027.677500,3,weakly_unstable,0,1,67.88
0.625700,0.949760,40,1000000,500000,32329,1.65789744e-3,6.46580000e-2,0.012500,-0.084771,-321.712500,3,weakly_unstable,0,1,57.70
0.805700,0.971210,40,1000000,500000,16955,8.69487179e-4,3.39100000e-2,-0.010000,-0.014127,-84.155000,3,weakly_unstable,0,1,54.75
1.025700,0.982410,40,1000000,500000,4883,2.50410256e-4,9.76600000e-3,0.025000,0.008810,-33.677500,3,weakly_unstable,0,1,54.74
0.545700,0.929510,40,1000000,500000,32153,1.64887179e-3,6.43060000e-2,-0.203750,-0.043911,-639.450000,3,weakly_unstable,0,1,63.92
0.625700,0.950760,40,1000000,500000,26833,1.37605128e-3,5.36660000e-2,0.081250,-0.109420,-292.027500,3,weakly_unstable,0,1,58.81
0.805700,0.972210,40,1000000,500000,17036,8.73641026e-4,3.40720000e-2,-0.010000,0.031600,-96.195000,3,weakly_unstable,0,1,54.44
0.465700,0.822810,40,1000000,500000,63179,3.23994872e-3,1.26358000e-1,-0.065000,0.004172,-2318.810000,3,weakly_unstable,0,1,77.49
0.505700,0.900380,40,1000000,500000,63501,3.25646154e-3,1.27002000e-1,-0.116250,0.032913,-1011.162500,3,weakly_unstable,0,1,70.96
1.025700,0.983410,40,1000000,500000,5240,2.68717949e-4,1.04800000e-2,-0.007500,-0.022802,-37.180000,3,weakly_unstable,0,1,55.24
0.545700,0.930510,40,1000000,500000,39930,2.04769231e-3,7.98600000e-2,-0.080000,-0.039905,-608.095000,3,weakly_unstable,0,1,64.67
0.805700,0.973210,40,1000000,500000,16477,8.44974359e-4,3.29540000e-2,-0.093750,-0.077259,-71.480000,3,weakly_unstable,0,1,54.40
0.625700,0.951760,40,1000000,500000,25875,1.32692308e-3,5.17500000e-2,0.126250,0.134411,-320.897500,3,weakly_unstable,0,1,58.82
0.505700,0.901380,40,1000000,500000,46805,2.40025641e-3,9.36100000e-2,-0.208750,0.077318,-1032.725000,3,weakly_unstable,0,1,69.39
1.025700,0.984410,40,1000000,500000,4315,2.21282051e-4,8.63000000e-3,-0.015000,-0.001973,-18.022500,3,weakly_unstable,0,1,53.94
0.465700,0.823810,40,1000000,500000,67766,3.47517949e-3,1.35532000e-1,0.110000,0.055770,-2417.087500,3,weakly_unstable,0,1,77.20
0.805700,0.974210,40,1000000,500000,17596,9.02358974e-4,3.51920000e-2,-0.017500,-0.075256,-72.367500,3,weakly_unstable,0,1,51.29
0.545700,0.931510,40,1000000,500000,41869,2.14712821e-3,8.37380000e-2,-0.143750,-0.069495,-568.672500,3,weakly_unstable,0,1,59.88
0.625700,0.952760,40,1000000,500000,28726,1.47312821e-3,5.74520000e-2,0.082500,0.114646,-302.755000,3,weakly_unstable,0,1,53.67
1.025700,0.985410,40,1000000,500000,4207,2.15743590e-4,8.41400000e-3,0.075000,0.077520,-28.985000,3,weakly_unstable,0,1,48.97
0.505700,0.902380,40,1000000,500000,56899,2.91789744e-3,1.13798000e-1,0.177500,0.062318,-1006.202500,3,weakly_unstable,0,1,62.83
0.465700,0.824810,40,1000000,500000,61159,3.13635897e-3,1.22318000e-1,-0.138750,-0.022551,-2376.525000,3,weakly_unstable,0,1,71.81
0.805700,0.975210,40,1000000,500000,15265,7.82820513e-4,3.05300000e-2,0.108750,0.126708,-73.250000,3,weakly_unstable,0,1,51.11
0.625700,0.953760,40,1000000,500000,27601,1.41543590e-3,5.52020000e-2,-0.060000,-0.017928,-268.422500,3,weakly_unstable,0,1,56.59
0.545700,0.932510,40,1000000,500000,35155,1.80282051e-3,7.03100000e-2,0.013750,-0.008112,-574.707500,3,weakly_unstable,0,1,62.94
1.025700,0.986410,40,1000000,500000,4355,2.23333333e-4,8.71000000e-3,-0.016250,-0.011282,-29.635000,3,weakly_unstable,0,1,53.15
0.505700,0.903380,40,1000000,500000,46815,2.40076923e-3,9.36300000e-2,0.111250,0.061938,-962.195000,3,weakly_unstable,0,1,72.56
0.805700,0.976210,40,1000000,500000,15557,7.97794872e-4,3.11140000e-2,0.043750,0.048692,-60.475000,3,weakly_unstable,0,1,55.93
0.625700,0.954760,40,1000000,500000,27934,1.43251282e-3,5.58680000e-2,-0.088750,-0.007174,-293.105000,3,weakly_unstable,0,1,59.89
0.465700,0.825810,40,1000000,500000,62305,3.19512821e-3,1.24610000e-1,0.273750,-0.011533,-2294.587500,3,weakly_unstable,0,1,78.10
1.025700,0.987410,40,1000000,500000,3162,1.62153846e-4,6.32400000e-3,0.083750,0.105182,-27.155000,3,weakly_unstable,0,1,54.73
0.545700,0.933510,40,1000000,500000,35459,1.81841026e-3,7.09180000e-2,0.117500,0.063013,-554.372500,3,weakly_unstable,0,1,65.62
0.805700,0.977210,40,1000000,500000,13825,7.08974359e-4,2.76500000e-2,0.046250,0.029394,-70.902500,3,weakly_unstable,0,1,55.52
0.505700,0.904380,40,1000000,500000,45071,2.31133333e-3,9.01420000e-2,-0.193750,-0.011678,-974.545000,3,weakly_unstable,0,1,71.41
0.625700,0.955760,40,1000000,500000,28936,1.48389744e-3,5.78720000e-2,-0.060000,0.011936,-261.860000,3,weakly_unstable,0,1,59.73
1.025700,0.988410,40,1000000,500000,3395,1.74102564e-4,6.79000000e-3,0.016250,0.017772,-18.765000,3,weakly_unstable,0,1,56.04
0.545700,0.934510,40,1000000,500000,39689,2.03533333e-3,7.93780000e-2,-0.088750,-0.088653,-552.390000,3,weakly_unstable,0,1,66.54
0.465700,0.826810,40,1000000,500000,62429,3.20148718e-3,1.24858000e-1,-0.103750,0.012350,-2285.542500,3,weakly_unstable,0,1,77.46
0.805700,0.978210,40,1000000,500000,14512,7.44205128e-4,2.90240000e-2,0.081250,0.055197,-58.530000,3,weakly_unstable,0,1,55.46
1.025700,0.989410,40,1000000,500000,3854,1.97641026e-4,7.70800000e-3,-0.035000,0.004600,-8.415000,3,weakly_unstable,0,1,55.43
0.625700,0.956760,40,1000000,500000,26035,1.33512821e-3,5.20700000e-2,-0.232500,-0.104743,-250.342500,3,weakly_unstable,0,1,59.45
0.505700,0.905380,40,1000000,500000,51049,2.61789744e-3,1.02098000e-1,-0.303750,0.020861,-946.952500,3,weakly_unstable,0,1,70.96
0.545700,0.935510,40,1000000,500000,39680,2.03487179e-3,7.93600000e-2,-0.136250,-0.089590,-539.637500,3,weakly_unstable,0,1,65.81
0.805700,0.979210,40,1000000,500000,15183,7.78615385e-4,3.03660000e-2,0.010000,0.012513,-51.977500,3,weakly_unstable,0,1,55.73
0.465700,0.827810,40,1000000,500000,49840,2.55589744e-3,9.96800000e-2,0.030000,0.020433,-2245.650000,3,weakly_unstable,0,1,77.39
1.025700,0.990410,40,1000000,500000,4020,2.06153846e-4,8.04000000e-3,0.051250,0.061053,-5.092500,3,weakly_unstable,0,1,56.35
0.625700,0.957760,40,1000000,500000,29187,1.49676923e-3,5.83740000e-2,-0.101250,-0.088692,-256.242500,3,weakly_unstable,0,1,60.85
0.505700,0.906380,40,1000000,500000,52608,2.69784615e-3,1.05216000e-1,-0.137500,0.015462,-906.252500,3,weakly_unstable,0,1,71.91
0.805700,0.980210,40,1000000,500000,14728,7.55282051e-4,2.94560000e-2,0.145000,0.105342,-56.210000,3,weakly_unstable,0,1,55.10
0.545700,0.936510,40,1000000,500000,44116,2.26235897e-3,8.82320000e-2,0.088750,0.047577,-533.870000,3,weakly_unstable,0,1,65.40
1.025700,0.991410,40,1000000,500000,4526,2.32102564e-4,9.05200000e-3,-0.021250,-0.014972,-9.912500,3,weakly_unstable,0,1,52.60
0.465700,0.828810,40,1000000,500000,72803,3.73348718e-3,1.45606000e-1,-0.176250,-0.041991,-2292.595000,3,weakly_unstable,0,1,76.11
0.625700,0.958760,40,1000000,500000,25257,1.29523077e-3,5.05140000e-2,-0.012500,-0.026313,-228.402500,3,weakly_unstable,0,1,58.30
0.805700,0.981210,40,1000000,500000,13866,7.11076923e-4,2.77320000e-2,-0.015000,-0.011462,-65.565000,3,weakly_unstable,0,1,56.64
0.505700,0.907380,40,1000000,500000,48814,2.50328205e-3,9.76280000e-2,0.196250,0.018918,-962.215000,3,weakly_unstable,0,1,71.82
0.545700,0.937510,40,1000000,500000,28825,1.47820513e-3,5.76500000e-2,-0.050000,-0.046156,-514.907500,3,weakly_unstable,0,1,67.79
1.025700,0.992410,40,1000000,500000,4572,2.34461538e-4,9.14400000e-3,0.202500,0.196481,-9.935000,3,weakly_unstable,0,1,57.44
0.625700,0.959760,40,1000000,500000,19231,9.86205128e-4,3.84620000e-2,0.103750,0.106605,-247.937500,3,weakly_unstable,0,1,63.48
0.465700,0.829810,40,1000000,500000,71834,3.68379487e-3,1.43668000e-1,-0.055000,0.023672,-2334.565000,3,weakly_unstable,0,1,81.10
0.805700,0.982210,40,1000000,500000,14166,7.26461538e-4,2.83320000e-2,-0.041250,-0.047931,-26.107500,3,weakly_unstable,0,1,56.70
1.025700,0.993410,40,1000000,500000,4283,2.19641026e-4,8.56600000e-3,0.171250,0.229878,-5.317500,3,weakly_unstable,0,1,54.86
0.505700,0.908380,40,1000000,500000,43977,2.25523077e-3,8.79540000e-2,0.061250,0.055100,-925.607500,3,weakly_unstable,0,1,72.75
0.545700,0.938510,40,1000000,500000,29166,1.49569231e-3,5.83320000e-2,0.055000,0.035157,-515.930000,3,weakly_unstable,0,1,65.23
0.625700,0.960760,40,1000000,500000,24526,1.25774359e-3,4.90520000e-2,0.007500,0.046712,-240.545000,3,weakly_unstable,0,1,60.00
0.805700,0.983210,40,1000000,500000,16601,8.51333333e-4,3.32020000e-2,0.070000,0.007886,-31.355000,3,weakly_unstable,0,1,55.68
1.025700,0.994410,40,1000000,500000,3581,1.83641026e-4,7.16200000e-3,0.298750,0.316048,-3.257500,3,weakly_unstable,0,1,52.67
0.465700,0.830810,40,1000000,500000,67812,3.47753846e-3,1.35624000e-1,-0.027500,-0.016166,-2223.785000,3,weakly_unstable,0,1,78.18
0.545700,0.939510,40,1000000,500000,37965,1.94692308e-3,7.59300000e-2,0.283750,0.096173,-469.545000,3,weakly_unstable,0,1,65.23
0.505700,0.909380,40,1000000,500000,48267,2.47523077e-3,9.65340000e-2,-0.217500,-0.035795,-938.705000,3,weakly_unstable,0,1,71.26
0.625700,0.961760,40,1000000,500000,22856,1.17210256e-3,4.57120000e-2,-0.042500,0.042245,-208.257500,3,weakly_unstable,0,1,59.63
0.805700,0.984210,40,1000000,500000,13906,7.13128205e-4,2.78120000e-2,-0.072500,-0.122127,-30.795000,3,weakly_unstable,0,1,55.70
1.025700,0.995410,40,1000000,500000,2771,1.42102564e-4,5.54200000e-3,0.028750,0.012126,-1.437500,3,weakly_unstable,0,1,53.11
0.465700,0.831810,40,1000000,500000,76627,3.92958974e-3,1.53254000e-1,0.028750,-0.017753,-2179.140000,3,weakly_unstable,0,1,78.49
0.545700,0.940510,40,1000000,500000,39922,2.04728205e-3,7.98440000e-2,-0.311250,-0.185363,-463.230000,3,weakly_unstable,0,1,65.03
0.625700,0.962760,40,1000000,500000,29016,1.48800000e-3,5.80320000e-2,0.026250,0.046460,-200.862500,3,weakly_unstable,0,1,59.97
0.505700,0.910380,40,1000000,500000,47155,2.41820513e-3,9.43100000e-2,0.023750,0.030646,-914.357500,3,weakly_unstable,0,1,70.71
0.805700,0.985210,40,1000000,500000,15547,7.97282051e-4,3.10940000e-2,-0.156250,-0.036868,-27.040000,3,weakly_unstable,0,1,55.58
1.025700,0.996410,40,1000000,500000,3270,1.67692308e-4,6.54000000e-3,0.217500,0.213361,-2.480000,3,weakly_unstable,0,1,52.72
0.545700,0.941510,40,1000000,500000,27679,1.41943590e-3,5.53580000e-2,-0.186250,-0.137222,-478.997500,3,weakly_unstable,0,1,66.23
0.625700,0.963760,40,1000000,500000,25443,1.30476923e-3,5.08860000e-2,0.153750,-0.009144,-202.915000,3,weakly_unstable,0,1,60.40
0.805700,0.986210,40,1000000,500000,11073,5.67846154e-4,2.21460000e-2,0.006250,-0.066193,-33.115000,3,weakly_unstable,0,1,55.35
1.025700,0.997410,40,1000000,500000,2960,1.51794872e-4,5.92000000e-3,0.027500,0.031043,-2.350000,3,weakly_unstable,0,1,52.54
0.465700,0.832810,40,1000000,500000,60288,3.09169231e-3,1.20576000e-1,-0.075000,0.035357,-2223.385000,3,weakly_unstable,0,1,78.26
0.505700,0.911380,40,1000000,500000,41759,2.14148718e-3,8.35180000e-2,-0.037500,-0.093995,-904.992500,3,weakly_unstable,0,1,70.95
0.805700,0.987210,40,1000000,500000,13078,6.70666667e-4,2.61560000e-2,0.077500,0.099033,-33.860000,3,weakly_unstable,0,1,54.69
0.625700,0.964760,40,1000000,500000,24997,1.28189744e-3,4.99940000e-2,-0.057500,-0.075360,-191.140000,3,weakly_unstable,0,1,59.58
1.025700,0.998410,40,1000000,500000,2053,1.05282051e-4,4.10600000e-3,0.045000,0.021881,-2.875000,3,weakly_unstable,0,1,52.65
0.545700,0.942510,40,1000000,500000,43832,2.24779487e-3,8.76640000e-2,0.166250,0.031372,-443.747500,3,weakly_unstable,0,1,65.03
0.505700,0.912380,40,1000000,500000,44306,2.27210256e-3,8.86120000e-2,-0.160000,-0.113915,-903.435000,3,weakly_unstable,0,1,70.41
0.465700,0.833810,40,1000000,500000,65613,3.36476923e-3,1.31226000e-1,0.066250,-0.027164,-2117.505000,3,weakly_unstable,0,1,78.38
1.025700,0.999410,40,1000000,500000,-1858,-9.52820513e-5,-3.71600000e-3,0.346250,0.269635,-1.932500,1,stable,0,0,47.35
0.805700,0.988210,40,1000000,500000,10209,5.23538462e-4,2.04180000e-2,-0.150000,-0.120937,-20.215000,3,weakly_unstable,0,1,54.03
0.625700,0.965760,40,1000000,500000,20536,1.05312821e-3,4.10720000e-2,-0.176250,0.013071,-193.397500,3,weakly_unstable,0,1,59.48
0.545700,0.943510,40,1000000,500000,33003,1.69246154e-3,6.60060000e-2,0.075000,0.061724,-408.142500,3,weakly_unstable,0,1,65.26
0.505700,0.913380,40,1000000,500000,49507,2.53882051e-3,9.90140000e-2,0.148750,0.038264,-862.822500,3,weakly_unstable,0,1,70.37
1.025700,1.000000,40,1000000,500000,-7754,-3.97641026e-4,-1.55080000e-2,0.005000,0.006733,-1.942500,1,stable,0,0,47.19
0.465700,0.834810,40,1000000,500000,69612,3.56984615e-3,1.39224000e-1,-0.108750,-0.008726,-2160.340000,3,weakly_unstable,0,1,78.95
0.805700,0.989210,40,1000000,500000,10188,5.22461538e-4,2.03760000e-2,-0.052500,0.050243,-24.622500,3,weakly_unstable,0,1,55.57
0.625700,0.966760,40,1000000,500000,23709,1.21584615e-3,4.74180000e-2,0.103750,0.115483,-182.912500,3,weakly_unstable,0,1,59.55
0.545700,0.944510,40,1000000,500000,33372,1.71138462e-3,6.67440000e-2,-0.196250,-0.062480,-416.142500,3,weakly_unstable,0,1,65.29
1.045700,0.969500,40,1000000,500000,3851,1.97487179e-4,7.70200000e-3,0.016250,0.023769,-54.215000,3,weakly_unstable,0,1,56.28
0.805700,0.990210,40,1000000,500000,10143,5.20153846e-4,2.02860000e-2,0.032500,0.050853,-17.695000,3,weakly_unstable,0,1,55.05
0.505700,0.914380,40,1000000,500000,43297,2.22035897e-3,8.65940000e-2,0.196250,0.050070,-835.292500,3,weakly_unstable,0,1,70.30
0.625700,0.967760,40,1000000,500000,22966,1.17774359e-3,4.59320000e-2,-0.083750,-0.020312,-186.215000,3,weakly_unstable,0,1,60.27
0.465700,0.835810,40,1000000,500000,73703,3.77964103e-3,1.47406000e-1,-0.098750,0.057327,-2149.147500,3,weakly_unstable,0,1,78.36
0.545700,0.945510,40,1000000,500000,33762,1.73138462e-3,6.75240000e-2,0.240000,0.149739,-401.555000,3,weakly_unstable,0,1,65.57
1.045700,0.970500,40,1000000,500000,2650,1.35897436e-4,5.30000000e-3,-0.050000,-0.028144,-70.595000,5,weakly_unstable,0,1,56.93
0.805700,0.991210,40,1000000,500000,8624,4.42256410e-4,1.72480000e-2,-0.067500,-0.016812,-15.455000,3,weakly_unstable,0,1,55.21
0.505700,0.915380,40,1000000,500000,46924,2.40635897e-3,9.38480000e-2,-0.100000,0.013497,-795.112500,3,weakly_unstable,0,1,70.22
0.625700,0.968760,40,1000000,500000,21162,1.08523077e-3,4.23240000e-2,-0.001250,0.011301,-174.012500,3,weakly_unstable,0,1,60.13
0.465700,0.836810,40,1000000,500000,66283,3.39912821e-3,1.32566000e-1,0.046250,-0.029487,-2116.662500,3,weakly_unstable,0,1,78.17
0.545700,0.946510,40,1000000,500000,26614,1.36482051e-3,5.32280000e-2,0.237500,0.004307,-436.932500,3,weakly_unstable,0,1,64.81
1.045700,0.971500,40,1000000,500000,3954,2.02769231e-4,7.90800000e-3,0.002500,0.036453,-63.282500,3,weakly_unstable,0,1,55.67
0.805700,0.992210,40,1000000,500000,8894,4.56102564e-4,1.77880000e-2,-0.047500,-0.082744,-12.645000,3,weakly_unstable,0,1,54.97
0.625700,0.969760,40,1000000,500000,16525,8.47435897e-4,3.30500000e-2,0.130000,0.112073,-166.060000,3,weakly_unstable,0,1,59.85
0.505700,0.916380,40,1000000,500000,55296,2.83569231e-3,1.10592000e-1,-0.001250,0.080766,-748.705000,3,weakly_unstable,0,1,70.64
1.045700,0.972500,40,1000000,500000,2510,1.28717949e-4,5.02000000e-3,-0.050000,-0.039308,-55.617500,3,weakly_unstable,0,1,55.72
0.805700,0.993210,40,1000000,500000,10234,5.24820513e-4,2.04680000e-2,0.091250,0.088168,-15.955000,3,weakly_unstable,0,1,53.90
0.545700,0.947510,40,1000000,500000,32618,1.67271795e-3,6.52360000e-2,0.220000,0.155197,-412.425000,3,weakly_unstable,0,1,64.48
0.465700,0.837810,40,1000000,500000,60189,3.08661538e-3,1.20378000e-1,-0.055000,-0.064640,-2030.292500,3,weakly_unstable,0,1,77.36
0.625700,0.970760,40,1000000,500000,19633,1.00682051e-3,3.92660000e-2,0.117500,0.044379,-147.290000,3,weakly_unstable,0,1,59.65
1.045700,0.973500,40,1000000,500000,4645,2.38205128e-4,9.29000000e-3,-0.087500,-0.106314,-96.010000,3,weakly_unstable,0,1,54.24
0.505700,0.917380,40,1000000,500000,53346,2.73569231e-3,1.06692000e-1,-0.203750,0.035123,-791.735000,3,weakly_unstable,0,1,71.34
0.805700,0.994210,40,1000000,500000,8519,4.36871795e-4,1.70380000e-2,0.530000,0.503124,-9.422500,3,weakly_unstable,0,1,54.91
0.545700,0.948510,40,1000000,500000,33404,1.71302564e-3,6.68080000e-2,0.047500,0.075223,-365.650000,3,weakly_unstable,0,1,65.21
0.465700,0.838810,40,1000000,500000,72534,3.71969231e-3,1.45068000e-1,0.115000,0.042890,-2122.647500,3,weakly_unstable,0,1,77.69
0.625700,0.971760,40,1000000,500000,16672,8.54974359e-4,3.33440000e-2,-0.187500,-0.221403,-143.530000,3,weakly_unstable,0,1,59.80
0.805700,0.995210,40,1000000,500000,-9250,-4.74358974e-4,-1.85000000e-2,-0.900000,-0.905768,-8.767500,1,chaotic,0,0,49.32
1.045700,0.974500,40,1000000,500000,3975,2.03846154e-4,7.95000000e-3,-0.027500,-0.030348,-53.285000,3,weakly_unstable,0,1,56.29
0.505700,0.918380,40,1000000,500000,40360,2.06974359e-3,8.07200000e-2,-0.245000,-0.116466,-769.747500,3,weakly_unstable,0,1,70.09
0.545700,0.949510,40,1000000,500000,31103,1.59502564e-3,6.22060000e-2,-0.013750,0.129381,-368.750000,3,weakly_unstable,0,1,65.94
0.625700,0.972760,40,1000000,500000,17272,8.85743590e-4,3.45440000e-2,-0.143750,0.002123,-140.280000,3,weakly_unstable,0,1,59.93
0.805700,0.996210,40,1000000,500000,9861,5.05692308e-4,1.97220000e-2,-0.832500,-0.806404,-5.530000,1,metastable,1,1,49.75
1.045700,0.975500,40,1000000,500000,4128,2.11692308e-4,8.25600000e-3,0.136250,0.153900,-60.552500,3,weakly_unstable,0,1,54.51
0.465700,0.839810,40,1000000,500000,70853,3.63348718e-3,1.41706000e-1,-0.188750,-0.015984,-2083.700000,3,weakly_unstable,0,1,77.48
1.085700,0.973640,40,1000000,500000,1878,9.63076923e-5,3.75600000e-3,-0.038750,-0.050045,-67.260000,3,weakly_unstable,0,1,56.45
0.545700,0.950510,40,1000000,500000,33230,1.70410256e-3,6.64600000e-2,-0.212500,-0.133811,-376.295000,3,weakly_unstable,0,1,65.23
0.805700,0.997210,40,1000000,500000,-5940,-3.04615385e-4,-1.18800000e-2,0.252500,0.233043,-2.977500,1,stable,0,0,49.60
0.625700,0.973760,40,1000000,500000,17771,9.11333333e-4,3.55420000e-2,-0.050000,-0.066395,-138.267500,3,weakly_unstable,0,1,59.68
1.045700,0.976500,40,1000000,500000,4733,2.42717949e-4,9.46600000e-3,0.100000,0.102099,-50.787500,3,weakly_unstable,0,1,54.84
1.085700,0.974640,40,1000000,500000,3131,1.60564103e-4,6.26200000e-3,0.013750,0.010155,-67.440000,5,weakly_unstable,0,1,57.52
0.465700,0.840810,40,1000000,500000,70874,3.63456410e-3,1.41748000e-1,0.225000,-0.006838,-2069.025000,3,weakly_unstable,0,1,77.67
0.805700,0.998210,40,1000000,500000,-35511,-1.82107692e-3,-7.10220000e-2,0.308750,0.285607,-3.010000,1,stable,0,0,49.29
0.545700,0.951510,40,1000000,500000,36566,1.87517949e-3,7.31320000e-2,0.141250,0.027012,-358.185000,3,weakly_unstable,0,1,65.50
1.045700,0.977500,40,1000000,500000,3129,1.60461538e-4,6.25800000e-3,-0.010000,-0.043696,-64.025000,3,weakly_unstable,0,1,54.99
0.625700,0.974760,40,1000000,500000,16567,8.49589744e-4,3.31340000e-2,0.252500,0.109638,-125.557500,3,weakly_unstable,0,1,59.73
1.085700,0.975640,40,1000000,500000,1941,9.95384615e-5,3.88200000e-3,-0.031250,-0.010660,-71.005000,5,weakly_unstable,0,1,57.23
0.805700,0.999210,40,1000000,500000,-47676,-2.44492308e-3,-9.53520000e-2,-0.028750,0.036952,-1.950000,1,stable,0,0,49.27
0.465700,0.841810,40,1000000,500000,69242,3.55087179e-3,1.38484000e-1,0.190000,-0.071999,-2034.050000,3,weakly_unstable,0,1,76.75
1.045700,0.978500,40,1000000,500000,4354,2.23282051e-4,8.70800000e-3,-0.073750,-0.071654,-62.192500,3,weakly_unstable,0,1,55.18
0.545700,0.952510,40,1000000,500000,22785,1.16846154e-3,4.55700000e-2,0.057500,0.044927,-354.282500,3,weakly_unstable,0,1,66.34
0.625700,0.975760,40,1000000,500000,14921,7.65179487e-4,2.98420000e-2,-0.107500,0.032277,-122.187500,3,weakly_unstable,0,1,60.46
1.085700,0.976640,40,1000000,500000,2284,1.17128205e-4,4.56800000e-3,-0.126250,-0.112435,-58.585000,5,weakly_unstable,0,1,57.68
0.805700,1.000000,40,1000000,500000,-56530,-2.89897436e-3,-1.13060000e-1,-0.025000,-0.026598,-1.922500,1,stable,0,0,48.99
1.045700,0.979500,40,1000000,500000,2910,1.49230769e-4,5.82000000e-3,0.185000,0.164477,-34.355000,3,weakly_unstable,0,1,54.92
0.625700,0.976760,40,1000000,500000,12240,6.27692308e-4,2.44800000e-2,0.038750,-0.084855,-107.085000,3,weakly_unstable,0,1,60.25
0.545700,0.953510,40,1000000,500000,31150,1.59743590e-3,6.23000000e-2,0.077500,0.084020,-328.397500,3,weakly_unstable,0,1,65.80
0.465700,0.842810,40,1000000,500000,66767,3.42394872e-3,1.33534000e-1,-0.413750,-0.024940,-1990.522500,3,weakly_unstable,0,1,77.32
0.825700,0.966820,40,1000000,500000,16913,8.67333333e-4,3.38260000e-2,-0.101250,-0.082005,-109.512500,3,weakly_unstable,0,1,55.03
1.085700,0.977640,40,1000000,500000,2189,1.12256410e-4,4.37800000e-3,0.010000,0.029871,-47.002500,5,weakly_unstable,0,1,57.84
1.045700,0.980500,40,1000000,500000,3409,1.74820513e-4,6.81800000e-3,0.098750,0.120069,-38.857500,3,weakly_unstable,0,1,55.69
0.625700,0.977760,40,1000000,500000,15170,7.77948718e-4,3.03400000e-2,0.028750,-0.022124,-97.102500,3,weakly_unstable,0,1,59.69
0.825700,0.967820,40,1000000,500000,14145,7.25384615e-4,2.82900000e-2,-0.097500,-0.059227,-103.280000,3,weakly_unstable,0,1,54.56
0.545700,0.954510,40,1000000,500000,23829,1.22200000e-3,4.76580000e-2,0.188750,0.095601,-303.985000,3,weakly_unstable,0,1,64.87
1.085700,0.978640,40,1000000,500000,2449,1.25589744e-4,4.89800000e-3,-0.030000,-0.009221,-44.465000,5,weakly_unstable,0,1,56.84
0.465700,0.843810,40,1000000,500000,65732,3.37087179e-3,1.31464000e-1,-0.060000,0.037387,-2015.602500,3,weakly_unstable,0,1,76.93
1.045700,0.981500,40,1000000,500000,4497,2.30615385e-4,8.99400000e-3,-0.140000,-0.133369,-42.985000,3,weakly_unstable,0,1,53.52
0.625700,0.978760,40,1000000,500000,13089,6.71230769e-4,2.61780000e-2,-0.106250,0.090462,-97.827500,3,weakly_unstable,0,1,57.78
0.825700,0.968820,40,1000000,500000,16017,8.21384615e-4,3.20340000e-2,-0.011250,0.010576,-112.955000,3,weakly_unstable,0,1,53.34
1.085700,0.979640,40,1000000,500000,1887,9.67692308e-5,3.77400000e-3,0.306250,0.259099,-51.932500,5,weakly_unstable,0,1,57.20
0.545700,0.955510,40,1000000,500000,28177,1.44497436e-3,5.63540000e-2,-0.142500,-0.094694,-290.695000,3,weakly_unstable,0,1,63.31
1.045700,0.982500,40,1000000,500000,4258,2.18358974e-4,8.51600000e-3,0.100000,0.099073,-28.785000,3,weakly_unstable,0,1,52.81
0.465700,0.844810,40,1000000,500000,55881,2.86569231e-3,1.11762000e-1,0.167500,0.029544,-1932.972500,3,weakly_unstable,0,1,77.35
0.825700,0.969820,40,1000000,500000,14521,7.44666667e-4,2.90420000e-2,0.005000,0.056731,-80.137500,3,weakly_unstable,0,1,54.17
0.625700,0.979760,40,1000000,500000,16818,8.62461538e-4,3.36360000e-2,0.152500,0.288618,-79.752500,3,weakly_unstable,0,1,58.02
1.085700,0.980640,40,1000000,500000,2789,1.43025641e-4,5.57800000e-3,0.060000,0.055479,-47.675000,5,weakly_unstable,0,1,57.09
0.545700,0.956510,40,1000000,500000,26537,1.36087179e-3,5.30740000e-2,0.005000,-0.066734,-263.707500,3,weakly_unstable,0,1,64.63
1.045700,0.983500,40,1000000,500000,4262,2.18564103e-4,8.52400000e-3,0.058750,0.045900,-32.392500,3,weakly_unstable,0,1,54.51
0.625700,0.980760,40,1000000,500000,33114,1.69815385e-3,6.62280000e-2,-0.827500,-0.834803,-74.537500,1,metastable,1,1,51.38
0.825700,0.970820,40,1000000,500000,13861,7.10820513e-4,2.77220000e-2,-0.075000,-0.051788,-90.867500,3,weakly_unstable,0,1,53.06
0.465700,0.845810,40,1000000,500000,59302,3.04112821e-3,1.18604000e-1,-0.105000,0.011543,-1935.545000,3,weakly_unstable,0,1,75.85
1.085700,0.981640,40,1000000,500000,3299,1.69179487e-4,6.59800000e-3,-0.025000,-0.013044,-41.605000,5,weakly_unstable,0,1,55.39
1.045700,0.984500,40,1000000,500000,4191,2.14923077e-4,8.38200000e-3,0.061250,0.057140,-15.840000,3,weakly_unstable,0,1,54.36
0.545700,0.957510,40,1000000,500000,25137,1.28907692e-3,5.02740000e-2,-0.026250,0.206328,-250.297500,3,weakly_unstable,0,1,63.79
0.825700,0.971820,40,1000000,500000,15427,7.91128205e-4,3.08540000e-2,-0.012500,-0.115534,-67.612500,3,weakly_unstable,0,1,52.53
0.625700,0.981760,40,1000000,500000,41496,2.12800000e-3,8.29920000e-2,-0.817500,-0.759755,-59.915000,1,metastable,1,1,56.30
1.085700,0.982640,40,1000000,500000,2185,1.12051282e-4,4.37000000e-3,-0.103750,-0.054820,-21.395000,5,weakly_unstable,0,1,55.82
1.045700,0.985500,40,1000000,500000,4324,2.21743590e-4,8.64800000e-3,-0.050000,-0.057361,-26.735000,3,weakly_unstable,0,1,54.36
0.465700,0.846810,40,1000000,500000,69702,3.57446154e-3,1.39404000e-1,-0.091250,0.005365,-1982.075000,3,weakly_unstable,0,1,75.82
0.545700,0.958510,40,1000000,500000,30135,1.54538462e-3,6.02700000e-2,0.115000,0.081168,-246.090000,3,weakly_unstable,0,1,64.53
0.825700,0.972820,40,1000000,500000,12623,6.47333333e-4,2.52460000e-2,-0.087500,-0.076652,-100.770000,3,weakly_unstable,0,1,53.58
0.625700,0.982760,40,1000000,500000,16300,8.35897436e-4,3.26000000e-2,-0.786250,-0.778706,-44.375000,1,metastable,1,1,51.96
1.085700,0.983640,40,1000000,500000,3076,1.57743590e-4,6.15200000e-3,-0.077500,-0.092530,-29.475000,3,weakly_unstable,0,1,55.58
1.045700,0.986500,40,1000000,500000,3714,1.90461538e-4,7.42800000e-3,0.136250,0.159573,-34.655000,3,weakly_unstable,0,1,54.34
0.825700,0.973820,40,1000000,500000,14805,7.59230769e-4,2.96100000e-2,0.113750,0.025411,-64.190000,3,weakly_unstable,0,1,53.19
0.625700,0.983760,40,1000000,500000,27108,1.39015385e-3,5.42160000e-2,-0.871250,-0.824960,-47.355000,1,metastable,1,1,53.28
0.545700,0.959510,40,1000000,500000,25182,1.29138462e-3,5.03640000e-2,-0.291250,-0.047974,-242.725000,3,weakly_unstable,0,1,64.59
0.465700,0.847810,40,1000000,500000,65600,3.36410256e-3,1.31200000e-1,0.045000,-0.023487,-1907.892500,3,weakly_unstable,0,1,77.58
1.085700,0.984640,40,1000000,500000,2599,1.33282051e-4,5.19800000e-3,0.013750,0.027459,-27.450000,5,weakly_unstable,0,1,56.48
1.045700,0.987500,40,1000000,500000,2560,1.31282051e-4,5.12000000e-3,0.040000,0.030296,-22.550000,3,weakly_unstable,0,1,55.66
0.625700,0.984760,40,1000000,500000,18122,9.29333333e-4,3.62440000e-2,-0.793750,-0.784003,-34.332500,1,metastable,1,1,53.24
0.825700,0.974820,40,1000000,500000,13161,6.74923077e-4,2.63220000e-2,-0.013750,-0.050951,-62.042500,3,weakly_unstable,0,1,54.95
1.045700,0.990500,40,1000000,500000,3078,1.57846154e-4,6.15600000e-3,0.112500,0.128747,-7.042500,3,weakly_unstable,0,1,57.04
0.545700,0.960510,40,1000000,500000,19699,1.01020513e-3,3.93980000e-2,-0.266250,-0.147699,-215.777500,3,weakly_unstable,0,1,66.65
1.085700,0.985640,40,1000000,500000,2340,1.20000000e-4,4.68000000e-3,0.045000,0.039785,-15.225000,5,weakly_unstable,0,1,58.17
1.045700,0.988500,40,1000000,500000,3923,2.01179487e-4,7.84600000e-3,-0.103750,-0.108207,-22.322500,3,weakly_unstable,0,1,56.46
0.625700,0.985760,40,1000000,500000,-1859,-9.53333333e-5,-3.71800000e-3,0.711250,0.703758,-33.847500,1,chaotic,0,0,54.02
0.825700,0.975820,40,1000000,500000,13456,6.90051282e-4,2.69120000e-2,-0.137500,-0.113173,-65.695000,3,weakly_unstable,0,1,57.22
1.045700,0.991500,40,1000000,500000,3264,1.67384615e-4,6.52800000e-3,0.088750,0.076357,-3.860000,3,weakly_unstable,0,1,59.90
0.545700,0.961510,40,1000000,500000,26324,1.34994872e-3,5.26480000e-2,0.035000,0.099649,-203.220000,3,weakly_unstable,0,1,70.15
1.085700,0.986640,40,1000000,500000,2737,1.40358974e-4,5.47400000e-3,-0.021250,-0.058651,-9.010000,5,weakly_unstable,0,1,61.82
1.045700,0.989500,40,1000000,500000,2723,1.39641026e-4,5.44600000e-3,-0.003750,0.026958,-17.832500,3,weakly_unstable,0,1,63.02
0.625700,0.986760,40,1000000,500000,-11362,-5.82666667e-4,-2.27240000e-2,-0.572500,-0.658387,-34.520000,1,chaotic,0,0,58.22
0.825700,0.976820,40,1000000,500000,14123,7.24256410e-4,2.82460000e-2,-0.123750,-0.028476,-71.375000,3,weakly_unstable,0,1,57.14
1.045700,0.992500,40,1000000,500000,3558,1.82461538e-4,7.11600000e-3,0.246250,0.272183,-11.717500,3,weakly_unstable,0,1,54.85
1.085700,0.987640,40,1000000,500000,3018,1.54769231e-4,6.03600000e-3,0.083750,0.060501,-4.302500,3,weakly_unstable,0,1,54.64
0.545700,0.962510,40,1000000,500000,26550,1.36153846e-3,5.31000000e-2,0.227500,0.074243,-212.887500,3,weakly_unstable,0,1,64.07
0.845700,0.987330,40,1000000,500000,11496,5.89538462e-4,2.29920000e-2,-0.043750,-0.051321,-10.912500,3,weakly_unstable,0,1,52.58
0.625700,0.987760,40,1000000,500000,-36603,-1.87707692e-3,-7.32060000e-2,0.613750,0.593915,-26.087500,1,chaotic,0,0,51.42
0.825700,0.977820,40,1000000,500000,15609,8.00461538e-4,3.12180000e-2,-0.150000,-0.064768,-48.342500,3,weakly_unstable,0,1,53.32
1.045700,0.993500,40,1000000,500000,2668,1.36820513e-4,5.33600000e-3,0.233750,0.292982,-6.002500,3,weakly_unstable,0,1,52.62
1.085700,0.988640,40,1000000,500000,2710,1.38974359e-4,5.42000000e-3,0.046250,0.055272,-2.647500,5,weakly_unstable,0,1,56.44
0.845700,0.988330,40,1000000,500000,10195,5.22820513e-4,2.03900000e-2,0.083750,-0.020088,-20.030000,3,weakly_unstable,0,1,52.45
0.545700,0.963510,40,1000000,500000,21719,1.11379487e-3,4.34380000e-2,0.286250,0.176597,-193.127500,3,weakly_unstable,0,1,63.74
0.625700,0.988760,40,1000000,500000,-67769,-3.47533333e-3,-1.35538000e-1,0.173750,0.249952,-15.957500,1,stable,0,0,50.74
0.825700,0.978820,40,1000000,500000,15451,7.92358974e-4,3.09020000e-2,0.028750,0.025250,-53.042500,3,weakly_unstable,0,1,55.24
1.045700,0.994500,40,1000000,500000,3279,1.68153846e-4,6.55800000e-3,-0.036250,-0.024333,-5.500000,3,weakly_unstable,0,1,56.39
1.085700,0.989640,40,1000000,500000,1500,7.69230769e-5,3.00000000e-3,-0.121250,-0.109849,-11.110000,3,weakly_unstable,0,1,56.24
0.845700,0.989330,40,1000000,500000,11360,5.82564103e-4,2.27200000e-2,-0.030000,-0.062793,-13.337500,3,weakly_unstable,0,1,52.40
0.625700,0.989760,40,1000000,500000,-77552,-3.97702564e-3,-1.55104000e-1,-0.111250,-0.089740,-16.267500,1,stable,0,0,51.85
0.545700,0.964510,40,1000000,500000,60995,3.12794872e-3,1.21990000e-1,0.763750,0.779384,-173.340000,1,metastable,1,1,60.23
0.825700,0.979820,40,1000000,500000,12791,6.55948718e-4,2.55820000e-2,0.027500,-0.021152,-52.677500,3,weakly_unstable,0,1,53.42
1.045700,0.995500,40,1000000,500000,2501,1.28256410e-4,5.00200000e-3,-0.158750,-0.189071,-4.382500,3,weakly_unstable,0,1,51.85
0.845700,0.990330,40,1000000,500000,8502,4.36000000e-4,1.70040000e-2,0.096250,0.132476,-12.217500,3,weakly_unstable,0,1,51.16
1.085700,0.990640,40,1000000,500000,2775,1.42307692e-4,5.55000000e-3,0.032500,0.052634,-9.490000,5,weakly_unstable,0,1,56.21
0.625700,0.990760,40,1000000,500000,-72374,-3.71148718e-3,-1.44748000e-1,0.005000,-0.002624,-10.442500,1,stable,0,0,50.18
0.825700,0.980820,40,1000000,500000,15483,7.94000000e-4,3.09660000e-2,0.086250,0.004582,-33.787500,3,weakly_unstable,0,1,52.52
0.545700,0.965510,40,1000000,500000,55215,2.83153846e-3,1.10430000e-1,-0.807500,-0.776639,-170.925000,1,metastable,1,1,59.62
1.045700,0.996500,40,1000000,500000,2932,1.50358974e-4,5.86400000e-3,-0.248750,-0.270515,-0.412500,3,weakly_unstable,0,1,52.23
0.845700,0.991330,40,1000000,500000,9152,4.69333333e-4,1.83040000e-2,0.032500,0.073866,-14.825000,3,weakly_unstable,0,1,52.34
1.085700,0.991640,40,1000000,500000,2461,1.26205128e-4,4.92200000e-3,0.138750,0.109350,-2.227500,5,weakly_unstable,0,1,55.69
0.625700,0.991760,40,1000000,500000,-85046,-4.36133333e-3,-1.70092000e-1,-0.127500,-0.106586,-12.255000,1,stable,0,0,50.83
0.825700,0.981820,40,1000000,500000,14749,7.56358974e-4,2.94980000e-2,-0.042500,0.024431,-50.247500,3,weakly_unstable,0,1,52.92
1.045700,0.997500,40,1000000,500000,1709,8.76410256e-5,3.41800000e-3,0.005000,-0.022748,-3.002500,3,weakly_unstable,0,1,51.79
0.545700,0.966510,40,1000000,500000,53009,2.71841026e-3,1.06018000e-1,0.803750,0.755597,-183.660000,1,metastable,1,1,57.99
0.845700,0.992330,40,1000000,500000,7188,3.68615385e-4,1.43760000e-2,0.178750,0.128162,-15.045000,3,weakly_unstable,0,1,52.85
0.625700,0.992760,40,1000000,500000,-130815,-6.70846154e-3,-2.61630000e-1,-0.073750,-0.034372,-5.915000,1,stable,0,0,52.86
1.085700,0.992640,40,1000000,500000,2114,1.08410256e-4,4.22800000e-3,0.031250,-0.001523,-14.280000,5,weakly_unstable,0,1,57.90
0.825700,0.982820,40,1000000,500000,12911,6.62102564e-4,2.58220000e-2,-0.023750,-0.035998,-32.000000,3,weakly_unstable,0,1,56.40
1.045700,0.998500,40,1000000,500000,1917,9.83076923e-5,3.83400000e-3,-0.091250,-0.085724,-2.437500,3,weakly_unstable,0,1,55.53
0.545700,0.967510,40,1000000,500000,12568,6.44512821e-4,2.51360000e-2,0.763750,0.732193,-143.427500,1,metastable,1,1,61.80
0.845700,0.993330,40,1000000,500000,7048,3.61435897e-4,1.40960000e-2,0.108750,0.083579,-11.602500,3,weakly_unstable,0,1,55.56
0.625700,0.993760,40,1000000,500000,-138550,-7.10512821e-3,-2.77100000e-1,-0.157500,-0.134392,-6.567500,1,stable,0,0,54.37
1.085700,0.993640,40,1000000,500000,2843,1.45794872e-4,5.68600000e-3,0.002500,-0.018225,-2.430000,5,weakly_unstable,0,1,60.73
1.045700,0.999500,40,1000000,500000,1662,8.52307692e-5,3.32400000e-3,0.015000,0.005482,-1.942500,1,weakly_unstable,0,1,50.78
0.825700,0.983820,40,1000000,500000,11939,6.12256410e-4,2.38780000e-2,0.067500,0.047155,-29.792500,3,weakly_unstable,0,1,56.94
0.545700,0.968510,40,1000000,500000,19445,9.97179487e-4,3.88900000e-2,-0.725000,-0.741341,-128.425000,1,metastable,1,1,60.81
0.845700,0.994330,40,1000000,500000,4775,2.44871795e-4,9.55000000e-3,-0.153750,-0.075365,-10.232500,3,weakly_unstable,0,1,56.53
0.625700,0.994760,40,1000000,500000,-130903,-6.71297436e-3,-2.61806000e-1,0.017500,-0.003233,-11.565000,1,stable,0,0,53.30
1.045700,1.000000,40,1000000,500000,-8583,-4.40153846e-4,-1.71660000e-2,-0.015000,-0.020771,-1.937500,1,stable,0,0,50.22
1.085700,0.994640,40,1000000,500000,1853,9.50256410e-5,3.70600000e-3,0.005000,-0.030892,-4.285000,5,weakly_unstable,0,1,58.77
0.825700,0.984820,40,1000000,500000,14124,7.24307692e-4,2.82480000e-2,0.067500,0.017408,-29.507500,3,weakly_unstable,0,1,57.54
0.545700,0.969510,40,1000000,500000,4445,2.27948718e-4,8.89000000e-3,-0.628750,-0.644324,-107.382500,1,metastable,1,1,60.43
0.845700,0.995330,40,1000000,500000,5677,2.91128205e-4,1.13540000e-2,0.921250,0.920260,-9.585000,1,metastable,1,1,49.90
0.625700,0.995760,40,1000000,500000,-170874,-8.76276923e-3,-3.41748000e-1,-0.143750,-0.098413,-3.512500,1,stable,0,0,52.78
1.065700,0.969580,40,1000000,500000,3217,1.64974359e-4,6.43400000e-3,-0.030000,-0.022212,-68.285000,5,weakly_unstable,0,1,58.88
1.085700,0.995640,40,1000000,500000,2518,1.29128205e-4,5.03600000e-3,0.070000,0.051539,-3.107500,5,weakly_unstable,0,1,59.12
0.825700,0.985820,40,1000000,500000,13122,6.72923077e-4,2.62440000e-2,0.056250,0.002748,-28.317500,3,weakly_unstable,0,1,56.28
0.845700,0.996330,40,1000000,500000,14644,7.50974359e-4,2.92880000e-2,0.113750,0.105042,-6.772500,3,weakly_unstable,0,1,54.49
0.545700,0.970510,40,1000000,500000,15026,7.70564103e-4,3.00520000e-2,-0.521250,-0.635033,-127.107500,1,metastable,1,1,60.04
0.625700,0.996760,40,1000000,500000,-175722,-9.01138462e-3,-3.51444000e-1,-0.010000,-0.023043,-3.407500,1,stable,0,0,52.79
1.085700,0.996640,40,1000000,500000,1821,9.33846154e-5,3.64200000e-3,-0.372500,-0.378432,-2.080000,3,weakly_unstable,0,1,55.60
1.065700,0.970580,40,1000000,500000,3235,1.65897436e-4,6.47000000e-3,-0.070000,-0.040808,-83.317500,3,weakly_unstable,0,1,58.98
0.825700,0.986820,40,1000000,500000,10937,5.60871795e-4,2.18740000e-2,-0.066250,-0.038591,-33.845000,3,weakly_unstable,0,1,56.40
0.845700,0.997330,40,1000000,500000,13170,6.75384615e-4,2.63400000e-2,0.305000,0.222904,-3.102500,1,weakly_unstable,0,1,53.24
0.625700,0.997760,40,1000000,500000,-203093,-1.04150256e-2,-4.06186000e-1,-0.046250,-0.021058,-2.377500,1,stable,0,0,54.01
0.545700,0.971510,40,1000000,500000,-29267,-1.50087179e-3,-5.85340000e-2,-0.685000,-0.518291,-130.190000,1,chaotic,0,0,61.58
1.085700,0.997640,40,1000000,500000,1578,8.09230769e-5,3.15600000e-3,0.011250,-0.021075,-3.905000,3,weakly_unstable,0,1,57.01
1.065700,0.971580,40,1000000,500000,3749,1.92256410e-4,7.49800000e-3,0.067500,0.045061,-79.530000,3,weakly_unstable,0,1,61.07
0.825700,0.987820,40,1000000,500000,12303,6.30923077e-4,2.46060000e-2,-0.025000,-0.004220,-17.947500,3,weakly_unstable,0,1,58.29
0.845700,0.998330,40,1000000,500000,-12530,-6.42564103e-4,-2.50600000e-2,-0.088750,-0.117755,-1.977500,1,stable,0,0,53.91
0.625700,0.998760,40,1000000,500000,-222631,-1.14169744e-2,-4.45262000e-1,-0.065000,-0.043501,-2.155000,1,stable,0,0,58.90
0.545700,1.000000,40,1000000,500000,-458777,-2.35270256e-2,-9.17554000e-1,0.035000,0.004002,-2.052500,1,stable,0,0,60.73
1.085700,0.998640,40,1000000,500000,7978,4.09128205e-4,1.59560000e-2,-0.937500,-0.942426,-2.077500,1,metastable,1,1,56.91
0.825700,0.988820,40,1000000,500000,10811,5.54410256e-4,2.16220000e-2,-0.082500,-0.075479,-14.332500,3,weakly_unstable,0,1,63.53
1.065700,0.972580,40,1000000,500000,3089,1.58410256e-4,6.17800000e-3,0.120000,0.085424,-92.842500,5,weakly_unstable,0,1,67.03
0.845700,0.999330,40,1000000,500000,-35182,-1.80420513e-3,-7.03640000e-2,0.110000,0.122176,-1.955000,1,stable,0,0,58.51
0.625700,0.999760,40,1000000,500000,-239362,-1.22749744e-2,-4.78724000e-1,0.020000,-0.023427,-1.970000,1,stable,0,0,55.90
0.565700,0.931600,40,1000000,500000,37640,1.93025641e-3,7.52800000e-2,0.256250,0.174426,-577.125000,3,weakly_unstable,0,1,67.12
1.085700,0.999640,40,1000000,500000,-1026,-5.26153846e-5,-2.05200000e-3,-0.936250,-0.759130,-1.965000,1,chaotic,0,0,50.58
0.825700,0.989820,40,1000000,500000,9242,4.73948718e-4,1.84840000e-2,0.157500,0.157666,-16.132500,3,weakly_unstable,0,1,55.77
0.845700,1.000000,40,1000000,500000,-40075,-2.05512821e-3,-8.01500000e-2,0.002500,-0.011479,-1.927500,1,stable,0,0,49.61
1.065700,0.973580,40,1000000,500000,3907,2.00358974e-4,7.81400000e-3,0.026250,0.014838,-68.525000,3,weakly_unstable,0,1,58.96
0.625700,1.000000,40,1000000,500000,-242366,-1.24290256e-2,-4.84732000e-1,-0.011250,0.005192,-1.960000,1,stable,0,0,54.06
1.085700,1.000000,40,1000000,500000,-2261,-1.15948718e-4,-4.52200000e-3,0.000000,-0.000304,-1.950000,1,stable,0,0,53.67
0.565700,0.932600,40,1000000,500000,33868,1.73682051e-3,6.77360000e-2,-0.030000,0.086831,-564.930000,3,weakly_unstable,0,1,71.03
0.825700,0.990820,40,1000000,500000,8069,4.13794872e-4,1.61380000e-2,-0.071250,-0.064058,-14.460000,3,weakly_unstable,0,1,62.48
0.865700,0.967750,40,1000000,500000,11082,5.68307692e-4,2.21640000e-2,-0.121250,-0.121825,-102.212500,3,weakly_unstable,0,1,66.28
1.065700,0.974580,40,1000000,500000,2795,1.43333333e-4,5.59000000e-3,0.007500,-0.004260,-72.407500,5,weakly_unstable,0,1,64.65
0.645700,0.953430,40,1000000,500000,28828,1.47835897e-3,5.76560000e-2,0.077500,0.102342,-291.912500,3,weakly_unstable,0,1,66.82
1.105700,0.969700,40,1000000,500000,1999,1.02512821e-4,3.99800000e-3,-0.131250,-0.102323,-74.212500,5,weakly_unstable,0,1,62.93
0.565700,0.933600,40,1000000,500000,36120,1.85230769e-3,7.22400000e-2,-0.043750,-0.001983,-524.702500,3,weakly_unstable,0,1,68.81
0.825700,0.991820,40,1000000,500000,7553,3.87333333e-4,1.51060000e-2,-0.125000,-0.160641,-15.762500,3,weakly_unstable,0,1,59.99
0.865700,0.968750,40,1000000,500000,11080,5.68205128e-4,2.21600000e-2,-0.175000,-0.132330,-85.675000,3,weakly_unstable,0,1,62.40
1.065700,0.975580,40,1000000,500000,3342,1.71384615e-4,6.68400000e-3,-0.035000,-0.034061,-49.217500,3,weakly_unstable,0,1,61.74
0.645700,0.954430,40,1000000,500000,28347,1.45369231e-3,5.66940000e-2,0.086250,0.069792,-260.837500,3,weakly_unstable,0,1,62.54
1.105700,0.970700,40,1000000,500000,2347,1.20358974e-4,4.69400000e-3,0.187500,0.162652,-90.130000,5,weakly_unstable,0,1,61.87
0.825700,0.992820,40,1000000,500000,7407,3.79846154e-4,1.48140000e-2,-0.263750,-0.205644,-12.790000,3,weakly_unstable,0,1,57.36
0.565700,0.934600,40,1000000,500000,37719,1.93430769e-3,7.54380000e-2,0.073750,-0.107432,-558.417500,3,weakly_unstable,0,1,67.49
0.865700,0.969750,40,1000000,500000,12914,6.62256410e-4,2.58280000e-2,-0.023750,0.008409,-94.867500,3,weakly_unstable,0,1,57.04
1.065700,0.976580,40,1000000,500000,3303,1.69384615e-4,6.60600000e-3,0.030000,0.027273,-68.445000,5,weakly_unstable,0,1,59.94
0.645700,0.955430,40,1000000,500000,28397,1.45625641e-3,5.67940000e-2,-0.218750,-0.127765,-264.885000,3,weakly_unstable,0,1,60.80
1.105700,0.971700,40,1000000,500000,1562,8.01025641e-5,3.12400000e-3,0.006250,0.000687,-89.747500,5,weakly_unstable,0,1,59.50
0.825700,0.993820,40,1000000,500000,7761,3.98000000e-4,1.55220000e-2,0.122500,0.087435,-10.045000,3,weakly_unstable,0,1,56.04
0.865700,0.970750,40,1000000,500000,12482,6.40102564e-4,2.49640000e-2,-0.055000,-0.072277,-83.962500,3,weakly_unstable,0,1,55.88
1.065700,0.977580,40,1000000,500000,3480,1.78461538e-4,6.96000000e-3,0.007500,0.001584,-33.785000,5,weakly_unstable,0,1,59.63
0.565700,0.935600,40,1000000,500000,37011,1.89800000e-3,7.40220000e-2,0.176250,0.077127,-514.200000,3,weakly_unstable,0,1,64.69
0.645700,0.956430,40,1000000,500000,28426,1.45774359e-3,5.68520000e-2,0.032500,-0.063704,-255.967500,3,weakly_unstable,0,1,60.16
1.105700,0.972700,40,1000000,500000,2200,1.12820513e-4,4.40000000e-3,0.028750,0.037295,-85.992500,5,weakly_unstable,0,1,59.46
0.825700,0.994820,40,1000000,500000,23152,1.18728205e-3,4.63040000e-2,0.911250,0.915165,-4.792500,1,metastable,1,1,50.91
0.865700,0.971750,40,1000000,500000,12019,6.16358974e-4,2.40380000e-2,-0.007500,-0.017978,-87.842500,3,weakly_unstable,0,1,55.80
1.065700,0.978580,40,1000000,500000,2063,1.05794872e-4,4.12600000e-3,-0.227500,-0.175632,-49.987500,3,weakly_unstable,0,1,58.71
0.565700,0.936600,40,1000000,500000,44830,2.29897436e-3,8.96600000e-2,0.152500,0.030484,-470.937500,3,weakly_unstable,0,1,64.51
0.645700,0.957430,40,1000000,500000,26962,1.38266667e-3,5.39240000e-2,-0.146250,-0.122409,-218.982500,3,weakly_unstable,0,1,60.54
1.105700,0.973700,40,1000000,500000,1766,9.05641026e-5,3.53200000e-3,0.128750,0.093252,-83.237500,5,weakly_unstable,0,1,59.70
0.825700,0.995820,40,1000000,500000,10032,5.14461538e-4,2.00640000e-2,-0.918750,-0.901553,-4.627500,1,metastable,1,1,51.07
0.865700,0.972750,40,1000000,500000,11683,5.99128205e-4,2.33660000e-2,0.103750,0.112973,-59.790000,3,weakly_unstable,0,1,54.84
1.065700,0.979580,40,1000000,500000,2766,1.41846154e-4,5.53200000e-3,-0.026250,0.007357,-30.307500,5,weakly_unstable,0,1,59.47
0.565700,0.937600,40,1000000,500000,31479,1.61430769e-3,6.29580000e-2,0.028750,0.118072,-490.220000,3,weakly_unstable,0,1,65.03
0.645700,0.958430,40,1000000,500000,20755,1.06435897e-3,4.15100000e-2,0.006250,0.120620,-239.255000,3,weakly_unstable,0,1,60.27
0.825700,0.996820,40,1000000,500000,6348,3.25538462e-4,1.26960000e-2,0.877500,0.860470,-4.915000,1,metastable,1,1,50.62
1.105700,0.974700,40,1000000,500000,2239,1.14820513e-4,4.47800000e-3,0.006250,-0.010660,-65.345000,5,weakly_unstable,0,1,59.89
0.865700,0.973750,40,1000000,500000,11172,5.72923077e-4,2.23440000e-2,0.060000,0.024716,-66.952500,3,weakly_unstable,0,1,55.99
1.065700,0.980580,40,1000000,500000,3132,1.60615385e-4,6.26400000e-3,0.137500,0.086520,-52.132500,3,weakly_unstable,0,1,58.04
0.825700,0.997820,40,1000000,500000,-17558,-9.00410256e-4,-3.51160000e-2,-0.602500,-0.562192,-2.112500,1,chaotic,0,0,48.96
0.565700,0.938600,40,1000000,500000,38328,1.96553846e-3,7.66560000e-2,0.126250,0.003537,-480.297500,3,weakly_unstable,0,1,62.64
0.645700,0.959430,40,1000000,500000,22608,1.15938462e-3,4.52160000e-2,0.123750,0.000525,-216.932500,3,weakly_unstable,0,1,59.06
1.105700,0.975700,40,1000000,500000,1794,9.20000000e-5,3.58800000e-3,-0.021250,-0.013007,-61.645000,5,weakly_unstable,0,1,56.99
0.865700,0.974750,40,1000000,500000,12754,6.54051282e-4,2.55080000e-2,-0.108750,-0.053927,-60.192500,3,weakly_unstable,0,1,51.15
1.065700,0.981580,40,1000000,500000,3374,1.73025641e-4,6.74800000e-3,0.113750,0.139552,-32.880000,3,weakly_unstable,0,1,54.33
0.825700,0.998820,40,1000000,500000,-35963,-1.84425641e-3,-7.19260000e-2,-0.203750,-0.197188,-1.992500,1,stable,0,0,46.81
0.645700,0.960430,40,1000000,500000,20532,1.05292308e-3,4.10640000e-2,-0.065000,-0.186560,-233.345000,3,weakly_unstable,0,1,55.44
0.565700,0.939600,40,1000000,500000,32646,1.67415385e-3,6.52920000e-2,0.020000,0.077279,-482.345000,3,weakly_unstable,0,1,60.85
1.105700,0.976700,40,1000000,500000,2678,1.37333333e-4,5.35600000e-3,-0.060000,-0.051855,-63.357500,5,weakly_unstable,0,1,55.03
0.865700,0.975750,40,1000000,500000,12537,6.42923077e-4,2.50740000e-2,0.008750,-0.001394,-78.002500,3,weakly_unstable,0,1,51.53
0.825700,0.999820,40,1000000,500000,-43621,-2.23697436e-3,-8.72420000e-2,-0.040000,-0.041069,-1.925000,1,stable,0,0,46.46
1.065700,0.982580,40,1000000,500000,3223,1.65282051e-4,6.44600000e-3,0.031250,0.039760,-16.982500,3,weakly_unstable,0,1,54.96
0.645700,0.961430,40,1000000,500000,30785,1.57871795e-3,6.15700000e-2,0.030000,-0.030749,-200.212500,3,weakly_unstable,0,1,57.34
0.565700,0.940600,40,1000000,500000,30727,1.57574359e-3,6.14540000e-2,-0.107500,-0.035529,-491.282500,3,weakly_unstable,0,1,60.06
1.105700,0.977700,40,1000000,500000,1911,9.80000000e-5,3.82200000e-3,-0.066250,-0.064495,-35.677500,5,weakly_unstable,0,1,56.47
0.865700,0.976750,40,1000000,500000,12517,6.41897436e-4,2.50340000e-2,0.035000,-0.002131,-47.755000,3,weakly_unstable,0,1,54.45
0.825700,1.000000,40,1000000,500000,-47932,-2.45805128e-3,-9.58640000e-2,0.012500,-0.000653,-1.930000,1,stable,0,0,46.56
1.065700,0.983580,40,1000000,500000,3234,1.65846154e-4,6.46800000e-3,0.022500,0.078978,-38.072500,3,weakly_unstable,0,1,54.82
0.645700,0.962430,40,1000000,500000,21041,1.07902564e-3,4.20820000e-2,0.051250,0.008516,-200.052500,3,weakly_unstable,0,1,56.08
1.105700,0.978700,40,1000000,500000,2400,1.23076923e-4,4.80000000e-3,-0.033750,-0.013312,-62.132500,5,weakly_unstable,0,1,55.79
0.865700,0.977750,40,1000000,500000,12913,6.62205128e-4,2.58260000e-2,-0.080000,0.016241,-45.015000,3,weakly_unstable,0,1,55.67
0.565700,0.941600,40,1000000,500000,32256,1.65415385e-3,6.45120000e-2,-0.170000,0.001689,-462.632500,3,weakly_unstable,0,1,59.98
0.845700,0.967330,40,1000000,500000,15185,7.78717949e-4,3.03700000e-2,-0.143750,-0.129544,-100.562500,3,weakly_unstable,0,1,51.64
1.065700,0.984580,40,1000000,500000,3153,1.61692308e-4,6.30600000e-3,-0.068750,-0.086156,-40.337500,3,weakly_unstable,0,1,54.76
0.645700,0.963430,40,1000000,500000,24591,1.26107692e-3,4.91820000e-2,-0.003750,-0.005839,-188.032500,3,weakly_unstable,0,1,58.45
1.105700,0.979700,40,1000000,500000,2636,1.35179487e-4,5.27200000e-3,-0.072500,-0.024633,-31.692500,5,weakly_unstable,0,1,57.16
0.865700,0.978750,40,1000000,500000,11016,5.64923077e-4,2.20320000e-2,0.031250,0.026434,-57.160000,3,weakly_unstable,0,1,56.97
0.845700,0.968330,40,1000000,500000,14622,7.49846154e-4,2.92440000e-2,-0.037500,-0.028587,-99.650000,3,weakly_unstable,0,1,54.83
0.565700,0.942600,40,1000000,500000,36284,1.86071795e-3,7.25680000e-2,0.040000,-0.071059,-425.790000,3,weakly_unstable,0,1,62.63
1.065700,0.985580,40,1000000,500000,2877,1.47538462e-4,5.75400000e-3,-0.017500,-0.005958,-25.697500,3,weakly_unstable,0,1,57.44
0.645700,0.964430,40,1000000,500000,20209,1.03635897e-3,4.04180000e-2,-0.067500,-0.004345,-185.040000,3,weakly_unstable,0,1,58.53
0.865700,0.979750,40,1000000,500000,13063,6.69897436e-4,2.61260000e-2,-0.021250,-0.008632,-45.412500,3,weakly_unstable,0,1,54.25
1.105700,0.980700,40,1000000,500000,3067,1.57282051e-4,6.13400000e-3,-0.007500,-0.016567,-34.260000,5,weakly_unstable,0,1,58.15
0.845700,0.969330,40,1000000,500000,12725,6.52564103e-4,2.54500000e-2,-0.008750,0.011750,-84.312500,3,weakly_unstable,0,1,54.24
0.565700,0.943600,40,1000000,500000,30976,1.58851282e-3,6.19520000e-2,-0.103750,-0.071187,-425.072500,3,weakly_unstable,0,1,61.92
1.065700,0.986580,40,1000000,500000,3016,1.54666667e-4,6.03200000e-3,0.010000,-0.016236,-9.402500,3,weakly_unstable,0,1,56.90
0.645700,0.965430,40,1000000,500000,23909,1.22610256e-3,4.78180000e-2,0.003750,0.114378,-174.772500,3,weakly_unstable,0,1,59.11
0.865700,0.980750,40,1000000,500000,9770,5.01025641e-4,1.95400000e-2,0.040000,0.016097,-57.290000,3,weakly_unstable,0,1,55.94
0.845700,0.970330,40,1000000,500000,14278,7.32205128e-4,2.85560000e-2,-0.191250,-0.092531,-87.370000,3,weakly_unstable,0,1,54.92
1.105700,0.981700,40,1000000,500000,2410,1.23589744e-4,4.82000000e-3,-0.017500,-0.018717,-36.260000,5,weakly_unstable,0,1,58.06
0.565700,0.944600,40,1000000,500000,31042,1.59189744e-3,6.20840000e-2,-0.111250,0.007964,-420.722500,3,weakly_unstable,0,1,65.23
1.065700,0.987580,40,1000000,500000,3319,1.70205128e-4,6.63800000e-3,-0.071250,-0.041153,-17.160000,3,weakly_unstable,0,1,58.31
0.865700,0.981750,40,1000000,500000,12194,6.25333333e-4,2.43880000e-2,-0.117500,-0.131204,-24.855000,3,weakly_unstable,0,1,56.57
0.645700,0.966430,40,1000000,500000,22905,1.17461538e-3,4.58100000e-2,-0.171250,-0.178260,-175.832500,3,weakly_unstable,0,1,59.88
0.845700,0.971330,40,1000000,500000,14298,7.33230769e-4,2.85960000e-2,-0.146250,-0.128205,-86.267500,3,weakly_unstable,0,1,55.89
1.105700,0.982700,40,1000000,500000,2235,1.14615385e-4,4.47000000e-3,0.057500,0.037943,-29.820000,5,weakly_unstable,0,1,60.37
1.065700,0.988580,40,1000000,500000,2312,1.18564103e-4,4.62400000e-3,-0.072500,-0.084463,-9.850000,3,weakly_unstable,0,1,58.16
0.565700,0.945600,40,1000000,500000,30933,1.58630769e-3,6.18660000e-2,0.045000,0.033450,-412.802500,3,weakly_unstable,0,1,64.78
0.845700,0.972330,40,1000000,500000,13078,6.70666667e-4,2.61560000e-2,-0.091250,-0.082253,-82.307500,3,weakly_unstable,0,1,55.57
0.865700,0.982750,40,1000000,500000,11596,5.94666667e-4,2.31920000e-2,0.006250,-0.014811,-27.472500,3,weakly_unstable,0,1,58.79
0.645700,0.967430,40,1000000,500000,17778,9.11692308e-4,3.55560000e-2,-0.092500,-0.171446,-182.715000,3,weakly_unstable,0,1,60.88
1.105700,0.983700,40,1000000,500000,2204,1.13025641e-4,4.40800000e-3,-0.056250,-0.043469,-20.582500,5,weakly_unstable,0,1,59.02
1.065700,0.989580,40,1000000,500000,3659,1.87641026e-4,7.31800000e-3,-0.073750,-0.074183,-11.727500,3,weakly_unstable,0,1,58.33
0.565700,0.946600,40,1000000,500000,31686,1.62492308e-3,6.33720000e-2,0.061250,-0.069700,-389.932500,3,weakly_unstable,0,1,65.98
0.865700,0.983750,40,1000000,500000,11166,5.72615385e-4,2.23320000e-2,-0.015000,-0.050061,-30.382500,3,weakly_unstable,0,1,54.51
0.845700,0.973330,40,1000000,500000,13756,7.05435897e-4,2.75120000e-2,0.046250,0.072645,-64.110000,3,weakly_unstable,0,1,55.68
0.645700,0.968430,40,1000000,500000,22725,1.16538462e-3,4.54500000e-2,0.176250,0.010784,-171.362500,3,weakly_unstable,0,1,59.16
1.105700,0.984700,40,1000000,500000,2262,1.16000000e-4,4.52400000e-3,0.072500,0.065799,-33.947500,5,weakly_unstable,0,1,57.51
1.065700,0.990580,40,1000000,500000,2735,1.40256410e-4,5.47000000e-3,-0.117500,-0.137405,-15.090000,3,weakly_unstable,0,1,56.77
0.565700,0.947600,40,1000000,500000,33294,1.70738462e-3,6.65880000e-2,-0.095000,-0.102816,-407.302500,3,weakly_unstable,0,1,62.75
0.865700,0.984750,40,1000000,500000,10577,5.42410256e-4,2.11540000e-2,-0.098750,-0.021971,-31.670000,3,weakly_unstable,0,1,53.92
0.845700,0.974330,40,1000000,500000,12348,6.33230769e-4,2.46960000e-2,0.018750,0.024628,-66.622500,3,weakly_unstable,0,1,54.63
0.645700,0.969430,40,1000000,500000,20579,1.05533333e-3,4.11580000e-2,0.118750,-0.018777,-155.010000,3,weakly_unstable,0,1,60.09
1.105700,0.985700,40,1000000,500000,1968,1.00923077e-4,3.93600000e-3,-0.028750,-0.041917,-23.282500,5,weakly_unstable,0,1,58.70
1.065700,0.991580,40,1000000,500000,3049,1.56358974e-4,6.09800000e-3,-0.102500,-0.094742,-3.577500,3,weakly_unstable,0,1,58.65
0.865700,0.985750,40,1000000,500000,10337,5.30102564e-4,2.06740000e-2,-0.082500,-0.074804,-5.487500,3,weakly_unstable,0,1,55.68
0.845700,0.975330,40,1000000,500000,11453,5.87333333e-4,2.29060000e-2,0.060000,0.081026,-60.902500,3,weakly_unstable,0,1,55.76
0.565700,0.948600,40,1000000,500000,35570,1.82410256e-3,7.11400000e-2,-0.267500,-0.138717,-388.465000,3,weakly_unstable,0,1,65.00
0.645700,0.970430,40,1000000,500000,21979,1.12712821e-3,4.39580000e-2,-0.022500,-0.012395,-148.322500,3,weakly_unstable,0,1,59.94
1.105700,0.986700,40,1000000,500000,2110,1.08205128e-4,4.22000000e-3,0.037500,0.028822,-24.252500,5,weakly_unstable,0,1,58.32
1.065700,0.992580,40,1000000,500000,2813,1.44256410e-4,5.62600000e-3,-0.020000,-0.013546,-9.282500,5,weakly_unstable,0,1,61.14
0.865700,0.986750,40,1000000,500000,10323,5.29384615e-4,2.06460000e-2,-0.101250,-0.115970,-22.887500,3,weakly_unstable,0,1,56.15
0.845700,0.976330,40,1000000,500000,14135,7.24871795e-4,2.82700000e-2,-0.021250,0.011261,-51.515000,3,weakly_unstable,0,1,56.66
0.565700,0.949600,40,1000000,500000,34546,1.77158974e-3,6.90920000e-2,0.020000,0.004771,-367.575000,3,weakly_unstable,0,1,65.61
1.105700,0.987700,40,1000000,500000,1657,8.49743590e-5,3.31400000e-3,0.010000,-0.002778,-26.410000,5,weakly_unstable,0,1,59.35
0.645700,0.971430,40,1000000,500000,20496,1.05107692e-3,4.09920000e-2,0.032500,0.062994,-138.135000,3,weakly_unstable,0,1,61.33
1.065700,0.993580,40,1000000,500000,1889,9.68717949e-5,3.77800000e-3,-0.032500,-0.026195,-8.505000,5,weakly_unstable,0,1,59.21
0.865700,0.987750,40,1000000,500000,10393,5.32974359e-4,2.07860000e-2,0.027500,0.061931,-15.160000,3,weakly_unstable,0,1,54.60
0.845700,0.977330,40,1000000,500000,13460,6.90256410e-4,2.69200000e-2,-0.071250,-0.046791,-51.937500,3,weakly_unstable,0,1,55.41
0.565700,0.950600,40,1000000,500000,29472,1.51138462e-3,5.89440000e-2,0.148750,0.052402,-351.157500,3,weakly_unstable,0,1,63.99
1.105700,0.988700,40,1000000,500000,1840,9.43589744e-5,3.68000000e-3,-0.011250,-0.048634,-11.652500,5,weakly_unstable,0,1,57.92
0.645700,0.972430,40,1000000,500000,22609,1.15943590e-3,4.52180000e-2,0.013750,0.069288,-148.075000,3,weakly_unstable,0,1,59.92
1.065700,0.994580,40,1000000,500000,1965,1.00769231e-4,3.93000000e-3,0.056250,0.063032,-9.767500,3,weakly_unstable,0,1,56.80
0.865700,0.988750,40,1000000,500000,10489,5.37897436e-4,2.09780000e-2,-0.060000,-0.117684,-21.707500,3,weakly_unstable,0,1,53.35
0.845700,0.978330,40,1000000,500000,14039,7.19948718e-4,2.80780000e-2,0.076250,0.084540,-36.820000,3,weakly_unstable,0,1,54.83
1.105700,0.989700,40,1000000,500000,2603,1.33487179e-4,5.20600000e-3,0.006250,0.019565,-6.645000,5,weakly_unstable,0,1,58.55
0.565700,0.951600,40,1000000,500000,32898,1.68707692e-3,6.57960000e-2,-0.165000,-0.052135,-345.952500,3,weakly_unstable,0,1,63.84
0.645700,0.973430,40,1000000,500000,17769,9.11230769e-4,3.55380000e-2,0.015000,-0.013139,-138.925000,3,weakly_unstable,0,1,59.46
1.065700,0.995580,40,1000000,500000,2551,1.30820513e-4,5.10200000e-3,-0.228750,-0.207990,-2.420000,3,weakly_unstable,0,1,57.12
0.865700,0.989750,40,1000000,500000,10066,5.16205128e-4,2.01320000e-2,-0.008750,-0.037602,-15.530000,3,weakly_unstable,0,1,53.35
0.845700,0.979330,40,1000000,500000,10274,5.26871795e-4,2.05480000e-2,-0.013750,0.001824,-51.262500,3,weakly_unstable,0,1,54.87
1.105700,0.990700,40,1000000,500000,2329,1.19435897e-4,4.65800000e-3,0.057500,0.060185,-10.362500,5,weakly_unstable,0,1,57.92
0.645700,0.974430,40,1000000,500000,18636,9.55692308e-4,3.72720000e-2,0.051250,-0.063703,-118.312500,3,weakly_unstable,0,1,58.73
0.565700,0.952600,40,1000000,500000,31868,1.63425641e-3,6.37360000e-2,0.147500,0.053594,-359.912500,3,weakly_unstable,0,1,63.28
1.065700,0.996580,40,1000000,500000,1691,8.67179487e-5,3.38200000e-3,-0.095000,-0.090691,-3.850000,3,weakly_unstable,0,1,53.57
0.865700,0.990750,40,1000000,500000,9323,4.78102564e-4,1.86460000e-2,0.091250,0.126337,-10.360000,3,weakly_unstable,0,1,53.06
0.845700,0.980330,40,1000000,500000,12075,6.19230769e-4,2.41500000e-2,-0.048750,-0.052669,-42.725000,3,weakly_unstable,0,1,55.61
1.105700,0.991700,40,1000000,500000,2266,1.16205128e-4,4.53200000e-3,0.102500,0.091819,-6.352500,5,weakly_unstable,0,1,61.01
0.645700,0.975430,40,1000000,500000,13041,6.68769231e-4,2.60820000e-2,0.098750,0.031990,-118.100000,3,weakly_unstable,0,1,62.72
1.065700,0.997580,40,1000000,500000,1717,8.80512821e-5,3.43400000e-3,0.037500,0.035155,-3.060000,3,weakly_unstable,0,1,57.08
0.565700,0.953600,40,1000000,500000,30109,1.54405128e-3,6.02180000e-2,0.005000,0.097127,-317.180000,3,weakly_unstable,0,1,67.62
0.865700,0.991750,40,1000000,500000,8322,4.26769231e-4,1.66440000e-2,0.088750,0.047366,-9.875000,3,weakly_unstable,0,1,57.97
0.845700,0.981330,40,1000000,500000,12593,6.45794872e-4,2.51860000e-2,-0.010000,-0.018301,-25.067500,3,weakly_unstable,0,1,58.53
1.105700,0.992700,40,1000000,500000,1918,9.83589744e-5,3.83600000e-3,-0.048750,-0.045613,-7.190000,5,weakly_unstable,0,1,58.89
1.065700,0.998580,40,1000000,500000,-1599,-8.20000000e-5,-3.19800000e-3,0.950000,0.946619,-3.100000,1,chaotic,0,0,49.23
0.645700,0.976430,40,1000000,500000,18818,9.65025641e-4,3.76360000e-2,0.032500,-0.117544,-106.630000,3,weakly_unstable,0,1,60.80
0.865700,0.992750,40,1000000,500000,8303,4.25794872e-4,1.66060000e-2,-0.263750,-0.265516,-7.520000,3,weakly_unstable,0,1,54.09
0.565700,0.954600,40,1000000,500000,16975,8.70512821e-4,3.39500000e-2,0.057500,-0.045267,-318.342500,3,weakly_unstable,0,1,65.07
0.845700,0.982330,40,1000000,500000,13726,7.03897436e-4,2.74520000e-2,0.108750,0.071094,-35.137500,3,weakly_unstable,0,1,55.81
1.065700,0.999580,40,1000000,500000,-2775,-1.42307692e-4,-5.55000000e-3,-0.842500,-0.773097,-1.962500,1,chaotic,0,0,52.49
1.105700,0.993700,40,1000000,500000,1471,7.54358974e-5,2.94200000e-3,-0.001250,-0.001167,-6.312500,5,weakly_unstable,0,1,60.17
0.865700,0.993750,40,1000000,500000,8968,4.59897436e-4,1.79360000e-2,-0.095000,-0.113384,-8.587500,3,weakly_unstable,0,1,58.06
0.645700,0.977430,40,1000000,500000,16987,8.71128205e-4,3.39740000e-2,-0.136250,-0.000273,-102.815000,3,weakly_unstable,0,1,61.04
0.845700,0.983330,40,1000000,500000,11850,6.07692308e-4,2.37000000e-2,0.042500,-0.087431,-36.732500,3,weakly_unstable,0,1,55.42
0.565700,0.955600,40,1000000,500000,34599,1.77430769e-3,6.91980000e-2,0.136250,0.022681,-312.500000,3,weakly_unstable,0,1,64.55
1.065700,1.000000,40,1000000,500000,-5695,-2.92051282e-4,-1.13900000e-2,0.010000,0.003836,-1.937500,1,stable,0,0,48.61
1.105700,0.994700,40,1000000,500000,1514,7.76410256e-5,3.02800000e-3,0.027500,0.032325,-5.130000,5,weakly_unstable,0,1,57.42
0.865700,0.994750,40,1000000,500000,6737,3.45487179e-4,1.34740000e-2,0.098750,0.120583,-7.065000,3,weakly_unstable,0,1,53.02
0.645700,0.978430,40,1000000,500000,17032,8.73435897e-4,3.40640000e-2,-0.040000,0.062044,-106.710000,3,weakly_unstable,0,1,59.17
0.845700,0.984330,40,1000000,500000,10135,5.19743590e-4,2.02700000e-2,0.103750,0.079367,-23.190000,3,weakly_unstable,0,1,54.90
0.565700,0.956600,40,1000000,500000,28453,1.45912821e-3,5.69060000e-2,0.136250,0.009144,-305.175000,3,weakly_unstable,0,1,63.26
1.085700,0.969640,40,1000000,500000,2915,1.49487179e-4,5.83000000e-3,0.025000,0.037333,-98.250000,5,weakly_unstable,0,1,58.15
0.865700,0.995750,40,1000000,500000,6834,3.50461538e-4,1.36680000e-2,-0.918750,-0.921906,-8.595000,1,metastable,1,1,49.05
1.105700,0.995700,40,1000000,500000,1520,7.79487179e-5,3.04000000e-3,0.198750,0.201740,-0.212500,3,weakly_unstable,0,1,53.66
0.845700,0.985330,40,1000000,500000,13080,6.70769231e-4,2.61600000e-2,0.002500,0.049033,-43.117500,3,weakly_unstable,0,1,55.44
0.645700,0.979430,40,1000000,500000,10345,5.30512821e-4,2.06900000e-2,0.083750,0.074910,-99.965000,3,weakly_unstable,0,1,59.69
0.565700,0.957600,40,1000000,500000,26403,1.35400000e-3,5.28060000e-2,-0.407500,-0.307425,-283.992500,3,weakly_unstable,0,1,63.86
1.085700,0.970640,40,1000000,500000,2416,1.23897436e-4,4.83200000e-3,0.186250,0.128263,-101.315000,5,weakly_unstable,0,1,58.27
0.865700,0.996750,40,1000000,500000,8866,4.54666667e-4,1.77320000e-2,-0.172500,-0.113236,-6.932500,3,weakly_unstable,0,1,53.03
1.105700,0.996700,40,1000000,500000,1439,7.37948718e-5,2.87800000e-3,-0.126250,-0.107069,-7.102500,3,weakly_unstable,0,1,53.64
0.845700,0.986330,40,1000000,500000,8763,4.49384615e-4,1.75260000e-2,-0.046250,0.006665,-39.327500,3,weakly_unstable,0,1,54.22
0.645700,0.980430,40,1000000,500000,8004,4.10461538e-4,1.60080000e-2,0.085000,0.060700,-90.360000,3,weakly_unstable,0,1,59.62
0.865700,0.997750,40,1000000,500000,-691,-3.54358974e-5,-1.38200000e-3,0.498750,0.421752,-2.075000,1,chaotic,0,0,48.78
0.565700,0.958600,40,1000000,500000,18735,9.60769231e-4,3.74700000e-2,0.521250,0.236062,-261.110000,3,weakly_unstable,0,1,64.26
1.105700,0.997700,40,1000000,500000,1413,7.24615385e-5,2.82600000e-3,0.171250,0.197996,-2.015000,3,weakly_unstable,0,1,52.66
1.085700,0.971640,40,1000000,500000,2634,1.35076923e-4,5.26800000e-3,0.011250,0.008104,-94.395000,5,weakly_unstable,0,1,58.59
1.145700,0.971780,40,1000000,500000,2317,1.18820513e-4,4.63400000e-3,0.097500,0.091595,-69.317500,5,weakly_unstable,0,1,57.18
0.645700,0.981430,40,1000000,500000,5626,2.88512821e-4,1.12520000e-2,0.031250,-0.061501,-86.800000,3,weakly_unstable,0,1,59.16
0.865700,0.998750,40,1000000,500000,-20127,-1.03215385e-3,-4.02540000e-2,0.322500,0.285027,-1.995000,1,stable,0,0,48.11
1.105700,0.998700,40,1000000,500000,3014,1.54564103e-4,6.02800000e-3,-0.082500,-0.153408,-1.917500,3,weakly_unstable,0,1,53.66
1.085700,0.972640,40,1000000,500000,2532,1.29846154e-4,5.06400000e-3,0.008750,0.011243,-73.450000,5,weakly_unstable,0,1,56.98
0.565700,0.959600,40,1000000,500000,19975,1.02435897e-3,3.99500000e-2,-0.252500,-0.031928,-256.890000,3,weakly_unstable,0,1,62.84
1.145700,0.972780,40,1000000,500000,1785,9.15384615e-5,3.57000000e-3,0.038750,0.051179,-67.107500,5,weakly_unstable,0,1,56.39
0.645700,0.982430,40,1000000,500000,11498,5.89641026e-4,2.29960000e-2,-0.217500,-0.035835,-64.975000,3,weakly_unstable,0,1,57.90
0.865700,0.999750,40,1000000,500000,-28601,-1.46671795e-3,-5.72020000e-2,0.016250,-0.017251,-1.930000,1,stable,0,0,47.00
1.105700,0.999700,40,1000000,500000,-582,-2.98461538e-5,-1.16400000e-3,0.030000,0.019008,-1.925000,1,stable,0,0,47.77
0.645700,0.995430,40,1000000,500000,-132713,-6.80579487e-3,-2.65426000e-1,-0.185000,-0.219938,-5.015000,1,stable,0,0,50.56
0.565700,0.960600,40,1000000,500000,26136,1.34030769e-3,5.22720000e-2,-0.128750,-0.133505,-238.972500,3,weakly_unstable,0,1,62.56
1.145700,0.973780,40,1000000,500000,1858,9.52820513e-5,3.71600000e-3,0.001250,-0.005249,-61.255000,5,weakly_unstable,0,1,56.13
0.865700,1.000000,40,1000000,500000,-33624,-1.72430769e-3,-6.72480000e-2,0.008750,0.002800,-1.917500,1,stable,0,0,47.16
0.645700,0.983430,40,1000000,500000,6041,3.09794872e-4,1.20820000e-2,0.138750,0.110115,-55.792500,3,weakly_unstable,0,1,57.68
1.105700,1.000000,40,1000000,500000,-4806,-2.46461538e-4,-9.61200000e-3,0.028750,0.021857,-1.935000,1,stable,0,0,47.51
0.645700,0.996430,40,1000000,500000,-146006,-7.48748718e-3,-2.92012000e-1,-0.045000,-0.050483,-4.930000,1,stable,0,0,52.71
0.565700,0.961600,40,1000000,500000,20977,1.07574359e-3,4.19540000e-2,-0.250000,-0.161485,-241.285000,3,weakly_unstable,0,1,65.32
1.145700,0.974780,40,1000000,500000,1736,8.90256410e-5,3.47200000e-3,0.016250,0.009736,-53.407500,5,weakly_unstable,0,1,60.17
0.885700,0.968100,40,1000000,500000,11243,5.76564103e-4,2.24860000e-2,0.063750,-0.000858,-109.715000,3,weakly_unstable,0,1,56.43
0.645700,0.984430,40,1000000,500000,19380,9.93846154e-4,3.87600000e-2,-0.861250,-0.855857,-37.007500,1,metastable,1,1,55.34
1.125700,0.969740,40,1000000,500000,2101,1.07743590e-4,4.20200000e-3,0.066250,0.026216,-90.267500,5,weakly_unstable,0,1,59.53
0.645700,0.997430,40,1000000,500000,-157902,-8.09753846e-3,-3.15804000e-1,-0.028750,0.013852,-1.382500,1,stable,0,0,51.78
0.885700,0.969100,40,1000000,500000,9994,5.12512821e-4,1.99880000e-2,0.067500,0.095067,-116.235000,3,weakly_unstable,0,1,54.88
1.145700,0.975780,40,1000000,500000,1337,6.85641026e-5,2.67400000e-3,0.033750,0.009881,-52.535000,5,weakly_unstable,0,1,57.76
0.565700,0.962600,40,1000000,500000,21407,1.09779487e-3,4.28140000e-2,-0.091250,0.007912,-228.350000,3,weakly_unstable,0,1,63.35
0.645700,0.985430,40,1000000,500000,10858,5.56820513e-4,2.17160000e-2,0.827500,0.836682,-46.690000,1,metastable,1,1,52.91
0.645700,0.998430,40,1000000,500000,-186339,-9.55584615e-3,-3.72678000e-1,0.031250,0.022865,-2.132500,1,stable,0,0,51.42
1.125700,0.970740,40,1000000,500000,2144,1.09948718e-4,4.28800000e-3,-0.082500,-0.066737,-68.842500,5,weakly_unstable,0,1,57.36
0.885700,0.970100,40,1000000,500000,9917,5.08564103e-4,1.98340000e-2,-0.036250,-0.060218,-90.927500,3,weakly_unstable,0,1,53.87
0.645700,0.986430,40,1000000,500000,15352,7.87282051e-4,3.07040000e-2,-0.731250,-0.781320,-28.477500,1,metastable,1,1,52.81
1.145700,0.976780,40,1000000,500000,1967,1.00871795e-4,3.93400000e-3,-0.073750,-0.045069,-47.870000,5,weakly_unstable,0,1,57.79
0.565700,0.963600,40,1000000,500000,19828,1.01682051e-3,3.96560000e-2,-0.258750,0.023358,-237.937500,3,weakly_unstable,0,1,63.53
0.645700,0.999430,40,1000000,500000,-202249,-1.03717436e-2,-4.04498000e-1,0.022500,0.014983,-2.027500,1,stable,0,0,51.38
1.125700,0.971740,40,1000000,500000,2259,1.15846154e-4,4.51800000e-3,0.000000,-0.001865,-52.217500,5,weakly_unstable,0,1,57.30
0.885700,0.971100,40,1000000,500000,9618,4.93230769e-4,1.92360000e-2,-0.048750,-0.103583,-67.017500,3,weakly_unstable,0,1,54.71
0.645700,0.987430,40,1000000,500000,25463,1.30579487e-3,5.09260000e-2,-0.792500,-0.657876,-22.462500,1,metastable,1,1,53.43
1.145700,0.977780,40,1000000,500000,1873,9.60512821e-5,3.74600000e-3,0.001250,-0.020815,-29.807500,5,weakly_unstable,0,1,56.91
0.645700,1.000000,40,1000000,500000,-210717,-1.08060000e-2,-4.21434000e-1,0.017500,-0.000410,-1.942500,1,stable,0,0,50.33
0.565700,0.964600,40,1000000,500000,16382,8.40102564e-4,3.27640000e-2,-0.082500,-0.156692,-205.147500,3,weakly_unstable,0,1,63.91
1.125700,0.972740,40,1000000,500000,2251,1.15435897e-4,4.50200000e-3,-0.010000,-0.024039,-78.587500,5,weakly_unstable,0,1,57.87
0.885700,0.972100,40,1000000,500000,9774,5.01230769e-4,1.95480000e-2,-0.050000,-0.007580,-78.080000,3,weakly_unstable,0,1,53.87
0.645700,0.988430,40,1000000,500000,-9774,-5.01230769e-4,-1.95480000e-2,-0.703750,-0.696953,-24.797500,1,chaotic,0,0,52.10
1.145700,0.978780,40,1000000,500000,1635,8.38461538e-5,3.27000000e-3,0.045000,0.064496,-31.487500,5,weakly_unstable,0,1,57.20
0.665700,0.956370,40,1000000,500000,32068,1.64451282e-3,6.41360000e-2,0.075000,0.074556,-244.947500,3,weakly_unstable,0,1,58.49
1.125700,0.973740,40,1000000,500000,2158,1.10666667e-4,4.31600000e-3,-0.028750,-0.026549,-50.422500,5,weakly_unstable,0,1,57.43
0.565700,0.965600,40,1000000,500000,17879,9.16871795e-4,3.57580000e-2,-0.106250,-0.011849,-184.607500,3,weakly_unstable,0,1,63.63
0.885700,0.973100,40,1000000,500000,11665,5.98205128e-4,2.33300000e-2,-0.046250,-0.034992,-77.235000,3,weakly_unstable,0,1,52.45
0.645700,0.989430,40,1000000,500000,-7374,-3.78153846e-4,-1.47480000e-2,-0.586250,-0.536647,-20.857500,1,chaotic,0,0,51.32
1.145700,0.979780,40,1000000,500000,1679,8.61025641e-5,3.35800000e-3,-0.068750,-0.080329,-54.357500,5,weakly_unstable,0,1,56.18
0.665700,0.957370,40,1000000,500000,24686,1.26594872e-3,4.93720000e-2,-0.028750,-0.044775,-226.305000,3,weakly_unstable,0,1,58.00
1.125700,0.974740,40,1000000,500000,1635,8.38461538e-5,3.27000000e-3,0.030000,0.013791,-37.235000,5,weakly_unstable,0,1,55.81
0.565700,0.966600,40,1000000,500000,22931,1.17594872e-3,4.58620000e-2,-0.075000,0.147484,-194.947500,3,weakly_unstable,0,1,61.81
0.885700,0.974100,40,1000000,500000,11270,5.77948718e-4,2.25400000e-2,0.062500,0.022286,-81.602500,3,weakly_unstable,0,1,52.57
0.645700,0.990430,40,1000000,500000,-30198,-1.54861538e-3,-6.03960000e-2,0.363750,0.338474,-29.682500,1,stable,0,0,52.00
1.145700,0.980780,40,1000000,500000,1773,9.09230769e-5,3.54600000e-3,0.055000,0.042380,-33.195000,5,weakly_unstable,0,1,56.45
0.665700,0.958370,40,1000000,500000,26858,1.37733333e-3,5.37160000e-2,-0.115000,-0.113320,-203.182500,3,weakly_unstable,0,1,57.69
1.125700,0.975740,40,1000000,500000,1907,9.77948718e-5,3.81400000e-3,-0.031250,-0.025257,-35.375000,5,weakly_unstable,0,1,56.68
0.645700,0.991430,40,1000000,500000,-36620,-1.87794872e-3,-7.32400000e-2,-0.286250,-0.296894,-4.390000,1,stable,0,0,51.26
0.565700,0.967600,40,1000000,500000,20639,1.05841026e-3,4.12780000e-2,-0.090000,0.054981,-180.055000,3,weakly_unstable,0,1,62.64
0.885700,0.975100,40,1000000,500000,10378,5.32205128e-4,2.07560000e-2,-0.036250,-0.004258,-80.817500,3,weakly_unstable,0,1,52.89
1.145700,0.981780,40,1000000,500000,2228,1.14256410e-4,4.45600000e-3,0.045000,0.011339,-13.305000,5,weakly_unstable,0,1,57.57
0.665700,0.959370,40,1000000,500000,26280,1.34769231e-3,5.25600000e-2,-0.095000,-0.039595,-204.970000,3,weakly_unstable,0,1,58.10
1.125700,0.976740,40,1000000,500000,2155,1.10512821e-4,4.31000000e-3,0.016250,0.018921,-53.727500,5,weakly_unstable,0,1,57.59
0.645700,0.992430,40,1000000,500000,-74091,-3.79953846e-3,-1.48182000e-1,-0.031250,0.010676,-8.717500,1,stable,0,0,52.77
0.885700,0.976100,40,1000000,500000,10821,5.54923077e-4,2.16420000e-2,-0.041250,-0.010101,-57.352500,3,weakly_unstable,0,1,55.09
0.565700,0.968600,40,1000000,500000,28700,1.47179487e-3,5.74000000e-2,-0.126250,0.176566,-159.552500,3,weakly_unstable,0,1,63.93
1.145700,0.982780,40,1000000,500000,2258,1.15794872e-4,4.51600000e-3,-0.001250,-0.008525,-30.215000,5,weakly_unstable,0,1,56.35
0.665700,0.960370,40,1000000,500000,24292,1.24574359e-3,4.85840000e-2,0.030000,0.071068,-189.707500,3,weakly_unstable,0,1,58.13
1.125700,0.977740,40,1000000,500000,1199,6.14871795e-5,2.39800000e-3,0.000000,0.011982,-35.565000,5,weakly_unstable,0,1,55.87
0.645700,0.993430,40,1000000,500000,-91295,-4.68179487e-3,-1.82590000e-1,0.351250,0.371876,-12.167500,1,stable,0,0,50.19
0.885700,0.977100,40,1000000,500000,10808,5.54256410e-4,2.16160000e-2,0.055000,0.021327,-57.287500,3,weakly_unstable,0,1,52.15
0.565700,0.969600,40,1000000,500000,18723,9.60153846e-4,3.74460000e-2,0.083750,-0.032938,-157.557500,3,weakly_unstable,0,1,62.52
1.145700,0.983780,40,1000000,500000,1331,6.82564103e-5,2.66200000e-3,-0.041250,-0.022609,-11.797500,5,weakly_unstable,0,1,54.38
0.665700,0.961370,40,1000000,500000,30506,1.56441026e-3,6.10120000e-2,-0.150000,-0.134274,-193.717500,3,weakly_unstable,0,1,55.15
0.645700,0.994430,40,1000000,500000,-119096,-6.10748718e-3,-2.38192000e-1,-0.110000,-0.152299,-9.487500,1,stable,0,0,50.23
1.125700,0.978740,40,1000000,500000,1397,7.16410256e-5,2.79400000e-3,-0.005000,-0.030698,-48.387500,5,weakly_unstable,0,1,56.21
0.885700,0.978100,40,1000000,500000,11434,5.86358974e-4,2.28680000e-2,-0.032500,-0.079421,-39.222500,3,weakly_unstable,0,1,53.74
0.565700,0.970600,40,1000000,500000,13473,6.90923077e-4,2.69460000e-2,-0.095000,-0.116506,-139.292500,3,weakly_unstable,0,1,64.19
1.145700,0.984780,40,1000000,500000,1292,6.62564103e-5,2.58400000e-3,-0.037500,-0.027396,-30.575000,5,weakly_unstable,0,1,57.33
0.665700,0.962370,40,1000000,500000,23629,1.21174359e-3,4.72580000e-2,0.007500,0.067269,-191.862500,3,weakly_unstable,0,1,58.31
0.705700,0.960670,40,1000000,500000,27621,1.41646154e-3,5.52420000e-2,0.022500,0.038185,-159.562500,3,weakly_unstable,0,1,57.53
1.125700,0.979740,40,1000000,500000,2165,1.11025641e-4,4.33000000e-3,0.038750,0.044202,-49.202500,5,weakly_unstable,0,1,58.16
0.885700,0.979100,40,1000000,500000,12056,6.18256410e-4,2.41120000e-2,0.033750,-0.007900,-63.412500,3,weakly_unstable,0,1,54.28
0.565700,0.971600,40,1000000,500000,41127,2.10907692e-3,8.22540000e-2,-0.805000,-0.790908,-112.595000,1,metastable,1,1,56.29
1.145700,0.985780,40,1000000,500000,1816,9.31282051e-5,3.63200000e-3,-0.016250,-0.016297,-11.547500,5,weakly_unstable,0,1,54.86
0.665700,0.963370,40,1000000,500000,19876,1.01928205e-3,3.97520000e-2,-0.040000,-0.035936,-188.832500,3,weakly_unstable,0,1,55.63
0.705700,0.961670,40,1000000,500000,21564,1.10584615e-3,4.31280000e-2,-0.055000,-0.017295,-199.160000,3,weakly_unstable,0,1,53.58
1.125700,0.980740,40,1000000,500000,1041,5.33846154e-5,2.08200000e-3,-0.192500,-0.157933,-37.185000,5,weakly_unstable,0,1,54.31
0.885700,0.980100,40,1000000,500000,11536,5.91589744e-4,2.30720000e-2,0.145000,0.159472,-33.730000,3,weakly_unstable,0,1,52.26
0.565700,0.972600,40,1000000,500000,25931,1.32979487e-3,5.18620000e-2,-0.708750,-0.761267,-129.007500,1,metastable,1,1,56.48
1.145700,0.986780,40,1000000,500000,1452,7.44615385e-5,2.90400000e-3,-0.045000,-0.040116,-25.015000,5,weakly_unstable,0,1,56.38
0.665700,0.964370,40,1000000,500000,25769,1.32148718e-3,5.15380000e-2,0.065000,-0.096450,-184.402500,3,weakly_unstable,0,1,57.35
0.705700,0.962670,40,1000000,500000,23520,1.20615385e-3,4.70400000e-2,0.037500,0.004166,-164.115000,3,weakly_unstable,0,1,55.66
0.885700,0.981100,40,1000000,500000,10527,5.39846154e-4,2.10540000e-2,-0.040000,-0.008901,-40.817500,3,weakly_unstable,0,1,53.42
1.125700,0.981740,40,1000000,500000,1745,8.94871795e-5,3.49000000e-3,-0.033750,-0.051522,-31.862500,5,weakly_unstable,0,1,56.36
0.565700,0.973600,40,1000000,500000,15172,7.78051282e-4,3.03440000e-2,-0.751250,-0.772073,-99.262500,1,metastable,1,1,56.37
1.145700,0.987780,40,1000000,500000,1407,7.21538462e-5,2.81400000e-3,-0.031250,-0.036106,-9.667500,5,weakly_unstable,0,1,56.46
0.665700,0.965370,40,1000000,500000,21714,1.11353846e-3,4.34280000e-2,-0.055000,0.081335,-166.697500,3,weakly_unstable,0,1,58.49
0.885700,0.982100,40,1000000,500000,11463,5.87846154e-4,2.29260000e-2,0.027500,0.052565,-38.760000,3,weakly_unstable,0,1,54.48
0.705700,0.963670,40,1000000,500000,26087,1.33779487e-3,5.21740000e-2,-0.032500,-0.028935,-161.002500,3,weakly_unstable,0,1,56.82
1.125700,0.982740,40,1000000,500000,1465,7.51282051e-5,2.93000000e-3,-0.048750,-0.058606,-26.977500,5,weakly_unstable,0,1,57.31
0.565700,0.974600,40,1000000,500000,20119,1.03174359e-3,4.02380000e-2,0.736250,0.669678,-88.522500,1,metastable,1,1,57.58
1.145700,0.988780,40,1000000,500000,1301,6.67179487e-5,2.60200000e-3,0.043750,0.027775,-20.165000,5,weakly_unstable,0,1,57.56
0.885700,0.983100,40,1000000,500000,8822,4.52410256e-4,1.76440000e-2,0.052500,-0.034480,-36.030000,3,weakly_unstable,0,1,53.95
0.705700,0.964670,40,1000000,500000,21835,1.11974359e-3,4.36700000e-2,0.146250,0.115312,-148.855000,3,weakly_unstable,0,1,56.22
0.665700,0.966370,40,1000000,500000,24459,1.25430769e-3,4.89180000e-2,-0.015000,-0.077793,-166.282500,3,weakly_unstable,0,1,58.62
1.125700,0.983740,40,1000000,500000,1933,9.91282051e-5,3.86600000e-3,0.037500,0.048345,-43.257500,5,weakly_unstable,0,1,57.07
0.565700,0.975600,40,1000000,500000,1872,9.60000000e-5,3.74400000e-3,-0.762500,-0.746415,-107.800000,1,metastable,1,1,56.76
1.145700,0.989780,40,1000000,500000,1729,8.86666667e-5,3.45800000e-3,0.052500,0.032802,-6.572500,5,weakly_unstable,0,1,57.24
0.885700,0.984100,40,1000000,500000,10203,5.23230769e-4,2.04060000e-2,0.095000,0.106259,-20.437500,3,weakly_unstable,0,1,55.34
0.705700,0.965670,40,1000000,500000,24210,1.24153846e-3,4.84200000e-2,-0.047500,-0.021907,-162.827500,3,weakly_unstable,0,1,56.57
0.665700,0.967370,40,1000000,500000,21378,1.09630769e-3,4.27560000e-2,0.015000,0.068177,-161.910000,3,weakly_unstable,0,1,58.93
1.125700,0.984740,40,1000000,500000,2024,1.03794872e-4,4.04800000e-3,0.057500,0.058668,-16.122500,5,weakly_unstable,0,1,57.12
0.565700,0.976600,40,1000000,500000,-10848,-5.56307692e-4,-2.16960000e-2,-0.016250,0.121863,-80.672500,1,stable,0,0,54.57
1.145700,0.990780,40,1000000,500000,1352,6.93333333e-5,2.70400000e-3,0.051250,0.062787,-8.657500,5,weakly_unstable,0,1,54.50
0.885700,0.985100,40,1000000,500000,10905,5.59230769e-4,2.18100000e-2,0.077500,0.028364,-30.082500,3,weakly_unstable,0,1,52.10
0.705700,0.966670,40,1000000,500000,19609,1.00558974e-3,3.92180000e-2,-0.025000,-0.029679,-158.547500,3,weakly_unstable,0,1,54.66
0.665700,0.968370,40,1000000,500000,27734,1.42225641e-3,5.54680000e-2,0.106250,0.031050,-148.212500,3,weakly_unstable,0,1,55.77
1.125700,0.985740,40,1000000,500000,1979,1.01487179e-4,3.95800000e-3,0.078750,0.078421,-20.880000,5,weakly_unstable,0,1,55.20
0.565700,0.977600,40,1000000,500000,-29737,-1.52497436e-3,-5.94740000e-2,0.315000,0.384109,-50.027500,1,stable,0,0,54.64
1.145700,0.991780,40,1000000,500000,1603,8.22051282e-5,3.20600000e-3,0.003750,0.001219,-5.640000,5,weakly_unstable,0,1,54.09
0.885700,0.986100,40,1000000,500000,11042,5.66256410e-4,2.20840000e-2,0.106250,0.098428,-16.272500,3,weakly_unstable,0,1,51.50
0.705700,0.967670,40,1000000,500000,21826,1.11928205e-3,4.36520000e-2,-0.015000,-0.054915,-126.100000,3,weakly_unstable,0,1,53.66
0.665700,0.969370,40,1000000,500000,28177,1.44497436e-3,5.63540000e-2,0.017500,0.053199,-152.007500,3,weakly_unstable,0,1,55.93
1.125700,0.986740,40,1000000,500000,2064,1.05846154e-4,4.12800000e-3,-0.073750,-0.096507,-29.260000,5,weakly_unstable,0,1,55.43
0.565700,0.978600,40,1000000,500000,-43871,-2.24979487e-3,-8.77420000e-2,0.241250,0.314515,-64.665000,1,stable,0,0,54.56
1.145700,0.992780,40,1000000,500000,1404,7.20000000e-5,2.80800000e-3,0.246250,0.226332,-10.625000,3,weakly_unstable,0,1,54.90
0.885700,0.987100,40,1000000,500000,11267,5.77794872e-4,2.25340000e-2,-0.071250,-0.082313,-11.515000,3,weakly_unstable,0,1,50.44
0.705700,0.968670,40,1000000,500000,26138,1.34041026e-3,5.22760000e-2,0.127500,0.070878,-108.837500,3,weakly_unstable,0,1,54.42
1.125700,0.987740,40,1000000,500000,1951,1.00051282e-4,3.90200000e-3,0.005000,0.021477,-16.122500,5,weakly_unstable,0,1,55.69
0.665700,0.970370,40,1000000,500000,25087,1.28651282e-3,5.01740000e-2,-0.113750,-0.008983,-140.960000,3,weakly_unstable,0,1,56.61
0.885700,0.988100,40,1000000,500000,9768,5.00923077e-4,1.95360000e-2,0.121250,0.109502,-9.315000,3,weakly_unstable,0,1,51.80
0.565700,0.979600,40,1000000,500000,-52091,-2.67133333e-3,-1.04182000e-1,0.462500,0.408373,-44.012500,1,chaotic,0,0,54.02
1.145700,0.993780,40,1000000,500000,1185,6.07692308e-5,2.37000000e-3,-0.148750,-0.149599,-3.277500,5,weakly_unstable,0,1,55.40
0.705700,0.969670,40,1000000,500000,19592,1.00471795e-3,3.91840000e-2,-0.041250,-0.072051,-114.575000,3,weakly_unstable,0,1,53.54
1.125700,0.988740,40,1000000,500000,2131,1.09282051e-4,4.26200000e-3,-0.002500,0.026359,-13.202500,5,weakly_unstable,0,1,55.54
0.665700,0.971370,40,1000000,500000,21951,1.12569231e-3,4.39020000e-2,0.067500,0.046043,-147.240000,3,weakly_unstable,0,1,56.82
0.885700,0.989100,40,1000000,500000,9105,4.66923077e-4,1.82100000e-2,0.086250,0.133670,-17.085000,3,weakly_unstable,0,1,51.91
0.565700,0.980600,40,1000000,500000,-59498,-3.05117949e-3,-1.18996000e-1,-0.026250,-0.011119,-50.245000,1,stable,0,0,53.46
1.145700,0.994780,40,1000000,500000,1209,6.20000000e-5,2.41800000e-3,0.035000,0.027479,-5.070000,5,weakly_unstable,0,1,54.75
0.705700,0.970670,40,1000000,500000,25563,1.31092308e-3,5.11260000e-2,0.121250,-0.060766,-131.115000,3,weakly_unstable,0,1,54.88
1.125700,0.989740,40,1000000,500000,1828,9.37435897e-5,3.65600000e-3,-0.081250,-0.067937,-7.572500,5,weakly_unstable,0,1,55.81
0.665700,0.972370,40,1000000,500000,18847,9.66512821e-4,3.76940000e-2,-0.221250,-0.119627,-133.962500,3,weakly_unstable,0,1,56.58
0.885700,0.990100,40,1000000,500000,8550,4.38461538e-4,1.71000000e-2,-0.092500,-0.104113,-19.572500,3,weakly_unstable,0,1,50.25
0.565700,0.981600,40,1000000,500000,-99688,-5.11220513e-3,-1.99376000e-1,0.018750,0.005351,-32.455000,1,stable,0,0,53.58
1.145700,0.995780,40,1000000,500000,1268,6.50256410e-5,2.53600000e-3,-0.400000,-0.409875,-4.042500,3,weakly_unstable,0,1,51.79
0.705700,0.971670,40,1000000,500000,22318,1.14451282e-3,4.46360000e-2,-0.020000,-0.054049,-111.987500,3,weakly_unstable,0,1,53.59
1.125700,0.990740,40,1000000,500000,1835,9.41025641e-5,3.67000000e-3,-0.055000,-0.037293,-17.572500,5,weakly_unstable,0,1,55.46
0.665700,0.973370,40,1000000,500000,19161,9.82615385e-4,3.83220000e-2,-0.228750,-0.214831,-122.640000,3,weakly_unstable,0,1,57.18
0.885700,0.991100,40,1000000,500000,8639,4.43025641e-4,1.72780000e-2,-0.105000,-0.074800,-18.010000,3,weakly_unstable,0,1,51.77
0.565700,1.000000,40,1000000,500000,-400120,-2.05189744e-2,-8.00240000e-1,0.017500,0.000663,-2.045000,1,stable,0,0,50.22
1.145700,0.996780,40,1000000,500000,1746,8.95384615e-5,3.49200000e-3,-0.320000,-0.345885,-2.897500,3,weakly_unstable,0,1,51.79
0.705700,0.972670,40,1000000,500000,21312,1.09292308e-3,4.26240000e-2,-0.048750,-0.071900,-110.747500,3,weakly_unstable,0,1,56.07
1.125700,0.991740,40,1000000,500000,1342,6.88205128e-5,2.68400000e-3,-0.041250,-0.065961,-18.550000,5,weakly_unstable,0,1,57.21
0.665700,0.974370,40,1000000,500000,18878,9.68102564e-4,3.77560000e-2,-0.145000,-0.185308,-118.082500,3,weakly_unstable,0,1,59.04
0.885700,0.992100,40,1000000,500000,7124,3.65333333e-4,1.42480000e-2,-0.005000,0.001188,-10.965000,3,weakly_unstable,0,1,52.85
1.145700,0.997780,40,1000000,500000,427,2.18974359e-5,8.54000000e-4,0.015000,0.000135,-1.997500,3,weakly_unstable,0,1,54.09
0.585700,0.939240,40,1000000,500000,32828,1.68348718e-3,6.56560000e-2,0.021250,-0.035450,-442.855000,3,weakly_unstable,0,1,62.03
0.705700,0.973670,40,1000000,500000,18992,9.73948718e-4,3.79840000e-2,-0.035000,-0.063793,-111.030000,3,weakly_unstable,0,1,55.88
1.125700,0.992740,40,1000000,500000,1203,6.16923077e-5,2.40600000e-3,-0.053750,-0.049464,-11.202500,5,weakly_unstable,0,1,57.38
0.665700,0.975370,40,1000000,500000,20682,1.06061538e-3,4.13640000e-2,-0.107500,-0.051648,-112.985000,3,weakly_unstable,0,1,57.64
0.885700,0.993100,40,1000000,500000,7928,4.06564103e-4,1.58560000e-2,-0.005000,-0.018812,-10.330000,3,weakly_unstable,0,1,52.58
1.145700,0.998780,40,1000000,500000,1721,8.82564103e-5,3.44200000e-3,-0.167500,-0.168799,-1.967500,3,weakly_unstable,0,1,52.58
0.585700,0.940240,40,1000000,500000,32815,1.68282051e-3,6.56300000e-2,-0.047500,0.065226,-471.700000,3,weakly_unstable,0,1,60.58
0.705700,0.974670,40,1000000,500000,18612,9.54461538e-4,3.72240000e-2,-0.063750,0.084075,-89.422500,3,weakly_unstable,0,1,55.10
1.125700,0.993740,40,1000000,500000,1314,6.73846154e-5,2.62800000e-3,-0.091250,-0.106876,-5.125000,5,weakly_unstable,0,1,56.09
0.885700,0.994100,40,1000000,500000,5241,2.68769231e-4,1.04820000e-2,0.060000,0.024001,-8.410000,3,weakly_unstable,0,1,51.14
0.665700,0.976370,40,1000000,500000,20484,1.05046154e-3,4.09680000e-2,0.000000,0.019595,-115.112500,3,weakly_unstable,0,1,56.87
1.145700,0.999780,40,1000000,500000,-1990,-1.02051282e-4,-3.98000000e-3,0.341250,0.307374,-1.930000,1,stable,0,0,46.68
0.585700,0.941240,40,1000000,500000,33388,1.71220513e-3,6.67760000e-2,0.113750,0.020841,-455.437500,3,weakly_unstable,0,1,59.88
0.705700,0.975670,40,1000000,500000,19320,9.90769231e-4,3.86400000e-2,-0.098750,-0.014230,-98.600000,3,weakly_unstable,0,1,55.35
1.125700,0.994740,40,1000000,500000,1881,9.64615385e-5,3.76200000e-3,-0.235000,-0.243581,-9.110000,3,weakly_unstable,0,1,53.35
1.145700,1.000000,40,1000000,500000,-741,-3.80000000e-5,-1.48200000e-3,0.000000,0.000256,-1.950000,1,stable,0,0,46.32
0.885700,0.995100,40,1000000,500000,6789,3.48153846e-4,1.35780000e-2,0.030000,-0.007641,-5.447500,3,weakly_unstable,0,1,52.09
0.665700,0.977370,40,1000000,500000,20276,1.03979487e-3,4.05520000e-2,0.127500,0.147266,-92.365000,3,weakly_unstable,0,1,57.08
0.585700,0.942240,40,1000000,500000,40589,2.08148718e-3,8.11780000e-2,0.050000,0.031753,-420.205000,3,weakly_unstable,0,1,60.44
0.705700,0.976670,40,1000000,500000,19273,9.88358974e-4,3.85460000e-2,0.106250,-0.043156,-97.137500,3,weakly_unstable,0,1,56.30
1.125700,0.995740,40,1000000,500000,1276,6.54358974e-5,2.55200000e-3,0.338750,0.350776,-3.102500,3,weakly_unstable,0,1,52.01
0.885700,0.996100,40,1000000,500000,4714,2.41743590e-4,9.42800000e-3,0.117500,0.077243,-4.870000,3,weakly_unstable,0,1,52.47
1.165700,0.969810,40,1000000,500000,1535,7.87179487e-5,3.07000000e-3,0.096250,0.087051,-114.705000,5,weakly_unstable,0,1,56.28
0.665700,0.978370,40,1000000,500000,15389,7.89179487e-4,3.07780000e-2,-0.126250,-0.001537,-96.140000,3,weakly_unstable,0,1,57.56
0.705700,0.977670,40,1000000,500000,18002,9.23179487e-4,3.60040000e-2,0.057500,0.030355,-92.900000,3,weakly_unstable,0,1,56.28
0.585700,0.943240,40,1000000,500000,33569,1.72148718e-3,6.71380000e-2,-0.038750,-0.144349,-428.162500,3,weakly_unstable,0,1,60.06
0.885700,0.997100,40,1000000,500000,10132,5.19589744e-4,2.02640000e-2,0.920000,0.909501,-6.267500,1,metastable,1,1,46.89
1.125700,0.996740,40,1000000,500000,1204,6.17435897e-5,2.40800000e-3,-0.003750,-0.005484,-3.142500,3,weakly_unstable,0,1,52.21
1.165700,0.970810,40,1000000,500000,758,3.88717949e-5,1.51600000e-3,0.021250,0.033764,-71.867500,5,weakly_unstable,0,1,55.73
0.665700,0.979370,40,1000000,500000,17922,9.19076923e-4,3.58440000e-2,-0.035000,0.099357,-87.607500,3,weakly_unstable,0,1,57.03
0.885700,0.998100,40,1000000,500000,-2345,-1.20256410e-4,-4.69000000e-3,0.851250,0.856026,-4.505000,1,chaotic,0,0,46.36
0.705700,0.978670,40,1000000,500000,16283,8.35025641e-4,3.25660000e-2,0.013750,0.071189,-83.422500,3,weakly_unstable,0,1,54.72
1.125700,0.997740,40,1000000,500000,396,2.03076923e-5,7.92000000e-4,-0.031250,-0.037014,-1.332500,3,weakly_unstable,0,1,52.39
0.585700,0.944240,40,1000000,500000,34735,1.78128205e-3,6.94700000e-2,0.006250,-0.012294,-409.702500,3,weakly_unstable,0,1,59.85
1.165700,0.971810,40,1000000,500000,1700,8.71794872e-5,3.40000000e-3,0.016250,0.007021,-77.245000,5,weakly_unstable,0,1,55.93
0.665700,0.980370,40,1000000,500000,11934,6.12000000e-4,2.38680000e-2,0.150000,0.065958,-90.062500,3,weakly_unstable,0,1,56.60
0.885700,0.999100,40,1000000,500000,-17996,-9.22871795e-4,-3.59920000e-2,0.073750,0.111603,-1.955000,1,stable,0,0,46.03
0.705700,0.979670,40,1000000,500000,12815,6.57179487e-4,2.56300000e-2,-0.013750,-0.015886,-74.022500,3,weakly_unstable,0,1,54.95
1.125700,0.998740,40,1000000,500000,1503,7.70769231e-5,3.00600000e-3,-0.016250,-0.017305,-2.017500,3,weakly_unstable,0,1,52.50
0.585700,0.945240,40,1000000,500000,24187,1.24035897e-3,4.83740000e-2,0.176250,0.008869,-408.570000,3,weakly_unstable,0,1,60.32
1.165700,0.972810,40,1000000,500000,1399,7.17435897e-5,2.79800000e-3,-0.037500,-0.018376,-73.695000,5,weakly_unstable,0,1,55.11
0.665700,0.981370,40,1000000,500000,13027,6.68051282e-4,2.60540000e-2,0.240000,0.057224,-79.202500,3,weakly_unstable,0,1,56.46
0.885700,1.000000,40,1000000,500000,-27443,-1.40733333e-3,-5.48860000e-2,0.031250,0.025640,-1.925000,1,stable,0,0,46.93
1.125700,0.999740,40,1000000,500000,-4465,-2.28974359e-4,-8.93000000e-3,-0.017500,-0.018416,-1.937500,1,stable,0,0,46.96
0.705700,0.980670,40,1000000,500000,17457,8.95230769e-4,3.49140000e-2,0.076250,0.127795,-67.532500,3,weakly_unstable,0,1,54.75
1.165700,0.973810,40,1000000,500000,1500,7.69230769e-5,3.00000000e-3,-0.001250,-0.008246,-73.335000,5,weakly_unstable,0,1,55.57
0.585700,0.946240,40,1000000,500000,27036,1.38646154e-3,5.40720000e-2,0.162500,0.143853,-410.760000,3,weakly_unstable,0,1,60.39
0.905700,0.968400,40,1000000,500000,8182,4.19589744e-4,1.63640000e-2,-0.072500,-0.087298,-102.025000,3,weakly_unstable,0,1,51.86
0.665700,0.982370,40,1000000,500000,8435,4.32564103e-4,1.68700000e-2,0.207500,0.223292,-69.782500,3,weakly_unstable,0,1,57.79
1.125700,1.000000,40,1000000,500000,-2430,-1.24615385e-4,-4.86000000e-3,0.000000,-0.000492,-1.950000,1,stable,0,0,46.32
0.705700,0.981670,40,1000000,500000,14612,7.49333333e-4,2.92240000e-2,0.108750,-0.049847,-65.572500,3,weakly_unstable,0,1,55.26
1.165700,0.974810,40,1000000,500000,1242,6.36923077e-5,2.48400000e-3,0.228750,0.192492,-65.075000,5,weakly_unstable,0,1,55.72
0.585700,0.947240,40,1000000,500000,27730,1.42205128e-3,5.54600000e-2,-0.027500,0.027027,-364.190000,3,weakly_unstable,0,1,60.49
0.905700,0.969400,40,1000000,500000,8454,4.33538462e-4,1.69080000e-2,0.077500,0.041493,-92.057500,3,weakly_unstable,0,1,53.62
0.665700,0.983370,40,1000000,500000,12138,6.22461538e-4,2.42760000e-2,-0.201250,-0.132256,-69.852500,3,weakly_unstable,0,1,57.27
1.145700,0.969780,40,1000000,500000,781,4.00512821e-5,1.56200000e-3,0.248750,0.205991,-68.005000,5,weakly_unstable,0,1,56.54
0.705700,0.982670,40,1000000,500000,14146,7.25435897e-4,2.82920000e-2,-0.076250,-0.080455,-63.402500,3,weakly_unstable,0,1,56.18
1.165700,0.975810,40,1000000,500000,1620,8.30769231e-5,3.24000000e-3,0.007500,0.013592,-41.120000,5,weakly_unstable,0,1,55.97
0.905700,0.970400,40,1000000,500000,9415,4.82820513e-4,1.88300000e-2,-0.013750,-0.026047,-112.915000,3,weakly_unstable,0,1,52.29
0.585700,0.948240,40,1000000,500000,37522,1.92420513e-3,7.50440000e-2,0.057500,0.034588,-385.447500,3,weakly_unstable,0,1,61.16
0.665700,0.984370,40,1000000,500000,36956,1.89517949e-3,7.39120000e-2,0.882500,0.868126,-52.817500,1,metastable,1,1,51.92
1.145700,0.970780,40,1000000,500000,1551,7.95384615e-5,3.10200000e-3,-0.040000,-0.033025,-52.267500,5,weakly_unstable,0,1,56.50
0.705700,0.983670,40,1000000,500000,9126,4.68000000e-4,1.82520000e-2,-0.066250,-0.184074,-59.247500,3,weakly_unstable,0,1,55.42
1.165700,0.976810,40,1000000,500000,646,3.31282051e-5,1.29200000e-3,-0.216250,-0.175628,-55.457500,5,weakly_unstable,0,1,55.86
0.905700,0.971400,40,1000000,500000,8997,4.61384615e-4,1.79940000e-2,0.072500,0.076515,-85.057500,3,weakly_unstable,0,1,52.17
0.665700,0.985370,40,1000000,500000,43596,2.23569231e-3,8.71920000e-2,0.868750,0.872043,-53.502500,1,metastable,1,1,51.64
0.585700,0.949240,40,1000000,500000,33336,1.70953846e-3,6.66720000e-2,-0.161250,-0.183449,-361.695000,3,weakly_unstable,0,1,60.73
0.665700,0.997370,40,1000000,500000,-135111,-6.92876923e-3,-2.70222000e-1,-0.002500,-0.025121,-3.377500,1,stable,0,0,49.55
0.705700,0.984670,40,1000000,500000,14237,7.30102564e-4,2.84740000e-2,-0.178750,-0.213089,-53.420000,3,weakly_unstable,0,1,56.08
1.165700,0.977810,40,1000000,500000,1218,6.24615385e-5,2.43600000e-3,0.026250,0.025609,-66.972500,5,weakly_unstable,0,1,56.22
0.905700,0.972400,40,1000000,500000,10167,5.21384615e-4,2.03340000e-2,-0.008750,0.027280,-68.375000,3,weakly_unstable,0,1,53.00
0.665700,0.986370,40,1000000,500000,19417,9.95743590e-4,3.88340000e-2,-0.847500,-0.857561,-33.737500,1,metastable,1,1,51.84
0.665700,0.998370,40,1000000,500000,-147272,-7.55241026e-3,-2.94544000e-1,-0.007500,-0.030834,-2.110000,1,stable,0,0,49.99
1.165700,0.986810,40,1000000,500000,1429,7.32820513e-5,2.85800000e-3,-0.046250,-0.059534,-18.882500,5,weakly_unstable,0,1,55.55
0.705700,0.985670,40,1000000,500000,11597,5.94717949e-4,2.31940000e-2,-0.073750,-0.009069,-41.377500,3,weakly_unstable,0,1,56.27
0.905700,0.973400,40,1000000,500000,9642,4.94461538e-4,1.92840000e-2,-0.063750,-0.047175,-78.772500,3,weakly_unstable,0,1,53.91
0.665700,0.987370,40,1000000,500000,15411,7.90307692e-4,3.08220000e-2,0.851250,0.847935,-31.715000,1,metastable,1,1,52.13
1.165700,0.978810,40,1000000,500000,1463,7.50256410e-5,2.92600000e-3,-0.045000,-0.045068,-30.110000,5,weakly_unstable,0,1,57.08
0.665700,0.999370,40,1000000,500000,-164396,-8.43056410e-3,-3.28792000e-1,0.088750,0.060505,-2.017500,1,stable,0,0,50.30
1.165700,0.987810,40,1000000,500000,1037,5.31794872e-5,2.07400000e-3,0.005000,-0.010398,-20.065000,5,weakly_unstable,0,1,56.42
0.705700,0.986670,40,1000000,500000,11950,6.12820513e-4,2.39000000e-2,-0.288750,-0.233355,-50.105000,3,weakly_unstable,0,1,56.05
0.905700,0.974400,40,1000000,500000,8831,4.52871795e-4,1.76620000e-2,0.107500,0.059224,-72.367500,3,weakly_unstable,0,1,53.15
0.665700,0.988370,40,1000000,500000,7983,4.09384615e-4,1.59660000e-2,0.773750,0.764421,-17.102500,1,metastable,1,1,52.24
0.665700,1.000000,40,1000000,500000,-174250,-8.93589744e-3,-3.48500000e-1,-0.001250,0.006017,-1.950000,1,stable,0,0,49.66
1.165700,0.979810,40,1000000,500000,1074,5.50769231e-5,2.14800000e-3,-0.023750,-0.029840,-48.362500,5,weakly_unstable,0,1,56.25
1.165700,0.988810,40,1000000,500000,1141,5.85128205e-5,2.28200000e-3,-0.016250,-0.024331,-13.597500,5,weakly_unstable,0,1,56.75
0.705700,0.987670,40,1000000,500000,6270,3.21538462e-4,1.25400000e-2,0.020000,-0.088503,-50.130000,3,weakly_unstable,0,1,55.99
0.665700,0.989370,40,1000000,500000,-7758,-3.97846154e-4,-1.55160000e-2,-0.816250,-0.806560,-22.142500,1,chaotic,0,0,51.01
0.905700,0.975400,40,1000000,500000,10035,5.14615385e-4,2.00700000e-2,-0.053750,-0.033232,-68.585000,3,weakly_unstable,0,1,53.04
0.685700,0.958740,40,1000000,500000,27560,1.41333333e-3,5.51200000e-2,0.003750,-0.014190,-176.390000,3,weakly_unstable,0,1,55.78
1.165700,0.980810,40,1000000,500000,1340,6.87179487e-5,2.68000000e-3,-0.180000,-0.162786,-32.897500,5,weakly_unstable,0,1,55.61
1.165700,0.989810,40,1000000,500000,1008,5.16923077e-5,2.01600000e-3,0.053750,0.044174,-17.552500,5,weakly_unstable,0,1,54.73
0.705700,0.988670,40,1000000,500000,6675,3.42307692e-4,1.33500000e-2,-0.160000,0.025093,-29.772500,3,weakly_unstable,0,1,55.40
0.665700,0.990370,40,1000000,500000,2911,1.49282051e-4,5.82200000e-3,0.031250,-0.096312,-15.062500,1,weakly_unstable,0,1,50.29
0.905700,0.976400,40,1000000,500000,9782,5.01641026e-4,1.95640000e-2,0.201250,0.158198,-55.470000,3,weakly_unstable,0,1,51.93
0.685700,0.959740,40,1000000,500000,25291,1.29697436e-3,5.05820000e-2,0.048750,0.057236,-202.162500,3,weakly_unstable,0,1,55.79
1.165700,0.981810,40,1000000,500000,1074,5.50769231e-5,2.14800000e-3,-0.036250,-0.031431,-31.512500,5,weakly_unstable,0,1,54.87
1.165700,0.990810,40,1000000,500000,1341,6.87692308e-5,2.68200000e-3,0.067500,0.076904,-6.522500,5,weakly_unstable,0,1,54.95
0.705700,0.989670,40,1000000,500000,30621,1.57030769e-3,6.12420000e-2,0.861250,0.858385,-21.162500,1,metastable,1,1,49.46
0.665700,0.991370,40,1000000,500000,-40016,-2.05210256e-3,-8.00320000e-2,-0.505000,-0.375534,-15.020000,1,stable,0,0,50.68
0.905700,0.977400,40,1000000,500000,10307,5.28564103e-4,2.06140000e-2,-0.010000,-0.010088,-49.535000,3,weakly_unstable,0,1,51.15
0.685700,0.960740,40,1000000,500000,25989,1.33276923e-3,5.19780000e-2,0.050000,0.066377,-208.882500,3,weakly_unstable,0,1,55.52
1.165700,0.982810,40,1000000,500000,1405,7.20512821e-5,2.81000000e-3,-0.083750,-0.048375,-17.462500,5,weakly_unstable,0,1,54.71
1.165700,0.991810,40,1000000,500000,1198,6.14358974e-5,2.39600000e-3,0.003750,0.003614,-3.010000,5,weakly_unstable,0,1,54.47
0.705700,0.990670,40,1000000,500000,25455,1.30538462e-3,5.09100000e-2,0.847500,0.851381,-22.295000,1,metastable,1,1,50.70
0.665700,0.992370,40,1000000,500000,-43178,-2.21425641e-3,-8.63560000e-2,0.170000,0.160181,-6.955000,1,stable,0,0,50.09
0.905700,0.978400,40,1000000,500000,9714,4.98153846e-4,1.94280000e-2,-0.092500,-0.065139,-60.150000,3,weakly_unstable,0,1,51.08
0.685700,0.961740,40,1000000,500000,21962,1.12625641e-3,4.39240000e-2,-0.086250,-0.029989,-192.087500,3,weakly_unstable,0,1,54.88
1.165700,0.983810,40,1000000,500000,1959,1.00461538e-4,3.91800000e-3,0.020000,0.019175,-24.245000,5,weakly_unstable,0,1,54.62
1.165700,0.992810,40,1000000,500000,1052,5.39487179e-5,2.10400000e-3,0.007500,0.000508,-9.285000,5,weakly_unstable,0,1,54.98
0.705700,0.991670,40,1000000,500000,17277,8.86000000e-4,3.45540000e-2,0.770000,0.715522,-8.375000,1,metastable,1,1,48.75
0.665700,0.993370,40,1000000,500000,-70412,-3.61087179e-3,-1.40824000e-1,-0.230000,-0.218186,-9.637500,1,stable,0,0,49.31
0.905700,0.979400,40,1000000,500000,10767,5.52153846e-4,2.15340000e-2,0.006250,-0.016360,-45.910000,3,weakly_unstable,0,1,50.78
0.685700,0.962740,40,1000000,500000,25166,1.29056410e-3,5.03320000e-2,-0.015000,-0.047446,-180.682500,3,weakly_unstable,0,1,55.58
1.165700,0.984810,40,1000000,500000,1370,7.02564103e-5,2.74000000e-3,0.080000,0.089635,-6.547500,5,weakly_unstable,0,1,54.94
0.705700,0.992670,40,1000000,500000,-11682,-5.99076923e-4,-2.33640000e-2,-0.831250,-0.835325,-12.380000,1,chaotic,0,0,48.66
1.165700,0.993810,40,1000000,500000,1011,5.18461538e-5,2.02200000e-3,0.061250,0.087249,-6.042500,5,weakly_unstable,0,1,54.60
0.665700,0.994370,40,1000000,500000,-65756,-3.37210256e-3,-1.31512000e-1,0.171250,0.153913,-1.305000,1,stable,0,0,49.31
0.905700,0.980400,40,1000000,500000,8472,4.34461538e-4,1.69440000e-2,0.000000,0.036398,-36.190000,3,weakly_unstable,0,1,52.01
1.165700,0.985810,40,1000000,500000,1322,6.77948718e-5,2.64400000e-3,0.060000,0.061078,-22.327500,5,weakly_unstable,0,1,54.00
0.685700,0.963740,40,1000000,500000,25732,1.31958974e-3,5.14640000e-2,0.047500,0.104308,-164.190000,3,weakly_unstable,0,1,55.16
0.705700,0.993670,40,1000000,500000,-18759,-9.62000000e-4,-3.75180000e-2,0.380000,0.388285,-9.042500,1,stable,0,0,48.38
1.165700,0.994810,40,1000000,500000,1047,5.36923077e-5,2.09400000e-3,-0.055000,-0.045494,-6.215000,5,weakly_unstable,0,1,54.57
0.665700,0.995370,40,1000000,500000,-95414,-4.89302564e-3,-1.90828000e-1,-0.171250,-0.177272,-8.712500,1,stable,0,0,49.29
0.905700,0.981400,40,1000000,500000,9786,5.01846154e-4,1.95720000e-2,-0.022500,0.012394,-44.055000,3,weakly_unstable,0,1,51.03
0.725700,0.968250,40,1000000,500000,20710,1.06205128e-3,4.14200000e-2,0.142500,0.140862,-113.947500,3,weakly_unstable,0,1,54.45
0.705700,0.994670,40,1000000,500000,-43923,-2.25246154e-3,-8.78460000e-2,-0.178750,-0.176143,-4.867500,1,stable,0,0,47.86
0.685700,0.964740,40,1000000,500000,27431,1.40671795e-3,5.48620000e-2,0.020000,-0.071716,-170.025000,3,weakly_unstable,0,1,56.37
0.665700,0.996370,40,1000000,500000,-112870,-5.78820513e-3,-2.25740000e-1,-0.033750,-0.024109,-2.552500,1,stable,0,0,49.51
1.165700,0.995810,40,1000000,500000,1113,5.70769231e-5,2.22600000e-3,0.086250,0.080275,-2.947500,5,weakly_unstable,0,1,54.85
0.905700,0.982400,40,1000000,500000,8927,4.57794872e-4,1.78540000e-2,-0.031250,-0.007936,-25.695000,3,weakly_unstable,0,1,55.30
0.705700,0.995670,40,1000000,500000,-43255,-2.21820513e-3,-8.65100000e-2,-0.365000,-0.326870,-3.772500,1,stable,0,0,49.00
0.725700,0.969250,40,1000000,500000,20918,1.07271795e-3,4.18360000e-2,0.197500,0.035192,-117.172500,3,weakly_unstable,0,1,53.85
0.685700,0.965740,40,1000000,500000,23808,1.22092308e-3,4.76160000e-2,-0.052500,0.003521,-162.965000,3,weakly_unstable,0,1,56.94
0.725700,0.962250,40,1000000,500000,22865,1.17256410e-3,4.57300000e-2,0.047500,0.010617,-150.000000,3,weakly_unstable,0,1,53.44
1.165700,0.996810,40,1000000,500000,246,1.26153846e-5,4.92000000e-4,-0.218750,-0.211304,-2.057500,3,weakly_unstable,0,1,51.52
0.905700,0.983400,40,1000000,500000,9113,4.67333333e-4,1.82260000e-2,0.012500,0.000003,-20.355000,3,weakly_unstable,0,1,47.57
0.705700,0.996670,40,1000000,500000,-66637,-3.41728205e-3,-1.33274000e-1,-0.170000,-0.147600,-9.427500,1,stable,0,0,39.19
0.725700,0.970250,40,1000000,500000,25233,1.29400000e-3,5.04660000e-2,-0.062500,0.016885,-137.767500,3,weakly_unstable,0,1,43.77
0.685700,0.966740,40,1000000,500000,21907,1.12343590e-3,4.38140000e-2,-0.002500,-0.022573,-161.895000,3,weakly_unstable,0,1,43.09
0.725700,0.963250,40,1000000,500000,21928,1.12451282e-3,4.38560000e-2,-0.018750,-0.001240,-136.877500,3,weakly_unstable,0,1,41.74
1.165700,0.997810,40,1000000,500000,1340,6.87179487e-5,2.68000000e-3,0.002500,0.006683,-1.910000,3,weakly_unstable,0,1,40.13
0.905700,0.984400,40,1000000,500000,9335,4.78717949e-4,1.86700000e-2,-0.001250,0.011706,-38.922500,3,weakly_unstable,0,1,40.78
0.705700,0.997670,40,1000000,500000,-84106,-4.31312821e-3,-1.68212000e-1,-0.228750,-0.167618,-2.252500,1,stable,0,0,36.74
0.725700,0.971250,40,1000000,500000,21417,1.09830769e-3,4.28340000e-2,-0.112500,-0.063050,-100.780000,3,weakly_unstable,0,1,42.41
0.685700,0.967740,40,1000000,500000,25749,1.32046154e-3,5.14980000e-2,0.243750,0.061006,-133.085000,3,weakly_unstable,0,1,42.99
1.165700,0.998810,40,1000000,500000,1839,9.43076923e-5,3.67800000e-3,0.142500,0.225061,-1.875000,3,weakly_unstable,0,1,39.78
0.725700,0.964250,40,1000000,500000,20902,1.07189744e-3,4.18040000e-2,0.057500,0.067746,-139.825000,3,weakly_unstable,0,1,42.34
0.905700,0.985400,40,1000000,500000,8531,4.37487179e-4,1.70620000e-2,-0.040000,-0.003097,-23.885000,3,weakly_unstable,0,1,40.17
0.705700,0.998670,40,1000000,500000,-106830,-5.47846154e-3,-2.13660000e-1,-0.072500,-0.030348,-2.172500,1,stable,0,0,36.75
0.725700,0.972250,40,1000000,500000,23780,1.21948718e-3,4.75600000e-2,0.108750,0.042193,-119.112500,3,weakly_unstable,0,1,41.59
1.165700,0.999810,40,1000000,500000,-880,-4.51282051e-5,-1.76000000e-3,0.781250,0.702790,-1.947500,1,chaotic,0,0,35.93
0.685700,0.968740,40,1000000,500000,24649,1.26405128e-3,4.92980000e-2,0.105000,0.162453,-157.775000,3,weakly_unstable,0,1,43.52
0.725700,0.965250,40,1000000,500000,21044,1.07917949e-3,4.20880000e-2,0.165000,0.106092,-137.785000,3,weakly_unstable,0,1,42.85
0.905700,0.986400,40,1000000,500000,9513,4.87846154e-4,1.90260000e-2,0.061250,0.084042,-21.515000,3,weakly_unstable,0,1,41.30
0.705700,0.999670,40,1000000,500000,-120297,-6.16907692e-3,-2.40594000e-1,-0.045000,-0.017089,-1.960000,1,stable,0,0,37.41
1.165700,1.000000,40,1000000,500000,-585,-3.00000000e-5,-1.17000000e-3,0.000000,-0.000098,-1.950000,1,stable,0,0,35.66
0.725700,0.973250,40,1000000,500000,19857,1.01830769e-3,3.97140000e-2,0.111250,0.026223,-109.200000,3,weakly_unstable,0,1,42.98
0.685700,0.969740,40,1000000,500000,21052,1.07958974e-3,4.21040000e-2,-0.053750,-0.028818,-129.637500,3,weakly_unstable,0,1,43.50
0.725700,0.966250,40,1000000,500000,22266,1.14184615e-3,4.45320000e-2,-0.138750,-0.052572,-128.405000,3,weakly_unstable,0,1,43.68
0.705700,1.000000,40,1000000,500000,-128026,-6.56543590e-3,-2.56052000e-1,0.007500,0.003970,-1.927500,1,stable,0,0,36.13
0.905700,0.987400,40,1000000,500000,7976,4.09025641e-4,1.59520000e-2,-0.095000,-0.070921,-26.382500,3,weakly_unstable,0,1,41.10
1.185700,0.969840,40,1000000,500000,1454,7.45641026e-5,2.90800000e-3,0.006250,0.001596,-86.330000,5,weakly_unstable,0,1,42.36
0.725700,0.974250,40,1000000,500000,22412,1.14933333e-3,4.48240000e-2,-0.018750,0.101854,-87.855000,3,weakly_unstable,0,1,41.45
0.725700,0.991250,40,1000000,500000,13915,7.13589744e-4,2.78300000e-2,-0.893750,-0.877162,-16.575000,1,metastable,1,1,38.10
0.685700,0.970740,40,1000000,500000,18679,9.57897436e-4,3.73580000e-2,-0.066250,0.029390,-118.385000,3,weakly_unstable,0,1,43.27
0.725700,0.967250,40,1000000,500000,23334,1.19661538e-3,4.66680000e-2,-0.060000,-0.008956,-150.787500,3,weakly_unstable,0,1,42.93
0.905700,0.988400,40,1000000,500000,7924,4.06358974e-4,1.58480000e-2,-0.013750,-0.023407,-26.035000,3,weakly_unstable,0,1,40.79
1.185700,0.970840,40,1000000,500000,1157,5.93333333e-5,2.31400000e-3,0.011250,0.016975,-69.392500,5,weakly_unstable,0,1,44.54
0.725700,0.975250,40,1000000,500000,18474,9.47384615e-4,3.69480000e-2,-0.263750,-0.086314,-96.357500,3,weakly_unstable,0,1,41.90
0.725700,0.992250,40,1000000,500000,15172,7.78051282e-4,3.03440000e-2,0.852500,0.857188,-12.880000,1,metastable,1,1,37.35
0.905700,0.989400,40,1000000,500000,8947,4.58820513e-4,1.78940000e-2,-0.062500,-0.068837,-27.392500,3,weakly_unstable,0,1,40.63
0.685700,0.971740,40,1000000,500000,22599,1.15892308e-3,4.51980000e-2,-0.086250,-0.101493,-122.727500,3,weakly_unstable,0,1,43.42
1.185700,0.977840,40,1000000,500000,1260,6.46153846e-5,2.52000000e-3,0.017500,0.005288,-46.840000,5,weakly_unstable,0,1,43.82
1.185700,0.971840,40,1000000,500000,1176,6.03076923e-5,2.35200000e-3,0.083750,0.111167,-73.600000,5,weakly_unstable,0,1,46.86
0.725700,0.976250,40,1000000,500000,17552,9.00102564e-4,3.51040000e-2,0.112500,0.070485,-80.632500,3,weakly_unstable,0,1,44.85
0.725700,0.993250,40,1000000,500000,7300,3.74358974e-4,1.46000000e-2,0.638750,0.519801,-7.580000,1,metastable,1,1,40.95
0.685700,0.972740,40,1000000,500000,20783,1.06579487e-3,4.15660000e-2,0.026250,0.021299,-117.630000,3,weakly_unstable,0,1,46.17
1.185700,0.978840,40,1000000,500000,1025,5.25641026e-5,2.05000000e-3,-0.120000,-0.102633,-43.460000,5,weakly_unstable,0,1,44.26
0.905700,0.990400,40,1000000,500000,7390,3.78974359e-4,1.47800000e-2,0.158750,0.134559,-17.067500,3,weakly_unstable,0,1,47.03
0.725700,0.994250,40,1000000,500000,-7779,-3.98923077e-4,-1.55580000e-2,0.622500,0.440105,-8.200000,1,chaotic,0,0,36.90
0.725700,0.977250,40,1000000,500000,20221,1.03697436e-3,4.04420000e-2,0.113750,0.071823,-77.542500,3,weakly_unstable,0,1,42.33
1.185700,0.972840,40,1000000,500000,1173,6.01538462e-5,2.34600000e-3,0.058750,0.022342,-83.145000,5,weakly_unstable,0,1,43.21
0.905700,0.991400,40,1000000,500000,8620,4.42051282e-4,1.72400000e-2,-0.081250,-0.093127,-7.752500,3,weakly_unstable,0,1,40.04
1.185700,0.979840,40,1000000,500000,622,3.18974359e-5,1.24400000e-3,0.012500,0.026240,-20.305000,5,weakly_unstable,0,1,42.82
0.685700,0.973740,40,1000000,500000,20516,1.05210256e-3,4.10320000e-2,-0.041250,-0.017436,-117.402500,3,weakly_unstable,0,1,43.79
0.725700,0.995250,40,1000000,500000,-16964,-8.69948718e-4,-3.39280000e-2,0.291250,0.166357,-5.342500,1,stable,0,0,37.65
0.725700,0.978250,40,1000000,500000,17847,9.15230769e-4,3.56940000e-2,0.062500,-0.017776,-61.457500,3,weakly_unstable,0,1,42.90
1.185700,0.973840,40,1000000,500000,922,4.72820513e-5,1.84400000e-3,0.156250,0.127280,-72.195000,5,weakly_unstable,0,1,43.56
0.905700,0.992400,40,1000000,500000,6544,3.35589744e-4,1.30880000e-2,-0.021250,-0.041303,-8.922500,3,weakly_unstable,0,1,41.29
1.185700,0.980840,40,1000000,500000,825,4.23076923e-5,1.65000000e-3,-0.145000,-0.145139,-25.447500,5,weakly_unstable,0,1,44.12
0.685700,0.974740,40,1000000,500000,21138,1.08400000e-3,4.22760000e-2,0.013750,0.058069,-107.165000,3,weakly_unstable,0,1,44.63
0.725700,0.996250,40,1000000,500000,-37412,-1.91856410e-3,-7.48240000e-2,0.292500,0.259378,-4.250000,1,stable,0,0,38.25
0.725700,0.979250,40,1000000,500000,21201,1.08723077e-3,4.24020000e-2,0.096250,0.056417,-72.040000,3,weakly_unstable,0,1,42.78
1.185700,0.974840,40,1000000,500000,1279,6.55897436e-5,2.55800000e-3,-0.101250,-0.093635,-47.922500,5,weakly_unstable,0,1,43.11
0.905700,0.993400,40,1000000,500000,7609,3.90205128e-4,1.52180000e-2,-0.143750,-0.147830,-8.030000,3,weakly_unstable,0,1,39.80
1.185700,0.981840,40,1000000,500000,1166,5.97948718e-5,2.33200000e-3,0.047500,0.032958,-39.185000,5,weakly_unstable,0,1,42.98
0.685700,0.975740,40,1000000,500000,19442,9.97025641e-4,3.88840000e-2,0.026250,0.032392,-97.947500,3,weakly_unstable,0,1,43.39
0.725700,0.997250,40,1000000,500000,-55024,-2.82174359e-3,-1.10048000e-1,-0.302500,-0.286354,-4.675000,1,stable,0,0,37.12
0.725700,0.980250,40,1000000,500000,16503,8.46307692e-4,3.30060000e-2,-0.257500,-0.166225,-73.567500,3,weakly_unstable,0,1,41.78
1.185700,0.975840,40,1000000,500000,779,3.99487179e-5,1.55800000e-3,0.165000,0.153194,-60.062500,5,weakly_unstable,0,1,43.10
0.905700,0.994400,40,1000000,500000,6925,3.55128205e-4,1.38500000e-2,-0.161250,-0.142147,-3.972500,3,weakly_unstable,0,1,43.14
1.185700,0.982840,40,1000000,500000,1119,5.73846154e-5,2.23800000e-3,-0.008750,-0.000974,-24.377500,5,weakly_unstable,0,1,42.99
0.725700,0.998250,40,1000000,500000,-80470,-4.12666667e-3,-1.60940000e-1,-0.001250,-0.016290,-2.187500,1,stable,0,0,36.45
0.685700,0.976740,40,1000000,500000,17260,8.85128205e-4,3.45200000e-2,-0.025000,-0.074998,-108.490000,3,weakly_unstable,0,1,43.22
0.725700,0.981250,40,1000000,500000,15491,7.94410256e-4,3.09820000e-2,0.092500,0.035116,-60.690000,3,weakly_unstable,0,1,41.97
1.185700,0.976840,40,1000000,500000,1002,5.13846154e-5,2.00400000e-3,-0.158750,-0.114231,-49.847500,5,weakly_unstable,0,1,43.09
0.905700,0.995400,40,1000000,500000,4638,2.37846154e-4,9.27600000e-3,-0.071250,-0.130812,-4.065000,3,weakly_unstable,0,1,39.64
0.725700,0.999250,40,1000000,500000,-91294,-4.68174359e-3,-1.82588000e-1,0.100000,0.068237,-3.050000,1,stable,0,0,36.25
1.185700,0.983840,40,1000000,500000,950,4.87179487e-5,1.90000000e-3,-0.007500,-0.009802,-54.610000,5,weakly_unstable,0,1,42.78
0.685700,0.977740,40,1000000,500000,16991,8.71333333e-4,3.39820000e-2,0.003750,-0.062533,-94.450000,3,weakly_unstable,0,1,43.15
0.725700,0.982250,40,1000000,500000,13854,7.10461538e-4,2.77080000e-2,0.135000,0.039602,-56.747500,3,weakly_unstable,0,1,42.35
0.745700,0.965540,40,1000000,500000,23108,1.18502564e-3,4.62160000e-2,-0.007500,-0.030011,-188.662500,3,weakly_unstable,0,1,41.42
0.905700,0.996400,40,1000000,500000,6643,3.40666667e-4,1.32860000e-2,0.335000,0.385392,-6.920000,3,weakly_unstable,0,1,39.59
0.725700,1.000000,40,1000000,500000,-109813,-5.63143590e-3,-2.19626000e-1,0.028750,-0.033204,-1.932500,1,stable,0,0,36.40
1.185700,0.984840,40,1000000,500000,1023,5.24615385e-5,2.04600000e-3,0.053750,0.047272,-21.122500,5,weakly_unstable,0,1,42.37
0.685700,0.978740,40,1000000,500000,16344,8.38153846e-4,3.26880000e-2,0.101250,0.134269,-89.112500,3,weakly_unstable,0,1,43.66
0.905700,0.997400,40,1000000,500000,8802,4.51384615e-4,1.76040000e-2,0.932500,0.921881,-3.215000,1,metastable,1,1,36.21
0.725700,0.983250,40,1000000,500000,15207,7.79846154e-4,3.04140000e-2,0.131250,0.192467,-52.162500,3,weakly_unstable,0,1,42.66
0.745700,0.966540,40,1000000,500000,20644,1.05866667e-3,4.12880000e-2,-0.047500,-0.079148,-149.710000,3,weakly_unstable,0,1,42.19
0.745700,0.963540,40,1000000,500000,22102,1.13343590e-3,4.42040000e-2,-0.067500,-0.120774,-146.090000,3,weakly_unstable,0,1,41.56
1.185700,0.985840,40,1000000,500000,671,3.44102564e-5,1.34200000e-3,0.172500,0.160079,-28.765000,5,weakly_unstable,0,1,43.02
0.685700,0.979740,40,1000000,500000,13173,6.75538462e-4,2.63460000e-2,-0.030000,-0.060514,-93.322500,3,weakly_unstable,0,1,43.70
0.905700,0.998400,40,1000000,500000,-6904,-3.54051282e-4,-1.38080000e-2,-0.887500,-0.885279,-2.582500,1,chaotic,0,0,35.57
0.725700,0.984250,40,1000000,500000,17166,8.80307692e-4,3.43320000e-2,-0.048750,0.003642,-44.110000,3,weakly_unstable,0,1,42.68
0.745700,0.967540,40,1000000,500000,23503,1.20528205e-3,4.70060000e-2,-0.151250,-0.107188,-140.575000,3,weakly_unstable,0,1,41.64
0.745700,0.964540,40,1000000,500000,21444,1.09969231e-3,4.28880000e-2,-0.125000,-0.051747,-119.002500,3,weakly_unstable,0,1,41.80
1.185700,0.986840,40,1000000,500000,743,3.81025641e-5,1.48600000e-3,-0.310000,-0.268319,-26.290000,5,weakly_unstable,0,1,43.65
0.685700,0.980740,40,1000000,500000,16410,8.41538462e-4,3.28200000e-2,-0.080000,-0.029125,-74.495000,3,weakly_unstable,0,1,44.09
0.905700,0.999400,40,1000000,500000,-12450,-6.38461538e-4,-2.49000000e-2,0.177500,0.161935,-1.932500,1,stable,0,0,36.61
0.725700,0.985250,40,1000000,500000,13010,6.67179487e-4,2.60200000e-2,0.032500,-0.022761,-46.250000,3,weakly_unstable,0,1,43.26
0.745700,0.968540,40,1000000,500000,23274,1.19353846e-3,4.65480000e-2,0.031250,-0.021302,-130.690000,3,weakly_unstable,0,1,42.54
0.725700,0.988250,40,1000000,500000,12513,6.41692308e-4,2.50260000e-2,0.156250,0.188685,-38.722500,3,weakly_unstable,0,1,42.75
1.185700,0.987840,40,1000000,500000,1381,7.08205128e-5,2.76200000e-3,0.080000,0.079826,-26.342500,5,weakly_unstable,0,1,42.41
0.905700,1.000000,40,1000000,500000,-24211,-1.24158974e-3,-4.84220000e-2,0.047500,0.021100,-1.945000,1,stable,0,0,35.40
0.685700,0.981740,40,1000000,500000,7949,4.07641026e-4,1.58980000e-2,0.195000,0.068972,-76.710000,3,weakly_unstable,0,1,44.32
0.745700,0.969540,40,1000000,500000,23623,1.21143590e-3,4.72460000e-2,-0.162500,-0.093483,-89.810000,3,weakly_unstable,0,1,42.18
0.725700,0.986250,40,1000000,500000,10937,5.60871795e-4,2.18740000e-2,0.141250,0.088390,-49.967500,3,weakly_unstable,0,1,43.19
0.725700,0.989250,40,1000000,500000,5355,2.74615385e-4,1.07100000e-2,-0.157500,-0.088054,-35.990000,3,weakly_unstable,0,1,42.92
0.925700,0.968650,40,1000000,500000,8588,4.40410256e-4,1.71760000e-2,0.006250,0.024312,-103.985000,3,weakly_unstable,0,1,40.76
1.185700,0.988840,40,1000000,500000,1363,6.98974359e-5,2.72600000e-3,-0.081250,-0.076481,-16.572500,5,weakly_unstable,0,1,44.44
0.685700,0.982740,40,1000000,500000,10512,5.39076923e-4,2.10240000e-2,-0.132500,-0.247881,-75.997500,3,weakly_unstable,0,1,43.00
0.745700,0.970540,40,1000000,500000,21017,1.07779487e-3,4.20340000e-2,0.002500,-0.072693,-110.400000,3,weakly_unstable,0,1,41.82
0.725700,0.987250,40,1000000,500000,11318,5.80410256e-4,2.26360000e-2,-0.232500,-0.178715,-37.525000,3,weakly_unstable,0,1,42.09
0.725700,0.990250,40,1000000,500000,4932,2.52923077e-4,9.86400000e-3,0.100000,0.066398,-28.295000,3,weakly_unstable,0,1,42.72
0.925700,0.969650,40,1000000,500000,7936,4.06974359e-4,1.58720000e-2,0.037500,0.030094,-77.955000,3,weakly_unstable,0,1,40.51
1.185700,0.989840,40,1000000,500000,1097,5.62564103e-5,2.19400000e-3,-0.065000,-0.063787,-12.757500,5,weakly_unstable,0,1,43.36
0.685700,0.983740,40,1000000,500000,9014,4.62256410e-4,1.80280000e-2,-0.131250,-0.085971,-60.572500,3,weakly_unstable,0,1,43.47
0.745700,0.974540,40,1000000,500000,17799,9.12769231e-4,3.55980000e-2,0.015000,0.029772,-87.955000,3,weakly_unstable,0,1,41.00
0.745700,0.971540,40,1000000,500000,20388,1.04553846e-3,4.07760000e-2,-0.078750,-0.153076,-104.477500,3,weakly_unstable,0,1,41.60
0.745700,0.972540,40,1000000,500000,23597,1.21010256e-3,4.71940000e-2,-0.040000,0.044573,-108.340000,3,weakly_unstable,0,1,41.13
0.925700,0.970650,40,1000000,500000,7744,3.97128205e-4,1.54880000e-2,-0.013750,-0.016077,-105.977500,3,weakly_unstable,0,1,41.11
1.185700,0.990840,40,1000000,500000,753,3.86153846e-5,1.50600000e-3,-0.028750,-0.012933,-10.370000,5,weakly_unstable,0,1,43.11
0.685700,0.984740,40,1000000,500000,12013,6.16051282e-4,2.40260000e-2,0.025000,0.205380,-56.897500,3,weakly_unstable,0,1,42.91
0.745700,0.975540,40,1000000,500000,22178,1.13733333e-3,4.43560000e-2,0.161250,0.111373,-77.702500,3,weakly_unstable,0,1,41.60
0.745700,0.973540,40,1000000,500000,19152,9.82153846e-4,3.83040000e-2,-0.118750,-0.116577,-97.020000,3,weakly_unstable,0,1,42.14
0.925700,0.995650,40,1000000,500000,5392,2.76512821e-4,1.07840000e-2,-0.060000,-0.047795,-4.990000,3,weakly_unstable,0,1,40.06
0.925700,0.971650,40,1000000,500000,9228,4.73230769e-4,1.84560000e-2,-0.033750,-0.037417,-85.885000,3,weakly_unstable,0,1,40.74
1.185700,0.991840,40,1000000,500000,1131,5.80000000e-5,2.26200000e-3,0.038750,0.042439,-5.145000,5,weakly_unstable,0,1,42.35
0.685700,0.985740,40,1000000,500000,35473,1.81912821e-3,7.09460000e-2,-0.882500,-0.880571,-53.042500,1,metastable,1,1,38.47
0.685700,0.989740,40,1000000,500000,17308,8.87589744e-4,3.46160000e-2,-0.777500,-0.515461,-23.460000,1,metastable,1,1,38.50
0.745700,0.976540,40,1000000,500000,19283,9.88871795e-4,3.85660000e-2,-0.156250,-0.098505,-81.192500,3,weakly_unstable,0,1,42.03
0.925700,0.996650,40,1000000,500000,3273,1.67846154e-4,6.54600000e-3,-0.026250,-0.057812,-4.030000,3,weakly_unstable,0,1,39.58
0.925700,0.972650,40,1000000,500000,7572,3.88307692e-4,1.51440000e-2,0.125000,0.106527,-70.885000,3,weakly_unstable,0,1,40.89
1.185700,0.992840,40,1000000,500000,789,4.04615385e-5,1.57800000e-3,-0.065000,-0.047867,-4.037500,5,weakly_unstable,0,1,42.73
0.685700,0.986740,40,1000000,500000,8060,4.13333333e-4,1.61200000e-2,-0.211250,-0.190212,-35.352500,3,weakly_unstable,0,1,44.91
0.685700,0.990740,40,1000000,500000,10285,5.27435897e-4,2.05700000e-2,0.386250,0.381869,-11.487500,1,weakly_unstable,0,1,38.98
0.925700,0.997650,40,1000000,500000,3643,1.86820513e-4,7.28600000e-3,-0.162500,-0.164206,-3.092500,3,weakly_unstable,0,1,41.55
0.945700,0.985860,40,1000000,500000,5477,2.80871795e-4,1.09540000e-2,-0.002500,0.011999,-23.657500,3,weakly_unstable,0,1,41.61
0.925700,0.973650,40,1000000,500000,8663,4.44256410e-4,1.73260000e-2,0.033750,0.025797,-78.825000,3,weakly_unstable,0,1,41.28
0.685700,0.987740,40,1000000,500000,31256,1.60287179e-3,6.25120000e-2,-0.861250,-0.852602,-26.577500,1,metastable,1,1,40.03
1.185700,0.993840,40,1000000,500000,740,3.79487179e-5,1.48000000e-3,-0.047500,-0.062406,-3.137500,5,weakly_unstable,0,1,44.76
0.685700,0.991740,40,1000000,500000,-130,-6.66666667e-6,-2.60000000e-4,-0.658750,-0.483134,-7.700000,1,chaotic,0,0,39.48
0.925700,0.998650,40,1000000,500000,1280,6.56410256e-5,2.56000000e-3,-0.221250,-0.211800,-1.965000,1,weakly_unstable,0,1,36.45
0.945700,0.986860,40,1000000,500000,7051,3.61589744e-4,1.41020000e-2,-0.107500,-0.092449,-19.975000,3,weakly_unstable,0,1,40.72
0.925700,0.974650,40,1000000,500000,8371,4.29282051e-4,1.67420000e-2,-0.011250,-0.023829,-66.810000,3,weakly_unstable,0,1,40.80
0.685700,0.988740,40,1000000,500000,18034,9.24820513e-4,3.60680000e-2,-0.838750,-0.819553,-25.255000,1,metastable,1,1,37.85
1.185700,0.994840,40,1000000,500000,698,3.57948718e-5,1.39600000e-3,-0.183750,-0.169724,-3.137500,5,weakly_unstable,0,1,42.91
0.925700,0.999650,40,1000000,500000,-9327,-4.78307692e-4,-1.86540000e-2,0.115000,0.096372,-1.950000,1,stable,0,0,35.01
0.685700,0.992740,40,1000000,500000,-32609,-1.67225641e-3,-6.52180000e-2,0.168750,0.190679,-12.117500,1,stable,0,0,38.23
0.945700,0.987860,40,1000000,500000,5222,2.67794872e-4,1.04440000e-2,0.055000,0.027129,-14.050000,3,weakly_unstable,0,1,40.34
0.925700,0.975650,40,1000000,500000,8461,4.33897436e-4,1.69220000e-2,0.021250,0.027165,-52.997500,3,weakly_unstable,0,1,40.88
1.185700,0.995840,40,1000000,500000,749,3.84102564e-5,1.49800000e-3,-0.157500,-0.166666,-1.945000,5,weakly_unstable,0,1,42.98
0.925700,1.000000,40,1000000,500000,-19760,-1.01333333e-3,-3.95200000e-2,-0.015000,-0.023955,-1.937500,1,stable,0,0,35.18
0.685700,0.995740,40,1000000,500000,-83088,-4.26092308e-3,-1.66176000e-1,0.068750,0.107539,-5.885000,1,stable,0,0,37.70
0.685700,0.993740,40,1000000,500000,-40081,-2.05543590e-3,-8.01620000e-2,-0.225000,-0.234837,-11.827500,1,stable,0,0,37.89
0.945700,0.988860,40,1000000,500000,7019,3.59948718e-4,1.40380000e-2,-0.011250,0.013124,-15.365000,3,weakly_unstable,0,1,40.07
0.925700,0.976650,40,1000000,500000,8678,4.45025641e-4,1.73560000e-2,-0.008750,0.011206,-65.210000,3,weakly_unstable,0,1,40.26
1.185700,0.996840,40,1000000,500000,703,3.60512821e-5,1.40600000e-3,0.481250,0.491607,-7.257500,3,weakly_unstable,0,1,38.44
0.685700,0.996740,40,1000000,500000,-92467,-4.74189744e-3,-1.84934000e-1,-0.001250,0.026993,-1.270000,1,stable,0,0,37.55
0.945700,0.968860,40,1000000,500000,6139,3.14820513e-4,1.22780000e-2,0.080000,0.097447,-114.100000,3,weakly_unstable,0,1,40.92
0.685700,0.994740,40,1000000,500000,-54382,-2.78882051e-3,-1.08764000e-1,-0.452500,-0.451954,-3.222500,1,chaotic,0,0,37.95
0.945700,0.989860,40,1000000,500000,6815,3.49487179e-4,1.36300000e-2,-0.082500,-0.100226,-11.367500,3,weakly_unstable,0,1,40.10
0.925700,0.977650,40,1000000,500000,7401,3.79538462e-4,1.48020000e-2,-0.048750,0.005024,-44.455000,3,weakly_unstable,0,1,40.84
0.685700,0.997740,40,1000000,500000,-104446,-5.35620513e-3,-2.08892000e-1,-0.005000,0.021921,-2.372500,1,stable,0,0,36.98
1.185700,0.997840,40,1000000,500000,629,3.22564103e-5,1.25800000e-3,-0.182500,-0.186156,-6.507500,3,weakly_unstable,0,1,40.06
0.945700,0.969860,40,1000000,500000,8223,4.21692308e-4,1.64460000e-2,0.057500,0.074886,-65.897500,3,weakly_unstable,0,1,40.27
0.925700,0.983650,40,1000000,500000,7213,3.69897436e-4,1.44260000e-2,0.050000,0.036110,-38.997500,3,weakly_unstable,0,1,41.23
0.945700,0.990860,40,1000000,500000,7717,3.95743590e-4,1.54340000e-2,-0.053750,-0.045070,-9.667500,3,weakly_unstable,0,1,39.87
0.925700,0.978650,40,1000000,500000,6782,3.47794872e-4,1.35640000e-2,-0.015000,-0.036019,-51.635000,3,weakly_unstable,0,1,40.26
0.685700,0.998740,40,1000000,500000,-130267,-6.68035897e-3,-2.60534000e-1,0.008750,0.025550,-3.120000,1,stable,0,0,36.82
1.185700,0.998840,40,1000000,500000,429,2.20000000e-5,8.58000000e-4,-0.132500,-0.143056,-2.970000,3,weakly_unstable,0,1,39.03
0.945700,0.970860,40,1000000,500000,5828,2.98871795e-4,1.16560000e-2,0.237500,0.187106,-90.585000,3,weakly_unstable,0,1,41.03
0.925700,0.984650,40,1000000,500000,6662,3.41641026e-4,1.33240000e-2,-0.042500,-0.014237,-21.527500,3,weakly_unstable,0,1,39.97
0.945700,0.991860,40,1000000,500000,6441,3.30307692e-4,1.28820000e-2,0.097500,0.082505,-9.707500,3,weakly_unstable,0,1,40.44
0.685700,0.999740,40,1000000,500000,-144625,-7.41666667e-3,-2.89250000e-1,-0.007500,-0.027653,-1.945000,1,stable,0,0,37.28
1.185700,0.999840,40,1000000,500000,-546,-2.80000000e-5,-1.09200000e-3,0.000000,0.000200,-1.950000,1,stable,0,0,35.52
0.925700,0.979650,40,1000000,500000,8462,4.33948718e-4,1.69240000e-2,0.000000,0.034879,-47.832500,3,weakly_unstable,0,1,44.92
0.945700,0.971860,40,1000000,500000,7289,3.73794872e-4,1.45780000e-2,-0.013750,-0.000823,-93.492500,3,weakly_unstable,0,1,40.74
0.925700,0.985650,40,1000000,500000,7298,3.74256410e-4,1.45960000e-2,-0.035000,-0.057442,-27.117500,3,weakly_unstable,0,1,40.89
0.945700,0.992860,40,1000000,500000,4986,2.55692308e-4,9.97200000e-3,-0.103750,-0.123851,-3.957500,3,weakly_unstable,0,1,40.34
0.685700,1.000000,40,1000000,500000,-149841,-7.68415385e-3,-2.99682000e-1,-0.010000,0.006969,-1.927500,1,stable,0,0,36.76
1.185700,1.000000,40,1000000,500000,-2552,-1.30871795e-4,-5.10400000e-3,-0.017500,-0.024324,-1.940000,1,stable,0,0,34.48
0.925700,0.980650,40,1000000,500000,6885,3.53076923e-4,1.37700000e-2,-0.018750,-0.025911,-50.970000,3,weakly_unstable,0,1,40.80
0.945700,0.972860,40,1000000,500000,7019,3.59948718e-4,1.40380000e-2,-0.065000,-0.062635,-61.987500,3,weakly_unstable,0,1,40.63
0.925700,0.986650,40,1000000,500000,9210,4.72307692e-4,1.84200000e-2,0.046250,0.034484,-24.920000,3,weakly_unstable,0,1,41.12
0.945700,0.993860,40,1000000,500000,5383,2.76051282e-4,1.07660000e-2,0.005000,0.019055,-7.712500,3,weakly_unstable,0,1,39.63
0.945700,0.997860,40,1000000,500000,3075,1.57692308e-4,6.15000000e-3,0.073750,0.088376,-3.270000,3,weakly_unstable,0,1,39.60
0.945700,0.994860,40,1000000,500000,4875,2.50000000e-4,9.75000000e-3,-0.030000,-0.045287,-5.407500,3,weakly_unstable,0,1,40.12
0.925700,0.981650,40,1000000,500000,8461,4.33897436e-4,1.69220000e-2,-0.015000,0.025009,-39.982500,3,weakly_unstable,0,1,40.16
0.945700,0.973860,40,1000000,500000,7064,3.62256410e-4,1.41280000e-2,-0.102500,-0.077037,-87.927500,3,weakly_unstable,0,1,40.00
0.925700,0.987650,40,1000000,500000,6660,3.41538462e-4,1.33200000e-2,0.003750,0.011715,-31.360000,3,weakly_unstable,0,1,41.40
0.965700,0.971040,40,1000000,500000,5847,2.99846154e-4,1.16940000e-2,-0.076250,-0.090034,-76.632500,3,weakly_unstable,0,1,40.35
0.945700,0.998860,40,1000000,500000,2114,1.08410256e-4,4.22800000e-3,-0.480000,-0.440435,-1.965000,1,metastable,1,1,35.98
0.945700,0.995860,40,1000000,500000,6037,3.09589744e-4,1.20740000e-2,0.133750,0.122930,-7.112500,3,weakly_unstable,0,1,39.09
0.925700,0.982650,40,1000000,500000,5905,3.02820513e-4,1.18100000e-2,0.031250,0.063064,-41.005000,3,weakly_unstable,0,1,41.00
0.945700,0.974860,40,1000000,500000,8095,4.15128205e-4,1.61900000e-2,-0.001250,0.025969,-73.370000,3,weakly_unstable,0,1,40.85
0.925700,0.988650,40,1000000,500000,5891,3.02102564e-4,1.17820000e-2,0.053750,0.032852,-21.150000,3,weakly_unstable,0,1,42.09
0.965700,0.972040,40,1000000,500000,6143,3.15025641e-4,1.22860000e-2,-0.005000,0.015699,-97.765000,3,weakly_unstable,0,1,41.59
0.945700,0.999860,40,1000000,500000,-9698,-4.97333333e-4,-1.93960000e-2,0.226250,0.223782,-1.945000,1,stable,0,0,35.37
0.945700,0.996860,40,1000000,500000,17479,8.96358974e-4,3.49580000e-2,-0.928750,-0.936878,-4.235000,1,metastable,1,1,35.67
0.945700,1.000000,40,1000000,500000,-15546,-7.97230769e-4,-3.10920000e-2,-0.016250,-0.034598,-1.940000,1,stable,0,0,35.32
0.945700,0.975860,40,1000000,500000,7944,4.07384615e-4,1.58880000e-2,-0.055000,-0.029365,-53.802500,3,weakly_unstable,0,1,41.20
0.925700,0.989650,40,1000000,500000,7300,3.74358974e-4,1.46000000e-2,0.056250,0.073474,-11.820000,3,weakly_unstable,0,1,41.34
0.965700,0.973040,40,1000000,500000,5538,2.84000000e-4,1.10760000e-2,-0.088750,-0.108512,-66.325000,3,weakly_unstable,0,1,40.47
0.945700,0.979860,40,1000000,500000,8999,4.61487179e-4,1.79980000e-2,0.045000,0.033648,-27.645000,3,weakly_unstable,0,1,41.39
0.965700,0.974040,40,1000000,500000,7230,3.70769231e-4,1.44600000e-2,-0.063750,-0.076987,-50.155000,3,weakly_unstable,0,1,42.02
0.965700,0.969040,40,1000000,500000,7616,3.90564103e-4,1.52320000e-2,0.015000,0.000970,-92.557500,3,weakly_unstable,0,1,41.26
0.945700,0.976860,40,1000000,500000,6828,3.50153846e-4,1.36560000e-2,0.057500,0.025819,-59.707500,3,weakly_unstable,0,1,41.03
0.925700,0.990650,40,1000000,500000,6147,3.15230769e-4,1.22940000e-2,0.106250,0.074663,-9.002500,3,weakly_unstable,0,1,40.18
0.925700,0.992650,40,1000000,500000,6002,3.07794872e-4,1.20040000e-2,0.080000,0.141243,-3.042500,3,weakly_unstable,0,1,39.33
0.945700,0.980860,40,1000000,500000,6966,3.57230769e-4,1.39320000e-2,-0.126250,-0.109013,-40.687500,3,weakly_unstable,0,1,40.30
0.965700,0.975040,40,1000000,500000,6756,3.46461538e-4,1.35120000e-2,0.065000,0.048508,-58.490000,3,weakly_unstable,0,1,41.49
0.965700,0.970040,40,1000000,500000,7765,3.98205128e-4,1.55300000e-2,-0.012500,-0.040430,-128.892500,3,weakly_unstable,0,1,41.42
0.945700,0.977860,40,1000000,500000,6858,3.51692308e-4,1.37160000e-2,-0.057500,-0.004889,-55.637500,3,weakly_unstable,0,1,40.76
0.925700,0.991650,40,1000000,500000,6220,3.18974359e-4,1.24400000e-2,0.096250,0.138354,-5.570000,3,weakly_unstable,0,1,40.47
0.925700,0.993650,40,1000000,500000,6402,3.28307692e-4,1.28040000e-2,0.076250,0.067402,-11.517500,3,weakly_unstable,0,1,40.72
0.945700,0.981860,40,1000000,500000,6100,3.12820513e-4,1.22000000e-2,0.057500,0.074371,-23.692500,3,weakly_unstable,0,1,41.42
0.965700,0.976040,40,1000000,500000,6674,3.42256410e-4,1.33480000e-2,-0.016250,-0.054039,-45.017500,3,weakly_unstable,0,1,41.16
0.945700,0.982860,40,1000000,500000,7319,3.75333333e-4,1.46380000e-2,0.012500,0.027312,-30.947500,3,weakly_unstable,0,1,40.48
0.945700,0.978860,40,1000000,500000,9304,4.77128205e-4,1.86080000e-2,0.087500,0.056653,-41.535000,3,weakly_unstable,0,1,38.21
0.945700,0.983860,40,1000000,500000,6885,3.53076923e-4,1.37700000e-2,0.007500,0.062284,-36.930000,3,weakly_unstable,0,1,36.84
0.925700,0.994650,40,1000000,500000,3835,1.96666667e-4,7.67000000e-3,0.122500,0.183600,-5.020000,3,weakly_unstable,0,1,33.20
0.945700,0.984860,40,1000000,500000,5864,3.00717949e-4,1.17280000e-2,-0.037500,-0.053536,-24.475000,3,weakly_unstable,0,1,32.40
